title,price_egp,rooms,bathrooms,area_m2,link
استلام فوري بنتهاوس للبيع فى ليك فيو ريزيدنس القاهرة الجديدة  Lake view residence موقع مميز جدا  فيوعلي بحيره اكبر مساحه و غير مشطبه,28000000,4,4,298,https://www.dubizzle.com.eg/ad/%D8%A7%D8%B3%D8%AA%D9%84%D8%A7%D9%85-%D9%81%D9%88%D8%B1%D9%8A-%D8%A8%D9%86%D8%AA%D9%87%D8%A7%D9%88%D8%B3-%D9%84%D9%84%D8%A8%D9%8A%D8%B9-%D9%81%D9%89-%D9%84%D9%8A%D9%83-%D9%81%D9%8A%D9%88-%D8%B1%D9%8A%D8%B2%D9%8A%D8%AF%D9%86%D8%B3-%D8%A7%D9%84%D9%82%D8%A7%D9%87%D8%B1%D8%A9-%D8%A7%D9%84%D8%AC%D8%AF%D9%8A%D8%AF%D8%A9-lake-view-residence-%D9%85%D9%88%D9%82%D8%B9-%D9%85%D9%85%D9%8A%D8%B2-%D8%AC%D8%AF%D8%A7-%D9%81%D9%8A%D9%88%D8%B9%D9%84%D9%8A-%D8%A8%D8%AD%D9%8A%D8%B1%D9%87-%D8%A7%D9%83%D8%A8%D8%B1-%D9%85%D8%B3%D8%A7%D8%AD%D9%87-%D9%88-%D8%BA%D9%8A%D8%B1-%D9%85%D8%B4%D8%B7%D8%A8%D9%87-ID501840131.html
شقه ٢٢٠ متر للبيع بفيلا بمدينة الشروق,3300000,3,2,220,https://www.dubizzle.com.eg/ad/%D8%B4%D9%82%D9%87-%D9%A2%D9%A2%D9%A0-%D9%85%D8%AA%D8%B1-%D9%84%D9%84%D8%A8%D9%8A%D8%B9-%D8%A8%D9%81%D9%8A%D9%84%D8%A7-%D8%A8%D9%85%D8%AF%D9%8A%D9%86%D8%A9-%D8%A7%D9%84%D8%B4%D8%B1%D9%88%D9%82-ID503608884.html
للبيع شقة استلام فوري متشطبة بالكامل بارقي كمبوند في الشروق بجوار المركز الطبي العالمي بكمبوند البروج,15200000,3,3,253,https://www.dubizzle.com.eg/ad/%D9%84%D9%84%D8%A8%D9%8A%D8%B9-%D8%B4%D9%82%D8%A9-%D8%A7%D8%B3%D8%AA%D9%84%D8%A7%D9%85-%D9%81%D9%88%D8%B1%D9%8A-%D9%85%D8%AA%D8%B4%D8%B7%D8%A8%D8%A9-%D8%A8%D8%A7%D9%84%D9%83%D8%A7%D9%85%D9%84-%D8%A8%D8%A7%D8%B1%D9%82%D9%8A-%D9%83%D9%85%D8%A8%D9%88%D9%86%D8%AF-%D9%81%D9%8A-%D8%A7%D9%84%D8%B4%D8%B1%D9%88%D9%82-%D8%A8%D8%AC%D9%88%D8%A7%D8%B1-%D8%A7%D9%84%D9%85%D8%B1%D9%83%D8%B2-%D8%A7%D9%84%D8%B7%D8%A8%D9%8A-%D8%A7%D9%84%D8%B9%D8%A7%D9%84%D9%85%D9%8A-%D8%A8%D9%83%D9%85%D8%A8%D9%88%D9%86%D8%AF-%D8%A7%D9%84%D8%A8%D8%B1%D9%88%D8%AC-ID503753699.html
شقة استلام فوري متشطبة بالكامل للبيع في كمبوند البروج,8000000,3,2,180,https://www.dubizzle.com.eg/ad/%D8%B4%D9%82%D8%A9-%D8%A7%D8%B3%D8%AA%D9%84%D8%A7%D9%85-%D9%81%D9%88%D8%B1%D9%8A-%D9%85%D8%AA%D8%B4%D8%B7%D8%A8%D8%A9-%D8%A8%D8%A7%D9%84%D9%83%D8%A7%D9%85%D9%84-%D9%84%D9%84%D8%A8%D9%8A%D8%B9-%D9%81%D9%8A-%D9%83%D9%85%D8%A8%D9%88%D9%86%D8%AF-%D8%A7%D9%84%D8%A8%D8%B1%D9%88%D8%AC-ID503860652.html
خصم كبير+جاهزه للمعاينه +تشطيب Ultra Lux+موقع مميز شقه للبيع في كمبوند مايان التجمع الخامس  بين سوان ليك حسن علام و LMD دقايق من HYDE PARK & MIVIDA,5000000,2,2,104,https://www.dubizzle.com.eg/ad/%D8%AE%D8%B5%D9%85-%D9%83%D8%A8%D9%8A%D8%B1%D8%AC%D8%A7%D9%87%D8%B2%D9%87-%D9%84%D9%84%D9%85%D8%B9%D8%A7%D9%8A%D9%86%D9%87-%D8%AA%D8%B4%D8%B7%D9%8A%D8%A8-ultra-lux%D9%85%D9%88%D9%82%D8%B9-%D9%85%D9%85%D9%8A%D8%B2-%D8%B4%D9%82%D9%87-%D9%84%D9%84%D8%A8%D9%8A%D8%B9-%D9%81%D9%8A-%D9%83%D9%85%D8%A8%D9%88%D9%86%D8%AF-%D9%85%D8%A7%D9%8A%D8%A7%D9%86-%D8%A7%D9%84%D8%AA%D8%AC%D9%85%D8%B9-%D8%A7%D9%84%D8%AE%D8%A7%D9%85%D8%B3-%D8%A8%D9%8A%D9%86-%D8%B3%D9%88%D8%A7%D9%86-%D9%84%D9%8A%D9%83-%D8%AD%D8%B3%D9%86-%D8%B9%D9%84%D8%A7%D9%85-%D9%88-lmd-%D8%AF%D9%82%D8%A7%D9%8A%D9%82-%D9%85%D9%86-hyde-park-mivida-ID503903215.html
فرصة مميزة لامتلاك شقة بتشطيبات فاخرة وموقع متميز داخل مدينتي.,11500000,3,3,175,https://www.dubizzle.com.eg/ad/%D9%81%D8%B1%D8%B5%D8%A9-%D9%85%D9%85%D9%8A%D8%B2%D8%A9-%D9%84%D8%A7%D9%85%D8%AA%D9%84%D8%A7%D9%83-%D8%B4%D9%82%D8%A9-%D8%A8%D8%AA%D8%B4%D8%B7%D9%8A%D8%A8%D8%A7%D8%AA-%D9%81%D8%A7%D8%AE%D8%B1%D8%A9-%D9%88%D9%85%D9%88%D9%82%D8%B9-%D9%85%D8%AA%D9%85%D9%8A%D8%B2-%D8%AF%D8%A7%D8%AE%D9%84-%D9%85%D8%AF%D9%8A%D9%86%D8%AA%D9%8A-ID503888827.html
شقة للبيع استلام فوري في جرين سكوير بموقع مميز يطل على جرين فالي في مستقبل سيتي - Mostakbal City,5650000,3,3,165,https://www.dubizzle.com.eg/ad/%D8%B4%D9%82%D8%A9-%D9%84%D9%84%D8%A8%D9%8A%D8%B9-%D8%A7%D8%B3%D8%AA%D9%84%D8%A7%D9%85-%D9%81%D9%88%D8%B1%D9%8A-%D9%81%D9%8A-%D8%AC%D8%B1%D9%8A%D9%86-%D8%B3%D9%83%D9%88%D9%8A%D8%B1-%D8%A8%D9%85%D9%88%D9%82%D8%B9-%D9%85%D9%85%D9%8A%D8%B2-%D9%8A%D8%B7%D9%84-%D8%B9%D9%84%D9%89-%D8%AC%D8%B1%D9%8A%D9%86-%D9%81%D8%A7%D9%84%D9%8A-%D9%81%D9%8A-%D9%85%D8%B3%D8%AA%D9%82%D8%A8%D9%84-%D8%B3%D9%8A%D8%AA%D9%8A-mostakbal-city-ID503794191.html
شقه للبيع فيو علي واجهتين ( استلام فوري ومتشطبه ) في استودا stoda بمصر الجديده,8257000,3,3,176,https://www.dubizzle.com.eg/ad/%D8%B4%D9%82%D9%87-%D9%84%D9%84%D8%A8%D9%8A%D8%B9-%D9%81%D9%8A%D9%88-%D8%B9%D9%84%D9%8A-%D9%88%D8%A7%D8%AC%D9%87%D8%AA%D9%8A%D9%86-%D8%A7%D8%B3%D8%AA%D9%84%D8%A7%D9%85-%D9%81%D9%88%D8%B1%D9%8A-%D9%88%D9%85%D8%AA%D8%B4%D8%B7%D8%A8%D9%87-%D9%81%D9%8A-%D8%A7%D8%B3%D8%AA%D9%88%D8%AF%D8%A7-stoda-%D8%A8%D9%85%D8%B5%D8%B1-%D8%A7%D9%84%D8%AC%D8%AF%D9%8A%D8%AF%D9%87-ID503902784.html
شقه للبيع علي 3 واجهات وفيو خيالي في كمبوند استون بارك stone park في التجمع الخامس,6267249,2,2,142,https://www.dubizzle.com.eg/ad/%D8%B4%D9%82%D9%87-%D9%84%D9%84%D8%A8%D9%8A%D8%B9-%D8%B9%D9%84%D9%8A-3-%D9%88%D8%A7%D8%AC%D9%87%D8%A7%D8%AA-%D9%88%D9%81%D9%8A%D9%88-%D8%AE%D9%8A%D8%A7%D9%84%D9%8A-%D9%81%D9%8A-%D9%83%D9%85%D8%A8%D9%88%D9%86%D8%AF-%D8%A7%D8%B3%D8%AA%D9%88%D9%86-%D8%A8%D8%A7%D8%B1%D9%83-stone-park-%D9%81%D9%8A-%D8%A7%D9%84%D8%AA%D8%AC%D9%85%D8%B9-%D8%A7%D9%84%D8%AE%D8%A7%D9%85%D8%B3-ID503902785.html
دوبلكس للبيع بروف فيو VIP و prime location في تاج سيتي taj city في التجمع,9725792,4,3,224,https://www.dubizzle.com.eg/ad/%D8%AF%D9%88%D8%A8%D9%84%D9%83%D8%B3-%D9%84%D9%84%D8%A8%D9%8A%D8%B9-%D8%A8%D8%B1%D9%88%D9%81-%D9%81%D9%8A%D9%88-vip-%D9%88-prime-location-%D9%81%D9%8A-%D8%AA%D8%A7%D8%AC-%D8%B3%D9%8A%D8%AA%D9%8A-taj-city-%D9%81%D9%8A-%D8%A7%D9%84%D8%AA%D8%AC%D9%85%D8%B9-ID503902787.html
دوبلكس للبيع علي واجهتين بفيو خيالي متشطب high end واستلام فوري في سوديك فيليت sodic villette في التجمع الخامس,19207922,4,4,290,https://www.dubizzle.com.eg/ad/%D8%AF%D9%88%D8%A8%D9%84%D9%83%D8%B3-%D9%84%D9%84%D8%A8%D9%8A%D8%B9-%D8%B9%D9%84%D9%8A-%D9%88%D8%A7%D8%AC%D9%87%D8%AA%D9%8A%D9%86-%D8%A8%D9%81%D9%8A%D9%88-%D8%AE%D9%8A%D8%A7%D9%84%D9%8A-%D9%85%D8%AA%D8%B4%D8%B7%D8%A8-high-end-%D9%88%D8%A7%D8%B3%D8%AA%D9%84%D8%A7%D9%85-%D9%81%D9%88%D8%B1%D9%8A-%D9%81%D9%8A-%D8%B3%D9%88%D8%AF%D9%8A%D9%83-%D9%81%D9%8A%D9%84%D9%8A%D8%AA-sodic-villette-%D9%81%D9%8A-%D8%A7%D9%84%D8%AA%D8%AC%D9%85%D8%B9-%D8%A7%D9%84%D8%AE%D8%A7%D9%85%D8%B3-ID503902780.html
شقة بمربع الوزراء مساكن شيراتون,4000000,2,1,90,https://www.dubizzle.com.eg/ad/%D8%B4%D9%82%D8%A9-%D8%A8%D9%85%D8%B1%D8%A8%D8%B9-%D8%A7%D9%84%D9%88%D8%B2%D8%B1%D8%A7%D8%A1-%D9%85%D8%B3%D8%A7%D9%83%D9%86-%D8%B4%D9%8A%D8%B1%D8%A7%D8%AA%D9%88%D9%86-ID208154119.html
شقة 150م دور تاني امامي بجوار المونوريل ومحور بن زايد والنادي الاهلي واقساط  ٣٦ شهر,3600000,3,3,150,https://www.dubizzle.com.eg/ad/%D8%B4%D9%82%D8%A9-150%D9%85-%D8%AF%D9%88%D8%B1-%D8%AA%D8%A7%D9%86%D9%8A-%D8%A7%D9%85%D8%A7%D9%85%D9%8A-%D8%A8%D8%AC%D9%88%D8%A7%D8%B1-%D8%A7%D9%84%D9%85%D9%88%D9%86%D9%88%D8%B1%D9%8A%D9%84-%D9%88%D9%85%D8%AD%D9%88%D8%B1-%D8%A8%D9%86-%D8%B2%D8%A7%D9%8A%D8%AF-%D9%88%D8%A7%D9%84%D9%86%D8%A7%D8%AF%D9%8A-%D8%A7%D9%84%D8%A7%D9%87%D9%84%D9%8A-%D9%88%D8%A7%D9%82%D8%B3%D8%A7%D8%B7-%D9%A3%D9%A6-%D8%B4%D9%87%D8%B1-ID502669112.html
بشمال الرحاب شقة ١٥٠م بمقدم ٨٥٠ الف وتقسيط على ٥ سنوات,4275000,3,2,150,https://www.dubizzle.com.eg/ad/%D8%A8%D8%B4%D9%85%D8%A7%D9%84-%D8%A7%D9%84%D8%B1%D8%AD%D8%A7%D8%A8-%D8%B4%D9%82%D8%A9-%D9%A1%D9%A5%D9%A0%D9%85-%D8%A8%D9%85%D9%82%D8%AF%D9%85-%D9%A8%D9%A5%D9%A0-%D8%A7%D9%84%D9%81-%D9%88%D8%AA%D9%82%D8%B3%D9%8A%D8%B7-%D8%B9%D9%84%D9%89-%D9%A5-%D8%B3%D9%86%D9%88%D8%A7%D8%AA-ID202149898.html
شقة 169م بانوراما بالكامل حرف ال G بجوار الجامعة الالمانية ومسجد فاطمة الشربتلي استلام فوري النرجس الجديدة,4850000,3,2,169,https://www.dubizzle.com.eg/ad/%D8%B4%D9%82%D8%A9-169%D9%85-%D8%A8%D8%A7%D9%86%D9%88%D8%B1%D8%A7%D9%85%D8%A7-%D8%A8%D8%A7%D9%84%D9%83%D8%A7%D9%85%D9%84-%D8%AD%D8%B1%D9%81-%D8%A7%D9%84-g-%D8%A8%D8%AC%D9%88%D8%A7%D8%B1-%D8%A7%D9%84%D8%AC%D8%A7%D9%85%D8%B9%D8%A9-%D8%A7%D9%84%D8%A7%D9%84%D9%85%D8%A7%D9%86%D9%8A%D8%A9-%D9%88%D9%85%D8%B3%D8%AC%D8%AF-%D9%81%D8%A7%D8%B7%D9%85%D8%A9-%D8%A7%D9%84%D8%B4%D8%B1%D8%A8%D8%AA%D9%84%D9%8A-%D8%A7%D8%B3%D8%AA%D9%84%D8%A7%D9%85-%D9%81%D9%88%D8%B1%D9%8A-%D8%A7%D9%84%D9%86%D8%B1%D8%AC%D8%B3-%D8%A7%D9%84%D8%AC%D8%AF%D9%8A%D8%AF%D8%A9-ID503159474.html
شقة 158م دور تاني في الحى الاول غرب دقيقتين لكارفور وطريق اسماعيلية استلام فوري,2800000,3,2,158,https://www.dubizzle.com.eg/ad/%D8%B4%D9%82%D8%A9-158%D9%85-%D8%AF%D9%88%D8%B1-%D8%AA%D8%A7%D9%86%D9%8A-%D9%81%D9%8A-%D8%A7%D9%84%D8%AD%D9%89-%D8%A7%D9%84%D8%A7%D9%88%D9%84-%D8%BA%D8%B1%D8%A8-%D8%AF%D9%82%D9%8A%D9%82%D8%AA%D9%8A%D9%86-%D9%84%D9%83%D8%A7%D8%B1%D9%81%D9%88%D8%B1-%D9%88%D8%B7%D8%B1%D9%8A%D9%82-%D8%A7%D8%B3%D9%85%D8%A7%D8%B9%D9%8A%D9%84%D9%8A%D8%A9-%D8%A7%D8%B3%D8%AA%D9%84%D8%A7%D9%85-%D9%81%D9%88%D8%B1%D9%8A-ID503744976.html
شقة 141م تطل علي the spine مدينتي للبيع بالتقسيط في ال B14 بآقل اوفر تقسيط 10 سنوات,11300000,3,2,141,https://www.dubizzle.com.eg/ad/%D8%B4%D9%82%D8%A9-141%D9%85-%D8%AA%D8%B7%D9%84-%D8%B9%D9%84%D9%8A-the-spine-%D9%85%D8%AF%D9%8A%D9%86%D8%AA%D9%8A-%D9%84%D9%84%D8%A8%D9%8A%D8%B9-%D8%A8%D8%A7%D9%84%D8%AA%D9%82%D8%B3%D9%8A%D8%B7-%D9%81%D9%8A-%D8%A7%D9%84-b14-%D8%A8%D8%A2%D9%82%D9%84-%D8%A7%D9%88%D9%81%D8%B1-%D8%AA%D9%82%D8%B3%D9%8A%D8%B7-10-%D8%B3%D9%86%D9%88%D8%A7%D8%AA-ID503729942.html
شقة 141م بحري وايد جاردن للبيع بمدينتي B14 دور متكرر مقدم واقساط موقع لن يتكرر بإطلالة بانوراما,11585000,3,2,141,https://www.dubizzle.com.eg/ad/%D8%B4%D9%82%D8%A9-141%D9%85-%D8%A8%D8%AD%D8%B1%D9%8A-%D9%88%D8%A7%D9%8A%D8%AF-%D8%AC%D8%A7%D8%B1%D8%AF%D9%86-%D9%84%D9%84%D8%A8%D9%8A%D8%B9-%D8%A8%D9%85%D8%AF%D9%8A%D9%86%D8%AA%D9%8A-b14-%D8%AF%D9%88%D8%B1-%D9%85%D8%AA%D9%83%D8%B1%D8%B1-%D9%85%D9%82%D8%AF%D9%85-%D9%88%D8%A7%D9%82%D8%B3%D8%A7%D8%B7-%D9%85%D9%88%D9%82%D8%B9-%D9%84%D9%86-%D9%8A%D8%AA%D9%83%D8%B1%D8%B1-%D8%A8%D8%A5%D8%B7%D9%84%D8%A7%D9%84%D8%A9-%D8%A8%D8%A7%D9%86%D9%88%D8%B1%D8%A7%D9%85%D8%A7-ID503709449.html
للبيع شقة في قلب كمبوند في التجمع الاول فيو مميز وبخصم خيالي للكاش بالقرب من كل الخدمات,5775000,3,2,156,https://www.dubizzle.com.eg/ad/%D9%84%D9%84%D8%A8%D9%8A%D8%B9-%D8%B4%D9%82%D8%A9-%D9%81%D9%8A-%D9%82%D9%84%D8%A8-%D9%83%D9%85%D8%A8%D9%88%D9%86%D8%AF-%D9%81%D9%8A-%D8%A7%D9%84%D8%AA%D8%AC%D9%85%D8%B9-%D8%A7%D9%84%D8%A7%D9%88%D9%84-%D9%81%D9%8A%D9%88-%D9%85%D9%85%D9%8A%D8%B2-%D9%88%D8%A8%D8%AE%D8%B5%D9%85-%D8%AE%D9%8A%D8%A7%D9%84%D9%8A-%D9%84%D9%84%D9%83%D8%A7%D8%B4-%D8%A8%D8%A7%D9%84%D9%82%D8%B1%D8%A8-%D9%85%D9%86-%D9%83%D9%84-%D8%A7%D9%84%D8%AE%D8%AF%D9%85%D8%A7%D8%AA-ID502477416.html
للبيع شقة 3 غرف في قلب المستقبل  سيتي |mostakbal city بخصم 50%,5130000,3,2,130,https://www.dubizzle.com.eg/ad/%D9%84%D9%84%D8%A8%D9%8A%D8%B9-%D8%B4%D9%82%D8%A9-3-%D8%BA%D8%B1%D9%81-%D9%81%D9%8A-%D9%82%D9%84%D8%A8-%D8%A7%D9%84%D9%85%D8%B3%D8%AA%D9%82%D8%A8%D9%84-%D8%B3%D9%8A%D8%AA%D9%8A-mostakbal-city-%D8%A8%D8%AE%D8%B5%D9%85-50-ID503794027.html
شقه 3غرف للبيع فيو مميز في قلب التجمع الخامس |FIFTH SETTELMENT,4050000,3,2,155,https://www.dubizzle.com.eg/ad/%D8%B4%D9%82%D9%87-3%D8%BA%D8%B1%D9%81-%D9%84%D9%84%D8%A8%D9%8A%D8%B9-%D9%81%D9%8A%D9%88-%D9%85%D9%85%D9%8A%D8%B2-%D9%81%D9%8A-%D9%82%D9%84%D8%A8-%D8%A7%D9%84%D8%AA%D8%AC%D9%85%D8%B9-%D8%A7%D9%84%D8%AE%D8%A7%D9%85%D8%B3-fifth-settelment-ID503368605.html
شقه استلام فوري في واتر واي التجمع الخامس - اقل سعر في الماركت -فيو مفتوح - برايم لوكيشن - FOR SALE IN WATERWAY NEW CAIRO,12450000,3,2,170,https://www.dubizzle.com.eg/ad/%D8%B4%D9%82%D9%87-%D8%A7%D8%B3%D8%AA%D9%84%D8%A7%D9%85-%D9%81%D9%88%D8%B1%D9%8A-%D9%81%D9%8A-%D9%88%D8%A7%D8%AA%D8%B1-%D9%88%D8%A7%D9%8A-%D8%A7%D9%84%D8%AA%D8%AC%D9%85%D8%B9-%D8%A7%D9%84%D8%AE%D8%A7%D9%85%D8%B3-%D8%A7%D9%82%D9%84-%D8%B3%D8%B9%D8%B1-%D9%81%D9%8A-%D8%A7%D9%84%D9%85%D8%A7%D8%B1%D9%83%D8%AA-%D9%81%D9%8A%D9%88-%D9%85%D9%81%D8%AA%D9%88%D8%AD-%D8%A8%D8%B1%D8%A7%D9%8A%D9%85-%D9%84%D9%88%D9%83%D9%8A%D8%B4%D9%86-for-sale-in-waterway-new-cairo-ID503903195.html
شقه ١٠٠ متر للبيع بمدينة الشروق,1700000,2,1,100,https://www.dubizzle.com.eg/ad/%D8%B4%D9%82%D9%87-%D9%A1%D9%A0%D9%A0-%D9%85%D8%AA%D8%B1-%D9%84%D9%84%D8%A8%D9%8A%D8%B9-%D8%A8%D9%85%D8%AF%D9%8A%D9%86%D8%A9-%D8%A7%D9%84%D8%B4%D8%B1%D9%88%D9%82-ID503768363.html
للبيع شقة متشطبة بالكامل في قلب جولدن سكوير بأرخص سعر في الماركت من Regent’s square,11000000,2,2,110,https://www.dubizzle.com.eg/ad/%D9%84%D9%84%D8%A8%D9%8A%D8%B9-%D8%B4%D9%82%D8%A9-%D9%85%D8%AA%D8%B4%D8%B7%D8%A8%D8%A9-%D8%A8%D8%A7%D9%84%D9%83%D8%A7%D9%85%D9%84-%D9%81%D9%8A-%D9%82%D9%84%D8%A8-%D8%AC%D9%88%D9%84%D8%AF%D9%86-%D8%B3%D9%83%D9%88%D9%8A%D8%B1-%D8%A8%D8%A3%D8%B1%D8%AE%D8%B5-%D8%B3%D8%B9%D8%B1-%D9%81%D9%8A-%D8%A7%D9%84%D9%85%D8%A7%D8%B1%D9%83%D8%AA-%D9%85%D9%86-regents-square-ID503888879.html
شقه  202 متر فوري للبيع ف المقصد العاصمه الاداريه الجديده  بالتقسيط علي اطول فترة سداد,7230000,3,3,202,https://www.dubizzle.com.eg/ad/%D8%B4%D9%82%D9%87-202-%D9%85%D8%AA%D8%B1-%D9%81%D9%88%D8%B1%D9%8A-%D9%84%D9%84%D8%A8%D9%8A%D8%B9-%D9%81-%D8%A7%D9%84%D9%85%D9%82%D8%B5%D8%AF-%D8%A7%D9%84%D8%B9%D8%A7%D8%B5%D9%85%D9%87-%D8%A7%D9%84%D8%A7%D8%AF%D8%A7%D8%B1%D9%8A%D9%87-%D8%A7%D9%84%D8%AC%D8%AF%D9%8A%D8%AF%D9%87-%D8%A8%D8%A7%D9%84%D8%AA%D9%82%D8%B3%D9%8A%D8%B7-%D8%B9%D9%84%D9%8A-%D8%A7%D8%B7%D9%88%D9%84-%D9%81%D8%AA%D8%B1%D8%A9-%D8%B3%D8%AF%D8%A7%D8%AF-ID503903366.html
أفضل سعر لشقة جاهزة للاستلام متشطبة بالكامل بالدور الثاني بالمطبخ والتكييفات في موقع مميز جدًا على حمام السباحة للبيع في ذا سييراس أب تاون كايرو,19500000,3,3,186,https://www.dubizzle.com.eg/ad/%D8%A3%D9%81%D8%B6%D9%84-%D8%B3%D8%B9%D8%B1-%D9%84%D8%B4%D9%82%D8%A9-%D8%AC%D8%A7%D9%87%D8%B2%D8%A9-%D9%84%D9%84%D8%A7%D8%B3%D8%AA%D9%84%D8%A7%D9%85-%D9%85%D8%AA%D8%B4%D8%B7%D8%A8%D8%A9-%D8%A8%D8%A7%D9%84%D9%83%D8%A7%D9%85%D9%84-%D8%A8%D8%A7%D9%84%D8%AF%D9%88%D8%B1-%D8%A7%D9%84%D8%AB%D8%A7%D9%86%D9%8A-%D8%A8%D8%A7%D9%84%D9%85%D8%B7%D8%A8%D8%AE-%D9%88%D8%A7%D9%84%D8%AA%D9%83%D9%8A%D9%8A%D9%81%D8%A7%D8%AA-%D9%81%D9%8A-%D9%85%D9%88%D9%82%D8%B9-%D9%85%D9%85%D9%8A%D8%B2-%D8%AC%D8%AF%D8%A7-%D8%B9%D9%84%D9%89-%D8%AD%D9%85%D8%A7%D9%85-%D8%A7%D9%84%D8%B3%D8%A8%D8%A7%D8%AD%D8%A9-%D9%84%D9%84%D8%A8%D9%8A%D8%B9-%D9%81%D9%8A-%D8%B0%D8%A7-%D8%B3%D9%8A%D9%8A%D8%B1%D8%A7%D8%B3-%D8%A3%D8%A8-%D8%AA%D8%A7%D9%88%D9%86-%D9%83%D8%A7%D9%8A%D8%B1%D9%88-ID503903302.html
أفضل سعر لشقة جاهزة للاستلام متشطبة بالكامل بالدور الثاني بالمطبخ والتكييفات في موقع مميز جدًا على حمام السباحة للبيع في ذا سييراس أب تاون كايرو,19500000,3,3,186,https://www.dubizzle.com.eg/ad/%D8%A3%D9%81%D8%B6%D9%84-%D8%B3%D8%B9%D8%B1-%D9%84%D8%B4%D9%82%D8%A9-%D8%AC%D8%A7%D9%87%D8%B2%D8%A9-%D9%84%D9%84%D8%A7%D8%B3%D8%AA%D9%84%D8%A7%D9%85-%D9%85%D8%AA%D8%B4%D8%B7%D8%A8%D8%A9-%D8%A8%D8%A7%D9%84%D9%83%D8%A7%D9%85%D9%84-%D8%A8%D8%A7%D9%84%D8%AF%D9%88%D8%B1-%D8%A7%D9%84%D8%AB%D8%A7%D9%86%D9%8A-%D8%A8%D8%A7%D9%84%D9%85%D8%B7%D8%A8%D8%AE-%D9%88%D8%A7%D9%84%D8%AA%D9%83%D9%8A%D9%8A%D9%81%D8%A7%D8%AA-%D9%81%D9%8A-%D9%85%D9%88%D9%82%D8%B9-%D9%85%D9%85%D9%8A%D8%B2-%D8%AC%D8%AF%D8%A7-%D8%B9%D9%84%D9%89-%D8%AD%D9%85%D8%A7%D9%85-%D8%A7%D9%84%D8%B3%D8%A8%D8%A7%D8%AD%D8%A9-%D9%84%D9%84%D8%A8%D9%8A%D8%B9-%D9%81%D9%8A-%D8%B0%D8%A7-%D8%B3%D9%8A%D9%8A%D8%B1%D8%A7%D8%B3-%D8%A3%D8%A8-%D8%AA%D8%A7%D9%88%D9%86-%D9%83%D8%A7%D9%8A%D8%B1%D9%88-ID503422984.html
استثمر بعائد سنوي بالدولار  او اسكن علي كورنيش النيل في المعادي مع ادارة فندقيه  من  انتركونتيننتال  بجوار هيلتون  المعادي  بالتقسيط,7113600,1,1,62,https://www.dubizzle.com.eg/ad/%D8%A7%D8%B3%D8%AA%D8%AB%D9%85%D8%B1-%D8%A8%D8%B9%D8%A7%D8%A6%D8%AF-%D8%B3%D9%86%D9%88%D9%8A-%D8%A8%D8%A7%D9%84%D8%AF%D9%88%D9%84%D8%A7%D8%B1-%D8%A7%D9%88-%D8%A7%D8%B3%D9%83%D9%86-%D8%B9%D9%84%D9%8A-%D9%83%D9%88%D8%B1%D9%86%D9%8A%D8%B4-%D8%A7%D9%84%D9%86%D9%8A%D9%84-%D9%81%D9%8A-%D8%A7%D9%84%D9%85%D8%B9%D8%A7%D8%AF%D9%8A-%D9%85%D8%B9-%D8%A7%D8%AF%D8%A7%D8%B1%D8%A9-%D9%81%D9%86%D8%AF%D9%82%D9%8A%D9%87-%D9%85%D9%86-%D8%A7%D9%86%D8%AA%D8%B1%D9%83%D9%88%D9%86%D8%AA%D9%8A%D9%86%D9%86%D8%AA%D8%A7%D9%84-%D8%A8%D8%AC%D9%88%D8%A7%D8%B1-%D9%87%D9%8A%D9%84%D8%AA%D9%88%D9%86-%D8%A7%D9%84%D9%85%D8%B9%D8%A7%D8%AF%D9%8A-%D8%A8%D8%A7%D9%84%D8%AA%D9%82%D8%B3%D9%8A%D8%B7-ID503903338.html
شقه للبيع شيراتون المطار فيو مفتوح بحري بالكامل من المالك مباشرة,7000000,2,1,140,https://www.dubizzle.com.eg/ad/%D8%B4%D9%82%D9%87-%D9%84%D9%84%D8%A8%D9%8A%D8%B9-%D8%B4%D9%8A%D8%B1%D8%A7%D8%AA%D9%88%D9%86-%D8%A7%D9%84%D9%85%D8%B7%D8%A7%D8%B1-%D9%81%D9%8A%D9%88-%D9%85%D9%81%D8%AA%D9%88%D8%AD-%D8%A8%D8%AD%D8%B1%D9%8A-%D8%A8%D8%A7%D9%84%D9%83%D8%A7%D9%85%D9%84-%D9%85%D9%86-%D8%A7%D9%84%D9%85%D8%A7%D9%84%D9%83-%D9%85%D8%A8%D8%A7%D8%B4%D8%B1%D8%A9-ID206642656.html
من المالك مباشرة | 3 غرف في تاج سيتي | مقدم 3.6 مليون,8600000,3,2,156,https://www.dubizzle.com.eg/ad/%D9%85%D9%86-%D8%A7%D9%84%D9%85%D8%A7%D9%84%D9%83-%D9%85%D8%A8%D8%A7%D8%B4%D8%B1%D8%A9-3-%D8%BA%D8%B1%D9%81-%D9%81%D9%8A-%D8%AA%D8%A7%D8%AC-%D8%B3%D9%8A%D8%AA%D9%8A-%D9%85%D9%82%D8%AF%D9%85-36-%D9%85%D9%84%D9%8A%D9%88%D9%86-ID503903297.html
جاهزه للمعاينة والاستلام شقة متشطبة بالكامل في ارقى احياء العاصمة في نيو جاردن سيتي-حي متكامل الخدمات-R5- العاصمة الادارية-بالقرب من النهر الاخضر,5642000,2,2,141,https://www.dubizzle.com.eg/ad/%D8%AC%D8%A7%D9%87%D8%B2%D9%87-%D9%84%D9%84%D9%85%D8%B9%D8%A7%D9%8A%D9%86%D8%A9-%D9%88%D8%A7%D9%84%D8%A7%D8%B3%D8%AA%D9%84%D8%A7%D9%85-%D8%B4%D9%82%D8%A9-%D9%85%D8%AA%D8%B4%D8%B7%D8%A8%D8%A9-%D8%A8%D8%A7%D9%84%D9%83%D8%A7%D9%85%D9%84-%D9%81%D9%8A-%D8%A7%D8%B1%D9%82%D9%89-%D8%A7%D8%AD%D9%8A%D8%A7%D8%A1-%D8%A7%D9%84%D8%B9%D8%A7%D8%B5%D9%85%D8%A9-%D9%81%D9%8A-%D9%86%D9%8A%D9%88-%D8%AC%D8%A7%D8%B1%D8%AF%D9%86-%D8%B3%D9%8A%D8%AA%D9%8A-%D8%AD%D9%8A-%D9%85%D8%AA%D9%83%D8%A7%D9%85%D9%84-%D8%A7%D9%84%D8%AE%D8%AF%D9%85%D8%A7%D8%AA-r5-%D8%A7%D9%84%D8%B9%D8%A7%D8%B5%D9%85%D8%A9-%D8%A7%D9%84%D8%A7%D8%AF%D8%A7%D8%B1%D9%8A%D8%A9-%D8%A8%D8%A7%D9%84%D9%82%D8%B1%D8%A8-%D9%85%D9%86-%D8%A7%D9%84%D9%86%D9%87%D8%B1-%D8%A7%D9%84%D8%A7%D8%AE%D8%B6%D8%B1-ID503903106.html
شقة مميزه جدا جدا للبيع في العاصمة الادارية لوكيشن قوي جدا بالقرب من كل الخدمات و بالقرب من جميع المحاور الرئيسية في العاصمة الادارية لوكيشن سكني مميز,5291000,3,2,150,https://www.dubizzle.com.eg/ad/%D8%B4%D9%82%D8%A9-%D9%85%D9%85%D9%8A%D8%B2%D9%87-%D8%AC%D8%AF%D8%A7-%D8%AC%D8%AF%D8%A7-%D9%84%D9%84%D8%A8%D9%8A%D8%B9-%D9%81%D9%8A-%D8%A7%D9%84%D8%B9%D8%A7%D8%B5%D9%85%D8%A9-%D8%A7%D9%84%D8%A7%D8%AF%D8%A7%D8%B1%D9%8A%D8%A9-%D9%84%D9%88%D9%83%D9%8A%D8%B4%D9%86-%D9%82%D9%88%D9%8A-%D8%AC%D8%AF%D8%A7-%D8%A8%D8%A7%D9%84%D9%82%D8%B1%D8%A8-%D9%85%D9%86-%D9%83%D9%84-%D8%A7%D9%84%D8%AE%D8%AF%D9%85%D8%A7%D8%AA-%D9%88-%D8%A8%D8%A7%D9%84%D9%82%D8%B1%D8%A8-%D9%85%D9%86-%D8%AC%D9%85%D9%8A%D8%B9-%D8%A7%D9%84%D9%85%D8%AD%D8%A7%D9%88%D8%B1-%D8%A7%D9%84%D8%B1%D8%A6%D9%8A%D8%B3%D9%8A%D8%A9-%D9%81%D9%8A-%D8%A7%D9%84%D8%B9%D8%A7%D8%B5%D9%85%D8%A9-%D8%A7%D9%84%D8%A7%D8%AF%D8%A7%D8%B1%D9%8A%D8%A9-%D9%84%D9%88%D9%83%D9%8A%D8%B4%D9%86-%D8%B3%D9%83%D9%86%D9%8A-%D9%85%D9%85%D9%8A%D8%B2-ID503903524.html
شقه للبيع في كومباوند اكويا بالتجمع الخامس,10000000,3,2,175,https://www.dubizzle.com.eg/ad/%D8%B4%D9%82%D9%87-%D9%84%D9%84%D8%A8%D9%8A%D8%B9-%D9%81%D9%8A-%D9%83%D9%88%D9%85%D8%A8%D8%A7%D9%88%D9%86%D8%AF-%D8%A7%D9%83%D9%88%D9%8A%D8%A7-%D8%A8%D8%A7%D9%84%D8%AA%D8%AC%D9%85%D8%B9-%D8%A7%D9%84%D8%AE%D8%A7%D9%85%D8%B3-ID503583087.html
شقة للبيع ١٦٥ متر صافى الارض مسجلة ومشهرة لا يوجد مخالفات او تصالح ، منطقة فيلات نرجس ٣ ، واجهة مميزة بحرى شرقى ، البيع بحصة فى الارض ١٠ % على الشيوع,9500000,3,2,165,https://www.dubizzle.com.eg/ad/%D8%B4%D9%82%D8%A9-%D9%84%D9%84%D8%A8%D9%8A%D8%B9-%D9%A1%D9%A6%D9%A5-%D9%85%D8%AA%D8%B1-%D8%B5%D8%A7%D9%81%D9%89-%D8%A7%D9%84%D8%A7%D8%B1%D8%B6-%D9%85%D8%B3%D8%AC%D9%84%D8%A9-%D9%88%D9%85%D8%B4%D9%87%D8%B1%D8%A9-%D9%84%D8%A7-%D9%8A%D9%88%D8%AC%D8%AF-%D9%85%D8%AE%D8%A7%D9%84%D9%81%D8%A7%D8%AA-%D8%A7%D9%88-%D8%AA%D8%B5%D8%A7%D9%84%D8%AD-%D9%85%D9%86%D8%B7%D9%82%D8%A9-%D9%81%D9%8A%D9%84%D8%A7%D8%AA-%D9%86%D8%B1%D8%AC%D8%B3-%D9%A3-%D9%88%D8%A7%D8%AC%D9%87%D8%A9-%D9%85%D9%85%D9%8A%D8%B2%D8%A9-%D8%A8%D8%AD%D8%B1%D9%89-%D8%B4%D8%B1%D9%82%D9%89-%D8%A7%D9%84%D8%A8%D9%8A%D8%B9-%D8%A8%D8%AD%D8%B5%D8%A9-%D9%81%D9%89-%D8%A7%D9%84%D8%A7%D8%B1%D8%B6-%D9%A1%D9%A0-%D8%B9%D9%84%D9%89-%D8%A7%D9%84%D8%B4%D9%8A%D9%88%D8%B9-ID503757476.html
شقة للبيع فى كومباوند النخيل واجهة بحريه بالكامل غير مجروحه تطل علي فيلات ميراج بالجراج   تسطيب الترا سوبر لوكس,14000000,3,3,300,https://www.dubizzle.com.eg/ad/%D8%B4%D9%82%D8%A9-%D9%84%D9%84%D8%A8%D9%8A%D8%B9-%D9%81%D9%89-%D9%83%D9%88%D9%85%D8%A8%D8%A7%D9%88%D9%86%D8%AF-%D8%A7%D9%84%D9%86%D8%AE%D9%8A%D9%84-%D9%88%D8%A7%D8%AC%D9%87%D8%A9-%D8%A8%D8%AD%D8%B1%D9%8A%D9%87-%D8%A8%D8%A7%D9%84%D9%83%D8%A7%D9%85%D9%84-%D8%BA%D9%8A%D8%B1-%D9%85%D8%AC%D8%B1%D9%88%D8%AD%D9%87-%D8%AA%D8%B7%D9%84-%D8%B9%D9%84%D9%8A-%D9%81%D9%8A%D9%84%D8%A7%D8%AA-%D9%85%D9%8A%D8%B1%D8%A7%D8%AC-%D8%A8%D8%A7%D9%84%D8%AC%D8%B1%D8%A7%D8%AC-%D8%AA%D8%B3%D8%B7%D9%8A%D8%A8-%D8%A7%D9%84%D8%AA%D8%B1%D8%A7-%D8%B3%D9%88%D8%A8%D8%B1-%D9%84%D9%88%D9%83%D8%B3-ID503757012.html
شقة 116 م للبيع بمدينتى B11  بالتقسيط حتى سنة 2030 خطوات الى الاول سيزون بارك ودقيقة من الخدمات فيو جاردن,5960000,3,2,116,https://www.dubizzle.com.eg/ad/%D8%B4%D9%82%D8%A9-116-%D9%85-%D9%84%D9%84%D8%A8%D9%8A%D8%B9-%D8%A8%D9%85%D8%AF%D9%8A%D9%86%D8%AA%D9%89-b11-%D8%A8%D8%A7%D9%84%D8%AA%D9%82%D8%B3%D9%8A%D8%B7-%D8%AD%D8%AA%D9%89-%D8%B3%D9%86%D8%A9-2030-%D8%AE%D8%B7%D9%88%D8%A7%D8%AA-%D8%A7%D9%84%D9%89-%D8%A7%D9%84%D8%A7%D9%88%D9%84-%D8%B3%D9%8A%D8%B2%D9%88%D9%86-%D8%A8%D8%A7%D8%B1%D9%83-%D9%88%D8%AF%D9%82%D9%8A%D9%82%D8%A9-%D9%85%D9%86-%D8%A7%D9%84%D8%AE%D8%AF%D9%85%D8%A7%D8%AA-%D9%81%D9%8A%D9%88-%D8%AC%D8%A7%D8%B1%D8%AF%D9%86-ID503742656.html
شقه للبيع 115متر في كمبوند سكن مصر ارض المعارض التجمع الثالث,2400000,3,1,115,https://www.dubizzle.com.eg/ad/%D8%B4%D9%82%D9%87-%D9%84%D9%84%D8%A8%D9%8A%D8%B9-115%D9%85%D8%AA%D8%B1-%D9%81%D9%8A-%D9%83%D9%85%D8%A8%D9%88%D9%86%D8%AF-%D8%B3%D9%83%D9%86-%D9%85%D8%B5%D8%B1-%D8%A7%D8%B1%D8%B6-%D8%A7%D9%84%D9%85%D8%B9%D8%A7%D8%B1%D8%B6-%D8%A7%D9%84%D8%AA%D8%AC%D9%85%D8%B9-%D8%A7%D9%84%D8%AB%D8%A7%D9%84%D8%AB-ID503553908.html
شقه للبيع بكومباوند النخيل التجمع الأول NEW CAIRO,12500000,4,3,286,https://www.dubizzle.com.eg/ad/%D8%B4%D9%82%D9%87-%D9%84%D9%84%D8%A8%D9%8A%D8%B9-%D8%A8%D9%83%D9%88%D9%85%D8%A8%D8%A7%D9%88%D9%86%D8%AF-%D8%A7%D9%84%D9%86%D8%AE%D9%8A%D9%84-%D8%A7%D9%84%D8%AA%D8%AC%D9%85%D8%B9-%D8%A7%D9%84%D8%A3%D9%88%D9%84-new-cairo-ID503295947.html
شقة للبيع 150متر في الرحاب بسعر مميز فيو جاردن و مسجد طلعت مصطفي - بموقع مميز جدا في المرحلة الرابعه,8500000,3,3,150,https://www.dubizzle.com.eg/ad/%D8%B4%D9%82%D8%A9-%D9%84%D9%84%D8%A8%D9%8A%D8%B9-150%D9%85%D8%AA%D8%B1-%D9%81%D9%8A-%D8%A7%D9%84%D8%B1%D8%AD%D8%A7%D8%A8-%D8%A8%D8%B3%D8%B9%D8%B1-%D9%85%D9%85%D9%8A%D8%B2-%D9%81%D9%8A%D9%88-%D8%AC%D8%A7%D8%B1%D8%AF%D9%86-%D9%88-%D9%85%D8%B3%D8%AC%D8%AF-%D8%B7%D9%84%D8%B9%D8%AA-%D9%85%D8%B5%D8%B7%D9%81%D9%8A-%D8%A8%D9%85%D9%88%D9%82%D8%B9-%D9%85%D9%85%D9%8A%D8%B2-%D8%AC%D8%AF%D8%A7-%D9%81%D9%8A-%D8%A7%D9%84%D9%85%D8%B1%D8%AD%D9%84%D8%A9-%D8%A7%D9%84%D8%B1%D8%A7%D8%A8%D8%B9%D9%87-ID503903513.html
شقه للبيع بسعر مميز في كمبوند المصراويه التجمع الخامس,5850000,3,2,181,https://www.dubizzle.com.eg/ad/%D8%B4%D9%82%D9%87-%D9%84%D9%84%D8%A8%D9%8A%D8%B9-%D8%A8%D8%B3%D8%B9%D8%B1-%D9%85%D9%85%D9%8A%D8%B2-%D9%81%D9%8A-%D9%83%D9%85%D8%A8%D9%88%D9%86%D8%AF-%D8%A7%D9%84%D9%85%D8%B5%D8%B1%D8%A7%D9%88%D9%8A%D9%87-%D8%A7%D9%84%D8%AA%D8%AC%D9%85%D8%B9-%D8%A7%D9%84%D8%AE%D8%A7%D9%85%D8%B3-ID503719512.html
"2 bedrooms Apartment , Blue Tree compound , New cairo",8500000,2,2,161,https://www.dubizzle.com.eg/ad/2-bedrooms-apartment-blue-tree-compound-new-cairo-ID205696108.html
استلام فوري !! نص تشطيب شقه للبيع امام الحامعه مباشر دور متكرر وفيو خيالي vip لوكيشن 171م 3غرف 3 حمام فيو بوول & لاند سكيب -بجوار ماونتن فيو-ميفيدا,14000000,3,3,171,https://www.dubizzle.com.eg/ad/%D8%A7%D8%B3%D8%AA%D9%84%D8%A7%D9%85-%D9%81%D9%88%D8%B1%D9%8A-%D9%86%D8%B5-%D8%AA%D8%B4%D8%B7%D9%8A%D8%A8-%D8%B4%D9%82%D9%87-%D9%84%D9%84%D8%A8%D9%8A%D8%B9-%D8%A7%D9%85%D8%A7%D9%85-%D8%A7%D9%84%D8%AD%D8%A7%D9%85%D8%B9%D9%87-%D9%85%D8%A8%D8%A7%D8%B4%D8%B1-%D8%AF%D9%88%D8%B1-%D9%85%D8%AA%D9%83%D8%B1%D8%B1-%D9%88%D9%81%D9%8A%D9%88-%D8%AE%D9%8A%D8%A7%D9%84%D9%8A-vip-%D9%84%D9%88%D9%83%D9%8A%D8%B4%D9%86-171%D9%85-3%D8%BA%D8%B1%D9%81-3-%D8%AD%D9%85%D8%A7%D9%85-%D9%81%D9%8A%D9%88-%D8%A8%D9%88%D9%88%D9%84-%D9%84%D8%A7%D9%86%D8%AF-%D8%B3%D9%83%D9%8A%D8%A8-%D8%A8%D8%AC%D9%88%D8%A7%D8%B1-%D9%85%D8%A7%D9%88%D9%86%D8%AA%D9%86-%D9%81%D9%8A%D9%88-%D9%85%D9%8A%D9%81%D9%8A%D8%AF%D8%A7-ID503903506.html
شقه علي النيل,4000000,2,2,150,https://www.dubizzle.com.eg/ad/%D8%B4%D9%82%D9%87-%D8%B9%D9%84%D9%8A-%D8%A7%D9%84%D9%86%D9%8A%D9%84-ID208630762.html
من المالك مباشرة شقة 105م ارضى +75م حديقة,3100000,2,2,105,https://www.dubizzle.com.eg/ad/%D9%85%D9%86-%D8%A7%D9%84%D9%85%D8%A7%D9%84%D9%83-%D9%85%D8%A8%D8%A7%D8%B4%D8%B1%D8%A9-%D8%B4%D9%82%D8%A9-105%D9%85-%D8%A7%D8%B1%D8%B6%D9%89-75%D9%85-%D8%AD%D8%AF%D9%8A%D9%82%D8%A9-ID503751241.html
بخصم كاش 50% شقة للبيع فيو على لاند سكيب و نادى فى التجمع الأول على طريق السويس امام المطار & اكاديمية الشرطة القاهرة الجديدة,5969000,2,1,128,https://www.dubizzle.com.eg/ad/%D8%A8%D8%AE%D8%B5%D9%85-%D9%83%D8%A7%D8%B4-50-%D8%B4%D9%82%D8%A9-%D9%84%D9%84%D8%A8%D9%8A%D8%B9-%D9%81%D9%8A%D9%88-%D8%B9%D9%84%D9%89-%D9%84%D8%A7%D9%86%D8%AF-%D8%B3%D9%83%D9%8A%D8%A8-%D9%88-%D9%86%D8%A7%D8%AF%D9%89-%D9%81%D9%89-%D8%A7%D9%84%D8%AA%D8%AC%D9%85%D8%B9-%D8%A7%D9%84%D8%A3%D9%88%D9%84-%D8%B9%D9%84%D9%89-%D8%B7%D8%B1%D9%8A%D9%82-%D8%A7%D9%84%D8%B3%D9%88%D9%8A%D8%B3-%D8%A7%D9%85%D8%A7%D9%85-%D8%A7%D9%84%D9%85%D8%B7%D8%A7%D8%B1-%D8%A7%D9%83%D8%A7%D8%AF%D9%8A%D9%85%D9%8A%D8%A9-%D8%A7%D9%84%D8%B4%D8%B1%D8%B7%D8%A9-%D8%A7%D9%84%D9%82%D8%A7%D9%87%D8%B1%D8%A9-%D8%A7%D9%84%D8%AC%D8%AF%D9%8A%D8%AF%D8%A9-ID503758021.html
"لفترة محدودة فى تاج سيتي خصم 50% شقة للبيع فيو لاند سكيب فى كمبوند Taj city التجمع الأول امام اكاديمية الشرطة القاهرة الجديدة , تاج سيتى",5969000,2,1,128,https://www.dubizzle.com.eg/ad/%D9%84%D9%81%D8%AA%D8%B1%D8%A9-%D9%85%D8%AD%D8%AF%D9%88%D8%AF%D8%A9-%D9%81%D9%89-%D8%AA%D8%A7%D8%AC-%D8%B3%D9%8A%D8%AA%D9%8A-%D8%AE%D8%B5%D9%85-50-%D8%B4%D9%82%D8%A9-%D9%84%D9%84%D8%A8%D9%8A%D8%B9-%D9%81%D9%8A%D9%88-%D9%84%D8%A7%D9%86%D8%AF-%D8%B3%D9%83%D9%8A%D8%A8-%D9%81%D9%89-%D9%83%D9%85%D8%A8%D9%88%D9%86%D8%AF-taj-city-%D8%A7%D9%84%D8%AA%D8%AC%D9%85%D8%B9-%D8%A7%D9%84%D8%A3%D9%88%D9%84-%D8%A7%D9%85%D8%A7%D9%85-%D8%A7%D9%83%D8%A7%D8%AF%D9%8A%D9%85%D9%8A%D8%A9-%D8%A7%D9%84%D8%B4%D8%B1%D8%B7%D8%A9-%D8%A7%D9%84%D9%82%D8%A7%D9%87%D8%B1%D8%A9-%D8%A7%D9%84%D8%AC%D8%AF%D9%8A%D8%AF%D8%A9-%D8%AA%D8%A7%D8%AC-%D8%B3%D9%8A%D8%AA%D9%89-ID503758094.html
شقه للبيع { تسليم فوري ومتشطبه } في كمبوند المقصد في R3 بالتقسيط علي 10 سنوات في العاصمه الاداريه,3902792,3,2,134,https://www.dubizzle.com.eg/ad/%D8%B4%D9%82%D9%87-%D9%84%D9%84%D8%A8%D9%8A%D8%B9-%D8%AA%D8%B3%D9%84%D9%8A%D9%85-%D9%81%D9%88%D8%B1%D9%8A-%D9%88%D9%85%D8%AA%D8%B4%D8%B7%D8%A8%D9%87-%D9%81%D9%8A-%D9%83%D9%85%D8%A8%D9%88%D9%86%D8%AF-%D8%A7%D9%84%D9%85%D9%82%D8%B5%D8%AF-%D9%81%D9%8A-r3-%D8%A8%D8%A7%D9%84%D8%AA%D9%82%D8%B3%D9%8A%D8%B7-%D8%B9%D9%84%D9%8A-10-%D8%B3%D9%86%D9%88%D8%A7%D8%AA-%D9%81%D9%8A-%D8%A7%D9%84%D8%B9%D8%A7%D8%B5%D9%85%D9%87-%D8%A7%D9%84%D8%A7%D8%AF%D8%A7%D8%B1%D9%8A%D9%87-ID503902761.html
استاند الون شقه للبيع ( استلام فوري ) فيو مفتوح وخيالي بالتقسيط في كمبوند ديستركت 5 في التجمع الخامس بجوار نيو قطاميه,18712972,3,3,204,https://www.dubizzle.com.eg/ad/%D8%A7%D8%B3%D8%AA%D8%A7%D9%86%D8%AF-%D8%A7%D9%84%D9%88%D9%86-%D8%B4%D9%82%D9%87-%D9%84%D9%84%D8%A8%D9%8A%D8%B9-%D8%A7%D8%B3%D8%AA%D9%84%D8%A7%D9%85-%D9%81%D9%88%D8%B1%D9%8A-%D9%81%D9%8A%D9%88-%D9%85%D9%81%D8%AA%D9%88%D8%AD-%D9%88%D8%AE%D9%8A%D8%A7%D9%84%D9%8A-%D8%A8%D8%A7%D9%84%D8%AA%D9%82%D8%B3%D9%8A%D8%B7-%D9%81%D9%8A-%D9%83%D9%85%D8%A8%D9%88%D9%86%D8%AF-%D8%AF%D9%8A%D8%B3%D8%AA%D8%B1%D9%83%D8%AA-5-%D9%81%D9%8A-%D8%A7%D9%84%D8%AA%D8%AC%D9%85%D8%B9-%D8%A7%D9%84%D8%AE%D8%A7%D9%85%D8%B3-%D8%A8%D8%AC%D9%88%D8%A7%D8%B1-%D9%86%D9%8A%D9%88-%D9%82%D8%B7%D8%A7%D9%85%D9%8A%D9%87-ID503902804.html
شقه متشطبه من waterway ڤيو lakeبخصم 18% من سعرها و متاح التقسيط,17515000,3,3,160,https://www.dubizzle.com.eg/ad/%D8%B4%D9%82%D9%87-%D9%85%D8%AA%D8%B4%D8%B7%D8%A8%D9%87-%D9%85%D9%86-waterway-%DA%A4%D9%8A%D9%88-lake%D8%A8%D8%AE%D8%B5%D9%85-18-%D9%85%D9%86-%D8%B3%D8%B9%D8%B1%D9%87%D8%A7-%D9%88-%D9%85%D8%AA%D8%A7%D8%AD-%D8%A7%D9%84%D8%AA%D9%82%D8%B3%D9%8A%D8%B7-ID503902521.html
Apartment for sale,11000000,2,2,300,https://www.dubizzle.com.eg/ad/apartment-for-sale-ID208653507.html
فرصة استثنائية للشراء شقة جاهزة للأستلام 213 م للبيع في موقع مميز في كمبوند فيليت Villette by SODIC الجولدن سكوير التجمع الخامس القاهره الجديده 3 غرف,13300000,3,3,212,https://www.dubizzle.com.eg/ad/%D9%81%D8%B1%D8%B5%D8%A9-%D8%A7%D8%B3%D8%AA%D8%AB%D9%86%D8%A7%D8%A6%D9%8A%D8%A9-%D9%84%D9%84%D8%B4%D8%B1%D8%A7%D8%A1-%D8%B4%D9%82%D8%A9-%D8%AC%D8%A7%D9%87%D8%B2%D8%A9-%D9%84%D9%84%D8%A3%D8%B3%D8%AA%D9%84%D8%A7%D9%85-213-%D9%85-%D9%84%D9%84%D8%A8%D9%8A%D8%B9-%D9%81%D9%8A-%D9%85%D9%88%D9%82%D8%B9-%D9%85%D9%85%D9%8A%D8%B2-%D9%81%D9%8A-%D9%83%D9%85%D8%A8%D9%88%D9%86%D8%AF-%D9%81%D9%8A%D9%84%D9%8A%D8%AA-villette-by-sodic-%D8%A7%D9%84%D8%AC%D9%88%D9%84%D8%AF%D9%86-%D8%B3%D9%83%D9%88%D9%8A%D8%B1-%D8%A7%D9%84%D8%AA%D8%AC%D9%85%D8%B9-%D8%A7%D9%84%D8%AE%D8%A7%D9%85%D8%B3-%D8%A7%D9%84%D9%82%D8%A7%D9%87%D8%B1%D9%87-%D8%A7%D9%84%D8%AC%D8%AF%D9%8A%D8%AF%D9%87-3-%D8%BA%D8%B1%D9%81-ID503902853.html
فرصة لا تُعوَّض الآن شقة 200 م للبيع استلام فوري وتشطيب كامل داخل كمبوند فيفث سكوير المراسم، الجولدن سكوير، التجمع الخامس القاهره الجديده 3 غرف,9500000,3,2,200,https://www.dubizzle.com.eg/ad/%D9%81%D8%B1%D8%B5%D8%A9-%D9%84%D8%A7-%D8%AA%D8%B9%D9%88%D8%B6-%D8%A7%D9%84%D8%A2%D9%86-%D8%B4%D9%82%D8%A9-200-%D9%85-%D9%84%D9%84%D8%A8%D9%8A%D8%B9-%D8%A7%D8%B3%D8%AA%D9%84%D8%A7%D9%85-%D9%81%D9%88%D8%B1%D9%8A-%D9%88%D8%AA%D8%B4%D8%B7%D9%8A%D8%A8-%D9%83%D8%A7%D9%85%D9%84-%D8%AF%D8%A7%D8%AE%D9%84-%D9%83%D9%85%D8%A8%D9%88%D9%86%D8%AF-%D9%81%D9%8A%D9%81%D8%AB-%D8%B3%D9%83%D9%88%D9%8A%D8%B1-%D8%A7%D9%84%D9%85%D8%B1%D8%A7%D8%B3%D9%85-%D8%A7%D9%84%D8%AC%D9%88%D9%84%D8%AF%D9%86-%D8%B3%D9%83%D9%88%D9%8A%D8%B1-%D8%A7%D9%84%D8%AA%D8%AC%D9%85%D8%B9-%D8%A7%D9%84%D8%AE%D8%A7%D9%85%D8%B3-%D8%A7%D9%84%D9%82%D8%A7%D9%87%D8%B1%D9%87-%D8%A7%D9%84%D8%AC%D8%AF%D9%8A%D8%AF%D9%87-3-%D8%BA%D8%B1%D9%81-ID503902816.html
فرصة متتعوضش! شقة 162م في برايم لوكيشن أمام النهر الأخضر، بالقرب من سيليا ومحور محمد بن زايد الجنوبي، مع خصم كاش 18.5%.,6797000,3,3,162,https://www.dubizzle.com.eg/ad/%D9%81%D8%B1%D8%B5%D8%A9-%D9%85%D8%AA%D8%AA%D8%B9%D9%88%D8%B6%D8%B4-%D8%B4%D9%82%D8%A9-162%D9%85-%D9%81%D9%8A-%D8%A8%D8%B1%D8%A7%D9%8A%D9%85-%D9%84%D9%88%D9%83%D9%8A%D8%B4%D9%86-%D8%A3%D9%85%D8%A7%D9%85-%D8%A7%D9%84%D9%86%D9%87%D8%B1-%D8%A7%D9%84%D8%A3%D8%AE%D8%B6%D8%B1-%D8%A8%D8%A7%D9%84%D9%82%D8%B1%D8%A8-%D9%85%D9%86-%D8%B3%D9%8A%D9%84%D9%8A%D8%A7-%D9%88%D9%85%D8%AD%D9%88%D8%B1-%D9%85%D8%AD%D9%85%D8%AF-%D8%A8%D9%86-%D8%B2%D8%A7%D9%8A%D8%AF-%D8%A7%D9%84%D8%AC%D9%86%D9%88%D8%A8%D9%8A-%D9%85%D8%B9-%D8%AE%D8%B5%D9%85-%D9%83%D8%A7%D8%B4-185-ID503902680.html
"بقسط شهري يبدأ من 16,000 جنيه فقط يمكنك امتلاك شقتك في Defaf – R8 بالعاصمة الإدارية الجديدة.",4300000,3,2,155,https://www.dubizzle.com.eg/ad/%D8%A8%D9%82%D8%B3%D8%B7-%D8%B4%D9%87%D8%B1%D9%8A-%D9%8A%D8%A8%D8%AF%D8%A3-%D9%85%D9%86-16000-%D8%AC%D9%86%D9%8A%D9%87-%D9%81%D9%82%D8%B7-%D9%8A%D9%85%D9%83%D9%86%D9%83-%D8%A7%D9%85%D8%AA%D9%84%D8%A7%D9%83-%D8%B4%D9%82%D8%AA%D9%83-%D9%81%D9%8A-defaf-r8-%D8%A8%D8%A7%D9%84%D8%B9%D8%A7%D8%B5%D9%85%D8%A9-%D8%A7%D9%84%D8%A5%D8%AF%D8%A7%D8%B1%D9%8A%D8%A9-%D8%A7%D9%84%D8%AC%D8%AF%D9%8A%D8%AF%D8%A9-ID503546244.html
شقه للبيع تشطيب الترا مودرن فيو علي البرج الايقوني في R3 - كمبوند المقصد العاصمه الاداريه دقايق من مدينتى Al Maqsad in New Capital,3350000,3,2,134,https://www.dubizzle.com.eg/ad/%D8%B4%D9%82%D9%87-%D9%84%D9%84%D8%A8%D9%8A%D8%B9-%D8%AA%D8%B4%D8%B7%D9%8A%D8%A8-%D8%A7%D9%84%D8%AA%D8%B1%D8%A7-%D9%85%D9%88%D8%AF%D8%B1%D9%86-%D9%81%D9%8A%D9%88-%D8%B9%D9%84%D9%8A-%D8%A7%D9%84%D8%A8%D8%B1%D8%AC-%D8%A7%D9%84%D8%A7%D9%8A%D9%82%D9%88%D9%86%D9%8A-%D9%81%D9%8A-r3-%D9%83%D9%85%D8%A8%D9%88%D9%86%D8%AF-%D8%A7%D9%84%D9%85%D9%82%D8%B5%D8%AF-%D8%A7%D9%84%D8%B9%D8%A7%D8%B5%D9%85%D9%87-%D8%A7%D9%84%D8%A7%D8%AF%D8%A7%D8%B1%D9%8A%D9%87-%D8%AF%D9%82%D8%A7%D9%8A%D9%82-%D9%85%D9%86-%D9%85%D8%AF%D9%8A%D9%86%D8%AA%D9%89-al-maqsad-in-new-capital-ID503902706.html
شقة للبيع في قلب العاصمة الإدارية بالقرب من الحي الحكومي، النهر الأخضر، مسجد مصر ومحور محمد بن زايد، بخصم كاش 50% لفترة محدودة.,7000000,3,3,197,https://www.dubizzle.com.eg/ad/%D8%B4%D9%82%D8%A9-%D9%84%D9%84%D8%A8%D9%8A%D8%B9-%D9%81%D9%8A-%D9%82%D9%84%D8%A8-%D8%A7%D9%84%D8%B9%D8%A7%D8%B5%D9%85%D8%A9-%D8%A7%D9%84%D8%A5%D8%AF%D8%A7%D8%B1%D9%8A%D8%A9-%D8%A8%D8%A7%D9%84%D9%82%D8%B1%D8%A8-%D9%85%D9%86-%D8%A7%D9%84%D8%AD%D9%8A-%D8%A7%D9%84%D8%AD%D9%83%D9%88%D9%85%D9%8A-%D8%A7%D9%84%D9%86%D9%87%D8%B1-%D8%A7%D9%84%D8%A3%D8%AE%D8%B6%D8%B1-%D9%85%D8%B3%D8%AC%D8%AF-%D9%85%D8%B5%D8%B1-%D9%88%D9%85%D8%AD%D9%88%D8%B1-%D9%85%D8%AD%D9%85%D8%AF-%D8%A8%D9%86-%D8%B2%D8%A7%D9%8A%D8%AF-%D8%A8%D8%AE%D8%B5%D9%85-%D9%83%D8%A7%D8%B4-50-%D9%84%D9%81%D8%AA%D8%B1%D8%A9-%D9%85%D8%AD%D8%AF%D9%88%D8%AF%D8%A9-ID503902535.html
شقة للبيع في مساكن شيراتون عمارات صقر قريش,4200000,3,1,138,https://www.dubizzle.com.eg/ad/%D8%B4%D9%82%D8%A9-%D9%84%D9%84%D8%A8%D9%8A%D8%B9-%D9%81%D9%8A-%D9%85%D8%B3%D8%A7%D9%83%D9%86-%D8%B4%D9%8A%D8%B1%D8%A7%D8%AA%D9%88%D9%86-%D8%B9%D9%85%D8%A7%D8%B1%D8%A7%D8%AA-%D8%B5%D9%82%D8%B1-%D9%82%D8%B1%D9%8A%D8%B4-ID208640014.html
شقة متشطبة بالكامل بموقع وسعر مميز-استلام فوري -ادريس ايست,5200000,3,2,160,https://www.dubizzle.com.eg/ad/%D8%B4%D9%82%D8%A9-%D9%85%D8%AA%D8%B4%D8%B7%D8%A8%D8%A9-%D8%A8%D8%A7%D9%84%D9%83%D8%A7%D9%85%D9%84-%D8%A8%D9%85%D9%88%D9%82%D8%B9-%D9%88%D8%B3%D8%B9%D8%B1-%D9%85%D9%85%D9%8A%D8%B2-%D8%A7%D8%B3%D8%AA%D9%84%D8%A7%D9%85-%D9%81%D9%88%D8%B1%D9%8A-%D8%A7%D8%AF%D8%B1%D9%8A%D8%B3-%D8%A7%D9%8A%D8%B3%D8%AA-ID503346561.html
شقه  بموقع متميز للبيع في بلو تري من سكاي اد - القاهره الجديده,7150000,3,3,150,https://www.dubizzle.com.eg/ad/%D8%B4%D9%82%D9%87-%D8%A8%D9%85%D9%88%D9%82%D8%B9-%D9%85%D8%AA%D9%85%D9%8A%D8%B2-%D9%84%D9%84%D8%A8%D9%8A%D8%B9-%D9%81%D9%8A-%D8%A8%D9%84%D9%88-%D8%AA%D8%B1%D9%8A-%D9%85%D9%86-%D8%B3%D9%83%D8%A7%D9%8A-%D8%A7%D8%AF-%D8%A7%D9%84%D9%82%D8%A7%D9%87%D8%B1%D9%87-%D8%A7%D9%84%D8%AC%D8%AF%D9%8A%D8%AF%D9%87-ID503347834.html
للبيع بسعر الريسيل شقه متشطبه غرفتين جاهزه للمعاينه الفوري للبيع بنص الثمن وارخص قسط معاها التكيفات,4372000,2,2,90,https://www.dubizzle.com.eg/ad/%D9%84%D9%84%D8%A8%D9%8A%D8%B9-%D8%A8%D8%B3%D8%B9%D8%B1-%D8%A7%D9%84%D8%B1%D9%8A%D8%B3%D9%8A%D9%84-%D8%B4%D9%82%D9%87-%D9%85%D8%AA%D8%B4%D8%B7%D8%A8%D9%87-%D8%BA%D8%B1%D9%81%D8%AA%D9%8A%D9%86-%D8%AC%D8%A7%D9%87%D8%B2%D9%87-%D9%84%D9%84%D9%85%D8%B9%D8%A7%D9%8A%D9%86%D9%87-%D8%A7%D9%84%D9%81%D9%88%D8%B1%D9%8A-%D9%84%D9%84%D8%A8%D9%8A%D8%B9-%D8%A8%D9%86%D8%B5-%D8%A7%D9%84%D8%AB%D9%85%D9%86-%D9%88%D8%A7%D8%B1%D8%AE%D8%B5-%D9%82%D8%B3%D8%B7-%D9%85%D8%B9%D8%A7%D9%87%D8%A7-%D8%A7%D9%84%D8%AA%D9%83%D9%8A%D9%81%D8%A7%D8%AA-ID503077652.html
شقة للبيع استلام فورى متشطبة بالكامل فى كمبوند المقصد العاصمة الادارية الجديدة فى منطقة R3  بفيو مميز النهر الاخضر و البرج الأيقوني Maqsed new capital,3000000,3,2,121,https://www.dubizzle.com.eg/ad/%D8%B4%D9%82%D8%A9-%D9%84%D9%84%D8%A8%D9%8A%D8%B9-%D8%A7%D8%B3%D8%AA%D9%84%D8%A7%D9%85-%D9%81%D9%88%D8%B1%D9%89-%D9%85%D8%AA%D8%B4%D8%B7%D8%A8%D8%A9-%D8%A8%D8%A7%D9%84%D9%83%D8%A7%D9%85%D9%84-%D9%81%D9%89-%D9%83%D9%85%D8%A8%D9%88%D9%86%D8%AF-%D8%A7%D9%84%D9%85%D9%82%D8%B5%D8%AF-%D8%A7%D9%84%D8%B9%D8%A7%D8%B5%D9%85%D8%A9-%D8%A7%D9%84%D8%A7%D8%AF%D8%A7%D8%B1%D9%8A%D8%A9-%D8%A7%D9%84%D8%AC%D8%AF%D9%8A%D8%AF%D8%A9-%D9%81%D9%89-%D9%85%D9%86%D8%B7%D9%82%D8%A9-r3-%D8%A8%D9%81%D9%8A%D9%88-%D9%85%D9%85%D9%8A%D8%B2-%D8%A7%D9%84%D9%86%D9%87%D8%B1-%D8%A7%D9%84%D8%A7%D8%AE%D8%B6%D8%B1-%D9%88-%D8%A7%D9%84%D8%A8%D8%B1%D8%AC-%D8%A7%D9%84%D8%A3%D9%8A%D9%82%D9%88%D9%86%D9%8A-maqsed-new-capital-ID503903203.html
بأعلى عائد استثمرى استلم شقة تشطيب فندقى فورى بالفرش و بالاجهزة على كورنيش المعادى بانوراما النيل بالكامل بجوار هيلتون فى ارقى برج  Reve Du Nil,3200000,1,1,40,https://www.dubizzle.com.eg/ad/%D8%A8%D8%A3%D8%B9%D9%84%D9%89-%D8%B9%D8%A7%D8%A6%D8%AF-%D8%A7%D8%B3%D8%AA%D8%AB%D9%85%D8%B1%D9%89-%D8%A7%D8%B3%D8%AA%D9%84%D9%85-%D8%B4%D9%82%D8%A9-%D8%AA%D8%B4%D8%B7%D9%8A%D8%A8-%D9%81%D9%86%D8%AF%D9%82%D9%89-%D9%81%D9%88%D8%B1%D9%89-%D8%A8%D8%A7%D9%84%D9%81%D8%B1%D8%B4-%D9%88-%D8%A8%D8%A7%D9%84%D8%A7%D8%AC%D9%87%D8%B2%D8%A9-%D8%B9%D9%84%D9%89-%D9%83%D9%88%D8%B1%D9%86%D9%8A%D8%B4-%D8%A7%D9%84%D9%85%D8%B9%D8%A7%D8%AF%D9%89-%D8%A8%D8%A7%D9%86%D9%88%D8%B1%D8%A7%D9%85%D8%A7-%D8%A7%D9%84%D9%86%D9%8A%D9%84-%D8%A8%D8%A7%D9%84%D9%83%D8%A7%D9%85%D9%84-%D8%A8%D8%AC%D9%88%D8%A7%D8%B1-%D9%87%D9%8A%D9%84%D8%AA%D9%88%D9%86-%D9%81%D9%89-%D8%A7%D8%B1%D9%82%D9%89-%D8%A8%D8%B1%D8%AC-reve-du-nil-ID503903223.html
شقة للبيع بالتجمع الخامس,5000000,3,2,195,https://www.dubizzle.com.eg/ad/%D8%B4%D9%82%D8%A9-%D9%84%D9%84%D8%A8%D9%8A%D8%B9-%D8%A8%D8%A7%D9%84%D8%AA%D8%AC%D9%85%D8%B9-%D8%A7%D9%84%D8%AE%D8%A7%D9%85%D8%B3-ID199492137.html
للبيع شقة 243 م وجاردن 60م مدينتى امام النادى,16000000,3,3,243,https://www.dubizzle.com.eg/ad/%D9%84%D9%84%D8%A8%D9%8A%D8%B9-%D8%B4%D9%82%D8%A9-243-%D9%85-%D9%88%D8%AC%D8%A7%D8%B1%D8%AF%D9%86-60%D9%85-%D9%85%D8%AF%D9%8A%D9%86%D8%AA%D9%89-%D8%A7%D9%85%D8%A7%D9%85-%D8%A7%D9%84%D9%86%D8%A7%D8%AF%D9%89-ID503902923.html
للبيع شقة Open View بخصم 50% !! امام فندق JW ماريوت فى قلب التجمع القاهرة الجديدة _ كمبوند تاج سيتي Taj City,5124000,2,1,115,https://www.dubizzle.com.eg/ad/%D9%84%D9%84%D8%A8%D9%8A%D8%B9-%D8%B4%D9%82%D8%A9-open-view-%D8%A8%D8%AE%D8%B5%D9%85-50-%D8%A7%D9%85%D8%A7%D9%85-%D9%81%D9%86%D8%AF%D9%82-jw-%D9%85%D8%A7%D8%B1%D9%8A%D9%88%D8%AA-%D9%81%D9%89-%D9%82%D9%84%D8%A8-%D8%A7%D9%84%D8%AA%D8%AC%D9%85%D8%B9-%D8%A7%D9%84%D9%82%D8%A7%D9%87%D8%B1%D8%A9-%D8%A7%D9%84%D8%AC%D8%AF%D9%8A%D8%AF%D8%A9-_-%D9%83%D9%85%D8%A8%D9%88%D9%86%D8%AF-%D8%AA%D8%A7%D8%AC-%D8%B3%D9%8A%D8%AA%D9%8A-taj-city-ID503901340.html
Rare 275m Ground Floor | Garden | Pool View | Patio Casa,14600000,4,3,275,https://www.dubizzle.com.eg/ad/rare-275m-ground-floor-garden-pool-view-patio-casa-ID207679713.html
"أقل سعر شقة استلام فوري ¾ تشطيب فيولاندسكيب للبيع في هايد بارك – التجمع الخامس – القاهرة الجديدة Hyde Park, Fifth Settlement, New Cairo",8000000,2,3,135,https://www.dubizzle.com.eg/ad/%D8%A3%D9%82%D9%84-%D8%B3%D8%B9%D8%B1-%D8%B4%D9%82%D8%A9-%D8%A7%D8%B3%D8%AA%D9%84%D8%A7%D9%85-%D9%81%D9%88%D8%B1%D9%8A-34-%D8%AA%D8%B4%D8%B7%D9%8A%D8%A8-%D9%81%D9%8A%D9%88%D9%84%D8%A7%D9%86%D8%AF%D8%B3%D9%83%D9%8A%D8%A8-%D9%84%D9%84%D8%A8%D9%8A%D8%B9-%D9%81%D9%8A-%D9%87%D8%A7%D9%8A%D8%AF-%D8%A8%D8%A7%D8%B1%D9%83-%D8%A7%D9%84%D8%AA%D8%AC%D9%85%D8%B9-%D8%A7%D9%84%D8%AE%D8%A7%D9%85%D8%B3-%D8%A7%D9%84%D9%82%D8%A7%D9%87%D8%B1%D8%A9-%D8%A7%D9%84%D8%AC%D8%AF%D9%8A%D8%AF%D8%A9-hyde-park-fifth-settlement-new-cairo-ID503903111.html
شقة مدينتي,5400000,2,1,108,https://www.dubizzle.com.eg/ad/%D8%B4%D9%82%D8%A9-%D9%85%D8%AF%D9%8A%D9%86%D8%AA%D9%8A-ID208654822.html
شقة للبيع باقل سعر مقدم واقساط متشطبة بالكامل,4350000,2,3,126,https://www.dubizzle.com.eg/ad/%D8%B4%D9%82%D8%A9-%D9%84%D9%84%D8%A8%D9%8A%D8%B9-%D8%A8%D8%A7%D9%82%D9%84-%D8%B3%D8%B9%D8%B1-%D9%85%D9%82%D8%AF%D9%85-%D9%88%D8%A7%D9%82%D8%B3%D8%A7%D8%B7-%D9%85%D8%AA%D8%B4%D8%B7%D8%A8%D8%A9-%D8%A8%D8%A7%D9%84%D9%83%D8%A7%D9%85%D9%84-ID503761985.html
شقة بافضل سعر تسليم فوري  بفيو مفتوح علي النادي خالصة اقساط في جاليريا مون فالي galleria moon valley,11500000,3,3,200,https://www.dubizzle.com.eg/ad/%D8%B4%D9%82%D8%A9-%D8%A8%D8%A7%D9%81%D8%B6%D9%84-%D8%B3%D8%B9%D8%B1-%D8%AA%D8%B3%D9%84%D9%8A%D9%85-%D9%81%D9%88%D8%B1%D9%8A-%D8%A8%D9%81%D9%8A%D9%88-%D9%85%D9%81%D8%AA%D9%88%D8%AD-%D8%B9%D9%84%D9%8A-%D8%A7%D9%84%D9%86%D8%A7%D8%AF%D9%8A-%D8%AE%D8%A7%D9%84%D8%B5%D8%A9-%D8%A7%D9%82%D8%B3%D8%A7%D8%B7-%D9%81%D9%8A-%D8%AC%D8%A7%D9%84%D9%8A%D8%B1%D9%8A%D8%A7-%D9%85%D9%88%D9%86-%D9%81%D8%A7%D9%84%D9%8A-galleria-moon-valley-ID503514396.html
بنتهاوس جاهز للاستلام مساحة 195 متر مع روف 100 متر 3 غرف نوم وليفينج بموقع مميز وأفضل سعر بالمنطقة في أزاليا سوديك إيست Azalia Sodic East,10000000,4,3,195,https://www.dubizzle.com.eg/ad/%D8%A8%D9%86%D8%AA%D9%87%D8%A7%D9%88%D8%B3-%D8%AC%D8%A7%D9%87%D8%B2-%D9%84%D9%84%D8%A7%D8%B3%D8%AA%D9%84%D8%A7%D9%85-%D9%85%D8%B3%D8%A7%D8%AD%D8%A9-195-%D9%85%D8%AA%D8%B1-%D9%85%D8%B9-%D8%B1%D9%88%D9%81-100-%D9%85%D8%AA%D8%B1-3-%D8%BA%D8%B1%D9%81-%D9%86%D9%88%D9%85-%D9%88%D9%84%D9%8A%D9%81%D9%8A%D9%86%D8%AC-%D8%A8%D9%85%D9%88%D9%82%D8%B9-%D9%85%D9%85%D9%8A%D8%B2-%D9%88%D8%A3%D9%81%D8%B6%D9%84-%D8%B3%D8%B9%D8%B1-%D8%A8%D8%A7%D9%84%D9%85%D9%86%D8%B7%D9%82%D8%A9-%D9%81%D9%8A-%D8%A3%D8%B2%D8%A7%D9%84%D9%8A%D8%A7-%D8%B3%D9%88%D8%AF%D9%8A%D9%83-%D8%A5%D9%8A%D8%B3%D8%AA-azalia-sodic-east-ID503664637.html
شقة  حديقه خاصة  تطل مباشرة على  المساحات الخضراء جاهزة للاستلام تتمتع خصوصية عالية وفرصة مميزة للسكن أو الاستثمار,8200000,2,3,142,https://www.dubizzle.com.eg/ad/%D8%B4%D9%82%D8%A9-%D8%AD%D8%AF%D9%8A%D9%82%D9%87-%D8%AE%D8%A7%D8%B5%D8%A9-%D8%AA%D8%B7%D9%84-%D9%85%D8%A8%D8%A7%D8%B4%D8%B1%D8%A9-%D8%B9%D9%84%D9%89-%D8%A7%D9%84%D9%85%D8%B3%D8%A7%D8%AD%D8%A7%D8%AA-%D8%A7%D9%84%D8%AE%D8%B6%D8%B1%D8%A7%D8%A1-%D8%AC%D8%A7%D9%87%D8%B2%D8%A9-%D9%84%D9%84%D8%A7%D8%B3%D8%AA%D9%84%D8%A7%D9%85-%D8%AA%D8%AA%D9%85%D8%AA%D8%B9-%D8%AE%D8%B5%D9%88%D8%B5%D9%8A%D8%A9-%D8%B9%D8%A7%D9%84%D9%8A%D8%A9-%D9%88%D9%81%D8%B1%D8%B5%D8%A9-%D9%85%D9%85%D9%8A%D8%B2%D8%A9-%D9%84%D9%84%D8%B3%D9%83%D9%86-%D8%A3%D9%88-%D8%A7%D9%84%D8%A7%D8%B3%D8%AA%D8%AB%D9%85%D8%A7%D8%B1-ID503852610.html
شقة رفتين نوم تشطيب كامل وجاهزة للسكن والاستلام الفوري في الديار ريزيدنس Al Dyar Residence,5000000,2,2,100,https://www.dubizzle.com.eg/ad/%D8%B4%D9%82%D8%A9-%D8%B1%D9%81%D8%AA%D9%8A%D9%86-%D9%86%D9%88%D9%85-%D8%AA%D8%B4%D8%B7%D9%8A%D8%A8-%D9%83%D8%A7%D9%85%D9%84-%D9%88%D8%AC%D8%A7%D9%87%D8%B2%D8%A9-%D9%84%D9%84%D8%B3%D9%83%D9%86-%D9%88%D8%A7%D9%84%D8%A7%D8%B3%D8%AA%D9%84%D8%A7%D9%85-%D8%A7%D9%84%D9%81%D9%88%D8%B1%D9%8A-%D9%81%D9%8A-%D8%A7%D9%84%D8%AF%D9%8A%D8%A7%D8%B1-%D8%B1%D9%8A%D8%B2%D9%8A%D8%AF%D9%86%D8%B3-al-dyar-residence-ID503688623.html
شقه للبيع بالنرجس عمارات,8000000,3,3,240,https://www.dubizzle.com.eg/ad/%D8%B4%D9%82%D9%87-%D9%84%D9%84%D8%A8%D9%8A%D8%B9-%D8%A8%D8%A7%D9%84%D9%86%D8%B1%D8%AC%D8%B3-%D8%B9%D9%85%D8%A7%D8%B1%D8%A7%D8%AA-ID503903063.html
هسلمك شقه بمقدم 10% وتقسيط 8 سنوات على كورنيش المقطم,3994500,2,2,123,https://www.dubizzle.com.eg/ad/%D9%87%D8%B3%D9%84%D9%85%D9%83-%D8%B4%D9%82%D9%87-%D8%A8%D9%85%D9%82%D8%AF%D9%85-10-%D9%88%D8%AA%D9%82%D8%B3%D9%8A%D8%B7-8-%D8%B3%D9%86%D9%88%D8%A7%D8%AA-%D8%B9%D9%84%D9%89-%D9%83%D9%88%D8%B1%D9%86%D9%8A%D8%B4-%D8%A7%D9%84%D9%85%D9%82%D8%B7%D9%85-ID503751141.html
شقه 135 م للبيع بمدينتي B3   اطلاله مميزه علي وايد جاردن ومجري سيل,7100000,3,2,135,https://www.dubizzle.com.eg/ad/%D8%B4%D9%82%D9%87-135-%D9%85-%D9%84%D9%84%D8%A8%D9%8A%D8%B9-%D8%A8%D9%85%D8%AF%D9%8A%D9%86%D8%AA%D9%8A-b3-%D8%A7%D8%B7%D9%84%D8%A7%D9%84%D9%87-%D9%85%D9%85%D9%8A%D8%B2%D9%87-%D8%B9%D9%84%D9%8A-%D9%88%D8%A7%D9%8A%D8%AF-%D8%AC%D8%A7%D8%B1%D8%AF%D9%86-%D9%88%D9%85%D8%AC%D8%B1%D9%8A-%D8%B3%D9%8A%D9%84-ID503739692.html
مدينه بدر الجامعه الروسيه,2450000,3,2,150,https://www.dubizzle.com.eg/ad/%D9%85%D8%AF%D9%8A%D9%86%D9%87-%D8%A8%D8%AF%D8%B1-%D8%A7%D9%84%D8%AC%D8%A7%D9%85%D8%B9%D9%87-%D8%A7%D9%84%D8%B1%D9%88%D8%B3%D9%8A%D9%87-ID503903493.html
أفضل سعر شقة للبيع في Uptown ( Aurora ) القاهرة الجديدة New Cairo مساحة 236 متر 3 غرف نوم 3 حمامات مفروشة بالكامل مع غرفة مربيةVV,25500000,3,3,236,https://www.dubizzle.com.eg/ad/%D8%A3%D9%81%D8%B6%D9%84-%D8%B3%D8%B9%D8%B1-%D8%B4%D9%82%D8%A9-%D9%84%D9%84%D8%A8%D9%8A%D8%B9-%D9%81%D9%8A-uptown-aurora-%D8%A7%D9%84%D9%82%D8%A7%D9%87%D8%B1%D8%A9-%D8%A7%D9%84%D8%AC%D8%AF%D9%8A%D8%AF%D8%A9-new-cairo-%D9%85%D8%B3%D8%A7%D8%AD%D8%A9-236-%D9%85%D8%AA%D8%B1-3-%D8%BA%D8%B1%D9%81-%D9%86%D9%88%D9%85-3-%D8%AD%D9%85%D8%A7%D9%85%D8%A7%D8%AA-%D9%85%D9%81%D8%B1%D9%88%D8%B4%D8%A9-%D8%A8%D8%A7%D9%84%D9%83%D8%A7%D9%85%D9%84-%D9%85%D8%B9-%D8%BA%D8%B1%D9%81%D8%A9-%D9%85%D8%B1%D8%A8%D9%8A%D8%A9vv-ID503863478.html
شقة للبيع في مدينة الرحاب – المرحلة الأولى متشطبة سوبر لوكس بالقرب من محور يوسف السباعى,4800000,2,1,90,https://www.dubizzle.com.eg/ad/%D8%B4%D9%82%D8%A9-%D9%84%D9%84%D8%A8%D9%8A%D8%B9-%D9%81%D9%8A-%D9%85%D8%AF%D9%8A%D9%86%D8%A9-%D8%A7%D9%84%D8%B1%D8%AD%D8%A7%D8%A8-%D8%A7%D9%84%D9%85%D8%B1%D8%AD%D9%84%D8%A9-%D8%A7%D9%84%D8%A3%D9%88%D9%84%D9%89-%D9%85%D8%AA%D8%B4%D8%B7%D8%A8%D8%A9-%D8%B3%D9%88%D8%A8%D8%B1-%D9%84%D9%88%D9%83%D8%B3-%D8%A8%D8%A7%D9%84%D9%82%D8%B1%D8%A8-%D9%85%D9%86-%D9%85%D8%AD%D9%88%D8%B1-%D9%8A%D9%88%D8%B3%D9%81-%D8%A7%D9%84%D8%B3%D8%A8%D8%A7%D8%B9%D9%89-ID503903488.html
شقه دور متكرر استلام فوري متشطب luxury!! دابل فيو pool+land scape تقسيمه رائعه باسهل خطط سداد بدون ضغط وتقسيط 10سـ بجوا لافيستا باتيو كازا + سوان ليك,3900000,2,3,101,https://www.dubizzle.com.eg/ad/%D8%B4%D9%82%D9%87-%D8%AF%D9%88%D8%B1-%D9%85%D8%AA%D9%83%D8%B1%D8%B1-%D8%A7%D8%B3%D8%AA%D9%84%D8%A7%D9%85-%D9%81%D9%88%D8%B1%D9%8A-%D9%85%D8%AA%D8%B4%D8%B7%D8%A8-luxury-%D8%AF%D8%A7%D8%A8%D9%84-%D9%81%D9%8A%D9%88-poolland-scape-%D8%AA%D9%82%D8%B3%D9%8A%D9%85%D9%87-%D8%B1%D8%A7%D8%A6%D8%B9%D9%87-%D8%A8%D8%A7%D8%B3%D9%87%D9%84-%D8%AE%D8%B7%D8%B7-%D8%B3%D8%AF%D8%A7%D8%AF-%D8%A8%D8%AF%D9%88%D9%86-%D8%B6%D8%BA%D8%B7-%D9%88%D8%AA%D9%82%D8%B3%D9%8A%D8%B7-10%D8%B3%D9%80-%D8%A8%D8%AC%D9%88%D8%A7-%D9%84%D8%A7%D9%81%D9%8A%D8%B3%D8%AA%D8%A7-%D8%A8%D8%A7%D8%AA%D9%8A%D9%88-%D9%83%D8%A7%D8%B2%D8%A7-%D8%B3%D9%88%D8%A7%D9%86-%D9%84%D9%8A%D9%83-ID503903487.html
شقة لقطة ١٦٥ م دور ثاني بحري امامي بفيو مميز بمدينة الشروق بجانب طريق السويس والخدمات,2800000,3,2,165,https://www.dubizzle.com.eg/ad/%D8%B4%D9%82%D8%A9-%D9%84%D9%82%D8%B7%D8%A9-%D9%A1%D9%A6%D9%A5-%D9%85-%D8%AF%D9%88%D8%B1-%D8%AB%D8%A7%D9%86%D9%8A-%D8%A8%D8%AD%D8%B1%D9%8A-%D8%A7%D9%85%D8%A7%D9%85%D9%8A-%D8%A8%D9%81%D9%8A%D9%88-%D9%85%D9%85%D9%8A%D8%B2-%D8%A8%D9%85%D8%AF%D9%8A%D9%86%D8%A9-%D8%A7%D9%84%D8%B4%D8%B1%D9%88%D9%82-%D8%A8%D8%AC%D8%A7%D9%86%D8%A8-%D8%B7%D8%B1%D9%8A%D9%82-%D8%A7%D9%84%D8%B3%D9%88%D9%8A%D8%B3-%D9%88%D8%A7%D9%84%D8%AE%D8%AF%D9%85%D8%A7%D8%AA-ID503176707.html
للبيع بمدينتي شقه تحفه,8500000,4,3,200,https://www.dubizzle.com.eg/ad/%D9%84%D9%84%D8%A8%D9%8A%D8%B9-%D8%A8%D9%85%D8%AF%D9%8A%D9%86%D8%AA%D9%8A-%D8%B4%D9%82%D9%87-%D8%AA%D8%AD%D9%81%D9%87-ID503903482.html
شقة للبيع تقسيم اللاسلكي المعادي الجديدة,3600000,3,1,135,https://www.dubizzle.com.eg/ad/%D8%B4%D9%82%D8%A9-%D9%84%D9%84%D8%A8%D9%8A%D8%B9-%D8%AA%D9%82%D8%B3%D9%8A%D9%85-%D8%A7%D9%84%D9%84%D8%A7%D8%B3%D9%84%D9%83%D9%8A-%D8%A7%D9%84%D9%85%D8%B9%D8%A7%D8%AF%D9%8A-%D8%A7%D9%84%D8%AC%D8%AF%D9%8A%D8%AF%D8%A9-ID208355397.html
بسعر مميز جدا جدا في مدينه الرحاب شقه 173 متر فيو جاردن تشطيبات استلام فورى,8200000,3,3,173,https://www.dubizzle.com.eg/ad/%D8%A8%D8%B3%D8%B9%D8%B1-%D9%85%D9%85%D9%8A%D8%B2-%D8%AC%D8%AF%D8%A7-%D8%AC%D8%AF%D8%A7-%D9%81%D9%8A-%D9%85%D8%AF%D9%8A%D9%86%D9%87-%D8%A7%D9%84%D8%B1%D8%AD%D8%A7%D8%A8-%D8%B4%D9%82%D9%87-173-%D9%85%D8%AA%D8%B1-%D9%81%D9%8A%D9%88-%D8%AC%D8%A7%D8%B1%D8%AF%D9%86-%D8%AA%D8%B4%D8%B7%D9%8A%D8%A8%D8%A7%D8%AA-%D8%A7%D8%B3%D8%AA%D9%84%D8%A7%D9%85-%D9%81%D9%88%D8%B1%D9%89-ID503898245.html
للبيع شقه في الرحاب 180متر علي وايد جاردن,9750000,3,2,182,https://www.dubizzle.com.eg/ad/%D9%84%D9%84%D8%A8%D9%8A%D8%B9-%D8%B4%D9%82%D9%87-%D9%81%D9%8A-%D8%A7%D9%84%D8%B1%D8%AD%D8%A7%D8%A8-180%D9%85%D8%AA%D8%B1-%D8%B9%D9%84%D9%8A-%D9%88%D8%A7%D9%8A%D8%AF-%D8%AC%D8%A7%D8%B1%D8%AF%D9%86-ID503898986.html
شقة ١٩٩م خطوات للنادي الاهلي والتسعين الشمالي استلام فوري,4675000,3,3,199,https://www.dubizzle.com.eg/ad/%D8%B4%D9%82%D8%A9-%D9%A1%D9%A9%D9%A9%D9%85-%D8%AE%D8%B7%D9%88%D8%A7%D8%AA-%D9%84%D9%84%D9%86%D8%A7%D8%AF%D9%8A-%D8%A7%D9%84%D8%A7%D9%87%D9%84%D9%8A-%D9%88%D8%A7%D9%84%D8%AA%D8%B3%D8%B9%D9%8A%D9%86-%D8%A7%D9%84%D8%B4%D9%85%D8%A7%D9%84%D9%8A-%D8%A7%D8%B3%D8%AA%D9%84%D8%A7%D9%85-%D9%81%D9%88%D8%B1%D9%8A-ID200537806.html
شقة للبيع النخيل بارك الشروق امام الجامعة البريطانية,2250000,2,1,82,https://www.dubizzle.com.eg/ad/%D8%B4%D9%82%D8%A9-%D9%84%D9%84%D8%A8%D9%8A%D8%B9-%D8%A7%D9%84%D9%86%D8%AE%D9%8A%D9%84-%D8%A8%D8%A7%D8%B1%D9%83-%D8%A7%D9%84%D8%B4%D8%B1%D9%88%D9%82-%D8%A7%D9%85%D8%A7%D9%85-%D8%A7%D9%84%D8%AC%D8%A7%D9%85%D8%B9%D8%A9-%D8%A7%D9%84%D8%A8%D8%B1%D9%8A%D8%B7%D8%A7%D9%86%D9%8A%D8%A9-ID208639622.html
فرصة نادرة في B12 مدينتي | 107م² | Park View | بجوار East Hub | استلام فوري | مقدم 3.48M,7358830,3,2,107,https://www.dubizzle.com.eg/ad/%D9%81%D8%B1%D8%B5%D8%A9-%D9%86%D8%A7%D8%AF%D8%B1%D8%A9-%D9%81%D9%8A-b12-%D9%85%D8%AF%D9%8A%D9%86%D8%AA%D9%8A-107%D9%852-park-view-%D8%A8%D8%AC%D9%88%D8%A7%D8%B1-east-hub-%D8%A7%D8%B3%D8%AA%D9%84%D8%A7%D9%85-%D9%81%D9%88%D8%B1%D9%8A-%D9%85%D9%82%D8%AF%D9%85-348m-ID503903470.html
شقة 175 م² للبيع بهليوبليس الجديدة - الحي الثاني,2500000,3,2,175,https://www.dubizzle.com.eg/ad/%D8%B4%D9%82%D8%A9-175-%D9%852-%D9%84%D9%84%D8%A8%D9%8A%D8%B9-%D8%A8%D9%87%D9%84%D9%8A%D9%88%D8%A8%D9%84%D9%8A%D8%B3-%D8%A7%D9%84%D8%AC%D8%AF%D9%8A%D8%AF%D8%A9-%D8%A7%D9%84%D8%AD%D9%8A-%D8%A7%D9%84%D8%AB%D8%A7%D9%86%D9%8A-ID208648170.html
استلم فورا شقه في واتر واي متشطب بالكامل الفرش والتكيفيات بالتقسيط water way,10000000,4,2,167,https://www.dubizzle.com.eg/ad/%D8%A7%D8%B3%D8%AA%D9%84%D9%85-%D9%81%D9%88%D8%B1%D8%A7-%D8%B4%D9%82%D9%87-%D9%81%D9%8A-%D9%88%D8%A7%D8%AA%D8%B1-%D9%88%D8%A7%D9%8A-%D9%85%D8%AA%D8%B4%D8%B7%D8%A8-%D8%A8%D8%A7%D9%84%D9%83%D8%A7%D9%85%D9%84-%D8%A7%D9%84%D9%81%D8%B1%D8%B4-%D9%88%D8%A7%D9%84%D8%AA%D9%83%D9%8A%D9%81%D9%8A%D8%A7%D8%AA-%D8%A8%D8%A7%D9%84%D8%AA%D9%82%D8%B3%D9%8A%D8%B7-water-way-ID502685003.html
شقه بجاردن للبيع استلام فوري بأقل سعرفي كمبوند تاج سلطان بالتجمع الخامس,10800000,4,3,207,https://www.dubizzle.com.eg/ad/%D8%B4%D9%82%D9%87-%D8%A8%D8%AC%D8%A7%D8%B1%D8%AF%D9%86-%D9%84%D9%84%D8%A8%D9%8A%D8%B9-%D8%A7%D8%B3%D8%AA%D9%84%D8%A7%D9%85-%D9%81%D9%88%D8%B1%D9%8A-%D8%A8%D8%A3%D9%82%D9%84-%D8%B3%D8%B9%D8%B1%D9%81%D9%8A-%D9%83%D9%85%D8%A8%D9%88%D9%86%D8%AF-%D8%AA%D8%A7%D8%AC-%D8%B3%D9%84%D8%B7%D8%A7%D9%86-%D8%A8%D8%A7%D9%84%D8%AA%D8%AC%D9%85%D8%B9-%D8%A7%D9%84%D8%AE%D8%A7%D9%85%D8%B3-ID503902623.html
بنتهاوس للبيع استلام فوري بالمطبخ والتكييفات في كمبوند فيفث سكويرالمراسم,10950000,3,3,170,https://www.dubizzle.com.eg/ad/%D8%A8%D9%86%D8%AA%D9%87%D8%A7%D9%88%D8%B3-%D9%84%D9%84%D8%A8%D9%8A%D8%B9-%D8%A7%D8%B3%D8%AA%D9%84%D8%A7%D9%85-%D9%81%D9%88%D8%B1%D9%8A-%D8%A8%D8%A7%D9%84%D9%85%D8%B7%D8%A8%D8%AE-%D9%88%D8%A7%D9%84%D8%AA%D9%83%D9%8A%D9%8A%D9%81%D8%A7%D8%AA-%D9%81%D9%8A-%D9%83%D9%85%D8%A8%D9%88%D9%86%D8%AF-%D9%81%D9%8A%D9%81%D8%AB-%D8%B3%D9%83%D9%88%D9%8A%D8%B1%D8%A7%D9%84%D9%85%D8%B1%D8%A7%D8%B3%D9%85-ID503902542.html
بخصم 30% دوبلكس تاني نمره من الجامعة والفندق ال 5 نجوم وعلي المحور المركزي في العاصمة الادارية,5553450,3,4,215,https://www.dubizzle.com.eg/ad/%D8%A8%D8%AE%D8%B5%D9%85-30-%D8%AF%D9%88%D8%A8%D9%84%D9%83%D8%B3-%D8%AA%D8%A7%D9%86%D9%8A-%D9%86%D9%85%D8%B1%D9%87-%D9%85%D9%86-%D8%A7%D9%84%D8%AC%D8%A7%D9%85%D8%B9%D8%A9-%D9%88%D8%A7%D9%84%D9%81%D9%86%D8%AF%D9%82-%D8%A7%D9%84-5-%D9%86%D8%AC%D9%88%D9%85-%D9%88%D8%B9%D9%84%D9%8A-%D8%A7%D9%84%D9%85%D8%AD%D9%88%D8%B1-%D8%A7%D9%84%D9%85%D8%B1%D9%83%D8%B2%D9%8A-%D9%81%D9%8A-%D8%A7%D9%84%D8%B9%D8%A7%D8%B5%D9%85%D8%A9-%D8%A7%D9%84%D8%A7%D8%AF%D8%A7%D8%B1%D9%8A%D8%A9-ID503902418.html
بخصم 28%  هتشتري شقتك وتقسط كمان في كومباوند مميز في العاصمة الادارية وقدام اكبر حديقة مركزية في ال R8,4168800,3,3,188,https://www.dubizzle.com.eg/ad/%D8%A8%D8%AE%D8%B5%D9%85-28-%D9%87%D8%AA%D8%B4%D8%AA%D8%B1%D9%8A-%D8%B4%D9%82%D8%AA%D9%83-%D9%88%D8%AA%D9%82%D8%B3%D8%B7-%D9%83%D9%85%D8%A7%D9%86-%D9%81%D9%8A-%D9%83%D9%88%D9%85%D8%A8%D8%A7%D9%88%D9%86%D8%AF-%D9%85%D9%85%D9%8A%D8%B2-%D9%81%D9%8A-%D8%A7%D9%84%D8%B9%D8%A7%D8%B5%D9%85%D8%A9-%D8%A7%D9%84%D8%A7%D8%AF%D8%A7%D8%B1%D9%8A%D8%A9-%D9%88%D9%82%D8%AF%D8%A7%D9%85-%D8%A7%D9%83%D8%A8%D8%B1-%D8%AD%D8%AF%D9%8A%D9%82%D8%A9-%D9%85%D8%B1%D9%83%D8%B2%D9%8A%D8%A9-%D9%81%D9%8A-%D8%A7%D9%84-r8-ID503902420.html
خصم الكاش دوبلكس في اقوي موقع دقايق لي مطار العاصمه وا لداون تاون كوين لاند في قلب العاصمه الاداريه,4611600,3,2,180,https://www.dubizzle.com.eg/ad/%D8%AE%D8%B5%D9%85-%D8%A7%D9%84%D9%83%D8%A7%D8%B4-%D8%AF%D9%88%D8%A8%D9%84%D9%83%D8%B3-%D9%81%D9%8A-%D8%A7%D9%82%D9%88%D9%8A-%D9%85%D9%88%D9%82%D8%B9-%D8%AF%D9%82%D8%A7%D9%8A%D9%82-%D9%84%D9%8A-%D9%85%D8%B7%D8%A7%D8%B1-%D8%A7%D9%84%D8%B9%D8%A7%D8%B5%D9%85%D9%87-%D9%88%D8%A7-%D9%84%D8%AF%D8%A7%D9%88%D9%86-%D8%AA%D8%A7%D9%88%D9%86-%D9%83%D9%88%D9%8A%D9%86-%D9%84%D8%A7%D9%86%D8%AF-%D9%81%D9%8A-%D9%82%D9%84%D8%A8-%D8%A7%D9%84%D8%B9%D8%A7%D8%B5%D9%85%D9%87-%D8%A7%D9%84%D8%A7%D8%AF%D8%A7%D8%B1%D9%8A%D9%87-ID503901878.html
امتلك شقة 178 متر بأحد أهدأ وأرقى كمبوندات العاصمة الإدارية بسعر مش هيتكرر,5233181,3,3,178,https://www.dubizzle.com.eg/ad/%D8%A7%D9%85%D8%AA%D9%84%D9%83-%D8%B4%D9%82%D8%A9-178-%D9%85%D8%AA%D8%B1-%D8%A8%D8%A3%D8%AD%D8%AF-%D8%A3%D9%87%D8%AF%D8%A3-%D9%88%D8%A3%D8%B1%D9%82%D9%89-%D9%83%D9%85%D8%A8%D9%88%D9%86%D8%AF%D8%A7%D8%AA-%D8%A7%D9%84%D8%B9%D8%A7%D8%B5%D9%85%D8%A9-%D8%A7%D9%84%D8%A5%D8%AF%D8%A7%D8%B1%D9%8A%D8%A9-%D8%A8%D8%B3%D8%B9%D8%B1-%D9%85%D8%B4-%D9%87%D9%8A%D8%AA%D9%83%D8%B1%D8%B1-ID503799195.html
استلام سنتين في قلب التجمع الخامس بخصم 40% ف اميز لوكيشن ومتاح تقسيط لحد 8 سنين,9000000,3,2,153,https://www.dubizzle.com.eg/ad/%D8%A7%D8%B3%D8%AA%D9%84%D8%A7%D9%85-%D8%B3%D9%86%D8%AA%D9%8A%D9%86-%D9%81%D9%8A-%D9%82%D9%84%D8%A8-%D8%A7%D9%84%D8%AA%D8%AC%D9%85%D8%B9-%D8%A7%D9%84%D8%AE%D8%A7%D9%85%D8%B3-%D8%A8%D8%AE%D8%B5%D9%85-40-%D9%81-%D8%A7%D9%85%D9%8A%D8%B2-%D9%84%D9%88%D9%83%D9%8A%D8%B4%D9%86-%D9%88%D9%85%D8%AA%D8%A7%D8%AD-%D8%AA%D9%82%D8%B3%D9%8A%D8%B7-%D9%84%D8%AD%D8%AF-8-%D8%B3%D9%86%D9%8A%D9%86-ID503902368.html
بقسط شهري 31  في اميز لوكيشن في ال R8 شقه 3 غرف بحري وفيو لاند سكيب,4221390,3,3,169,https://www.dubizzle.com.eg/ad/%D8%A8%D9%82%D8%B3%D8%B7-%D8%B4%D9%87%D8%B1%D9%8A-31-%D9%81%D9%8A-%D8%A7%D9%85%D9%8A%D8%B2-%D9%84%D9%88%D9%83%D9%8A%D8%B4%D9%86-%D9%81%D9%8A-%D8%A7%D9%84-r8-%D8%B4%D9%82%D9%87-3-%D8%BA%D8%B1%D9%81-%D8%A8%D8%AD%D8%B1%D9%8A-%D9%88%D9%81%D9%8A%D9%88-%D9%84%D8%A7%D9%86%D8%AF-%D8%B3%D9%83%D9%8A%D8%A8-ID503902426.html
شقه علي فيو لاند سكيب ومساحات خضرا 3 غرف 149 متر بخصم 40% في قلب العاصمه الاداريه واميز لوكيشن في ال R8,3601460,3,2,149,https://www.dubizzle.com.eg/ad/%D8%B4%D9%82%D9%87-%D8%B9%D9%84%D9%8A-%D9%81%D9%8A%D9%88-%D9%84%D8%A7%D9%86%D8%AF-%D8%B3%D9%83%D9%8A%D8%A8-%D9%88%D9%85%D8%B3%D8%A7%D8%AD%D8%A7%D8%AA-%D8%AE%D8%B6%D8%B1%D8%A7-3-%D8%BA%D8%B1%D9%81-149-%D9%85%D8%AA%D8%B1-%D8%A8%D8%AE%D8%B5%D9%85-40-%D9%81%D9%8A-%D9%82%D9%84%D8%A8-%D8%A7%D9%84%D8%B9%D8%A7%D8%B5%D9%85%D9%87-%D8%A7%D9%84%D8%A7%D8%AF%D8%A7%D8%B1%D9%8A%D9%87-%D9%88%D8%A7%D9%85%D9%8A%D8%B2-%D9%84%D9%88%D9%83%D9%8A%D8%B4%D9%86-%D9%81%D9%8A-%D8%A7%D9%84-r8-ID503902428.html
شقه 138م في التجمع الخامس بجوار هايد بارك ودقايق من الجامعة الأمريكية في كمبوند راقي متكامل الخدمات وبالتقسيط المريح علي 8 سنين,2100000,1,1,40,https://www.dubizzle.com.eg/ad/%D8%B4%D9%82%D9%87-138%D9%85-%D9%81%D9%8A-%D8%A7%D9%84%D8%AA%D8%AC%D9%85%D8%B9-%D8%A7%D9%84%D8%AE%D8%A7%D9%85%D8%B3-%D8%A8%D8%AC%D9%88%D8%A7%D8%B1-%D9%87%D8%A7%D9%8A%D8%AF-%D8%A8%D8%A7%D8%B1%D9%83-%D9%88%D8%AF%D9%82%D8%A7%D9%8A%D9%82-%D9%85%D9%86-%D8%A7%D9%84%D8%AC%D8%A7%D9%85%D8%B9%D8%A9-%D8%A7%D9%84%D8%A3%D9%85%D8%B1%D9%8A%D9%83%D9%8A%D8%A9-%D9%81%D9%8A-%D9%83%D9%85%D8%A8%D9%88%D9%86%D8%AF-%D8%B1%D8%A7%D9%82%D9%8A-%D9%85%D8%AA%D9%83%D8%A7%D9%85%D9%84-%D8%A7%D9%84%D8%AE%D8%AF%D9%85%D8%A7%D8%AA-%D9%88%D8%A8%D8%A7%D9%84%D8%AA%D9%82%D8%B3%D9%8A%D8%B7-%D8%A7%D9%84%D9%85%D8%B1%D9%8A%D8%AD-%D8%B9%D9%84%D9%8A-8-%D8%B3%D9%86%D9%8A%D9%86-ID503879865.html
شقة استلام فوري للبيع بحري متشطبة بالكامل مع دريسنج ومطبخ في لافيستا باتيو كازا بالشروق Patio Casa El Shorouk,8500000,3,3,165,https://www.dubizzle.com.eg/ad/%D8%B4%D9%82%D8%A9-%D8%A7%D8%B3%D8%AA%D9%84%D8%A7%D9%85-%D9%81%D9%88%D8%B1%D9%8A-%D9%84%D9%84%D8%A8%D9%8A%D8%B9-%D8%A8%D8%AD%D8%B1%D9%8A-%D9%85%D8%AA%D8%B4%D8%B7%D8%A8%D8%A9-%D8%A8%D8%A7%D9%84%D9%83%D8%A7%D9%85%D9%84-%D9%85%D8%B9-%D8%AF%D8%B1%D9%8A%D8%B3%D9%86%D8%AC-%D9%88%D9%85%D8%B7%D8%A8%D8%AE-%D9%81%D9%8A-%D9%84%D8%A7%D9%81%D9%8A%D8%B3%D8%AA%D8%A7-%D8%A8%D8%A7%D8%AA%D9%8A%D9%88-%D9%83%D8%A7%D8%B2%D8%A7-%D8%A8%D8%A7%D9%84%D8%B4%D8%B1%D9%88%D9%82-patio-casa-el-shorouk-ID503524893.html
اقل سعر شقة غرفتين ماستراستلام فوري في موقع رائع إطلالة مفتوحة على مساحات خضراء مساحة مناسبة في بالم هيل كابتال جاردنز capital gardens palm hills,5150000,2,2,144,https://www.dubizzle.com.eg/ad/%D8%A7%D9%82%D9%84-%D8%B3%D8%B9%D8%B1-%D8%B4%D9%82%D8%A9-%D8%BA%D8%B1%D9%81%D8%AA%D9%8A%D9%86-%D9%85%D8%A7%D8%B3%D8%AA%D8%B1%D8%A7%D8%B3%D8%AA%D9%84%D8%A7%D9%85-%D9%81%D9%88%D8%B1%D9%8A-%D9%81%D9%8A-%D9%85%D9%88%D9%82%D8%B9-%D8%B1%D8%A7%D8%A6%D8%B9-%D8%A5%D8%B7%D9%84%D8%A7%D9%84%D8%A9-%D9%85%D9%81%D8%AA%D9%88%D8%AD%D8%A9-%D8%B9%D9%84%D9%89-%D9%85%D8%B3%D8%A7%D8%AD%D8%A7%D8%AA-%D8%AE%D8%B6%D8%B1%D8%A7%D8%A1-%D9%85%D8%B3%D8%A7%D8%AD%D8%A9-%D9%85%D9%86%D8%A7%D8%B3%D8%A8%D8%A9-%D9%81%D9%8A-%D8%A8%D8%A7%D9%84%D9%85-%D9%87%D9%8A%D9%84-%D9%83%D8%A7%D8%A8%D8%AA%D8%A7%D9%84-%D8%AC%D8%A7%D8%B1%D8%AF%D9%86%D8%B2-capital-gardens-palm-hills-ID503463360.html
شقة استلام فوري بإطلالة مساحات خضراء بسعر تنافسي جدًا للبيع | في كمباوند سراي Sarai مرحلة S2,5800000,3,3,175,https://www.dubizzle.com.eg/ad/%D8%B4%D9%82%D8%A9-%D8%A7%D8%B3%D8%AA%D9%84%D8%A7%D9%85-%D9%81%D9%88%D8%B1%D9%8A-%D8%A8%D8%A5%D8%B7%D9%84%D8%A7%D9%84%D8%A9-%D9%85%D8%B3%D8%A7%D8%AD%D8%A7%D8%AA-%D8%AE%D8%B6%D8%B1%D8%A7%D8%A1-%D8%A8%D8%B3%D8%B9%D8%B1-%D8%AA%D9%86%D8%A7%D9%81%D8%B3%D9%8A-%D8%AC%D8%AF%D8%A7-%D9%84%D9%84%D8%A8%D9%8A%D8%B9-%D9%81%D9%8A-%D9%83%D9%85%D8%A8%D8%A7%D9%88%D9%86%D8%AF-%D8%B3%D8%B1%D8%A7%D9%8A-sarai-%D9%85%D8%B1%D8%AD%D9%84%D8%A9-s2-ID503439318.html
شقة كورنر | 3 غرف نوم | جاهزة للاستلام والتشطيب الكامل بإطلالة مفتوحه بحري في سراي Sarai S2,7500000,3,4,182,https://www.dubizzle.com.eg/ad/%D8%B4%D9%82%D8%A9-%D9%83%D9%88%D8%B1%D9%86%D8%B1-3-%D8%BA%D8%B1%D9%81-%D9%86%D9%88%D9%85-%D8%AC%D8%A7%D9%87%D8%B2%D8%A9-%D9%84%D9%84%D8%A7%D8%B3%D8%AA%D9%84%D8%A7%D9%85-%D9%88%D8%A7%D9%84%D8%AA%D8%B4%D8%B7%D9%8A%D8%A8-%D8%A7%D9%84%D9%83%D8%A7%D9%85%D9%84-%D8%A8%D8%A5%D8%B7%D9%84%D8%A7%D9%84%D8%A9-%D9%85%D9%81%D8%AA%D9%88%D8%AD%D9%87-%D8%A8%D8%AD%D8%B1%D9%8A-%D9%81%D9%8A-%D8%B3%D8%B1%D8%A7%D9%8A-sarai-s2-ID503507463.html
شقه في بالم هيلز التجمع الخامس-متشطبه بالكامل - فييو لاجون - بالتقسيط for sale in palm hills new cairo,11000000,3,3,172,https://www.dubizzle.com.eg/ad/%D8%B4%D9%82%D9%87-%D9%81%D9%8A-%D8%A8%D8%A7%D9%84%D9%85-%D9%87%D9%8A%D9%84%D8%B2-%D8%A7%D9%84%D8%AA%D8%AC%D9%85%D8%B9-%D8%A7%D9%84%D8%AE%D8%A7%D9%85%D8%B3-%D9%85%D8%AA%D8%B4%D8%B7%D8%A8%D9%87-%D8%A8%D8%A7%D9%84%D9%83%D8%A7%D9%85%D9%84-%D9%81%D9%8A%D9%8A%D9%88-%D9%84%D8%A7%D8%AC%D9%88%D9%86-%D8%A8%D8%A7%D9%84%D8%AA%D9%82%D8%B3%D9%8A%D8%B7-for-sale-in-palm-hills-new-cairo-ID503888831.html
شقة  للبيع غرفتين بمقدم و اقساط فيو مميز دايركت علي لاند سكيب في هايد بارك التجمع الخامس القاهرة الجديدة بجوار ميفيدا  و ماونتن فيو Hydepark New Cairo,9755000,2,3,139,https://www.dubizzle.com.eg/ad/%D8%B4%D9%82%D8%A9-%D9%84%D9%84%D8%A8%D9%8A%D8%B9-%D8%BA%D8%B1%D9%81%D8%AA%D9%8A%D9%86-%D8%A8%D9%85%D9%82%D8%AF%D9%85-%D9%88-%D8%A7%D9%82%D8%B3%D8%A7%D8%B7-%D9%81%D9%8A%D9%88-%D9%85%D9%85%D9%8A%D8%B2-%D8%AF%D8%A7%D9%8A%D8%B1%D9%83%D8%AA-%D8%B9%D9%84%D9%8A-%D9%84%D8%A7%D9%86%D8%AF-%D8%B3%D9%83%D9%8A%D8%A8-%D9%81%D9%8A-%D9%87%D8%A7%D9%8A%D8%AF-%D8%A8%D8%A7%D8%B1%D9%83-%D8%A7%D9%84%D8%AA%D8%AC%D9%85%D8%B9-%D8%A7%D9%84%D8%AE%D8%A7%D9%85%D8%B3-%D8%A7%D9%84%D9%82%D8%A7%D9%87%D8%B1%D8%A9-%D8%A7%D9%84%D8%AC%D8%AF%D9%8A%D8%AF%D8%A9-%D8%A8%D8%AC%D9%88%D8%A7%D8%B1-%D9%85%D9%8A%D9%81%D9%8A%D8%AF%D8%A7-%D9%88-%D9%85%D8%A7%D9%88%D9%86%D8%AA%D9%86-%D9%81%D9%8A%D9%88-hydepark-new-cairo-ID503416961.html
استلم فوري بالتقسيط  شقة للبيع بحري  191م 3 غرف  اقوي و اميز لوكيشن في هايد بارك التجمع الخامس القاهرة الجديدة Hydepark new cairo,11500000,3,3,190,https://www.dubizzle.com.eg/ad/%D8%A7%D8%B3%D8%AA%D9%84%D9%85-%D9%81%D9%88%D8%B1%D9%8A-%D8%A8%D8%A7%D9%84%D8%AA%D9%82%D8%B3%D9%8A%D8%B7-%D8%B4%D9%82%D8%A9-%D9%84%D9%84%D8%A8%D9%8A%D8%B9-%D8%A8%D8%AD%D8%B1%D9%8A-191%D9%85-3-%D8%BA%D8%B1%D9%81-%D8%A7%D9%82%D9%88%D9%8A-%D9%88-%D8%A7%D9%85%D9%8A%D8%B2-%D9%84%D9%88%D9%83%D9%8A%D8%B4%D9%86-%D9%81%D9%8A-%D9%87%D8%A7%D9%8A%D8%AF-%D8%A8%D8%A7%D8%B1%D9%83-%D8%A7%D9%84%D8%AA%D8%AC%D9%85%D8%B9-%D8%A7%D9%84%D8%AE%D8%A7%D9%85%D8%B3-%D8%A7%D9%84%D9%82%D8%A7%D9%87%D8%B1%D8%A9-%D8%A7%D9%84%D8%AC%D8%AF%D9%8A%D8%AF%D8%A9-hydepark-new-cairo-ID503247673.html
شقة روف للبيع في Banafseg Villas استلام فوري و مفروشة بالكامل في البنفسج فيلات,7000000,3,3,220,https://www.dubizzle.com.eg/ad/%D8%B4%D9%82%D8%A9-%D8%B1%D9%88%D9%81-%D9%84%D9%84%D8%A8%D9%8A%D8%B9-%D9%81%D9%8A-banafseg-villas-%D8%A7%D8%B3%D8%AA%D9%84%D8%A7%D9%85-%D9%81%D9%88%D8%B1%D9%8A-%D9%88-%D9%85%D9%81%D8%B1%D9%88%D8%B4%D8%A9-%D8%A8%D8%A7%D9%84%D9%83%D8%A7%D9%85%D9%84-%D9%81%D9%8A-%D8%A7%D9%84%D8%A8%D9%86%D9%81%D8%B3%D8%AC-%D9%81%D9%8A%D9%84%D8%A7%D8%AA-ID503154086.html
شقة للبيع  استلام فوري  مدينتي  ٣ غرف نوم,6200000,3,2,133,https://www.dubizzle.com.eg/ad/%D8%B4%D9%82%D8%A9-%D9%84%D9%84%D8%A8%D9%8A%D8%B9-%D8%A7%D8%B3%D8%AA%D9%84%D8%A7%D9%85-%D9%81%D9%88%D8%B1%D9%8A-%D9%85%D8%AF%D9%8A%D9%86%D8%AA%D9%8A-%D9%A3-%D8%BA%D8%B1%D9%81-%D9%86%D9%88%D9%85-ID503084092.html
استلام سنة شقة غرفتين و مساحة كبيرة تشطيب كامل بمقدم  في كمبوند سيتي جيت علي فيو مفتوح بأحسن سعرCity Gate و اقساط,11662000,2,3,144,https://www.dubizzle.com.eg/ad/%D8%A7%D8%B3%D8%AA%D9%84%D8%A7%D9%85-%D8%B3%D9%86%D8%A9-%D8%B4%D9%82%D8%A9-%D8%BA%D8%B1%D9%81%D8%AA%D9%8A%D9%86-%D9%88-%D9%85%D8%B3%D8%A7%D8%AD%D8%A9-%D9%83%D8%A8%D9%8A%D8%B1%D8%A9-%D8%AA%D8%B4%D8%B7%D9%8A%D8%A8-%D9%83%D8%A7%D9%85%D9%84-%D8%A8%D9%85%D9%82%D8%AF%D9%85-%D9%81%D9%8A-%D9%83%D9%85%D8%A8%D9%88%D9%86%D8%AF-%D8%B3%D9%8A%D8%AA%D9%8A-%D8%AC%D9%8A%D8%AA-%D8%B9%D9%84%D9%8A-%D9%81%D9%8A%D9%88-%D9%85%D9%81%D8%AA%D9%88%D8%AD-%D8%A8%D8%A3%D8%AD%D8%B3%D9%86-%D8%B3%D8%B9%D8%B1city-gate-%D9%88-%D8%A7%D9%82%D8%B3%D8%A7%D8%B7-ID503406314.html
شقة متشطبة بالكامل في Swan Lake Residence Hassan Allam بمقدم و اقساط و تطل علي اكبر حديقة,9976500,2,2,127,https://www.dubizzle.com.eg/ad/%D8%B4%D9%82%D8%A9-%D9%85%D8%AA%D8%B4%D8%B7%D8%A8%D8%A9-%D8%A8%D8%A7%D9%84%D9%83%D8%A7%D9%85%D9%84-%D9%81%D9%8A-swan-lake-residence-hassan-allam-%D8%A8%D9%85%D9%82%D8%AF%D9%85-%D9%88-%D8%A7%D9%82%D8%B3%D8%A7%D8%B7-%D9%88-%D8%AA%D8%B7%D9%84-%D8%B9%D9%84%D9%8A-%D8%A7%D9%83%D8%A8%D8%B1-%D8%AD%D8%AF%D9%8A%D9%82%D8%A9-ID503274727.html
شقة جاهزة للاستلام مفروشة و متشطبة سوبر لوكس في موقع مميزlake view residence,13000000,2,2,144,https://www.dubizzle.com.eg/ad/%D8%B4%D9%82%D8%A9-%D8%AC%D8%A7%D9%87%D8%B2%D8%A9-%D9%84%D9%84%D8%A7%D8%B3%D8%AA%D9%84%D8%A7%D9%85-%D9%85%D9%81%D8%B1%D9%88%D8%B4%D8%A9-%D9%88-%D9%85%D8%AA%D8%B4%D8%B7%D8%A8%D8%A9-%D8%B3%D9%88%D8%A8%D8%B1-%D9%84%D9%88%D9%83%D8%B3-%D9%81%D9%8A-%D9%85%D9%88%D9%82%D8%B9-%D9%85%D9%85%D9%8A%D8%B2lake-view-residence-ID503135358.html
شقة استلام فوري بالتقسيط موقع متميز في ديستركت 5 مراكز,12400000,3,3,160,https://www.dubizzle.com.eg/ad/%D8%B4%D9%82%D8%A9-%D8%A7%D8%B3%D8%AA%D9%84%D8%A7%D9%85-%D9%81%D9%88%D8%B1%D9%8A-%D8%A8%D8%A7%D9%84%D8%AA%D9%82%D8%B3%D9%8A%D8%B7-%D9%85%D9%88%D9%82%D8%B9-%D9%85%D8%AA%D9%85%D9%8A%D8%B2-%D9%81%D9%8A-%D8%AF%D9%8A%D8%B3%D8%AA%D8%B1%D9%83%D8%AA-5-%D9%85%D8%B1%D8%A7%D9%83%D8%B2-ID502680141.html
فرصة بسعر مميز شقة للبيع 196م دور اول تشطيبات سوبر لوكس في المرحلة الخامسة الجديدة قرب النادي والمسجد وجيت واي والخدمات في مدينة الرحاب Al Rehab 1,9500000,4,3,196,https://www.dubizzle.com.eg/ad/%D9%81%D8%B1%D8%B5%D8%A9-%D8%A8%D8%B3%D8%B9%D8%B1-%D9%85%D9%85%D9%8A%D8%B2-%D8%B4%D9%82%D8%A9-%D9%84%D9%84%D8%A8%D9%8A%D8%B9-196%D9%85-%D8%AF%D9%88%D8%B1-%D8%A7%D9%88%D9%84-%D8%AA%D8%B4%D8%B7%D9%8A%D8%A8%D8%A7%D8%AA-%D8%B3%D9%88%D8%A8%D8%B1-%D9%84%D9%88%D9%83%D8%B3-%D9%81%D9%8A-%D8%A7%D9%84%D9%85%D8%B1%D8%AD%D9%84%D8%A9-%D8%A7%D9%84%D8%AE%D8%A7%D9%85%D8%B3%D8%A9-%D8%A7%D9%84%D8%AC%D8%AF%D9%8A%D8%AF%D8%A9-%D9%82%D8%B1%D8%A8-%D8%A7%D9%84%D9%86%D8%A7%D8%AF%D9%8A-%D9%88%D8%A7%D9%84%D9%85%D8%B3%D8%AC%D8%AF-%D9%88%D8%AC%D9%8A%D8%AA-%D9%88%D8%A7%D9%8A-%D9%88%D8%A7%D9%84%D8%AE%D8%AF%D9%85%D8%A7%D8%AA-%D9%81%D9%8A-%D9%85%D8%AF%D9%8A%D9%86%D8%A9-%D8%A7%D9%84%D8%B1%D8%AD%D8%A7%D8%A8-al-rehab-1-ID503902995.html
شقة تشطيب كامل للبيع في إيستاون سوديك، القاهرة الجديدة  Eastown Sodic New Cairo,12750000,3,3,153,https://www.dubizzle.com.eg/ad/%D8%B4%D9%82%D8%A9-%D8%AA%D8%B4%D8%B7%D9%8A%D8%A8-%D9%83%D8%A7%D9%85%D9%84-%D9%84%D9%84%D8%A8%D9%8A%D8%B9-%D9%81%D9%8A-%D8%A5%D9%8A%D8%B3%D8%AA%D8%A7%D9%88%D9%86-%D8%B3%D9%88%D8%AF%D9%8A%D9%83-%D8%A7%D9%84%D9%82%D8%A7%D9%87%D8%B1%D8%A9-%D8%A7%D9%84%D8%AC%D8%AF%D9%8A%D8%AF%D8%A9-eastown-sodic-new-cairo-ID503902994.html
شقة للبيع في بالم هيلز كورنر تطل علي لاندسكيب بسعر مميز,5600000,2,2,166,https://www.dubizzle.com.eg/ad/%D8%B4%D9%82%D8%A9-%D9%84%D9%84%D8%A8%D9%8A%D8%B9-%D9%81%D9%8A-%D8%A8%D8%A7%D9%84%D9%85-%D9%87%D9%8A%D9%84%D8%B2-%D9%83%D9%88%D8%B1%D9%86%D8%B1-%D8%AA%D8%B7%D9%84-%D8%B9%D9%84%D9%8A-%D9%84%D8%A7%D9%86%D8%AF%D8%B3%D9%83%D9%8A%D8%A8-%D8%A8%D8%B3%D8%B9%D8%B1-%D9%85%D9%85%D9%8A%D8%B2-ID503525637.html
شقة متشطبة بالتكيفات و باقساط  للبيع تطل علي البحيرة في  في ووترواي - ذا فيو  waterway the view,13950000,3,3,186,https://www.dubizzle.com.eg/ad/%D8%B4%D9%82%D8%A9-%D9%85%D8%AA%D8%B4%D8%B7%D8%A8%D8%A9-%D8%A8%D8%A7%D9%84%D8%AA%D9%83%D9%8A%D9%81%D8%A7%D8%AA-%D9%88-%D8%A8%D8%A7%D9%82%D8%B3%D8%A7%D8%B7-%D9%84%D9%84%D8%A8%D9%8A%D8%B9-%D8%AA%D8%B7%D9%84-%D8%B9%D9%84%D9%8A-%D8%A7%D9%84%D8%A8%D8%AD%D9%8A%D8%B1%D8%A9-%D9%81%D9%8A-%D9%81%D9%8A-%D9%88%D9%88%D8%AA%D8%B1%D9%88%D8%A7%D9%8A-%D8%B0%D8%A7-%D9%81%D9%8A%D9%88-waterway-the-view-ID503473009.html
شقة جاهزة للاستلام  موقع مميز  في كمبوند إيستاون  Eastown,15500000,3,3,205,https://www.dubizzle.com.eg/ad/%D8%B4%D9%82%D8%A9-%D8%AC%D8%A7%D9%87%D8%B2%D8%A9-%D9%84%D9%84%D8%A7%D8%B3%D8%AA%D9%84%D8%A7%D9%85-%D9%85%D9%88%D9%82%D8%B9-%D9%85%D9%85%D9%8A%D8%B2-%D9%81%D9%8A-%D9%83%D9%85%D8%A8%D9%88%D9%86%D8%AF-%D8%A5%D9%8A%D8%B3%D8%AA%D8%A7%D9%88%D9%86-eastown-ID502938185.html
شقة أرضي بجاردن - متشطبه بالكامل - في إيستاون,21000000,3,2,190,https://www.dubizzle.com.eg/ad/%D8%B4%D9%82%D8%A9-%D8%A3%D8%B1%D8%B6%D9%8A-%D8%A8%D8%AC%D8%A7%D8%B1%D8%AF%D9%86-%D9%85%D8%AA%D8%B4%D8%B7%D8%A8%D9%87-%D8%A8%D8%A7%D9%84%D9%83%D8%A7%D9%85%D9%84-%D9%81%D9%8A-%D8%A5%D9%8A%D8%B3%D8%AA%D8%A7%D9%88%D9%86-ID502938150.html
بالمطبخ والتكيفات استلام فوري شقة بجاردن 3 نوم افضل تقسيمة واميز لوكيشن فى المراسم للبيع كمبوند فيفث سكوير التجمع الخامس القاهرة الجديدة Fifth Square,11500000,3,2,160,https://www.dubizzle.com.eg/ad/%D8%A8%D8%A7%D9%84%D9%85%D8%B7%D8%A8%D8%AE-%D9%88%D8%A7%D9%84%D8%AA%D9%83%D9%8A%D9%81%D8%A7%D8%AA-%D8%A7%D8%B3%D8%AA%D9%84%D8%A7%D9%85-%D9%81%D9%88%D8%B1%D9%8A-%D8%B4%D9%82%D8%A9-%D8%A8%D8%AC%D8%A7%D8%B1%D8%AF%D9%86-3-%D9%86%D9%88%D9%85-%D8%A7%D9%81%D8%B6%D9%84-%D8%AA%D9%82%D8%B3%D9%8A%D9%85%D8%A9-%D9%88%D8%A7%D9%85%D9%8A%D8%B2-%D9%84%D9%88%D9%83%D9%8A%D8%B4%D9%86-%D9%81%D9%89-%D8%A7%D9%84%D9%85%D8%B1%D8%A7%D8%B3%D9%85-%D9%84%D9%84%D8%A8%D9%8A%D8%B9-%D9%83%D9%85%D8%A8%D9%88%D9%86%D8%AF-%D9%81%D9%8A%D9%81%D8%AB-%D8%B3%D9%83%D9%88%D9%8A%D8%B1-%D8%A7%D9%84%D8%AA%D8%AC%D9%85%D8%B9-%D8%A7%D9%84%D8%AE%D8%A7%D9%85%D8%B3-%D8%A7%D9%84%D9%82%D8%A7%D9%87%D8%B1%D8%A9-%D8%A7%D9%84%D8%AC%D8%AF%D9%8A%D8%AF%D8%A9-fifth-square-ID503722835.html
شقه للبيع دور ارضى + جنينه بكمبوند المصراوية,8000000,3,2,175,https://www.dubizzle.com.eg/ad/%D8%B4%D9%82%D9%87-%D9%84%D9%84%D8%A8%D9%8A%D8%B9-%D8%AF%D9%88%D8%B1-%D8%A7%D8%B1%D8%B6%D9%89-%D8%AC%D9%86%D9%8A%D9%86%D9%87-%D8%A8%D9%83%D9%85%D8%A8%D9%88%D9%86%D8%AF-%D8%A7%D9%84%D9%85%D8%B5%D8%B1%D8%A7%D9%88%D9%8A%D8%A9-ID208073451.html
من المالك مباشرة؛ شقة ٧٠ متر  برؤية جانبية للنيل بمنيل الروضة,3100000,3,1,70,https://www.dubizzle.com.eg/ad/%D9%85%D9%86-%D8%A7%D9%84%D9%85%D8%A7%D9%84%D9%83-%D9%85%D8%A8%D8%A7%D8%B4%D8%B1%D8%A9-%D8%B4%D9%82%D8%A9-%D9%A7%D9%A0-%D9%85%D8%AA%D8%B1-%D8%A8%D8%B1%D8%A4%D9%8A%D8%A9-%D8%AC%D8%A7%D9%86%D8%A8%D9%8A%D8%A9-%D9%84%D9%84%D9%86%D9%8A%D9%84-%D8%A8%D9%85%D9%86%D9%8A%D9%84-%D8%A7%D9%84%D8%B1%D9%88%D8%B6%D8%A9-ID205308691.html
شقة ١٩٤م بحري بالحى التاني بجوار النادي الاهلي استلام فوري وتقسيط على 36 شهر,4560000,3,3,194,https://www.dubizzle.com.eg/ad/%D8%B4%D9%82%D8%A9-%D9%A1%D9%A9%D9%A4%D9%85-%D8%A8%D8%AD%D8%B1%D9%8A-%D8%A8%D8%A7%D9%84%D8%AD%D9%89-%D8%A7%D9%84%D8%AA%D8%A7%D9%86%D9%8A-%D8%A8%D8%AC%D9%88%D8%A7%D8%B1-%D8%A7%D9%84%D9%86%D8%A7%D8%AF%D9%8A-%D8%A7%D9%84%D8%A7%D9%87%D9%84%D9%8A-%D8%A7%D8%B3%D8%AA%D9%84%D8%A7%D9%85-%D9%81%D9%88%D8%B1%D9%8A-%D9%88%D8%AA%D9%82%D8%B3%D9%8A%D8%B7-%D8%B9%D9%84%D9%89-36-%D8%B4%D9%87%D8%B1-ID200686946.html
شقة للبيع بسعر مش هيتكرر في مدينه الرحاب شقه غرفتين علي جاردن,4500000,2,1,90,https://www.dubizzle.com.eg/ad/%D8%B4%D9%82%D8%A9-%D9%84%D9%84%D8%A8%D9%8A%D8%B9-%D8%A8%D8%B3%D8%B9%D8%B1-%D9%85%D8%B4-%D9%87%D9%8A%D8%AA%D9%83%D8%B1%D8%B1-%D9%81%D9%8A-%D9%85%D8%AF%D9%8A%D9%86%D9%87-%D8%A7%D9%84%D8%B1%D8%AD%D8%A7%D8%A8-%D8%B4%D9%82%D9%87-%D8%BA%D8%B1%D9%81%D8%AA%D9%8A%D9%86-%D8%B9%D9%84%D9%8A-%D8%AC%D8%A7%D8%B1%D8%AF%D9%86-ID503895464.html
للبيع شقة مميزة في ارقي مناطق مدينه الشروق المنطقه التالته . . .  الدور الأول، واجهة أمامية وجانبية بإطلالة مفتوحة  175 m,2800000,3,3,175,https://www.dubizzle.com.eg/ad/%D9%84%D9%84%D8%A8%D9%8A%D8%B9-%D8%B4%D9%82%D8%A9-%D9%85%D9%85%D9%8A%D8%B2%D8%A9-%D9%81%D9%8A-%D8%A7%D8%B1%D9%82%D9%8A-%D9%85%D9%86%D8%A7%D8%B7%D9%82-%D9%85%D8%AF%D9%8A%D9%86%D9%87-%D8%A7%D9%84%D8%B4%D8%B1%D9%88%D9%82-%D8%A7%D9%84%D9%85%D9%86%D8%B7%D9%82%D9%87-%D8%A7%D9%84%D8%AA%D8%A7%D9%84%D8%AA%D9%87-%D8%A7%D9%84%D8%AF%D9%88%D8%B1-%D8%A7%D9%84%D8%A3%D9%88%D9%84-%D9%88%D8%A7%D8%AC%D9%87%D8%A9-%D8%A3%D9%85%D8%A7%D9%85%D9%8A%D8%A9-%D9%88%D8%AC%D8%A7%D9%86%D8%A8%D9%8A%D8%A9-%D8%A8%D8%A5%D8%B7%D9%84%D8%A7%D9%84%D8%A9-%D9%85%D9%81%D8%AA%D9%88%D8%AD%D8%A9-175-m-ID503896047.html
فرصه مميزه لامتلاك شقه في احد ارقى مناطق مدينه الشروق ـ المنطقه الرابعه ـ 150م استلام فوري,2550000,3,2,150,https://www.dubizzle.com.eg/ad/%D9%81%D8%B1%D8%B5%D9%87-%D9%85%D9%85%D9%8A%D8%B2%D9%87-%D9%84%D8%A7%D9%85%D8%AA%D9%84%D8%A7%D9%83-%D8%B4%D9%82%D9%87-%D9%81%D9%8A-%D8%A7%D8%AD%D8%AF-%D8%A7%D8%B1%D9%82%D9%89-%D9%85%D9%86%D8%A7%D8%B7%D9%82-%D9%85%D8%AF%D9%8A%D9%86%D9%87-%D8%A7%D9%84%D8%B4%D8%B1%D9%88%D9%82-%D9%80-%D8%A7%D9%84%D9%85%D9%86%D8%B7%D9%82%D9%87-%D8%A7%D9%84%D8%B1%D8%A7%D8%A8%D8%B9%D9%87-%D9%80-150%D9%85-%D8%A7%D8%B3%D8%AA%D9%84%D8%A7%D9%85-%D9%81%D9%88%D8%B1%D9%8A-ID503895232.html
شقه استلام  فوري  في قلب المستقبل سيتي  بكمبوند لاميرادا بفيو مميز,6500000,3,3,173,https://www.dubizzle.com.eg/ad/%D8%B4%D9%82%D9%87-%D8%A7%D8%B3%D8%AA%D9%84%D8%A7%D9%85-%D9%81%D9%88%D8%B1%D9%8A-%D9%81%D9%8A-%D9%82%D9%84%D8%A8-%D8%A7%D9%84%D9%85%D8%B3%D8%AA%D9%82%D8%A8%D9%84-%D8%B3%D9%8A%D8%AA%D9%8A-%D8%A8%D9%83%D9%85%D8%A8%D9%88%D9%86%D8%AF-%D9%84%D8%A7%D9%85%D9%8A%D8%B1%D8%A7%D8%AF%D8%A7-%D8%A8%D9%81%D9%8A%D9%88-%D9%85%D9%85%D9%8A%D8%B2-ID207437011.html
امتلك شقتك في المعادي فيو بمقدم 4.2 مليون واستلام آخر 2026,5171000,3,3,147,https://www.dubizzle.com.eg/ad/%D8%A7%D9%85%D8%AA%D9%84%D9%83-%D8%B4%D9%82%D8%AA%D9%83-%D9%81%D9%8A-%D8%A7%D9%84%D9%85%D8%B9%D8%A7%D8%AF%D9%8A-%D9%81%D9%8A%D9%88-%D8%A8%D9%85%D9%82%D8%AF%D9%85-42-%D9%85%D9%84%D9%8A%D9%88%D9%86-%D9%88%D8%A7%D8%B3%D8%AA%D9%84%D8%A7%D9%85-%D8%A2%D8%AE%D8%B1-2026-ID503903447.html
دوبليكس بأرقي مناطق التجمع,17000000,3,4,408,https://www.dubizzle.com.eg/ad/%D8%AF%D9%88%D8%A8%D9%84%D9%8A%D9%83%D8%B3-%D8%A8%D8%A3%D8%B1%D9%82%D9%8A-%D9%85%D9%86%D8%A7%D8%B7%D9%82-%D8%A7%D9%84%D8%AA%D8%AC%D9%85%D8%B9-ID208633592.html
شقه بحرى بانوراما ناصيه مميزه,3750000,3,2,170,https://www.dubizzle.com.eg/ad/%D8%B4%D9%82%D9%87-%D8%A8%D8%AD%D8%B1%D9%89-%D8%A8%D8%A7%D9%86%D9%88%D8%B1%D8%A7%D9%85%D8%A7-%D9%86%D8%A7%D8%B5%D9%8A%D9%87-%D9%85%D9%85%D9%8A%D8%B2%D9%87-ID207373387.html
شقة للبيع بمدينتي 149م بحديقة 55م بال B12 كاش خالصة الثمن ناصية ممر تطل علي مجري السيل و all seasons park mall,9200000,3,2,149,https://www.dubizzle.com.eg/ad/%D8%B4%D9%82%D8%A9-%D9%84%D9%84%D8%A8%D9%8A%D8%B9-%D8%A8%D9%85%D8%AF%D9%8A%D9%86%D8%AA%D9%8A-149%D9%85-%D8%A8%D8%AD%D8%AF%D9%8A%D9%82%D8%A9-55%D9%85-%D8%A8%D8%A7%D9%84-b12-%D9%83%D8%A7%D8%B4-%D8%AE%D8%A7%D9%84%D8%B5%D8%A9-%D8%A7%D9%84%D8%AB%D9%85%D9%86-%D9%86%D8%A7%D8%B5%D9%8A%D8%A9-%D9%85%D9%85%D8%B1-%D8%AA%D8%B7%D9%84-%D8%B9%D9%84%D9%8A-%D9%85%D8%AC%D8%B1%D9%8A-%D8%A7%D9%84%D8%B3%D9%8A%D9%84-%D9%88-all-seasons-park-mall-ID503570546.html
شقه 195م متكرر خلفي 3غرف 3حمام  من المالك مباشر نص تشطيب 40%مقدم و10%دفعة اسلام خطوات لنادي هليوبولس خطوات Vivens Mall  خطوات لمستشفي شفا,3932000,3,3,195,https://www.dubizzle.com.eg/ad/%D8%B4%D9%82%D9%87-195%D9%85-%D9%85%D8%AA%D9%83%D8%B1%D8%B1-%D8%AE%D9%84%D9%81%D9%8A-3%D8%BA%D8%B1%D9%81-3%D8%AD%D9%85%D8%A7%D9%85-%D9%85%D9%86-%D8%A7%D9%84%D9%85%D8%A7%D9%84%D9%83-%D9%85%D8%A8%D8%A7%D8%B4%D8%B1-%D9%86%D8%B5-%D8%AA%D8%B4%D8%B7%D9%8A%D8%A8-40%D9%85%D9%82%D8%AF%D9%85-%D9%8810%D8%AF%D9%81%D8%B9%D8%A9-%D8%A7%D8%B3%D9%84%D8%A7%D9%85-%D8%AE%D8%B7%D9%88%D8%A7%D8%AA-%D9%84%D9%86%D8%A7%D8%AF%D9%8A-%D9%87%D9%84%D9%8A%D9%88%D8%A8%D9%88%D9%84%D8%B3-%D8%AE%D8%B7%D9%88%D8%A7%D8%AA-vivens-mall-%D8%AE%D8%B7%D9%88%D8%A7%D8%AA-%D9%84%D9%85%D8%B3%D8%AA%D8%B4%D9%81%D9%8A-%D8%B4%D9%81%D8%A7-ID503899061.html
للبيع شقة دوبل فيو بجوار AUCعلي التسعين مباشر بالتقسيط علي 10 سنوات,4320000,3,2,158,https://www.dubizzle.com.eg/ad/%D9%84%D9%84%D8%A8%D9%8A%D8%B9-%D8%B4%D9%82%D8%A9-%D8%AF%D9%88%D8%A8%D9%84-%D9%81%D9%8A%D9%88-%D8%A8%D8%AC%D9%88%D8%A7%D8%B1-auc%D8%B9%D9%84%D9%8A-%D8%A7%D9%84%D8%AA%D8%B3%D8%B9%D9%8A%D9%86-%D9%85%D8%A8%D8%A7%D8%B4%D8%B1-%D8%A8%D8%A7%D9%84%D8%AA%D9%82%D8%B3%D9%8A%D8%B7-%D8%B9%D9%84%D9%8A-10-%D8%B3%D9%86%D9%88%D8%A7%D8%AA-ID503756214.html
اخر شقه للبيع 132م بخصم 50% لسرعه البيع في قلب المستقبل سيتي|mostakbal city,5050000,3,2,132,https://www.dubizzle.com.eg/ad/%D8%A7%D8%AE%D8%B1-%D8%B4%D9%82%D9%87-%D9%84%D9%84%D8%A8%D9%8A%D8%B9-132%D9%85-%D8%A8%D8%AE%D8%B5%D9%85-50-%D9%84%D8%B3%D8%B1%D8%B9%D9%87-%D8%A7%D9%84%D8%A8%D9%8A%D8%B9-%D9%81%D9%8A-%D9%82%D9%84%D8%A8-%D8%A7%D9%84%D9%85%D8%B3%D8%AA%D9%82%D8%A8%D9%84-%D8%B3%D9%8A%D8%AA%D9%8Amostakbal-city-ID503739743.html
دوبلكس مميز في قلب شيراتون قريب من وادي دجله دقايق لمول سيتي ستارز وسيتي سنتر الماظه في سعر تاني لخصم الكاش,18000000,3,3,242,https://www.dubizzle.com.eg/ad/%D8%AF%D9%88%D8%A8%D9%84%D9%83%D8%B3-%D9%85%D9%85%D9%8A%D8%B2-%D9%81%D9%8A-%D9%82%D9%84%D8%A8-%D8%B4%D9%8A%D8%B1%D8%A7%D8%AA%D9%88%D9%86-%D9%82%D8%B1%D9%8A%D8%A8-%D9%85%D9%86-%D9%88%D8%A7%D8%AF%D9%8A-%D8%AF%D8%AC%D9%84%D9%87-%D8%AF%D9%82%D8%A7%D9%8A%D9%82-%D9%84%D9%85%D9%88%D9%84-%D8%B3%D9%8A%D8%AA%D9%8A-%D8%B3%D8%AA%D8%A7%D8%B1%D8%B2-%D9%88%D8%B3%D9%8A%D8%AA%D9%8A-%D8%B3%D9%86%D8%AA%D8%B1-%D8%A7%D9%84%D9%85%D8%A7%D8%B8%D9%87-%D9%81%D9%8A-%D8%B3%D8%B9%D8%B1-%D8%AA%D8%A7%D9%86%D9%8A-%D9%84%D8%AE%D8%B5%D9%85-%D8%A7%D9%84%D9%83%D8%A7%D8%B4-ID503901551.html
بسعر أقل من سعر السوق| شقة 220 م للبيع جاهزه للأستلام- علي فيو لاند سكيب في ستون ريزيدنس – القاهرة الجديدة - 3 غرف,8500000,3,3,220,https://www.dubizzle.com.eg/ad/%D8%A8%D8%B3%D8%B9%D8%B1-%D8%A3%D9%82%D9%84-%D9%85%D9%86-%D8%B3%D8%B9%D8%B1-%D8%A7%D9%84%D8%B3%D9%88%D9%82-%D8%B4%D9%82%D8%A9-220-%D9%85-%D9%84%D9%84%D8%A8%D9%8A%D8%B9-%D8%AC%D8%A7%D9%87%D8%B2%D9%87-%D9%84%D9%84%D8%A3%D8%B3%D8%AA%D9%84%D8%A7%D9%85-%D8%B9%D9%84%D9%8A-%D9%81%D9%8A%D9%88-%D9%84%D8%A7%D9%86%D8%AF-%D8%B3%D9%83%D9%8A%D8%A8-%D9%81%D9%8A-%D8%B3%D8%AA%D9%88%D9%86-%D8%B1%D9%8A%D8%B2%D9%8A%D8%AF%D9%86%D8%B3-%D8%A7%D9%84%D9%82%D8%A7%D9%87%D8%B1%D8%A9-%D8%A7%D9%84%D8%AC%D8%AF%D9%8A%D8%AF%D8%A9-3-%D8%BA%D8%B1%D9%81-ID503756452.html
استوديو للبيع 65متر B8 مدينتى بسعر مميز جدا,2800000,1,1,65,https://www.dubizzle.com.eg/ad/%D8%A7%D8%B3%D8%AA%D9%88%D8%AF%D9%8A%D9%88-%D9%84%D9%84%D8%A8%D9%8A%D8%B9-65%D9%85%D8%AA%D8%B1-b8-%D9%85%D8%AF%D9%8A%D9%86%D8%AA%D9%89-%D8%A8%D8%B3%D8%B9%D8%B1-%D9%85%D9%85%D9%8A%D8%B2-%D8%AC%D8%AF%D8%A7-ID503812114.html
استلم فوري تشطيب كامل امام البرج الايقوني R3 المقصد العاصمه الاداريه دقايق من مدينتى Al Maqsad in New Capital,3300000,3,2,134,https://www.dubizzle.com.eg/ad/%D8%A7%D8%B3%D8%AA%D9%84%D9%85-%D9%81%D9%88%D8%B1%D9%8A-%D8%AA%D8%B4%D8%B7%D9%8A%D8%A8-%D9%83%D8%A7%D9%85%D9%84-%D8%A7%D9%85%D8%A7%D9%85-%D8%A7%D9%84%D8%A8%D8%B1%D8%AC-%D8%A7%D9%84%D8%A7%D9%8A%D9%82%D9%88%D9%86%D9%8A-r3-%D8%A7%D9%84%D9%85%D9%82%D8%B5%D8%AF-%D8%A7%D9%84%D8%B9%D8%A7%D8%B5%D9%85%D9%87-%D8%A7%D9%84%D8%A7%D8%AF%D8%A7%D8%B1%D9%8A%D9%87-%D8%AF%D9%82%D8%A7%D9%8A%D9%82-%D9%85%D9%86-%D9%85%D8%AF%D9%8A%D9%86%D8%AA%D9%89-al-maqsad-in-new-capital-ID503902199.html
امتلك شقة استلام فوري داخل كمبوند متكامل وساكن بالفعل في العاصمة الإدارية بسعر كاش مميز وفرصة لا تعوض,8092000,4,4,266,https://www.dubizzle.com.eg/ad/%D8%A7%D9%85%D8%AA%D9%84%D9%83-%D8%B4%D9%82%D8%A9-%D8%A7%D8%B3%D8%AA%D9%84%D8%A7%D9%85-%D9%81%D9%88%D8%B1%D9%8A-%D8%AF%D8%A7%D8%AE%D9%84-%D9%83%D9%85%D8%A8%D9%88%D9%86%D8%AF-%D9%85%D8%AA%D9%83%D8%A7%D9%85%D9%84-%D9%88%D8%B3%D8%A7%D9%83%D9%86-%D8%A8%D8%A7%D9%84%D9%81%D8%B9%D9%84-%D9%81%D9%8A-%D8%A7%D9%84%D8%B9%D8%A7%D8%B5%D9%85%D8%A9-%D8%A7%D9%84%D8%A5%D8%AF%D8%A7%D8%B1%D9%8A%D8%A9-%D8%A8%D8%B3%D8%B9%D8%B1-%D9%83%D8%A7%D8%B4-%D9%85%D9%85%D9%8A%D8%B2-%D9%88%D9%81%D8%B1%D8%B5%D8%A9-%D9%84%D8%A7-%D8%AA%D8%B9%D9%88%D8%B6-ID503901873.html
شقتك في التجمع الخامس بمقدم 10% فقط,6545280,4,3,162,https://www.dubizzle.com.eg/ad/%D8%B4%D9%82%D8%AA%D9%83-%D9%81%D9%8A-%D8%A7%D9%84%D8%AA%D8%AC%D9%85%D8%B9-%D8%A7%D9%84%D8%AE%D8%A7%D9%85%D8%B3-%D8%A8%D9%85%D9%82%D8%AF%D9%85-10-%D9%81%D9%82%D8%B7-ID503901884.html
امتلك شقتك بإطلالة مباشرة على البرج الأيقوني في قلب المستقبل - 143م,3100000,2,2,143,https://www.dubizzle.com.eg/ad/%D8%A7%D9%85%D8%AA%D9%84%D9%83-%D8%B4%D9%82%D8%AA%D9%83-%D8%A8%D8%A5%D8%B7%D9%84%D8%A7%D9%84%D8%A9-%D9%85%D8%A8%D8%A7%D8%B4%D8%B1%D8%A9-%D8%B9%D9%84%D9%89-%D8%A7%D9%84%D8%A8%D8%B1%D8%AC-%D8%A7%D9%84%D8%A3%D9%8A%D9%82%D9%88%D9%86%D9%8A-%D9%81%D9%8A-%D9%82%D9%84%D8%A8-%D8%A7%D9%84%D9%85%D8%B3%D8%AA%D9%82%D8%A8%D9%84-143%D9%85-ID503866446.html
بخصم 35%  استلم فوري  بتشطيب الترا سوبر لوكس شقه للبيع في التجمع الخامس كمبوند مايان  Mayan new cairo امام الرحاب بجوار كريك تاون والمطار دقائق من AUC,5000000,2,2,110,https://www.dubizzle.com.eg/ad/%D8%A8%D8%AE%D8%B5%D9%85-35-%D8%A7%D8%B3%D8%AA%D9%84%D9%85-%D9%81%D9%88%D8%B1%D9%8A-%D8%A8%D8%AA%D8%B4%D8%B7%D9%8A%D8%A8-%D8%A7%D9%84%D8%AA%D8%B1%D8%A7-%D8%B3%D9%88%D8%A8%D8%B1-%D9%84%D9%88%D9%83%D8%B3-%D8%B4%D9%82%D9%87-%D9%84%D9%84%D8%A8%D9%8A%D8%B9-%D9%81%D9%8A-%D8%A7%D9%84%D8%AA%D8%AC%D9%85%D8%B9-%D8%A7%D9%84%D8%AE%D8%A7%D9%85%D8%B3-%D9%83%D9%85%D8%A8%D9%88%D9%86%D8%AF-%D9%85%D8%A7%D9%8A%D8%A7%D9%86-mayan-new-cairo-%D8%A7%D9%85%D8%A7%D9%85-%D8%A7%D9%84%D8%B1%D8%AD%D8%A7%D8%A8-%D8%A8%D8%AC%D9%88%D8%A7%D8%B1-%D9%83%D8%B1%D9%8A%D9%83-%D8%AA%D8%A7%D9%88%D9%86-%D9%88%D8%A7%D9%84%D9%85%D8%B7%D8%A7%D8%B1-%D8%AF%D9%82%D8%A7%D8%A6%D9%82-%D9%85%D9%86-auc-ID503902051.html
استلم فورا بخصم 43%  شقه بمواصفات فيلا( 190 متر)خصوصيه 100%  للبيع في ديستريكت 5 - District 5 التجمع الخامس دقائق من ميفيدا وهايد بارك وماونتن فيو,14500000,3,3,190,https://www.dubizzle.com.eg/ad/%D8%A7%D8%B3%D8%AA%D9%84%D9%85-%D9%81%D9%88%D8%B1%D8%A7-%D8%A8%D8%AE%D8%B5%D9%85-43-%D8%B4%D9%82%D9%87-%D8%A8%D9%85%D9%88%D8%A7%D8%B5%D9%81%D8%A7%D8%AA-%D9%81%D9%8A%D9%84%D8%A7-190-%D9%85%D8%AA%D8%B1%D8%AE%D8%B5%D9%88%D8%B5%D9%8A%D9%87-100-%D9%84%D9%84%D8%A8%D9%8A%D8%B9-%D9%81%D9%8A-%D8%AF%D9%8A%D8%B3%D8%AA%D8%B1%D9%8A%D9%83%D8%AA-5-district-5-%D8%A7%D9%84%D8%AA%D8%AC%D9%85%D8%B9-%D8%A7%D9%84%D8%AE%D8%A7%D9%85%D8%B3-%D8%AF%D9%82%D8%A7%D8%A6%D9%82-%D9%85%D9%86-%D9%85%D9%8A%D9%81%D9%8A%D8%AF%D8%A7-%D9%88%D9%87%D8%A7%D9%8A%D8%AF-%D8%A8%D8%A7%D8%B1%D9%83-%D9%88%D9%85%D8%A7%D9%88%D9%86%D8%AA%D9%86-%D9%81%D9%8A%D9%88-ID503902022.html
بنتهاوس كورنر مفروش بالكامل للبيع فى ماونتن فيو هايد بارك القاهرة الجديدة Mountain View Hyde Park New Cairo تشطيب ألترا سوبر لوكس جاهزة للاستلام فورى,12500000,3,3,166,https://www.dubizzle.com.eg/ad/%D8%A8%D9%86%D8%AA%D9%87%D8%A7%D9%88%D8%B3-%D9%83%D9%88%D8%B1%D9%86%D8%B1-%D9%85%D9%81%D8%B1%D9%88%D8%B4-%D8%A8%D8%A7%D9%84%D9%83%D8%A7%D9%85%D9%84-%D9%84%D9%84%D8%A8%D9%8A%D8%B9-%D9%81%D9%89-%D9%85%D8%A7%D9%88%D9%86%D8%AA%D9%86-%D9%81%D9%8A%D9%88-%D9%87%D8%A7%D9%8A%D8%AF-%D8%A8%D8%A7%D8%B1%D9%83-%D8%A7%D9%84%D9%82%D8%A7%D9%87%D8%B1%D8%A9-%D8%A7%D9%84%D8%AC%D8%AF%D9%8A%D8%AF%D8%A9-mountain-view-hyde-park-new-cairo-%D8%AA%D8%B4%D8%B7%D9%8A%D8%A8-%D8%A3%D9%84%D8%AA%D8%B1%D8%A7-%D8%B3%D9%88%D8%A8%D8%B1-%D9%84%D9%88%D9%83%D8%B3-%D8%AC%D8%A7%D9%87%D8%B2%D8%A9-%D9%84%D9%84%D8%A7%D8%B3%D8%AA%D9%84%D8%A7%D9%85-%D9%81%D9%88%D8%B1%D9%89-ID503675755.html
شقة جاهزة للاستلام تشطيب كامل للبيع في ماونتن فيو، هايد بارك، القاهرة الجديدة Mountain View Hyde Park New Cairo,7700000,2,2,133,https://www.dubizzle.com.eg/ad/%D8%B4%D9%82%D8%A9-%D8%AC%D8%A7%D9%87%D8%B2%D8%A9-%D9%84%D9%84%D8%A7%D8%B3%D8%AA%D9%84%D8%A7%D9%85-%D8%AA%D8%B4%D8%B7%D9%8A%D8%A8-%D9%83%D8%A7%D9%85%D9%84-%D9%84%D9%84%D8%A8%D9%8A%D8%B9-%D9%81%D9%8A-%D9%85%D8%A7%D9%88%D9%86%D8%AA%D9%86-%D9%81%D9%8A%D9%88-%D9%87%D8%A7%D9%8A%D8%AF-%D8%A8%D8%A7%D8%B1%D9%83-%D8%A7%D9%84%D9%82%D8%A7%D9%87%D8%B1%D8%A9-%D8%A7%D9%84%D8%AC%D8%AF%D9%8A%D8%AF%D8%A9-mountain-view-hyde-park-new-cairo-ID503902406.html
شقه للبيع فندقيه متشطبه Ultra modern في marriott residence heliopolis في مصر الجديده بجوار سيتي ستنر الماظه,9164000,2,1,103,https://www.dubizzle.com.eg/ad/%D8%B4%D9%82%D9%87-%D9%84%D9%84%D8%A8%D9%8A%D8%B9-%D9%81%D9%86%D8%AF%D9%82%D9%8A%D9%87-%D9%85%D8%AA%D8%B4%D8%B7%D8%A8%D9%87-ultra-modern-%D9%81%D9%8A-marriott-residence-heliopolis-%D9%81%D9%8A-%D9%85%D8%B5%D8%B1-%D8%A7%D9%84%D8%AC%D8%AF%D9%8A%D8%AF%D9%87-%D8%A8%D8%AC%D9%88%D8%A7%D8%B1-%D8%B3%D9%8A%D8%AA%D9%8A-%D8%B3%D8%AA%D9%86%D8%B1-%D8%A7%D9%84%D9%85%D8%A7%D8%B8%D9%87-ID503902760.html
شقه للبيع في مدينه نصر تشطيب حديث الترا لوكس 150م المنطقه التامنه خلف مصر للطيران وقرب الحديقه الدوليه,3800000,3,2,150,https://www.dubizzle.com.eg/ad/%D8%B4%D9%82%D9%87-%D9%84%D9%84%D8%A8%D9%8A%D8%B9-%D9%81%D9%8A-%D9%85%D8%AF%D9%8A%D9%86%D9%87-%D9%86%D8%B5%D8%B1-%D8%AA%D8%B4%D8%B7%D9%8A%D8%A8-%D8%AD%D8%AF%D9%8A%D8%AB-%D8%A7%D9%84%D8%AA%D8%B1%D8%A7-%D9%84%D9%88%D9%83%D8%B3-150%D9%85-%D8%A7%D9%84%D9%85%D9%86%D8%B7%D9%82%D9%87-%D8%A7%D9%84%D8%AA%D8%A7%D9%85%D9%86%D9%87-%D8%AE%D9%84%D9%81-%D9%85%D8%B5%D8%B1-%D9%84%D9%84%D8%B7%D9%8A%D8%B1%D8%A7%D9%86-%D9%88%D9%82%D8%B1%D8%A8-%D8%A7%D9%84%D8%AD%D8%AF%D9%8A%D9%82%D9%87-%D8%A7%D9%84%D8%AF%D9%88%D9%84%D9%8A%D9%87-ID503755169.html
شقة راقية و مميزة  للبيع  مدينة نصر,10000000,3,2,240,https://www.dubizzle.com.eg/ad/%D8%B4%D9%82%D8%A9-%D8%B1%D8%A7%D9%82%D9%8A%D8%A9-%D9%88-%D9%85%D9%85%D9%8A%D8%B2%D8%A9-%D9%84%D9%84%D8%A8%D9%8A%D8%B9-%D9%85%D8%AF%D9%8A%D9%86%D8%A9-%D9%86%D8%B5%D8%B1-ID208653408.html
شقه 125م للبيع في أفضل مراحل مدينتي b8 G88 حجز قديم استلام خلال سنه بأفضل سعر وأطول فترة سداد على ١٢ سنه,5227000,3,3,125,https://www.dubizzle.com.eg/ad/%D8%B4%D9%82%D9%87-125%D9%85-%D9%84%D9%84%D8%A8%D9%8A%D8%B9-%D9%81%D9%8A-%D8%A3%D9%81%D8%B6%D9%84-%D9%85%D8%B1%D8%A7%D8%AD%D9%84-%D9%85%D8%AF%D9%8A%D9%86%D8%AA%D9%8A-b8-g88-%D8%AD%D8%AC%D8%B2-%D9%82%D8%AF%D9%8A%D9%85-%D8%A7%D8%B3%D8%AA%D9%84%D8%A7%D9%85-%D8%AE%D9%84%D8%A7%D9%84-%D8%B3%D9%86%D9%87-%D8%A8%D8%A3%D9%81%D8%B6%D9%84-%D8%B3%D8%B9%D8%B1-%D9%88%D8%A3%D8%B7%D9%88%D9%84-%D9%81%D8%AA%D8%B1%D8%A9-%D8%B3%D8%AF%D8%A7%D8%AF-%D8%B9%D9%84%D9%89-%D9%A1%D9%A2-%D8%B3%D9%86%D9%87-ID503901175.html
شقه ١٨٩م ارضي بجاردن ٨٠م تشطيب خاص للبيع في أفضل مراحل مدينتي b10 موقع مميز بجوار الخدمات والنادي وThe Spine,12900000,4,3,189,https://www.dubizzle.com.eg/ad/%D8%B4%D9%82%D9%87-%D9%A1%D9%A8%D9%A9%D9%85-%D8%A7%D8%B1%D8%B6%D9%8A-%D8%A8%D8%AC%D8%A7%D8%B1%D8%AF%D9%86-%D9%A8%D9%A0%D9%85-%D8%AA%D8%B4%D8%B7%D9%8A%D8%A8-%D8%AE%D8%A7%D8%B5-%D9%84%D9%84%D8%A8%D9%8A%D8%B9-%D9%81%D9%8A-%D8%A3%D9%81%D8%B6%D9%84-%D9%85%D8%B1%D8%A7%D8%AD%D9%84-%D9%85%D8%AF%D9%8A%D9%86%D8%AA%D9%8A-b10-%D9%85%D9%88%D9%82%D8%B9-%D9%85%D9%85%D9%8A%D8%B2-%D8%A8%D8%AC%D9%88%D8%A7%D8%B1-%D8%A7%D9%84%D8%AE%D8%AF%D9%85%D8%A7%D8%AA-%D9%88%D8%A7%D9%84%D9%86%D8%A7%D8%AF%D9%8A-%D9%88the-spine-ID503738945.html
بموقع خيالي شقة متشطبة بالكامل جاهزة للسكن للبيع في كايرو فيستفال سيتي التحمع - القاهرة الجديدة,17500000,2,2,155,https://www.dubizzle.com.eg/ad/%D8%A8%D9%85%D9%88%D9%82%D8%B9-%D8%AE%D9%8A%D8%A7%D9%84%D9%8A-%D8%B4%D9%82%D8%A9-%D9%85%D8%AA%D8%B4%D8%B7%D8%A8%D8%A9-%D8%A8%D8%A7%D9%84%D9%83%D8%A7%D9%85%D9%84-%D8%AC%D8%A7%D9%87%D8%B2%D8%A9-%D9%84%D9%84%D8%B3%D9%83%D9%86-%D9%84%D9%84%D8%A8%D9%8A%D8%B9-%D9%81%D9%8A-%D9%83%D8%A7%D9%8A%D8%B1%D9%88-%D9%81%D9%8A%D8%B3%D8%AA%D9%81%D8%A7%D9%84-%D8%B3%D9%8A%D8%AA%D9%8A-%D8%A7%D9%84%D8%AA%D8%AD%D9%85%D8%B9-%D8%A7%D9%84%D9%82%D8%A7%D9%87%D8%B1%D8%A9-%D8%A7%D9%84%D8%AC%D8%AF%D9%8A%D8%AF%D8%A9-ID503188825.html
اقل سعر دوبلكس ارضي بالجاردن  4 غرف نوم  موقع متميز جدا في كمبوند  هاب تاون (حسن علام) مستقبل سيتي,13000000,4,4,348,https://www.dubizzle.com.eg/ad/%D8%A7%D9%82%D9%84-%D8%B3%D8%B9%D8%B1-%D8%AF%D9%88%D8%A8%D9%84%D9%83%D8%B3-%D8%A7%D8%B1%D8%B6%D9%8A-%D8%A8%D8%A7%D9%84%D8%AC%D8%A7%D8%B1%D8%AF%D9%86-4-%D8%BA%D8%B1%D9%81-%D9%86%D9%88%D9%85-%D9%85%D9%88%D9%82%D8%B9-%D9%85%D8%AA%D9%85%D9%8A%D8%B2-%D8%AC%D8%AF%D8%A7-%D9%81%D9%8A-%D9%83%D9%85%D8%A8%D9%88%D9%86%D8%AF-%D9%87%D8%A7%D8%A8-%D8%AA%D8%A7%D9%88%D9%86-%D8%AD%D8%B3%D9%86-%D8%B9%D9%84%D8%A7%D9%85-%D9%85%D8%B3%D8%AA%D9%82%D8%A8%D9%84-%D8%B3%D9%8A%D8%AA%D9%8A-ID501778517.html
للبيع شقة رائعة بالتجمع الخامس بالتجمع الخامس على شارع التسعين الجنوبى,3530000,3,3,175,https://www.dubizzle.com.eg/ad/%D9%84%D9%84%D8%A8%D9%8A%D8%B9-%D8%B4%D9%82%D8%A9-%D8%B1%D8%A7%D8%A6%D8%B9%D8%A9-%D8%A8%D8%A7%D9%84%D8%AA%D8%AC%D9%85%D8%B9-%D8%A7%D9%84%D8%AE%D8%A7%D9%85%D8%B3-%D8%A8%D8%A7%D9%84%D8%AA%D8%AC%D9%85%D8%B9-%D8%A7%D9%84%D8%AE%D8%A7%D9%85%D8%B3-%D8%B9%D9%84%D9%89-%D8%B4%D8%A7%D8%B1%D8%B9-%D8%A7%D9%84%D8%AA%D8%B3%D8%B9%D9%8A%D9%86-%D8%A7%D9%84%D8%AC%D9%86%D9%88%D8%A8%D9%89-ID201725604.html
فرصة بنتهاوس 4غرف + رووف 92م ريسيل بأقل سعر بالماركت - كورنر فيو لايك بحري في ستون ريذيدنس التجمع الخامس,9500000,4,4,220,https://www.dubizzle.com.eg/ad/%D9%81%D8%B1%D8%B5%D8%A9-%D8%A8%D9%86%D8%AA%D9%87%D8%A7%D9%88%D8%B3-4%D8%BA%D8%B1%D9%81-%D8%B1%D9%88%D9%88%D9%81-92%D9%85-%D8%B1%D9%8A%D8%B3%D9%8A%D9%84-%D8%A8%D8%A3%D9%82%D9%84-%D8%B3%D8%B9%D8%B1-%D8%A8%D8%A7%D9%84%D9%85%D8%A7%D8%B1%D9%83%D8%AA-%D9%83%D9%88%D8%B1%D9%86%D8%B1-%D9%81%D9%8A%D9%88-%D9%84%D8%A7%D9%8A%D9%83-%D8%A8%D8%AD%D8%B1%D9%8A-%D9%81%D9%8A-%D8%B3%D8%AA%D9%88%D9%86-%D8%B1%D9%8A%D8%B0%D9%8A%D8%AF%D9%86%D8%B3-%D8%A7%D9%84%D8%AA%D8%AC%D9%85%D8%B9-%D8%A7%D9%84%D8%AE%D8%A7%D9%85%D8%B3-ID503518201.html
شقة استلام فوري مساحة كبيرة  260م بالتجمع الخامس على التسعين الشمالي مباشرة بأقل سعر للكاش بالتجمع,7500000,4,3,260,https://www.dubizzle.com.eg/ad/%D8%B4%D9%82%D8%A9-%D8%A7%D8%B3%D8%AA%D9%84%D8%A7%D9%85-%D9%81%D9%88%D8%B1%D9%8A-%D9%85%D8%B3%D8%A7%D8%AD%D8%A9-%D9%83%D8%A8%D9%8A%D8%B1%D8%A9-260%D9%85-%D8%A8%D8%A7%D9%84%D8%AA%D8%AC%D9%85%D8%B9-%D8%A7%D9%84%D8%AE%D8%A7%D9%85%D8%B3-%D8%B9%D9%84%D9%89-%D8%A7%D9%84%D8%AA%D8%B3%D8%B9%D9%8A%D9%86-%D8%A7%D9%84%D8%B4%D9%85%D8%A7%D9%84%D9%8A-%D9%85%D8%A8%D8%A7%D8%B4%D8%B1%D8%A9-%D8%A8%D8%A3%D9%82%D9%84-%D8%B3%D8%B9%D8%B1-%D9%84%D9%84%D9%83%D8%A7%D8%B4-%D8%A8%D8%A7%D9%84%D8%AA%D8%AC%D9%85%D8%B9-ID503502207.html
شقة ١٦٠م النرجس الجديدة استلام فوري بالقرب من محور جمال عبد الناصر  ومسجد فاطمه الشربتلي,5100000,3,2,160,https://www.dubizzle.com.eg/ad/%D8%B4%D9%82%D8%A9-%D9%A1%D9%A6%D9%A0%D9%85-%D8%A7%D9%84%D9%86%D8%B1%D8%AC%D8%B3-%D8%A7%D9%84%D8%AC%D8%AF%D9%8A%D8%AF%D8%A9-%D8%A7%D8%B3%D8%AA%D9%84%D8%A7%D9%85-%D9%81%D9%88%D8%B1%D9%8A-%D8%A8%D8%A7%D9%84%D9%82%D8%B1%D8%A8-%D9%85%D9%86-%D9%85%D8%AD%D9%88%D8%B1-%D8%AC%D9%85%D8%A7%D9%84-%D8%B9%D8%A8%D8%AF-%D8%A7%D9%84%D9%86%D8%A7%D8%B5%D8%B1-%D9%88%D9%85%D8%B3%D8%AC%D8%AF-%D9%81%D8%A7%D8%B7%D9%85%D9%87-%D8%A7%D9%84%D8%B4%D8%B1%D8%A8%D8%AA%D9%84%D9%8A-ID503514876.html
شقة 4غرف مميزه فى بيت الوطن ع التسعين الشمالى دايركت استلام 6 شهور في بيت الوطن التجمع الخامس,6700000,4,2,260,https://www.dubizzle.com.eg/ad/%D8%B4%D9%82%D8%A9-4%D8%BA%D8%B1%D9%81-%D9%85%D9%85%D9%8A%D8%B2%D9%87-%D9%81%D9%89-%D8%A8%D9%8A%D8%AA-%D8%A7%D9%84%D9%88%D8%B7%D9%86-%D8%B9-%D8%A7%D9%84%D8%AA%D8%B3%D8%B9%D9%8A%D9%86-%D8%A7%D9%84%D8%B4%D9%85%D8%A7%D9%84%D9%89-%D8%AF%D8%A7%D9%8A%D8%B1%D9%83%D8%AA-%D8%A7%D8%B3%D8%AA%D9%84%D8%A7%D9%85-6-%D8%B4%D9%87%D9%88%D8%B1-%D9%81%D9%8A-%D8%A8%D9%8A%D8%AA-%D8%A7%D9%84%D9%88%D8%B7%D9%86-%D8%A7%D9%84%D8%AA%D8%AC%D9%85%D8%B9-%D8%A7%D9%84%D8%AE%D8%A7%D9%85%D8%B3-ID503527570.html
شقة للبيع في البنفسج عمارات – التجمع الخامس | فرصة مميزة بموقع استراتيجي  إذا كنت تبحث عن شقة بمساحة كبيرة في واحدة من أفضل مناطق التجمع الخامس، فهذه,5850000,4,2,211,https://www.dubizzle.com.eg/ad/%D8%B4%D9%82%D8%A9-%D9%84%D9%84%D8%A8%D9%8A%D8%B9-%D9%81%D9%8A-%D8%A7%D9%84%D8%A8%D9%86%D9%81%D8%B3%D8%AC-%D8%B9%D9%85%D8%A7%D8%B1%D8%A7%D8%AA-%D8%A7%D9%84%D8%AA%D8%AC%D9%85%D8%B9-%D8%A7%D9%84%D8%AE%D8%A7%D9%85%D8%B3-%D9%81%D8%B1%D8%B5%D8%A9-%D9%85%D9%85%D9%8A%D8%B2%D8%A9-%D8%A8%D9%85%D9%88%D9%82%D8%B9-%D8%A7%D8%B3%D8%AA%D8%B1%D8%A7%D8%AA%D9%8A%D8%AC%D9%8A-%D8%A5%D8%B0%D8%A7-%D9%83%D9%86%D8%AA-%D8%AA%D8%A8%D8%AD%D8%AB-%D8%B9%D9%86-%D8%B4%D9%82%D8%A9-%D8%A8%D9%85%D8%B3%D8%A7%D8%AD%D8%A9-%D9%83%D8%A8%D9%8A%D8%B1%D8%A9-%D9%81%D9%8A-%D9%88%D8%A7%D8%AD%D8%AF%D8%A9-%D9%85%D9%86-%D8%A3%D9%81%D8%B6%D9%84-%D9%85%D9%86%D8%A7%D8%B7%D9%82-%D8%A7%D9%84%D8%AA%D8%AC%D9%85%D8%B9-%D8%A7%D9%84%D8%AE%D8%A7%D9%85%D8%B3-%D9%81%D9%87%D8%B0%D9%87-ID503885838.html
شقه للبيع استلام فوري في كمبوند بالم هيلز التجمع الخامس بأقل سعر,6300000,2,3,150,https://www.dubizzle.com.eg/ad/%D8%B4%D9%82%D9%87-%D9%84%D9%84%D8%A8%D9%8A%D8%B9-%D8%A7%D8%B3%D8%AA%D9%84%D8%A7%D9%85-%D9%81%D9%88%D8%B1%D9%8A-%D9%81%D9%8A-%D9%83%D9%85%D8%A8%D9%88%D9%86%D8%AF-%D8%A8%D8%A7%D9%84%D9%85-%D9%87%D9%8A%D9%84%D8%B2-%D8%A7%D9%84%D8%AA%D8%AC%D9%85%D8%B9-%D8%A7%D9%84%D8%AE%D8%A7%D9%85%D8%B3-%D8%A8%D8%A3%D9%82%D9%84-%D8%B3%D8%B9%D8%B1-ID503902520.html
استلام فوري من المالك مباشرة  شقة 3 غرف  في بالم هيلز جولدن سكوير (فيو مفتوح),8050000,3,3,164,https://www.dubizzle.com.eg/ad/%D8%A7%D8%B3%D8%AA%D9%84%D8%A7%D9%85-%D9%81%D9%88%D8%B1%D9%8A-%D9%85%D9%86-%D8%A7%D9%84%D9%85%D8%A7%D9%84%D9%83-%D9%85%D8%A8%D8%A7%D8%B4%D8%B1%D8%A9-%D8%B4%D9%82%D8%A9-3-%D8%BA%D8%B1%D9%81-%D9%81%D9%8A-%D8%A8%D8%A7%D9%84%D9%85-%D9%87%D9%8A%D9%84%D8%B2-%D8%AC%D9%88%D9%84%D8%AF%D9%86-%D8%B3%D9%83%D9%88%D9%8A%D8%B1-%D9%81%D9%8A%D9%88-%D9%85%D9%81%D8%AA%D9%88%D8%AD-ID503568191.html
5% مقدم فقط دوبلكس جاهزه  في بلوم فيلدز بحري بفيو مفتوح علي اللاند سكيب امام مدينتي في المستقبل سيتي,13000000,4,3,250,https://www.dubizzle.com.eg/ad/5-%D9%85%D9%82%D8%AF%D9%85-%D9%81%D9%82%D8%B7-%D8%AF%D9%88%D8%A8%D9%84%D9%83%D8%B3-%D8%AC%D8%A7%D9%87%D8%B2%D9%87-%D9%81%D9%8A-%D8%A8%D9%84%D9%88%D9%85-%D9%81%D9%8A%D9%84%D8%AF%D8%B2-%D8%A8%D8%AD%D8%B1%D9%8A-%D8%A8%D9%81%D9%8A%D9%88-%D9%85%D9%81%D8%AA%D9%88%D8%AD-%D8%B9%D9%84%D9%8A-%D8%A7%D9%84%D9%84%D8%A7%D9%86%D8%AF-%D8%B3%D9%83%D9%8A%D8%A8-%D8%A7%D9%85%D8%A7%D9%85-%D9%85%D8%AF%D9%8A%D9%86%D8%AA%D9%8A-%D9%81%D9%8A-%D8%A7%D9%84%D9%85%D8%B3%D8%AA%D9%82%D8%A8%D9%84-%D8%B3%D9%8A%D8%AA%D9%8A-ID503902559.html
ارخص شقة بي جاردن على فيو مميز في بالم هيز نيو كايرو على فيو مفتوح,9500000,3,3,165,https://www.dubizzle.com.eg/ad/%D8%A7%D8%B1%D8%AE%D8%B5-%D8%B4%D9%82%D8%A9-%D8%A8%D9%8A-%D8%AC%D8%A7%D8%B1%D8%AF%D9%86-%D8%B9%D9%84%D9%89-%D9%81%D9%8A%D9%88-%D9%85%D9%85%D9%8A%D8%B2-%D9%81%D9%8A-%D8%A8%D8%A7%D9%84%D9%85-%D9%87%D9%8A%D8%B2-%D9%86%D9%8A%D9%88-%D9%83%D8%A7%D9%8A%D8%B1%D9%88-%D8%B9%D9%84%D9%89-%D9%81%D9%8A%D9%88-%D9%85%D9%81%D8%AA%D9%88%D8%AD-ID503849555.html
شقة للبيع 3 غرف استلام فوري متشطبة في التجمع الخامس بجوار الجامعة الامريكية,6700000,3,3,165,https://www.dubizzle.com.eg/ad/%D8%B4%D9%82%D8%A9-%D9%84%D9%84%D8%A8%D9%8A%D8%B9-3-%D8%BA%D8%B1%D9%81-%D8%A7%D8%B3%D8%AA%D9%84%D8%A7%D9%85-%D9%81%D9%88%D8%B1%D9%8A-%D9%85%D8%AA%D8%B4%D8%B7%D8%A8%D8%A9-%D9%81%D9%8A-%D8%A7%D9%84%D8%AA%D8%AC%D9%85%D8%B9-%D8%A7%D9%84%D8%AE%D8%A7%D9%85%D8%B3-%D8%A8%D8%AC%D9%88%D8%A7%D8%B1-%D8%A7%D9%84%D8%AC%D8%A7%D9%85%D8%B9%D8%A9-%D8%A7%D9%84%D8%A7%D9%85%D8%B1%D9%8A%D9%83%D9%8A%D8%A9-ID503433701.html
Duplex Fully Finished El shouyfat new cairo,25000000,6,7,840,https://www.dubizzle.com.eg/ad/duplex-fully-finished-el-shouyfat-new-cairo-ID208651990.html
للبيع شقة 128م فيو مميز علي اكبر water feature في الكمبوند تاج سيتي|taj city,5950000,3,2,128,https://www.dubizzle.com.eg/ad/%D9%84%D9%84%D8%A8%D9%8A%D8%B9-%D8%B4%D9%82%D8%A9-128%D9%85-%D9%81%D9%8A%D9%88-%D9%85%D9%85%D9%8A%D8%B2-%D8%B9%D9%84%D9%8A-%D8%A7%D9%83%D8%A8%D8%B1-water-feature-%D9%81%D9%8A-%D8%A7%D9%84%D9%83%D9%85%D8%A8%D9%88%D9%86%D8%AF-%D8%AA%D8%A7%D8%AC-%D8%B3%D9%8A%D8%AA%D9%8Ataj-city-ID503576428.html
شقه مميزه للبيع-استلام فوري-أرقى مواقع مدينة نصر 220م مسجله شهر عقارى,6000000,3,2,220,https://www.dubizzle.com.eg/ad/%D8%B4%D9%82%D9%87-%D9%85%D9%85%D9%8A%D8%B2%D9%87-%D9%84%D9%84%D8%A8%D9%8A%D8%B9-%D8%A7%D8%B3%D8%AA%D9%84%D8%A7%D9%85-%D9%81%D9%88%D8%B1%D9%8A-%D8%A3%D8%B1%D9%82%D9%89-%D9%85%D9%88%D8%A7%D9%82%D8%B9-%D9%85%D8%AF%D9%8A%D9%86%D8%A9-%D9%86%D8%B5%D8%B1-220%D9%85-%D9%85%D8%B3%D8%AC%D9%84%D9%87-%D8%B4%D9%87%D8%B1-%D8%B9%D9%82%D8%A7%D8%B1%D9%89-ID208587993.html
تقسيم عمر ابن الخطاب شارع 18 من جسر السويس,1750000,2,1,120,https://www.dubizzle.com.eg/ad/%D8%AA%D9%82%D8%B3%D9%8A%D9%85-%D8%B9%D9%85%D8%B1-%D8%A7%D8%A8%D9%86-%D8%A7%D9%84%D8%AE%D8%B7%D8%A7%D8%A8-%D8%B4%D8%A7%D8%B1%D8%B9-18-%D9%85%D9%86-%D8%AC%D8%B3%D8%B1-%D8%A7%D9%84%D8%B3%D9%88%D9%8A%D8%B3-ID208305026.html
Duplex in Alnarges 1 دوبليكس فى النرجس ١ فيلل,15000000,8,2,520,https://www.dubizzle.com.eg/ad/duplex-in-alnarges-1-%D8%AF%D9%88%D8%A8%D9%84%D9%8A%D9%83%D8%B3-%D9%81%D9%89-%D8%A7%D9%84%D9%86%D8%B1%D8%AC%D8%B3-%D9%A1-%D9%81%D9%8A%D9%84%D9%84-ID208656783.html
شقة للبيع جسر السويس شرق عين شمس موقع استراتيجي بالقرب من محطة المترو,1600000,3,1,100,https://www.dubizzle.com.eg/ad/%D8%B4%D9%82%D8%A9-%D9%84%D9%84%D8%A8%D9%8A%D8%B9-%D8%AC%D8%B3%D8%B1-%D8%A7%D9%84%D8%B3%D9%88%D9%8A%D8%B3-%D8%B4%D8%B1%D9%82-%D8%B9%D9%8A%D9%86-%D8%B4%D9%85%D8%B3-%D9%85%D9%88%D9%82%D8%B9-%D8%A7%D8%B3%D8%AA%D8%B1%D8%A7%D8%AA%D9%8A%D8%AC%D9%8A-%D8%A8%D8%A7%D9%84%D9%82%D8%B1%D8%A8-%D9%85%D9%86-%D9%85%D8%AD%D8%B7%D8%A9-%D8%A7%D9%84%D9%85%D8%AA%D8%B1%D9%88-ID208647561.html
شقه لقطه للبيع في b8 تسليم ٦ شهور 95 متر,5000000,2,2,95,https://www.dubizzle.com.eg/ad/%D8%B4%D9%82%D9%87-%D9%84%D9%82%D8%B7%D9%87-%D9%84%D9%84%D8%A8%D9%8A%D8%B9-%D9%81%D9%8A-b8-%D8%AA%D8%B3%D9%84%D9%8A%D9%85-%D9%A6-%D8%B4%D9%87%D9%88%D8%B1-95-%D9%85%D8%AA%D8%B1-ID503903409.html
دوبلكس للبيع مدينه الشروق,6000000,3,3,280,https://www.dubizzle.com.eg/ad/%D8%AF%D9%88%D8%A8%D9%84%D9%83%D8%B3-%D9%84%D9%84%D8%A8%D9%8A%D8%B9-%D9%85%D8%AF%D9%8A%D9%86%D9%87-%D8%A7%D9%84%D8%B4%D8%B1%D9%88%D9%82-ID208638861.html
شقة للبيع في زهراء المعادي مساحة 180متر في الشطر السادس بجانب الجامع الكويتي الفيو علي جاردن وفيو مفتوح يوجد جراج والشقه مسجله شهر عقاري تحميل قديم ٢ أسانسير مدخل شيك جدا دور ١١ مش اخير فوقها دور كامل السعر قابل للتفاوض 01117481421,4500000,3,2,180,https://www.dubizzle.com.eg/ad/%D8%B4%D9%82%D8%A9-%D9%84%D9%84%D8%A8%D9%8A%D8%B9-%D9%81%D9%8A-%D8%B2%D9%87%D8%B1%D8%A7%D8%A1-%D8%A7%D9%84%D9%85%D8%B9%D8%A7%D8%AF%D9%8A-%D9%85%D8%B3%D8%A7%D8%AD%D8%A9-180%D9%85%D8%AA%D8%B1-%D9%81%D9%8A-%D8%A7%D9%84%D8%B4%D8%B7%D8%B1-%D8%A7%D9%84%D8%B3%D8%A7%D8%AF%D8%B3-%D8%A8%D8%AC%D8%A7%D9%86%D8%A8-%D8%A7%D9%84%D8%AC%D8%A7%D9%85%D8%B9-%D8%A7%D9%84%D9%83%D9%88%D9%8A%D8%AA%D9%8A-%D8%A7%D9%84%D9%81%D9%8A%D9%88-%D8%B9%D9%84%D9%8A-%D8%AC%D8%A7%D8%B1%D8%AF%D9%86-%D9%88%D9%81%D9%8A%D9%88-%D9%85%D9%81%D8%AA%D9%88%D8%AD-%D9%8A%D9%88%D8%AC%D8%AF-%D8%AC%D8%B1%D8%A7%D8%AC-%D9%88%D8%A7%D9%84%D8%B4%D9%82%D9%87-%D9%85%D8%B3%D8%AC%D9%84%D9%87-%D8%B4%D9%87%D8%B1-%D8%B9%D9%82%D8%A7%D8%B1%D9%8A-%D8%AA%D8%AD%D9%85%D9%8A%D9%84-%D9%82%D8%AF%D9%8A%D9%85-%D9%A2-%D8%A3%D8%B3%D8%A7%D9%86%D8%B3%D9%8A%D8%B1-%D9%85%D8%AF%D8%AE%D9%84-%D8%B4%D9%8A%D9%83-%D8%AC%D8%AF%D8%A7-%D8%AF%D9%88%D8%B1-%D9%A1%D9%A1-%D9%85%D8%B4-%D8%A7%D8%AE%D9%8A%D8%B1-%D9%81%D9%88%D9%82%D9%87%D8%A7-%D8%AF%D9%88%D8%B1-%D9%83%D8%A7%D9%85%D9%84-%D8%A7%D9%84%D8%B3%D8%B9%D8%B1-%D9%82%D8%A7%D8%A8%D9%84-%D9%84%D9%84%D8%AA%D9%81%D8%A7%D9%88%D8%B6-01117481421-ID503502259.html
شقة 160م + 70م جاردن للبيع بالتقسيط على 7 سنوات فى الشروق 2 فى كمبوند المعادى فيو Maadi view,5785000,3,3,160,https://www.dubizzle.com.eg/ad/%D8%B4%D9%82%D8%A9-160%D9%85-70%D9%85-%D8%AC%D8%A7%D8%B1%D8%AF%D9%86-%D9%84%D9%84%D8%A8%D9%8A%D8%B9-%D8%A8%D8%A7%D9%84%D8%AA%D9%82%D8%B3%D9%8A%D8%B7-%D8%B9%D9%84%D9%89-7-%D8%B3%D9%86%D9%88%D8%A7%D8%AA-%D9%81%D9%89-%D8%A7%D9%84%D8%B4%D8%B1%D9%88%D9%82-2-%D9%81%D9%89-%D9%83%D9%85%D8%A8%D9%88%D9%86%D8%AF-%D8%A7%D9%84%D9%85%D8%B9%D8%A7%D8%AF%D9%89-%D9%81%D9%8A%D9%88-maadi-view-ID503574633.html
شقة للبيع مفروشة في كمبوند تيجان 2 في زهراء المعادي مساحة 154 م,4700000,3,1,154,https://www.dubizzle.com.eg/ad/%D8%B4%D9%82%D8%A9-%D9%84%D9%84%D8%A8%D9%8A%D8%B9-%D9%85%D9%81%D8%B1%D9%88%D8%B4%D8%A9-%D9%81%D9%8A-%D9%83%D9%85%D8%A8%D9%88%D9%86%D8%AF-%D8%AA%D9%8A%D8%AC%D8%A7%D9%86-2-%D9%81%D9%8A-%D8%B2%D9%87%D8%B1%D8%A7%D8%A1-%D8%A7%D9%84%D9%85%D8%B9%D8%A7%D8%AF%D9%8A-%D9%85%D8%B3%D8%A7%D8%AD%D8%A9-154-%D9%85-ID503522621.html
شقة 168م + بجاردن 61م  متشطبة (استلام فورى) للبيع على شارع ال90 بجوار الجامعة الامريكية فى كموبند 90 افينيو,12750000,3,3,168,https://www.dubizzle.com.eg/ad/%D8%B4%D9%82%D8%A9-168%D9%85-%D8%A8%D8%AC%D8%A7%D8%B1%D8%AF%D9%86-61%D9%85-%D9%85%D8%AA%D8%B4%D8%B7%D8%A8%D8%A9-%D8%A7%D8%B3%D8%AA%D9%84%D8%A7%D9%85-%D9%81%D9%88%D8%B1%D9%89-%D9%84%D9%84%D8%A8%D9%8A%D8%B9-%D8%B9%D9%84%D9%89-%D8%B4%D8%A7%D8%B1%D8%B9-%D8%A7%D9%8490-%D8%A8%D8%AC%D9%88%D8%A7%D8%B1-%D8%A7%D9%84%D8%AC%D8%A7%D9%85%D8%B9%D8%A9-%D8%A7%D9%84%D8%A7%D9%85%D8%B1%D9%8A%D9%83%D9%8A%D8%A9-%D9%81%D9%89-%D9%83%D9%85%D9%88%D8%A8%D9%86%D8%AF-90-%D8%A7%D9%81%D9%8A%D9%86%D9%8A%D9%88-ID501722598.html
دوبلكس 240م + 110م جاردن للبيع فى كمبوند ريجنتس بارك Regents Park فى التجمع الخامس على شارع ال90,14900000,4,3,240,https://www.dubizzle.com.eg/ad/%D8%AF%D9%88%D8%A8%D9%84%D9%83%D8%B3-240%D9%85-110%D9%85-%D8%AC%D8%A7%D8%B1%D8%AF%D9%86-%D9%84%D9%84%D8%A8%D9%8A%D8%B9-%D9%81%D9%89-%D9%83%D9%85%D8%A8%D9%88%D9%86%D8%AF-%D8%B1%D9%8A%D8%AC%D9%86%D8%AA%D8%B3-%D8%A8%D8%A7%D8%B1%D9%83-regents-park-%D9%81%D9%89-%D8%A7%D9%84%D8%AA%D8%AC%D9%85%D8%B9-%D8%A7%D9%84%D8%AE%D8%A7%D9%85%D8%B3-%D8%B9%D9%84%D9%89-%D8%B4%D8%A7%D8%B1%D8%B9-%D8%A7%D9%8490-ID503743609.html
شقة 170م للبيع فى كمبوند جايد امام الرحاب والسوق الشرقى,9400000,3,3,170,https://www.dubizzle.com.eg/ad/%D8%B4%D9%82%D8%A9-170%D9%85-%D9%84%D9%84%D8%A8%D9%8A%D8%B9-%D9%81%D9%89-%D9%83%D9%85%D8%A8%D9%88%D9%86%D8%AF-%D8%AC%D8%A7%D9%8A%D8%AF-%D8%A7%D9%85%D8%A7%D9%85-%D8%A7%D9%84%D8%B1%D8%AD%D8%A7%D8%A8-%D9%88%D8%A7%D9%84%D8%B3%D9%88%D9%82-%D8%A7%D9%84%D8%B4%D8%B1%D9%82%D9%89-ID194736401.html
"شقة حديثة للبيع في المعادي سرايات 180 متر مربع 3 غرف نوم 3 حمامات  أرضية خشبية مسجلة  الطابق الثالث مفروشة بالكامل  15,000,000",15000000,3,3,180,https://www.dubizzle.com.eg/ad/%D8%B4%D9%82%D8%A9-%D8%AD%D8%AF%D9%8A%D8%AB%D8%A9-%D9%84%D9%84%D8%A8%D9%8A%D8%B9-%D9%81%D9%8A-%D8%A7%D9%84%D9%85%D8%B9%D8%A7%D8%AF%D9%8A-%D8%B3%D8%B1%D8%A7%D9%8A%D8%A7%D8%AA-180-%D9%85%D8%AA%D8%B1-%D9%85%D8%B1%D8%A8%D8%B9-3-%D8%BA%D8%B1%D9%81-%D9%86%D9%88%D9%85-3-%D8%AD%D9%85%D8%A7%D9%85%D8%A7%D8%AA-%D8%A3%D8%B1%D8%B6%D9%8A%D8%A9-%D8%AE%D8%B4%D8%A8%D9%8A%D8%A9-%D9%85%D8%B3%D8%AC%D9%84%D8%A9-%D8%A7%D9%84%D8%B7%D8%A7%D8%A8%D9%82-%D8%A7%D9%84%D8%AB%D8%A7%D9%84%D8%AB-%D9%85%D9%81%D8%B1%D9%88%D8%B4%D8%A9-%D8%A8%D8%A7%D9%84%D9%83%D8%A7%D9%85%D9%84-15000000-ID503903395.html
استلام فورى شقة للبيع  فى ماونتن فيو آي سيتي Moutian view ICity مع فيو كلوب هاوس و موقع متميز,6250000,3,3,170,https://www.dubizzle.com.eg/ad/%D8%A7%D8%B3%D8%AA%D9%84%D8%A7%D9%85-%D9%81%D9%88%D8%B1%D9%89-%D8%B4%D9%82%D8%A9-%D9%84%D9%84%D8%A8%D9%8A%D8%B9-%D9%81%D9%89-%D9%85%D8%A7%D9%88%D9%86%D8%AA%D9%86-%D9%81%D9%8A%D9%88-%D8%A2%D9%8A-%D8%B3%D9%8A%D8%AA%D9%8A-moutian-view-icity-%D9%85%D8%B9-%D9%81%D9%8A%D9%88-%D9%83%D9%84%D9%88%D8%A8-%D9%87%D8%A7%D9%88%D8%B3-%D9%88-%D9%85%D9%88%D9%82%D8%B9-%D9%85%D8%AA%D9%85%D9%8A%D8%B2-ID503237848.html
شقة للبيع140 متر بسعر مميز جدا فى موقع مميز جدا خامس نمرة من التسعين الشمالى,4007000,3,2,141,https://www.dubizzle.com.eg/ad/%D8%B4%D9%82%D8%A9-%D9%84%D9%84%D8%A8%D9%8A%D8%B9140-%D9%85%D8%AA%D8%B1-%D8%A8%D8%B3%D8%B9%D8%B1-%D9%85%D9%85%D9%8A%D8%B2-%D8%AC%D8%AF%D8%A7-%D9%81%D9%89-%D9%85%D9%88%D9%82%D8%B9-%D9%85%D9%85%D9%8A%D8%B2-%D8%AC%D8%AF%D8%A7-%D8%AE%D8%A7%D9%85%D8%B3-%D9%86%D9%85%D8%B1%D8%A9-%D9%85%D9%86-%D8%A7%D9%84%D8%AA%D8%B3%D8%B9%D9%8A%D9%86-%D8%A7%D9%84%D8%B4%D9%85%D8%A7%D9%84%D9%89-ID503900121.html
خصم 35% شقه + حديقه جاهزه للاستلام تشطيب High-End كمبوند مايان - Mayan  اميز Destination في الشروق وعلي طريق السويس امام مدينتي بجوار حسن علام و وصالخ,4400000,2,2,95,https://www.dubizzle.com.eg/ad/%D8%AE%D8%B5%D9%85-35-%D8%B4%D9%82%D9%87-%D8%AD%D8%AF%D9%8A%D9%82%D9%87-%D8%AC%D8%A7%D9%87%D8%B2%D9%87-%D9%84%D9%84%D8%A7%D8%B3%D8%AA%D9%84%D8%A7%D9%85-%D8%AA%D8%B4%D8%B7%D9%8A%D8%A8-high-end-%D9%83%D9%85%D8%A8%D9%88%D9%86%D8%AF-%D9%85%D8%A7%D9%8A%D8%A7%D9%86-mayan-%D8%A7%D9%85%D9%8A%D8%B2-destination-%D9%81%D9%8A-%D8%A7%D9%84%D8%B4%D8%B1%D9%88%D9%82-%D9%88%D8%B9%D9%84%D9%8A-%D8%B7%D8%B1%D9%8A%D9%82-%D8%A7%D9%84%D8%B3%D9%88%D9%8A%D8%B3-%D8%A7%D9%85%D8%A7%D9%85-%D9%85%D8%AF%D9%8A%D9%86%D8%AA%D9%8A-%D8%A8%D8%AC%D9%88%D8%A7%D8%B1-%D8%AD%D8%B3%D9%86-%D8%B9%D9%84%D8%A7%D9%85-%D9%88-%D9%88%D8%B5%D8%A7%D9%84%D8%AE-ID503901704.html
شقة نصف تشطيب 3 غرف نوم 170م ماونتن فيو اى سيتي Mountain view i city,7000000,3,3,170,https://www.dubizzle.com.eg/ad/%D8%B4%D9%82%D8%A9-%D9%86%D8%B5%D9%81-%D8%AA%D8%B4%D8%B7%D9%8A%D8%A8-3-%D8%BA%D8%B1%D9%81-%D9%86%D9%88%D9%85-170%D9%85-%D9%85%D8%A7%D9%88%D9%86%D8%AA%D9%86-%D9%81%D9%8A%D9%88-%D8%A7%D9%89-%D8%B3%D9%8A%D8%AA%D9%8A-mountain-view-i-city-ID503900578.html
سكاي لوفت 185م + 135م روف 3 غرف نوم موقع متميز ماونتن فيو اى سيتي Mountain view i city,7500000,3,3,185,https://www.dubizzle.com.eg/ad/%D8%B3%D9%83%D8%A7%D9%8A-%D9%84%D9%88%D9%81%D8%AA-185%D9%85-135%D9%85-%D8%B1%D9%88%D9%81-3-%D8%BA%D8%B1%D9%81-%D9%86%D9%88%D9%85-%D9%85%D9%88%D9%82%D8%B9-%D9%85%D8%AA%D9%85%D9%8A%D8%B2-%D9%85%D8%A7%D9%88%D9%86%D8%AA%D9%86-%D9%81%D9%8A%D9%88-%D8%A7%D9%89-%D8%B3%D9%8A%D8%AA%D9%8A-mountain-view-i-city-ID503899736.html
شقة 274م متشطبة موقع متميز ماونتن فيو هايد بارك Mountain view hyde park,14300000,3,3,274,https://www.dubizzle.com.eg/ad/%D8%B4%D9%82%D8%A9-274%D9%85-%D9%85%D8%AA%D8%B4%D8%B7%D8%A8%D8%A9-%D9%85%D9%88%D9%82%D8%B9-%D9%85%D8%AA%D9%85%D9%8A%D8%B2-%D9%85%D8%A7%D9%88%D9%86%D8%AA%D9%86-%D9%81%D9%8A%D9%88-%D9%87%D8%A7%D9%8A%D8%AF-%D8%A8%D8%A7%D8%B1%D9%83-mountain-view-hyde-park-ID503901251.html
أستلم فورا شقة ١١٣ متر -  2غرفة - لوكيشن متميز - وبأقل اوفر الان في هايد بارك التجمع الخامس - hyde park new cairo,9113732,2,3,113,https://www.dubizzle.com.eg/ad/%D8%A3%D8%B3%D8%AA%D9%84%D9%85-%D9%81%D9%88%D8%B1%D8%A7-%D8%B4%D9%82%D8%A9-%D9%A1%D9%A1%D9%A3-%D9%85%D8%AA%D8%B1-2%D8%BA%D8%B1%D9%81%D8%A9-%D9%84%D9%88%D9%83%D9%8A%D8%B4%D9%86-%D9%85%D8%AA%D9%85%D9%8A%D8%B2-%D9%88%D8%A8%D8%A3%D9%82%D9%84-%D8%A7%D9%88%D9%81%D8%B1-%D8%A7%D9%84%D8%A7%D9%86-%D9%81%D9%8A-%D9%87%D8%A7%D9%8A%D8%AF-%D8%A8%D8%A7%D8%B1%D9%83-%D8%A7%D9%84%D8%AA%D8%AC%D9%85%D8%B9-%D8%A7%D9%84%D8%AE%D8%A7%D9%85%D8%B3-hyde-park-new-cairo-ID503900273.html
ب لوكيشن متميز جدا شقة ١٩١ متر متشطبة  - اقل سعر ممكن في هايد بارك التجمع الخامس - hyde park new cairo,11435720,3,3,191,https://www.dubizzle.com.eg/ad/%D8%A8-%D9%84%D9%88%D9%83%D9%8A%D8%B4%D9%86-%D9%85%D8%AA%D9%85%D9%8A%D8%B2-%D8%AC%D8%AF%D8%A7-%D8%B4%D9%82%D8%A9-%D9%A1%D9%A9%D9%A1-%D9%85%D8%AA%D8%B1-%D9%85%D8%AA%D8%B4%D8%B7%D8%A8%D8%A9-%D8%A7%D9%82%D9%84-%D8%B3%D8%B9%D8%B1-%D9%85%D9%85%D9%83%D9%86-%D9%81%D9%8A-%D9%87%D8%A7%D9%8A%D8%AF-%D8%A8%D8%A7%D8%B1%D9%83-%D8%A7%D9%84%D8%AA%D8%AC%D9%85%D8%B9-%D8%A7%D9%84%D8%AE%D8%A7%D9%85%D8%B3-hyde-park-new-cairo-ID503900048.html
شقة 3 غرف في تلال إيست | خصم كاش يصل لـ 40% أو تقسيط حتى 12 سنة,5800000,3,2,134,https://www.dubizzle.com.eg/ad/%D8%B4%D9%82%D8%A9-3-%D8%BA%D8%B1%D9%81-%D9%81%D9%8A-%D8%AA%D9%84%D8%A7%D9%84-%D8%A5%D9%8A%D8%B3%D8%AA-%D8%AE%D8%B5%D9%85-%D9%83%D8%A7%D8%B4-%D9%8A%D8%B5%D9%84-%D9%84%D9%80-40-%D8%A3%D9%88-%D8%AA%D9%82%D8%B3%D9%8A%D8%B7-%D8%AD%D8%AA%D9%89-12-%D8%B3%D9%86%D8%A9-ID501158106.html
شقة للبيع 200م تشطيب سوبر لوكس مباشر علي الليك ديستريكت بكمبوند ميفيدا Mivida,18000000,3,3,200,https://www.dubizzle.com.eg/ad/%D8%B4%D9%82%D8%A9-%D9%84%D9%84%D8%A8%D9%8A%D8%B9-200%D9%85-%D8%AA%D8%B4%D8%B7%D9%8A%D8%A8-%D8%B3%D9%88%D8%A8%D8%B1-%D9%84%D9%88%D9%83%D8%B3-%D9%85%D8%A8%D8%A7%D8%B4%D8%B1-%D8%B9%D9%84%D9%8A-%D8%A7%D9%84%D9%84%D9%8A%D9%83-%D8%AF%D9%8A%D8%B3%D8%AA%D8%B1%D9%8A%D9%83%D8%AA-%D8%A8%D9%83%D9%85%D8%A8%D9%88%D9%86%D8%AF-%D9%85%D9%8A%D9%81%D9%8A%D8%AF%D8%A7-mivida-ID503901272.html
شقه لقطه للبيع  في التجمع متشطبه و استلام فوري في كمبوند راقي جدا وبه جميع الخدمات داخل كمبوند هايد بارك hyde park ساكن وعايش والشقه جاهزه للمعاينه.,9000000,3,2,130,https://www.dubizzle.com.eg/ad/%D8%B4%D9%82%D9%87-%D9%84%D9%82%D8%B7%D9%87-%D9%84%D9%84%D8%A8%D9%8A%D8%B9-%D9%81%D9%8A-%D8%A7%D9%84%D8%AA%D8%AC%D9%85%D8%B9-%D9%85%D8%AA%D8%B4%D8%B7%D8%A8%D9%87-%D9%88-%D8%A7%D8%B3%D8%AA%D9%84%D8%A7%D9%85-%D9%81%D9%88%D8%B1%D9%8A-%D9%81%D9%8A-%D9%83%D9%85%D8%A8%D9%88%D9%86%D8%AF-%D8%B1%D8%A7%D9%82%D9%8A-%D8%AC%D8%AF%D8%A7-%D9%88%D8%A8%D9%87-%D8%AC%D9%85%D9%8A%D8%B9-%D8%A7%D9%84%D8%AE%D8%AF%D9%85%D8%A7%D8%AA-%D8%AF%D8%A7%D8%AE%D9%84-%D9%83%D9%85%D8%A8%D9%88%D9%86%D8%AF-%D9%87%D8%A7%D9%8A%D8%AF-%D8%A8%D8%A7%D8%B1%D9%83-hyde-park-%D8%B3%D8%A7%D9%83%D9%86-%D9%88%D8%B9%D8%A7%D9%8A%D8%B4-%D9%88%D8%A7%D9%84%D8%B4%D9%82%D9%87-%D8%AC%D8%A7%D9%87%D8%B2%D9%87-%D9%84%D9%84%D9%85%D8%B9%D8%A7%D9%8A%D9%86%D9%87-ID503900887.html
بمدينتي B7 شقه مساحه96م فيو النادي مباشر تشطيب رائع جدا 3غرف نوم خالصه الثمن,5450000,3,2,96,https://www.dubizzle.com.eg/ad/%D8%A8%D9%85%D8%AF%D9%8A%D9%86%D8%AA%D9%8A-b7-%D8%B4%D9%82%D9%87-%D9%85%D8%B3%D8%A7%D8%AD%D9%8796%D9%85-%D9%81%D9%8A%D9%88-%D8%A7%D9%84%D9%86%D8%A7%D8%AF%D9%8A-%D9%85%D8%A8%D8%A7%D8%B4%D8%B1-%D8%AA%D8%B4%D8%B7%D9%8A%D8%A8-%D8%B1%D8%A7%D8%A6%D8%B9-%D8%AC%D8%AF%D8%A7-3%D8%BA%D8%B1%D9%81-%D9%86%D9%88%D9%85-%D8%AE%D8%A7%D9%84%D8%B5%D9%87-%D8%A7%D9%84%D8%AB%D9%85%D9%86-ID503902525.html
شقة للبيع سوبر لوكس في مدينتي بإطلالات واسعة على الحدائق ومساحات استثنائية للعائلة,18000000,6,5,330,https://www.dubizzle.com.eg/ad/%D8%B4%D9%82%D8%A9-%D9%84%D9%84%D8%A8%D9%8A%D8%B9-%D8%B3%D9%88%D8%A8%D8%B1-%D9%84%D9%88%D9%83%D8%B3-%D9%81%D9%8A-%D9%85%D8%AF%D9%8A%D9%86%D8%AA%D9%8A-%D8%A8%D8%A5%D8%B7%D9%84%D8%A7%D9%84%D8%A7%D8%AA-%D9%88%D8%A7%D8%B3%D8%B9%D8%A9-%D8%B9%D9%84%D9%89-%D8%A7%D9%84%D8%AD%D8%AF%D8%A7%D8%A6%D9%82-%D9%88%D9%85%D8%B3%D8%A7%D8%AD%D8%A7%D8%AA-%D8%A7%D8%B3%D8%AA%D8%AB%D9%86%D8%A7%D8%A6%D9%8A%D8%A9-%D9%84%D9%84%D8%B9%D8%A7%D8%A6%D9%84%D8%A9-ID503742868.html
بمدينتي B11 شقه ارضي بحديقه خاصه مساحه 109م وحديقه50م فيو جاردن 3 غرف نوم علي الجاردن تشطيب خاص,6800000,3,2,109,https://www.dubizzle.com.eg/ad/%D8%A8%D9%85%D8%AF%D9%8A%D9%86%D8%AA%D9%8A-b11-%D8%B4%D9%82%D9%87-%D8%A7%D8%B1%D8%B6%D9%8A-%D8%A8%D8%AD%D8%AF%D9%8A%D9%82%D9%87-%D8%AE%D8%A7%D8%B5%D9%87-%D9%85%D8%B3%D8%A7%D8%AD%D9%87-109%D9%85-%D9%88%D8%AD%D8%AF%D9%8A%D9%82%D9%8750%D9%85-%D9%81%D9%8A%D9%88-%D8%AC%D8%A7%D8%B1%D8%AF%D9%86-3-%D8%BA%D8%B1%D9%81-%D9%86%D9%88%D9%85-%D8%B9%D9%84%D9%8A-%D8%A7%D9%84%D8%AC%D8%A7%D8%B1%D8%AF%D9%86-%D8%AA%D8%B4%D8%B7%D9%8A%D8%A8-%D8%AE%D8%A7%D8%B5-ID503902480.html
شقة استلام فوري في اللوتس الجديدة لوكيشن مميز في قلب الجولدن سكوير قرب شارع النوادي وأجورا مول,6624000,3,2,207,https://www.dubizzle.com.eg/ad/%D8%B4%D9%82%D8%A9-%D8%A7%D8%B3%D8%AA%D9%84%D8%A7%D9%85-%D9%81%D9%88%D8%B1%D9%8A-%D9%81%D9%8A-%D8%A7%D9%84%D9%84%D9%88%D8%AA%D8%B3-%D8%A7%D9%84%D8%AC%D8%AF%D9%8A%D8%AF%D8%A9-%D9%84%D9%88%D9%83%D9%8A%D8%B4%D9%86-%D9%85%D9%85%D9%8A%D8%B2-%D9%81%D9%8A-%D9%82%D9%84%D8%A8-%D8%A7%D9%84%D8%AC%D9%88%D9%84%D8%AF%D9%86-%D8%B3%D9%83%D9%88%D9%8A%D8%B1-%D9%82%D8%B1%D8%A8-%D8%B4%D8%A7%D8%B1%D8%B9-%D8%A7%D9%84%D9%86%D9%88%D8%A7%D8%AF%D9%8A-%D9%88%D8%A3%D8%AC%D9%88%D8%B1%D8%A7-%D9%85%D9%88%D9%84-ID502926890.html
شقة 3 غرف 146م للبيع | شالية | تاج سيتي | القاهرة الجديدة  موقع مميز جاهزة للاستلام الفوري,7700000,3,3,146,https://www.dubizzle.com.eg/ad/%D8%B4%D9%82%D8%A9-3-%D8%BA%D8%B1%D9%81-146%D9%85-%D9%84%D9%84%D8%A8%D9%8A%D8%B9-%D8%B4%D8%A7%D9%84%D9%8A%D8%A9-%D8%AA%D8%A7%D8%AC-%D8%B3%D9%8A%D8%AA%D9%8A-%D8%A7%D9%84%D9%82%D8%A7%D9%87%D8%B1%D8%A9-%D8%A7%D9%84%D8%AC%D8%AF%D9%8A%D8%AF%D8%A9-%D9%85%D9%88%D9%82%D8%B9-%D9%85%D9%85%D9%8A%D8%B2-%D8%AC%D8%A7%D9%87%D8%B2%D8%A9-%D9%84%D9%84%D8%A7%D8%B3%D8%AA%D9%84%D8%A7%D9%85-%D8%A7%D9%84%D9%81%D9%88%D8%B1%D9%8A-ID503858344.html
شقة 3 غرف 190م تشطيب كامل  | اللوتس الجنوبية | القاهرة الجديدة جاهزة للاستلام الفوري,6000000,3,2,187,https://www.dubizzle.com.eg/ad/%D8%B4%D9%82%D8%A9-3-%D8%BA%D8%B1%D9%81-190%D9%85-%D8%AA%D8%B4%D8%B7%D9%8A%D8%A8-%D9%83%D8%A7%D9%85%D9%84-%D8%A7%D9%84%D9%84%D9%88%D8%AA%D8%B3-%D8%A7%D9%84%D8%AC%D9%86%D9%88%D8%A8%D9%8A%D8%A9-%D8%A7%D9%84%D9%82%D8%A7%D9%87%D8%B1%D8%A9-%D8%A7%D9%84%D8%AC%D8%AF%D9%8A%D8%AF%D8%A9-%D8%AC%D8%A7%D9%87%D8%B2%D8%A9-%D9%84%D9%84%D8%A7%D8%B3%D8%AA%D9%84%D8%A7%D9%85-%D8%A7%D9%84%D9%81%D9%88%D8%B1%D9%8A-ID503582707.html
بسعر مميز غرفه للبيع تشطيب كامل مناسب جدا للاستثمار لوكيشن مميز في قلب القاهره الجديدة سور بسور مع مدينتي علي بعد دقائق من الجامعه البريطانيه,1500000,1,1,49,https://www.dubizzle.com.eg/ad/%D8%A8%D8%B3%D8%B9%D8%B1-%D9%85%D9%85%D9%8A%D8%B2-%D8%BA%D8%B1%D9%81%D9%87-%D9%84%D9%84%D8%A8%D9%8A%D8%B9-%D8%AA%D8%B4%D8%B7%D9%8A%D8%A8-%D9%83%D8%A7%D9%85%D9%84-%D9%85%D9%86%D8%A7%D8%B3%D8%A8-%D8%AC%D8%AF%D8%A7-%D9%84%D9%84%D8%A7%D8%B3%D8%AA%D8%AB%D9%85%D8%A7%D8%B1-%D9%84%D9%88%D9%83%D9%8A%D8%B4%D9%86-%D9%85%D9%85%D9%8A%D8%B2-%D9%81%D9%8A-%D9%82%D9%84%D8%A8-%D8%A7%D9%84%D9%82%D8%A7%D9%87%D8%B1%D9%87-%D8%A7%D9%84%D8%AC%D8%AF%D9%8A%D8%AF%D8%A9-%D8%B3%D9%88%D8%B1-%D8%A8%D8%B3%D9%88%D8%B1-%D9%85%D8%B9-%D9%85%D8%AF%D9%8A%D9%86%D8%AA%D9%8A-%D8%B9%D9%84%D9%8A-%D8%A8%D8%B9%D8%AF-%D8%AF%D9%82%D8%A7%D8%A6%D9%82-%D9%85%D9%86-%D8%A7%D9%84%D8%AC%D8%A7%D9%85%D8%B9%D9%87-%D8%A7%D9%84%D8%A8%D8%B1%D9%8A%D8%B7%D8%A7%D9%86%D9%8A%D9%87-ID503829478.html
شقة للبيع متشطبة سوبر لوكس فيو خيالي استلام فوري في سوديك فيليت  Sodic Villette,15000000,3,4,194,https://www.dubizzle.com.eg/ad/%D8%B4%D9%82%D8%A9-%D9%84%D9%84%D8%A8%D9%8A%D8%B9-%D9%85%D8%AA%D8%B4%D8%B7%D8%A8%D8%A9-%D8%B3%D9%88%D8%A8%D8%B1-%D9%84%D9%88%D9%83%D8%B3-%D9%81%D9%8A%D9%88-%D8%AE%D9%8A%D8%A7%D9%84%D9%8A-%D8%A7%D8%B3%D8%AA%D9%84%D8%A7%D9%85-%D9%81%D9%88%D8%B1%D9%8A-%D9%81%D9%8A-%D8%B3%D9%88%D8%AF%D9%8A%D9%83-%D9%81%D9%8A%D9%84%D9%8A%D8%AA-sodic-villette-ID503863136.html
استلم شقه مميزه  كامله التشطيب  قلب العاصمه الاداريه كمبوند المقصد  R3 دقايق من مدينتى Al Maqsad in New Capital,3600000,3,3,160,https://www.dubizzle.com.eg/ad/%D8%A7%D8%B3%D8%AA%D9%84%D9%85-%D8%B4%D9%82%D9%87-%D9%85%D9%85%D9%8A%D8%B2%D9%87-%D9%83%D8%A7%D9%85%D9%84%D9%87-%D8%A7%D9%84%D8%AA%D8%B4%D8%B7%D9%8A%D8%A8-%D9%82%D9%84%D8%A8-%D8%A7%D9%84%D8%B9%D8%A7%D8%B5%D9%85%D9%87-%D8%A7%D9%84%D8%A7%D8%AF%D8%A7%D8%B1%D9%8A%D9%87-%D9%83%D9%85%D8%A8%D9%88%D9%86%D8%AF-%D8%A7%D9%84%D9%85%D9%82%D8%B5%D8%AF-r3-%D8%AF%D9%82%D8%A7%D9%8A%D9%82-%D9%85%D9%86-%D9%85%D8%AF%D9%8A%D9%86%D8%AA%D9%89-al-maqsad-in-new-capital-ID503804456.html
شقة جاهزة للسكن فورًا 173م فــ التجمع الخامس ع شارع التسعين امام الجامعه الامريكيه AUC دايركت,6500000,3,2,173,https://www.dubizzle.com.eg/ad/%D8%B4%D9%82%D8%A9-%D8%AC%D8%A7%D9%87%D8%B2%D8%A9-%D9%84%D9%84%D8%B3%D9%83%D9%86-%D9%81%D9%88%D8%B1%D8%A7-173%D9%85-%D9%81%D9%80%D9%80-%D8%A7%D9%84%D8%AA%D8%AC%D9%85%D8%B9-%D8%A7%D9%84%D8%AE%D8%A7%D9%85%D8%B3-%D8%B9-%D8%B4%D8%A7%D8%B1%D8%B9-%D8%A7%D9%84%D8%AA%D8%B3%D8%B9%D9%8A%D9%86-%D8%A7%D9%85%D8%A7%D9%85-%D8%A7%D9%84%D8%AC%D8%A7%D9%85%D8%B9%D9%87-%D8%A7%D9%84%D8%A7%D9%85%D8%B1%D9%8A%D9%83%D9%8A%D9%87-auc-%D8%AF%D8%A7%D9%8A%D8%B1%D9%83%D8%AA-ID503416965.html
بنتهاوس للبيع 4 غرف استلام فوري في كمبوند معادي فيو الشروق Maadi View,6300000,4,4,183,https://www.dubizzle.com.eg/ad/%D8%A8%D9%86%D8%AA%D9%87%D8%A7%D9%88%D8%B3-%D9%84%D9%84%D8%A8%D9%8A%D8%B9-4-%D8%BA%D8%B1%D9%81-%D8%A7%D8%B3%D8%AA%D9%84%D8%A7%D9%85-%D9%81%D9%88%D8%B1%D9%8A-%D9%81%D9%8A-%D9%83%D9%85%D8%A8%D9%88%D9%86%D8%AF-%D9%85%D8%B9%D8%A7%D8%AF%D9%8A-%D9%81%D9%8A%D9%88-%D8%A7%D9%84%D8%B4%D8%B1%D9%88%D9%82-maadi-view-ID503597622.html
لصفوة السكن والتميز. . شقة 175م للبيع في أعرق مراحل مدينتي B1!,9000000,3,3,175,https://www.dubizzle.com.eg/ad/%D9%84%D8%B5%D9%81%D9%88%D8%A9-%D8%A7%D9%84%D8%B3%D9%83%D9%86-%D9%88%D8%A7%D9%84%D8%AA%D9%85%D9%8A%D8%B2-%D8%B4%D9%82%D8%A9-175%D9%85-%D9%84%D9%84%D8%A8%D9%8A%D8%B9-%D9%81%D9%8A-%D8%A3%D8%B9%D8%B1%D9%82-%D9%85%D8%B1%D8%A7%D8%AD%D9%84-%D9%85%D8%AF%D9%8A%D9%86%D8%AA%D9%8A-b1-ID503882951.html
"شقه للبيع متشطبه بالكامل سوبر لوكس بمقدم 700,000 وبالتقسيط علي اطول فترة سداد في كمبوند الجار فالوري الشروق جمب مدينتي Aljar",5300000,3,3,151,https://www.dubizzle.com.eg/ad/%D8%B4%D9%82%D9%87-%D9%84%D9%84%D8%A8%D9%8A%D8%B9-%D9%85%D8%AA%D8%B4%D8%B7%D8%A8%D9%87-%D8%A8%D8%A7%D9%84%D9%83%D8%A7%D9%85%D9%84-%D8%B3%D9%88%D8%A8%D8%B1-%D9%84%D9%88%D9%83%D8%B3-%D8%A8%D9%85%D9%82%D8%AF%D9%85-700000-%D9%88%D8%A8%D8%A7%D9%84%D8%AA%D9%82%D8%B3%D9%8A%D8%B7-%D8%B9%D9%84%D9%8A-%D8%A7%D8%B7%D9%88%D9%84-%D9%81%D8%AA%D8%B1%D8%A9-%D8%B3%D8%AF%D8%A7%D8%AF-%D9%81%D9%8A-%D9%83%D9%85%D8%A8%D9%88%D9%86%D8%AF-%D8%A7%D9%84%D8%AC%D8%A7%D8%B1-%D9%81%D8%A7%D9%84%D9%88%D8%B1%D9%8A-%D8%A7%D9%84%D8%B4%D8%B1%D9%88%D9%82-%D8%AC%D9%85%D8%A8-%D9%85%D8%AF%D9%8A%D9%86%D8%AA%D9%8A-aljar-ID503456920.html
شقه للبيع 193متر استلام فوري جاهز للسكن في المقصد باقل من سعرها متشطب VIP بسعر لقطه وبالتقسيط علي 12 سنه دقايق من البرج الايقوني ومسجد مصر,6500000,3,3,193,https://www.dubizzle.com.eg/ad/%D8%B4%D9%82%D9%87-%D9%84%D9%84%D8%A8%D9%8A%D8%B9-193%D9%85%D8%AA%D8%B1-%D8%A7%D8%B3%D8%AA%D9%84%D8%A7%D9%85-%D9%81%D9%88%D8%B1%D9%8A-%D8%AC%D8%A7%D9%87%D8%B2-%D9%84%D9%84%D8%B3%D9%83%D9%86-%D9%81%D9%8A-%D8%A7%D9%84%D9%85%D9%82%D8%B5%D8%AF-%D8%A8%D8%A7%D9%82%D9%84-%D9%85%D9%86-%D8%B3%D8%B9%D8%B1%D9%87%D8%A7-%D9%85%D8%AA%D8%B4%D8%B7%D8%A8-vip-%D8%A8%D8%B3%D8%B9%D8%B1-%D9%84%D9%82%D8%B7%D9%87-%D9%88%D8%A8%D8%A7%D9%84%D8%AA%D9%82%D8%B3%D9%8A%D8%B7-%D8%B9%D9%84%D9%8A-12-%D8%B3%D9%86%D9%87-%D8%AF%D9%82%D8%A7%D9%8A%D9%82-%D9%85%D9%86-%D8%A7%D9%84%D8%A8%D8%B1%D8%AC-%D8%A7%D9%84%D8%A7%D9%8A%D9%82%D9%88%D9%86%D9%8A-%D9%88%D9%85%D8%B3%D8%AC%D8%AF-%D9%85%D8%B5%D8%B1-ID503900264.html
89mApartment in rehab 2 for sale,5450000,2,2,89,https://www.dubizzle.com.eg/ad/89mapartment-in-rehab-2-for-sale-ID208650901.html
بخصم  للكاش برايم لوكيش علي شارع التسعين في التجمع الخامس جولدن اسكوير شقه 164 متر جاهزه للسكن,14580000,3,3,164,https://www.dubizzle.com.eg/ad/%D8%A8%D8%AE%D8%B5%D9%85-%D9%84%D9%84%D9%83%D8%A7%D8%B4-%D8%A8%D8%B1%D8%A7%D9%8A%D9%85-%D9%84%D9%88%D9%83%D9%8A%D8%B4-%D8%B9%D9%84%D9%8A-%D8%B4%D8%A7%D8%B1%D8%B9-%D8%A7%D9%84%D8%AA%D8%B3%D8%B9%D9%8A%D9%86-%D9%81%D9%8A-%D8%A7%D9%84%D8%AA%D8%AC%D9%85%D8%B9-%D8%A7%D9%84%D8%AE%D8%A7%D9%85%D8%B3-%D8%AC%D9%88%D9%84%D8%AF%D9%86-%D8%A7%D8%B3%D9%83%D9%88%D9%8A%D8%B1-%D8%B4%D9%82%D9%87-164-%D9%85%D8%AA%D8%B1-%D8%AC%D8%A7%D9%87%D8%B2%D9%87-%D9%84%D9%84%D8%B3%D9%83%D9%86-ID503433974.html
شقة كاملة التشطيب بجاردن 66 م ع فيو مميز جدا مع تكييفات في فيفث سكوير المراسم Fifth Square by Al Marasem,5500000,3,3,160,https://www.dubizzle.com.eg/ad/%D8%B4%D9%82%D8%A9-%D9%83%D8%A7%D9%85%D9%84%D8%A9-%D8%A7%D9%84%D8%AA%D8%B4%D8%B7%D9%8A%D8%A8-%D8%A8%D8%AC%D8%A7%D8%B1%D8%AF%D9%86-66-%D9%85-%D8%B9-%D9%81%D9%8A%D9%88-%D9%85%D9%85%D9%8A%D8%B2-%D8%AC%D8%AF%D8%A7-%D9%85%D8%B9-%D8%AA%D9%83%D9%8A%D9%8A%D9%81%D8%A7%D8%AA-%D9%81%D9%8A-%D9%81%D9%8A%D9%81%D8%AB-%D8%B3%D9%83%D9%88%D9%8A%D8%B1-%D8%A7%D9%84%D9%85%D8%B1%D8%A7%D8%B3%D9%85-fifth-square-by-al-marasem-ID503276298.html
شقة لقطة ١٤٠ متر متشطبة بالكامل ٣ غرف في ارقى كومباوند متكامل الخدمات,3900000,3,3,140,https://www.dubizzle.com.eg/ad/%D8%B4%D9%82%D8%A9-%D9%84%D9%82%D8%B7%D8%A9-%D9%A1%D9%A4%D9%A0-%D9%85%D8%AA%D8%B1-%D9%85%D8%AA%D8%B4%D8%B7%D8%A8%D8%A9-%D8%A8%D8%A7%D9%84%D9%83%D8%A7%D9%85%D9%84-%D9%A3-%D8%BA%D8%B1%D9%81-%D9%81%D9%8A-%D8%A7%D8%B1%D9%82%D9%89-%D9%83%D9%88%D9%85%D8%A8%D8%A7%D9%88%D9%86%D8%AF-%D9%85%D8%AA%D9%83%D8%A7%D9%85%D9%84-%D8%A7%D9%84%D8%AE%D8%AF%D9%85%D8%A7%D8%AA-ID503874703.html
شقه للبيع بالمنطقه الرابعه قريبه من مدخل الشروق 2 ومدخل 3 تشطيب سوبر لوكس,4200000,3,2,180,https://www.dubizzle.com.eg/ad/%D8%B4%D9%82%D9%87-%D9%84%D9%84%D8%A8%D9%8A%D8%B9-%D8%A8%D8%A7%D9%84%D9%85%D9%86%D8%B7%D9%82%D9%87-%D8%A7%D9%84%D8%B1%D8%A7%D8%A8%D8%B9%D9%87-%D9%82%D8%B1%D9%8A%D8%A8%D9%87-%D9%85%D9%86-%D9%85%D8%AF%D8%AE%D9%84-%D8%A7%D9%84%D8%B4%D8%B1%D9%88%D9%82-2-%D9%88%D9%85%D8%AF%D8%AE%D9%84-3-%D8%AA%D8%B4%D8%B7%D9%8A%D8%A8-%D8%B3%D9%88%D8%A8%D8%B1-%D9%84%D9%88%D9%83%D8%B3-ID503868571.html
شقه للبيع 200م شارع حسن المامون المنطقه السادسه - مدينة نصر                                                                                          .,5700000,3,2,200,https://www.dubizzle.com.eg/ad/%D8%B4%D9%82%D9%87-%D9%84%D9%84%D8%A8%D9%8A%D8%B9-200%D9%85-%D8%B4%D8%A7%D8%B1%D8%B9-%D8%AD%D8%B3%D9%86-%D8%A7%D9%84%D9%85%D8%A7%D9%85%D9%88%D9%86-%D8%A7%D9%84%D9%85%D9%86%D8%B7%D9%82%D9%87-%D8%A7%D9%84%D8%B3%D8%A7%D8%AF%D8%B3%D9%87-%D9%85%D8%AF%D9%8A%D9%86%D8%A9-%D9%86%D8%B5%D8%B1-ID503903391.html
شقه للبيع بسعر لقطه 150م المنطقه الثامنه قرب السراج مول وموازي لشارع مصطفى النحاس - مدينة نصر                                                        .,4700000,3,2,150,https://www.dubizzle.com.eg/ad/%D8%B4%D9%82%D9%87-%D9%84%D9%84%D8%A8%D9%8A%D8%B9-%D8%A8%D8%B3%D8%B9%D8%B1-%D9%84%D9%82%D8%B7%D9%87-150%D9%85-%D8%A7%D9%84%D9%85%D9%86%D8%B7%D9%82%D9%87-%D8%A7%D9%84%D8%AB%D8%A7%D9%85%D9%86%D9%87-%D9%82%D8%B1%D8%A8-%D8%A7%D9%84%D8%B3%D8%B1%D8%A7%D8%AC-%D9%85%D9%88%D9%84-%D9%88%D9%85%D9%88%D8%A7%D8%B2%D9%8A-%D9%84%D8%B4%D8%A7%D8%B1%D8%B9-%D9%85%D8%B5%D8%B7%D9%81%D9%89-%D8%A7%D9%84%D9%86%D8%AD%D8%A7%D8%B3-%D9%85%D8%AF%D9%8A%D9%86%D8%A9-%D9%86%D8%B5%D8%B1-ID503584263.html
للبيع شقة ارضيبجاردن كورنر في ستون ريزدانس,8050000,2,3,155,https://www.dubizzle.com.eg/ad/%D9%84%D9%84%D8%A8%D9%8A%D8%B9-%D8%B4%D9%82%D8%A9-%D8%A7%D8%B1%D8%B6%D9%8A%D8%A8%D8%AC%D8%A7%D8%B1%D8%AF%D9%86-%D9%83%D9%88%D8%B1%D9%86%D8%B1-%D9%81%D9%8A-%D8%B3%D8%AA%D9%88%D9%86-%D8%B1%D9%8A%D8%B2%D8%AF%D8%A7%D9%86%D8%B3-ID503903387.html
شقة ٣٠٠م للبيع فيو حديقة الاسماك والنيل,25000000,4,3,300,https://www.dubizzle.com.eg/ad/%D8%B4%D9%82%D8%A9-%D9%A3%D9%A0%D9%A0%D9%85-%D9%84%D9%84%D8%A8%D9%8A%D8%B9-%D9%81%D9%8A%D9%88-%D8%AD%D8%AF%D9%8A%D9%82%D8%A9-%D8%A7%D9%84%D8%A7%D8%B3%D9%85%D8%A7%D9%83-%D9%88%D8%A7%D9%84%D9%86%D9%8A%D9%84-ID204238112.html
شقة للبيع في Bluetree - New Cairo - Sky Abu Dhabi | جاردن | استلام خلال سنة,7000000,2,2,130,https://www.dubizzle.com.eg/ad/%D8%B4%D9%82%D8%A9-%D9%84%D9%84%D8%A8%D9%8A%D8%B9-%D9%81%D9%8A-bluetree-new-cairo-sky-abu-dhabi-%D8%AC%D8%A7%D8%B1%D8%AF%D9%86-%D8%A7%D8%B3%D8%AA%D9%84%D8%A7%D9%85-%D8%AE%D9%84%D8%A7%D9%84-%D8%B3%D9%86%D8%A9-ID503844370.html
للبيع شقة بحديقة استلام فوري متشطبة بالكامل بارقي كمبوند في الشروق بجوار المركز الطبي العالمي بكمبوند البروج,17200000,3,3,182,https://www.dubizzle.com.eg/ad/%D9%84%D9%84%D8%A8%D9%8A%D8%B9-%D8%B4%D9%82%D8%A9-%D8%A8%D8%AD%D8%AF%D9%8A%D9%82%D8%A9-%D8%A7%D8%B3%D8%AA%D9%84%D8%A7%D9%85-%D9%81%D9%88%D8%B1%D9%8A-%D9%85%D8%AA%D8%B4%D8%B7%D8%A8%D8%A9-%D8%A8%D8%A7%D9%84%D9%83%D8%A7%D9%85%D9%84-%D8%A8%D8%A7%D8%B1%D9%82%D9%8A-%D9%83%D9%85%D8%A8%D9%88%D9%86%D8%AF-%D9%81%D9%8A-%D8%A7%D9%84%D8%B4%D8%B1%D9%88%D9%82-%D8%A8%D8%AC%D9%88%D8%A7%D8%B1-%D8%A7%D9%84%D9%85%D8%B1%D9%83%D8%B2-%D8%A7%D9%84%D8%B7%D8%A8%D9%8A-%D8%A7%D9%84%D8%B9%D8%A7%D9%84%D9%85%D9%8A-%D8%A8%D9%83%D9%85%D8%A8%D9%88%D9%86%D8%AF-%D8%A7%D9%84%D8%A8%D8%B1%D9%88%D8%AC-ID503753691.html
شقة بالزيتون غير مجروحة بموقع متميز,1000000,2,1,110,https://www.dubizzle.com.eg/ad/%D8%B4%D9%82%D8%A9-%D8%A8%D8%A7%D9%84%D8%B2%D9%8A%D8%AA%D9%88%D9%86-%D8%BA%D9%8A%D8%B1-%D9%85%D8%AC%D8%B1%D9%88%D8%AD%D8%A9-%D8%A8%D9%85%D9%88%D9%82%D8%B9-%D9%85%D8%AA%D9%85%D9%8A%D8%B2-ID503750253.html
شقةتمليك بالزيتون غير مجروحة,500000,2,1,70,https://www.dubizzle.com.eg/ad/%D8%B4%D9%82%D8%A9%D8%AA%D9%85%D9%84%D9%8A%D9%83-%D8%A8%D8%A7%D9%84%D8%B2%D9%8A%D8%AA%D9%88%D9%86-%D8%BA%D9%8A%D8%B1-%D9%85%D8%AC%D8%B1%D9%88%D8%AD%D8%A9-ID502662433.html
أفضل سعر لشقة جاهزة للاستلام متشطبة بالكامل بالدور الثاني بالمطبخ والتكييفات في موقع مميز جدًا على حمام السباحة للبيع في ذا سييراس أب تاون كايرو,19500000,3,3,186,https://www.dubizzle.com.eg/ad/%D8%A3%D9%81%D8%B6%D9%84-%D8%B3%D8%B9%D8%B1-%D9%84%D8%B4%D9%82%D8%A9-%D8%AC%D8%A7%D9%87%D8%B2%D8%A9-%D9%84%D9%84%D8%A7%D8%B3%D8%AA%D9%84%D8%A7%D9%85-%D9%85%D8%AA%D8%B4%D8%B7%D8%A8%D8%A9-%D8%A8%D8%A7%D9%84%D9%83%D8%A7%D9%85%D9%84-%D8%A8%D8%A7%D9%84%D8%AF%D9%88%D8%B1-%D8%A7%D9%84%D8%AB%D8%A7%D9%86%D9%8A-%D8%A8%D8%A7%D9%84%D9%85%D8%B7%D8%A8%D8%AE-%D9%88%D8%A7%D9%84%D8%AA%D9%83%D9%8A%D9%8A%D9%81%D8%A7%D8%AA-%D9%81%D9%8A-%D9%85%D9%88%D9%82%D8%B9-%D9%85%D9%85%D9%8A%D8%B2-%D8%AC%D8%AF%D8%A7-%D8%B9%D9%84%D9%89-%D8%AD%D9%85%D8%A7%D9%85-%D8%A7%D9%84%D8%B3%D8%A8%D8%A7%D8%AD%D8%A9-%D9%84%D9%84%D8%A8%D9%8A%D8%B9-%D9%81%D9%8A-%D8%B0%D8%A7-%D8%B3%D9%8A%D9%8A%D8%B1%D8%A7%D8%B3-%D8%A3%D8%A8-%D8%AA%D8%A7%D9%88%D9%86-%D9%83%D8%A7%D9%8A%D8%B1%D9%88-ID503903303.html
فرصة لفترة محدودة| اخر شقة بحري بفيو water features بسعر مميز وبالتقسيط في كمبوند كامل الخدمات والمرافق-سور بسور بمدينتي -كمبوند سراي,5900000,3,3,125,https://www.dubizzle.com.eg/ad/%D9%81%D8%B1%D8%B5%D8%A9-%D9%84%D9%81%D8%AA%D8%B1%D8%A9-%D9%85%D8%AD%D8%AF%D9%88%D8%AF%D8%A9-%D8%A7%D8%AE%D8%B1-%D8%B4%D9%82%D8%A9-%D8%A8%D8%AD%D8%B1%D9%8A-%D8%A8%D9%81%D9%8A%D9%88-water-features-%D8%A8%D8%B3%D8%B9%D8%B1-%D9%85%D9%85%D9%8A%D8%B2-%D9%88%D8%A8%D8%A7%D9%84%D8%AA%D9%82%D8%B3%D9%8A%D8%B7-%D9%81%D9%8A-%D9%83%D9%85%D8%A8%D9%88%D9%86%D8%AF-%D9%83%D8%A7%D9%85%D9%84-%D8%A7%D9%84%D8%AE%D8%AF%D9%85%D8%A7%D8%AA-%D9%88%D8%A7%D9%84%D9%85%D8%B1%D8%A7%D9%81%D9%82-%D8%B3%D9%88%D8%B1-%D8%A8%D8%B3%D9%88%D8%B1-%D8%A8%D9%85%D8%AF%D9%8A%D9%86%D8%AA%D9%8A-%D9%83%D9%85%D8%A8%D9%88%D9%86%D8%AF-%D8%B3%D8%B1%D8%A7%D9%8A-ID503903352.html
شقة أرضي بحديقة | تشطيب كامل | 90 Avenue القاهرة الجديدة | بالقرب من الجامعة الامريكية AUC |,11093213,2,2,104,https://www.dubizzle.com.eg/ad/%D8%B4%D9%82%D8%A9-%D8%A3%D8%B1%D8%B6%D9%8A-%D8%A8%D8%AD%D8%AF%D9%8A%D9%82%D8%A9-%D8%AA%D8%B4%D8%B7%D9%8A%D8%A8-%D9%83%D8%A7%D9%85%D9%84-90-avenue-%D8%A7%D9%84%D9%82%D8%A7%D9%87%D8%B1%D8%A9-%D8%A7%D9%84%D8%AC%D8%AF%D9%8A%D8%AF%D8%A9-%D8%A8%D8%A7%D9%84%D9%82%D8%B1%D8%A8-%D9%85%D9%86-%D8%A7%D9%84%D8%AC%D8%A7%D9%85%D8%B9%D8%A9-%D8%A7%D9%84%D8%A7%D9%85%D8%B1%D9%8A%D9%83%D9%8A%D8%A9-auc-ID503796980.html
أفضل سعر لشقة جاهزة للاستلام متشطبة بالكامل بالدور الثاني بالمطبخ والتكييفات في موقع مميز جدًا على حمام السباحة للبيع في ذا سييراس أب تاون كايرو,19500000,3,3,186,https://www.dubizzle.com.eg/ad/%D8%A3%D9%81%D8%B6%D9%84-%D8%B3%D8%B9%D8%B1-%D9%84%D8%B4%D9%82%D8%A9-%D8%AC%D8%A7%D9%87%D8%B2%D8%A9-%D9%84%D9%84%D8%A7%D8%B3%D8%AA%D9%84%D8%A7%D9%85-%D9%85%D8%AA%D8%B4%D8%B7%D8%A8%D8%A9-%D8%A8%D8%A7%D9%84%D9%83%D8%A7%D9%85%D9%84-%D8%A8%D8%A7%D9%84%D8%AF%D9%88%D8%B1-%D8%A7%D9%84%D8%AB%D8%A7%D9%86%D9%8A-%D8%A8%D8%A7%D9%84%D9%85%D8%B7%D8%A8%D8%AE-%D9%88%D8%A7%D9%84%D8%AA%D9%83%D9%8A%D9%8A%D9%81%D8%A7%D8%AA-%D9%81%D9%8A-%D9%85%D9%88%D9%82%D8%B9-%D9%85%D9%85%D9%8A%D8%B2-%D8%AC%D8%AF%D8%A7-%D8%B9%D9%84%D9%89-%D8%AD%D9%85%D8%A7%D9%85-%D8%A7%D9%84%D8%B3%D8%A8%D8%A7%D8%AD%D8%A9-%D9%84%D9%84%D8%A8%D9%8A%D8%B9-%D9%81%D9%8A-%D8%B0%D8%A7-%D8%B3%D9%8A%D9%8A%D8%B1%D8%A7%D8%B3-%D8%A3%D8%A8-%D8%AA%D8%A7%D9%88%D9%86-%D9%83%D8%A7%D9%8A%D8%B1%D9%88-ID503903304.html
شقة للبيع بالزيتون الغربية,1500000,2,1,90,https://www.dubizzle.com.eg/ad/%D8%B4%D9%82%D8%A9-%D9%84%D9%84%D8%A8%D9%8A%D8%B9-%D8%A8%D8%A7%D9%84%D8%B2%D9%8A%D8%AA%D9%88%D9%86-%D8%A7%D9%84%D8%BA%D8%B1%D8%A8%D9%8A%D8%A9-ID206781226.html
استلم شقتك فى مدينتى متشطبة بالكامل 160 متر فيو حمام سباحة 3 غرف نوم ماستر.,21000000,3,5,160,https://www.dubizzle.com.eg/ad/%D8%A7%D8%B3%D8%AA%D9%84%D9%85-%D8%B4%D9%82%D8%AA%D9%83-%D9%81%D9%89-%D9%85%D8%AF%D9%8A%D9%86%D8%AA%D9%89-%D9%85%D8%AA%D8%B4%D8%B7%D8%A8%D8%A9-%D8%A8%D8%A7%D9%84%D9%83%D8%A7%D9%85%D9%84-160-%D9%85%D8%AA%D8%B1-%D9%81%D9%8A%D9%88-%D8%AD%D9%85%D8%A7%D9%85-%D8%B3%D8%A8%D8%A7%D8%AD%D8%A9-3-%D8%BA%D8%B1%D9%81-%D9%86%D9%88%D9%85-%D9%85%D8%A7%D8%B3%D8%AA%D8%B1-ID503865024.html
بجانب  حي المستثمريين و المنطقه الدبلوماسي عيش الهدوء والرفاهية. . شقة  188 متر للبيع في العاصمة الإدارية بخصم 25% استلام قريب,5975100,3,3,188,https://www.dubizzle.com.eg/ad/%D8%A8%D8%AC%D8%A7%D9%86%D8%A8-%D8%AD%D9%8A-%D8%A7%D9%84%D9%85%D8%B3%D8%AA%D8%AB%D9%85%D8%B1%D9%8A%D9%8A%D9%86-%D9%88-%D8%A7%D9%84%D9%85%D9%86%D8%B7%D9%82%D9%87-%D8%A7%D9%84%D8%AF%D8%A8%D9%84%D9%88%D9%85%D8%A7%D8%B3%D9%8A-%D8%B9%D9%8A%D8%B4-%D8%A7%D9%84%D9%87%D8%AF%D9%88%D8%A1-%D9%88%D8%A7%D9%84%D8%B1%D9%81%D8%A7%D9%87%D9%8A%D8%A9-%D8%B4%D9%82%D8%A9-188-%D9%85%D8%AA%D8%B1-%D9%84%D9%84%D8%A8%D9%8A%D8%B9-%D9%81%D9%8A-%D8%A7%D9%84%D8%B9%D8%A7%D8%B5%D9%85%D8%A9-%D8%A7%D9%84%D8%A5%D8%AF%D8%A7%D8%B1%D9%8A%D8%A9-%D8%A8%D8%AE%D8%B5%D9%85-25-%D8%A7%D8%B3%D8%AA%D9%84%D8%A7%D9%85-%D9%82%D8%B1%D9%8A%D8%A8-ID503901006.html
شقه للبيع في التجمع الخامس في تاج ستي بسعر الكاش او قسط علي 12 سنه دفع بدون مقدم 0%  مع شركه مدينه مصر | القاهره الجديدة  |  taj cit,5450000,2,2,125,https://www.dubizzle.com.eg/ad/%D8%B4%D9%82%D9%87-%D9%84%D9%84%D8%A8%D9%8A%D8%B9-%D9%81%D9%8A-%D8%A7%D9%84%D8%AA%D8%AC%D9%85%D8%B9-%D8%A7%D9%84%D8%AE%D8%A7%D9%85%D8%B3-%D9%81%D9%8A-%D8%AA%D8%A7%D8%AC-%D8%B3%D8%AA%D9%8A-%D8%A8%D8%B3%D8%B9%D8%B1-%D8%A7%D9%84%D9%83%D8%A7%D8%B4-%D8%A7%D9%88-%D9%82%D8%B3%D8%B7-%D8%B9%D9%84%D9%8A-12-%D8%B3%D9%86%D9%87-%D8%AF%D9%81%D8%B9-%D8%A8%D8%AF%D9%88%D9%86-%D9%85%D9%82%D8%AF%D9%85-0-%D9%85%D8%B9-%D8%B4%D8%B1%D9%83%D9%87-%D9%85%D8%AF%D9%8A%D9%86%D9%87-%D9%85%D8%B5%D8%B1-%D8%A7%D9%84%D9%82%D8%A7%D9%87%D8%B1%D9%87-%D8%A7%D9%84%D8%AC%D8%AF%D9%8A%D8%AF%D8%A9-taj-cit-ID503568057.html
شقه للبيع غرفتين بمقدم 10% في قلب التجمع الخامس في الجولدن سكوير | علي بعد دقائق من الجامعه الامريكيه | في كمبوند ايكون جاردنز | * Icon Gardens *,5400000,2,2,115,https://www.dubizzle.com.eg/ad/%D8%B4%D9%82%D9%87-%D9%84%D9%84%D8%A8%D9%8A%D8%B9-%D8%BA%D8%B1%D9%81%D8%AA%D9%8A%D9%86-%D8%A8%D9%85%D9%82%D8%AF%D9%85-10-%D9%81%D9%8A-%D9%82%D9%84%D8%A8-%D8%A7%D9%84%D8%AA%D8%AC%D9%85%D8%B9-%D8%A7%D9%84%D8%AE%D8%A7%D9%85%D8%B3-%D9%81%D9%8A-%D8%A7%D9%84%D8%AC%D9%88%D9%84%D8%AF%D9%86-%D8%B3%D9%83%D9%88%D9%8A%D8%B1-%D8%B9%D9%84%D9%8A-%D8%A8%D8%B9%D8%AF-%D8%AF%D9%82%D8%A7%D8%A6%D9%82-%D9%85%D9%86-%D8%A7%D9%84%D8%AC%D8%A7%D9%85%D8%B9%D9%87-%D8%A7%D9%84%D8%A7%D9%85%D8%B1%D9%8A%D9%83%D9%8A%D9%87-%D9%81%D9%8A-%D9%83%D9%85%D8%A8%D9%88%D9%86%D8%AF-%D8%A7%D9%8A%D9%83%D9%88%D9%86-%D8%AC%D8%A7%D8%B1%D8%AF%D9%86%D8%B2-icon-gardens-ID503534462.html
فرصة حقيقية شقة ارضي بحديقة في تاج سيتي التجمع الخامس بسعر اقل من السوق بفرق كبير والاونر مخفض السعر مليون جنيه للوصول لبيع سريع,9250000,3,3,188,https://www.dubizzle.com.eg/ad/%D9%81%D8%B1%D8%B5%D8%A9-%D8%AD%D9%82%D9%8A%D9%82%D9%8A%D8%A9-%D8%B4%D9%82%D8%A9-%D8%A7%D8%B1%D8%B6%D9%8A-%D8%A8%D8%AD%D8%AF%D9%8A%D9%82%D8%A9-%D9%81%D9%8A-%D8%AA%D8%A7%D8%AC-%D8%B3%D9%8A%D8%AA%D9%8A-%D8%A7%D9%84%D8%AA%D8%AC%D9%85%D8%B9-%D8%A7%D9%84%D8%AE%D8%A7%D9%85%D8%B3-%D8%A8%D8%B3%D8%B9%D8%B1-%D8%A7%D9%82%D9%84-%D9%85%D9%86-%D8%A7%D9%84%D8%B3%D9%88%D9%82-%D8%A8%D9%81%D8%B1%D9%82-%D9%83%D8%A8%D9%8A%D8%B1-%D9%88%D8%A7%D9%84%D8%A7%D9%88%D9%86%D8%B1-%D9%85%D8%AE%D9%81%D8%B6-%D8%A7%D9%84%D8%B3%D8%B9%D8%B1-%D9%85%D9%84%D9%8A%D9%88%D9%86-%D8%AC%D9%86%D9%8A%D9%87-%D9%84%D9%84%D9%88%D8%B5%D9%88%D9%84-%D9%84%D8%A8%D9%8A%D8%B9-%D8%B3%D8%B1%D9%8A%D8%B9-ID503717219.html
اقل سعر فى السوق شقة للبيع فى كمبوند هايدبارك التجمع الخامس Hyde Park New Cairo  متشطبة تشطيب الترا سوبر لوكس تحكم سمارت بالكامل للشقة استلام فورى,12500000,3,2,179,https://www.dubizzle.com.eg/ad/%D8%A7%D9%82%D9%84-%D8%B3%D8%B9%D8%B1-%D9%81%D9%89-%D8%A7%D9%84%D8%B3%D9%88%D9%82-%D8%B4%D9%82%D8%A9-%D9%84%D9%84%D8%A8%D9%8A%D8%B9-%D9%81%D9%89-%D9%83%D9%85%D8%A8%D9%88%D9%86%D8%AF-%D9%87%D8%A7%D9%8A%D8%AF%D8%A8%D8%A7%D8%B1%D9%83-%D8%A7%D9%84%D8%AA%D8%AC%D9%85%D8%B9-%D8%A7%D9%84%D8%AE%D8%A7%D9%85%D8%B3-hyde-park-new-cairo-%D9%85%D8%AA%D8%B4%D8%B7%D8%A8%D8%A9-%D8%AA%D8%B4%D8%B7%D9%8A%D8%A8-%D8%A7%D9%84%D8%AA%D8%B1%D8%A7-%D8%B3%D9%88%D8%A8%D8%B1-%D9%84%D9%88%D9%83%D8%B3-%D8%AA%D8%AD%D9%83%D9%85-%D8%B3%D9%85%D8%A7%D8%B1%D8%AA-%D8%A8%D8%A7%D9%84%D9%83%D8%A7%D9%85%D9%84-%D9%84%D9%84%D8%B4%D9%82%D8%A9-%D8%A7%D8%B3%D8%AA%D9%84%D8%A7%D9%85-%D9%81%D9%88%D8%B1%D9%89-ID503386339.html
بينتهاوس في سكاي كوندوز فيليت سوديك Sky Condos Villette Sodic   نصف تشطيب - استلام فوري,19800000,4,4,286,https://www.dubizzle.com.eg/ad/%D8%A8%D9%8A%D9%86%D8%AA%D9%87%D8%A7%D9%88%D8%B3-%D9%81%D9%8A-%D8%B3%D9%83%D8%A7%D9%8A-%D9%83%D9%88%D9%86%D8%AF%D9%88%D8%B2-%D9%81%D9%8A%D9%84%D9%8A%D8%AA-%D8%B3%D9%88%D8%AF%D9%8A%D9%83-sky-condos-villette-sodic-%D9%86%D8%B5%D9%81-%D8%AA%D8%B4%D8%B7%D9%8A%D8%A8-%D8%A7%D8%B3%D8%AA%D9%84%D8%A7%D9%85-%D9%81%D9%88%D8%B1%D9%8A-ID503882807.html
شقه للبيع في كمبوند تاج سيتي بفيو مميز في التجمع الخامس بالقرب من الجولدن اسكوير والجامعه الامريكيه بخصم كاش 50% | Taj city,5200000,2,2,126,https://www.dubizzle.com.eg/ad/%D8%B4%D9%82%D9%87-%D9%84%D9%84%D8%A8%D9%8A%D8%B9-%D9%81%D9%8A-%D9%83%D9%85%D8%A8%D9%88%D9%86%D8%AF-%D8%AA%D8%A7%D8%AC-%D8%B3%D9%8A%D8%AA%D9%8A-%D8%A8%D9%81%D9%8A%D9%88-%D9%85%D9%85%D9%8A%D8%B2-%D9%81%D9%8A-%D8%A7%D9%84%D8%AA%D8%AC%D9%85%D8%B9-%D8%A7%D9%84%D8%AE%D8%A7%D9%85%D8%B3-%D8%A8%D8%A7%D9%84%D9%82%D8%B1%D8%A8-%D9%85%D9%86-%D8%A7%D9%84%D8%AC%D9%88%D9%84%D8%AF%D9%86-%D8%A7%D8%B3%D9%83%D9%88%D9%8A%D8%B1-%D9%88%D8%A7%D9%84%D8%AC%D8%A7%D9%85%D8%B9%D9%87-%D8%A7%D9%84%D8%A7%D9%85%D8%B1%D9%8A%D9%83%D9%8A%D9%87-%D8%A8%D8%AE%D8%B5%D9%85-%D9%83%D8%A7%D8%B4-50-taj-city-ID503899071.html
شقه للبيع في  قلب التجمع الخامس في الجولدن سكوير في كمبوند ايكون مقدم 5%  وقسط علي 10 سنوات مع خصم كاش 35% | * Icon *,5400000,3,3,176,https://www.dubizzle.com.eg/ad/%D8%B4%D9%82%D9%87-%D9%84%D9%84%D8%A8%D9%8A%D8%B9-%D9%81%D9%8A-%D9%82%D9%84%D8%A8-%D8%A7%D9%84%D8%AA%D8%AC%D9%85%D8%B9-%D8%A7%D9%84%D8%AE%D8%A7%D9%85%D8%B3-%D9%81%D9%8A-%D8%A7%D9%84%D8%AC%D9%88%D9%84%D8%AF%D9%86-%D8%B3%D9%83%D9%88%D9%8A%D8%B1-%D9%81%D9%8A-%D9%83%D9%85%D8%A8%D9%88%D9%86%D8%AF-%D8%A7%D9%8A%D9%83%D9%88%D9%86-%D9%85%D9%82%D8%AF%D9%85-5-%D9%88%D9%82%D8%B3%D8%B7-%D8%B9%D9%84%D9%8A-10-%D8%B3%D9%86%D9%88%D8%A7%D8%AA-%D9%85%D8%B9-%D8%AE%D8%B5%D9%85-%D9%83%D8%A7%D8%B4-35-icon-ID503470218.html
شقه للبيع استلام فورى في كمبوند سراي بسعر الكاش في المستقبل سيتي خصم  الكاش 50%  او بمقدم 10%  فقط علي 8 سنوات | القاهره الجديده | Sarai,5600000,3,2,164,https://www.dubizzle.com.eg/ad/%D8%B4%D9%82%D9%87-%D9%84%D9%84%D8%A8%D9%8A%D8%B9-%D8%A7%D8%B3%D8%AA%D9%84%D8%A7%D9%85-%D9%81%D9%88%D8%B1%D9%89-%D9%81%D9%8A-%D9%83%D9%85%D8%A8%D9%88%D9%86%D8%AF-%D8%B3%D8%B1%D8%A7%D9%8A-%D8%A8%D8%B3%D8%B9%D8%B1-%D8%A7%D9%84%D9%83%D8%A7%D8%B4-%D9%81%D9%8A-%D8%A7%D9%84%D9%85%D8%B3%D8%AA%D9%82%D8%A8%D9%84-%D8%B3%D9%8A%D8%AA%D9%8A-%D8%AE%D8%B5%D9%85-%D8%A7%D9%84%D9%83%D8%A7%D8%B4-50-%D8%A7%D9%88-%D8%A8%D9%85%D9%82%D8%AF%D9%85-10-%D9%81%D9%82%D8%B7-%D8%B9%D9%84%D9%8A-8-%D8%B3%D9%86%D9%88%D8%A7%D8%AA-%D8%A7%D9%84%D9%82%D8%A7%D9%87%D8%B1%D9%87-%D8%A7%D9%84%D8%AC%D8%AF%D9%8A%D8%AF%D9%87-sarai-ID503586866.html
شقه للبيع في كمبوند سراي بسعر الكاش استلام فورى بمقدم 10% فقط علي 8 سنوات | خصم علي الكاش 50% | القاهره الجديده | Sarai,5700000,3,2,169,https://www.dubizzle.com.eg/ad/%D8%B4%D9%82%D9%87-%D9%84%D9%84%D8%A8%D9%8A%D8%B9-%D9%81%D9%8A-%D9%83%D9%85%D8%A8%D9%88%D9%86%D8%AF-%D8%B3%D8%B1%D8%A7%D9%8A-%D8%A8%D8%B3%D8%B9%D8%B1-%D8%A7%D9%84%D9%83%D8%A7%D8%B4-%D8%A7%D8%B3%D8%AA%D9%84%D8%A7%D9%85-%D9%81%D9%88%D8%B1%D9%89-%D8%A8%D9%85%D9%82%D8%AF%D9%85-10-%D9%81%D9%82%D8%B7-%D8%B9%D9%84%D9%8A-8-%D8%B3%D9%86%D9%88%D8%A7%D8%AA-%D8%AE%D8%B5%D9%85-%D8%B9%D9%84%D9%8A-%D8%A7%D9%84%D9%83%D8%A7%D8%B4-50-%D8%A7%D9%84%D9%82%D8%A7%D9%87%D8%B1%D9%87-%D8%A7%D9%84%D8%AC%D8%AF%D9%8A%D8%AF%D9%87-sarai-ID503559181.html
شقه للبيع استلام فورى 3 غرف Triple-view بخصم الكاش وتقسيط على 10 سنوات مدخل الرحاب امام فندق توليب وفاميلى بارك,7735000,3,3,165,https://www.dubizzle.com.eg/ad/%D8%B4%D9%82%D9%87-%D9%84%D9%84%D8%A8%D9%8A%D8%B9-%D8%A7%D8%B3%D8%AA%D9%84%D8%A7%D9%85-%D9%81%D9%88%D8%B1%D9%89-3-%D8%BA%D8%B1%D9%81-triple-view-%D8%A8%D8%AE%D8%B5%D9%85-%D8%A7%D9%84%D9%83%D8%A7%D8%B4-%D9%88%D8%AA%D9%82%D8%B3%D9%8A%D8%B7-%D8%B9%D9%84%D9%89-10-%D8%B3%D9%86%D9%88%D8%A7%D8%AA-%D9%85%D8%AF%D8%AE%D9%84-%D8%A7%D9%84%D8%B1%D8%AD%D8%A7%D8%A8-%D8%A7%D9%85%D8%A7%D9%85-%D9%81%D9%86%D8%AF%D9%82-%D8%AA%D9%88%D9%84%D9%8A%D8%A8-%D9%88%D9%81%D8%A7%D9%85%D9%8A%D9%84%D9%89-%D8%A8%D8%A7%D8%B1%D9%83-ID503902322.html
للبيع شقه 135 م دور متكرر ليس اخير قريبه جدا من النادي وخدمات المرحله خالصه كل شي,7200000,3,2,135,https://www.dubizzle.com.eg/ad/%D9%84%D9%84%D8%A8%D9%8A%D8%B9-%D8%B4%D9%82%D9%87-135-%D9%85-%D8%AF%D9%88%D8%B1-%D9%85%D8%AA%D9%83%D8%B1%D8%B1-%D9%84%D9%8A%D8%B3-%D8%A7%D8%AE%D9%8A%D8%B1-%D9%82%D8%B1%D9%8A%D8%A8%D9%87-%D8%AC%D8%AF%D8%A7-%D9%85%D9%86-%D8%A7%D9%84%D9%86%D8%A7%D8%AF%D9%8A-%D9%88%D8%AE%D8%AF%D9%85%D8%A7%D8%AA-%D8%A7%D9%84%D9%85%D8%B1%D8%AD%D9%84%D9%87-%D8%AE%D8%A7%D9%84%D8%B5%D9%87-%D9%83%D9%84-%D8%B4%D9%8A-ID503898527.html
شقه 89 متر خالصه كل شي بحري دور تالت قريبه من الثاوث بارك والخدمات,4250000,2,2,89,https://www.dubizzle.com.eg/ad/%D8%B4%D9%82%D9%87-89-%D9%85%D8%AA%D8%B1-%D8%AE%D8%A7%D9%84%D8%B5%D9%87-%D9%83%D9%84-%D8%B4%D9%8A-%D8%A8%D8%AD%D8%B1%D9%8A-%D8%AF%D9%88%D8%B1-%D8%AA%D8%A7%D9%84%D8%AA-%D9%82%D8%B1%D9%8A%D8%A8%D9%87-%D9%85%D9%86-%D8%A7%D9%84%D8%AB%D8%A7%D9%88%D8%AB-%D8%A8%D8%A7%D8%B1%D9%83-%D9%88%D8%A7%D9%84%D8%AE%D8%AF%D9%85%D8%A7%D8%AA-ID503898171.html
شقه كورنر بحري و اكبر مساحة 235م استلام فوري شامل عضوية النادي في كمبوند كاونتن فيو اي سيتي التجمع الخامس mountain view i-city new cairo,7900000,4,4,235,https://www.dubizzle.com.eg/ad/%D8%B4%D9%82%D9%87-%D9%83%D9%88%D8%B1%D9%86%D8%B1-%D8%A8%D8%AD%D8%B1%D9%8A-%D9%88-%D8%A7%D9%83%D8%A8%D8%B1-%D9%85%D8%B3%D8%A7%D8%AD%D8%A9-235%D9%85-%D8%A7%D8%B3%D8%AA%D9%84%D8%A7%D9%85-%D9%81%D9%88%D8%B1%D9%8A-%D8%B4%D8%A7%D9%85%D9%84-%D8%B9%D8%B6%D9%88%D9%8A%D8%A9-%D8%A7%D9%84%D9%86%D8%A7%D8%AF%D9%8A-%D9%81%D9%8A-%D9%83%D9%85%D8%A8%D9%88%D9%86%D8%AF-%D9%83%D8%A7%D9%88%D9%86%D8%AA%D9%86-%D9%81%D9%8A%D9%88-%D8%A7%D9%8A-%D8%B3%D9%8A%D8%AA%D9%8A-%D8%A7%D9%84%D8%AA%D8%AC%D9%85%D8%B9-%D8%A7%D9%84%D8%AE%D8%A7%D9%85%D8%B3-mountain-view-i-city-new-cairo-ID503014926.html
اقل من سعر السوق بنتهاوس روف 115م متشطب بالتكيفات بالتقسيط  استلام فوري فيو لاند سكيب في المراسم فيفث سكوير al marasem fifth square new cairo,9700000,3,3,167,https://www.dubizzle.com.eg/ad/%D8%A7%D9%82%D9%84-%D9%85%D9%86-%D8%B3%D8%B9%D8%B1-%D8%A7%D9%84%D8%B3%D9%88%D9%82-%D8%A8%D9%86%D8%AA%D9%87%D8%A7%D9%88%D8%B3-%D8%B1%D9%88%D9%81-115%D9%85-%D9%85%D8%AA%D8%B4%D8%B7%D8%A8-%D8%A8%D8%A7%D9%84%D8%AA%D9%83%D9%8A%D9%81%D8%A7%D8%AA-%D8%A8%D8%A7%D9%84%D8%AA%D9%82%D8%B3%D9%8A%D8%B7-%D8%A7%D8%B3%D8%AA%D9%84%D8%A7%D9%85-%D9%81%D9%88%D8%B1%D9%8A-%D9%81%D9%8A%D9%88-%D9%84%D8%A7%D9%86%D8%AF-%D8%B3%D9%83%D9%8A%D8%A8-%D9%81%D9%8A-%D8%A7%D9%84%D9%85%D8%B1%D8%A7%D8%B3%D9%85-%D9%81%D9%8A%D9%81%D8%AB-%D8%B3%D9%83%D9%88%D9%8A%D8%B1-al-marasem-fifth-square-new-cairo-ID502827140.html
اقل سعر متاح ل شقة 3 غرف نوم استلام فوري متشطب بالتكيفات و المطبخ و الاثاث 160 م في فيفث سكوير المراسم التجمع الخامس Al maraseem fifth square new cair,9300000,3,2,160,https://www.dubizzle.com.eg/ad/%D8%A7%D9%82%D9%84-%D8%B3%D8%B9%D8%B1-%D9%85%D8%AA%D8%A7%D8%AD-%D9%84-%D8%B4%D9%82%D8%A9-3-%D8%BA%D8%B1%D9%81-%D9%86%D9%88%D9%85-%D8%A7%D8%B3%D8%AA%D9%84%D8%A7%D9%85-%D9%81%D9%88%D8%B1%D9%8A-%D9%85%D8%AA%D8%B4%D8%B7%D8%A8-%D8%A8%D8%A7%D9%84%D8%AA%D9%83%D9%8A%D9%81%D8%A7%D8%AA-%D9%88-%D8%A7%D9%84%D9%85%D8%B7%D8%A8%D8%AE-%D9%88-%D8%A7%D9%84%D8%A7%D8%AB%D8%A7%D8%AB-160-%D9%85-%D9%81%D9%8A-%D9%81%D9%8A%D9%81%D8%AB-%D8%B3%D9%83%D9%88%D9%8A%D8%B1-%D8%A7%D9%84%D9%85%D8%B1%D8%A7%D8%B3%D9%85-%D8%A7%D9%84%D8%AA%D8%AC%D9%85%D8%B9-%D8%A7%D9%84%D8%AE%D8%A7%D9%85%D8%B3-al-maraseem-fifth-square-new-cair-ID502975741.html
شقة للبيع 220م فيو لاند سكيب اميز لوكيشن استلام فوري اقل سعر في هايد بارك التجمع الخامس HYDE PARK NEW CAIRO fifth settlement,11500000,3,3,220,https://www.dubizzle.com.eg/ad/%D8%B4%D9%82%D8%A9-%D9%84%D9%84%D8%A8%D9%8A%D8%B9-220%D9%85-%D9%81%D9%8A%D9%88-%D9%84%D8%A7%D9%86%D8%AF-%D8%B3%D9%83%D9%8A%D8%A8-%D8%A7%D9%85%D9%8A%D8%B2-%D9%84%D9%88%D9%83%D9%8A%D8%B4%D9%86-%D8%A7%D8%B3%D8%AA%D9%84%D8%A7%D9%85-%D9%81%D9%88%D8%B1%D9%8A-%D8%A7%D9%82%D9%84-%D8%B3%D8%B9%D8%B1-%D9%81%D9%8A-%D9%87%D8%A7%D9%8A%D8%AF-%D8%A8%D8%A7%D8%B1%D9%83-%D8%A7%D9%84%D8%AA%D8%AC%D9%85%D8%B9-%D8%A7%D9%84%D8%AE%D8%A7%D9%85%D8%B3-hyde-park-new-cairo-fifth-settlement-ID503157226.html
لسرعة البيع شقة 4 غرف دبل فيو و جميع الغرف فيو لاند سكيب و حمام سباحة pool ب مقدم و اقساط علي 4 سنوات في هايد بارك التجمع الخامس hyde park new cairo,11330000,4,3,191,https://www.dubizzle.com.eg/ad/%D9%84%D8%B3%D8%B1%D8%B9%D8%A9-%D8%A7%D9%84%D8%A8%D9%8A%D8%B9-%D8%B4%D9%82%D8%A9-4-%D8%BA%D8%B1%D9%81-%D8%AF%D8%A8%D9%84-%D9%81%D9%8A%D9%88-%D9%88-%D8%AC%D9%85%D9%8A%D8%B9-%D8%A7%D9%84%D8%BA%D8%B1%D9%81-%D9%81%D9%8A%D9%88-%D9%84%D8%A7%D9%86%D8%AF-%D8%B3%D9%83%D9%8A%D8%A8-%D9%88-%D8%AD%D9%85%D8%A7%D9%85-%D8%B3%D8%A8%D8%A7%D8%AD%D8%A9-pool-%D8%A8-%D9%85%D9%82%D8%AF%D9%85-%D9%88-%D8%A7%D9%82%D8%B3%D8%A7%D8%B7-%D8%B9%D9%84%D9%8A-4-%D8%B3%D9%86%D9%88%D8%A7%D8%AA-%D9%81%D9%8A-%D9%87%D8%A7%D9%8A%D8%AF-%D8%A8%D8%A7%D8%B1%D9%83-%D8%A7%D9%84%D8%AA%D8%AC%D9%85%D8%B9-%D8%A7%D9%84%D8%AE%D8%A7%D9%85%D8%B3-hyde-park-new-cairo-ID503083282.html
شقــة 90 متـر دور اول لقطــــــــــــــه للبيــــع بجوار السوق القديم مباشرة,4200000,2,1,90,https://www.dubizzle.com.eg/ad/%D8%B4%D9%82%D9%80%D9%80%D8%A9-90-%D9%85%D8%AA%D9%80%D8%B1-%D8%AF%D9%88%D8%B1-%D8%A7%D9%88%D9%84-%D9%84%D9%82%D8%B7%D9%80%D9%80%D9%80%D9%80%D9%80%D9%80%D9%80%D9%80%D9%80%D9%80%D9%80%D9%80%D9%80%D9%80%D9%87-%D9%84%D9%84%D8%A8%D9%8A%D9%80%D9%80%D9%80%D9%80%D8%B9-%D8%A8%D8%AC%D9%88%D8%A7%D8%B1-%D8%A7%D9%84%D8%B3%D9%88%D9%82-%D8%A7%D9%84%D9%82%D8%AF%D9%8A%D9%85-%D9%85%D8%A8%D8%A7%D8%B4%D8%B1%D8%A9-ID503902252.html
استفد الان ب اقل سعر  -دوبلكس بالتقسيط -لوكيشن مميز في كمباوند سراي - فييو مفتوح - for sale in sarai,8360000,3,3,205,https://www.dubizzle.com.eg/ad/%D8%A7%D8%B3%D8%AA%D9%81%D8%AF-%D8%A7%D9%84%D8%A7%D9%86-%D8%A8-%D8%A7%D9%82%D9%84-%D8%B3%D8%B9%D8%B1-%D8%AF%D9%88%D8%A8%D9%84%D9%83%D8%B3-%D8%A8%D8%A7%D9%84%D8%AA%D9%82%D8%B3%D9%8A%D8%B7-%D9%84%D9%88%D9%83%D9%8A%D8%B4%D9%86-%D9%85%D9%85%D9%8A%D8%B2-%D9%81%D9%8A-%D9%83%D9%85%D8%A8%D8%A7%D9%88%D9%86%D8%AF-%D8%B3%D8%B1%D8%A7%D9%8A-%D9%81%D9%8A%D9%8A%D9%88-%D9%85%D9%81%D8%AA%D9%88%D8%AD-for-sale-in-sarai-ID503899855.html
جراند سيتي معمار المرشيدي شقه ١٤٥ متر الترا سوبر لوكس,4400000,3,2,145,https://www.dubizzle.com.eg/ad/%D8%AC%D8%B1%D8%A7%D9%86%D8%AF-%D8%B3%D9%8A%D8%AA%D9%8A-%D9%85%D8%B9%D9%85%D8%A7%D8%B1-%D8%A7%D9%84%D9%85%D8%B1%D8%B4%D9%8A%D8%AF%D9%8A-%D8%B4%D9%82%D9%87-%D9%A1%D9%A4%D9%A5-%D9%85%D8%AA%D8%B1-%D8%A7%D9%84%D8%AA%D8%B1%D8%A7-%D8%B3%D9%88%D8%A8%D8%B1-%D9%84%D9%88%D9%83%D8%B3-ID208501477.html
شقة للبيع مباشرة من المالك في أميز مواقع بيت الوطن فى التجمع الخامس  أمام النادي الأهلي مباشرة,6400000,3,3,190,https://www.dubizzle.com.eg/ad/%D8%B4%D9%82%D8%A9-%D9%84%D9%84%D8%A8%D9%8A%D8%B9-%D9%85%D8%A8%D8%A7%D8%B4%D8%B1%D8%A9-%D9%85%D9%86-%D8%A7%D9%84%D9%85%D8%A7%D9%84%D9%83-%D9%81%D9%8A-%D8%A3%D9%85%D9%8A%D8%B2-%D9%85%D9%88%D8%A7%D9%82%D8%B9-%D8%A8%D9%8A%D8%AA-%D8%A7%D9%84%D9%88%D8%B7%D9%86-%D9%81%D9%89-%D8%A7%D9%84%D8%AA%D8%AC%D9%85%D8%B9-%D8%A7%D9%84%D8%AE%D8%A7%D9%85%D8%B3-%D8%A3%D9%85%D8%A7%D9%85-%D8%A7%D9%84%D9%86%D8%A7%D8%AF%D9%8A-%D8%A7%D9%84%D8%A3%D9%87%D9%84%D9%8A-%D9%85%D8%A8%D8%A7%D8%B4%D8%B1%D8%A9-ID503882882.html
شقة للبيع ب الرحاب٢.  119م,7800000,3,3,119,https://www.dubizzle.com.eg/ad/%D8%B4%D9%82%D8%A9-%D9%84%D9%84%D8%A8%D9%8A%D8%B9-%D8%A8-%D8%A7%D9%84%D8%B1%D8%AD%D8%A7%D8%A8%D9%A2-119%D9%85-ID503902204.html
شقه للبيع فى كومبوند مونتن فيو هايد بارك التجمع  جاهزه للاستلام بسعر مميز 2 غرف تطل على مجرى مائى موقع مميز علي حمام سباحة,7500000,1,2,134,https://www.dubizzle.com.eg/ad/%D8%B4%D9%82%D9%87-%D9%84%D9%84%D8%A8%D9%8A%D8%B9-%D9%81%D9%89-%D9%83%D9%88%D9%85%D8%A8%D9%88%D9%86%D8%AF-%D9%85%D9%88%D9%86%D8%AA%D9%86-%D9%81%D9%8A%D9%88-%D9%87%D8%A7%D9%8A%D8%AF-%D8%A8%D8%A7%D8%B1%D9%83-%D8%A7%D9%84%D8%AA%D8%AC%D9%85%D8%B9-%D8%AC%D8%A7%D9%87%D8%B2%D9%87-%D9%84%D9%84%D8%A7%D8%B3%D8%AA%D9%84%D8%A7%D9%85-%D8%A8%D8%B3%D8%B9%D8%B1-%D9%85%D9%85%D9%8A%D8%B2-2-%D8%BA%D8%B1%D9%81-%D8%AA%D8%B7%D9%84-%D8%B9%D9%84%D9%89-%D9%85%D8%AC%D8%B1%D9%89-%D9%85%D8%A7%D8%A6%D9%89-%D9%85%D9%88%D9%82%D8%B9-%D9%85%D9%85%D9%8A%D8%B2-%D8%B9%D9%84%D9%8A-%D8%AD%D9%85%D8%A7%D9%85-%D8%B3%D8%A8%D8%A7%D8%AD%D8%A9-ID502233018.html
دوبلكس للبيع 550 م استلام فوري بحري في القرنفل فيلات 2 من المالك مباشره  تاني نمره من القرنفل هايتس بالقرب من الرحاب,9800000,4,4,550,https://www.dubizzle.com.eg/ad/%D8%AF%D9%88%D8%A8%D9%84%D9%83%D8%B3-%D9%84%D9%84%D8%A8%D9%8A%D8%B9-550-%D9%85-%D8%A7%D8%B3%D8%AA%D9%84%D8%A7%D9%85-%D9%81%D9%88%D8%B1%D9%8A-%D8%A8%D8%AD%D8%B1%D9%8A-%D9%81%D9%8A-%D8%A7%D9%84%D9%82%D8%B1%D9%86%D9%81%D9%84-%D9%81%D9%8A%D9%84%D8%A7%D8%AA-2-%D9%85%D9%86-%D8%A7%D9%84%D9%85%D8%A7%D9%84%D9%83-%D9%85%D8%A8%D8%A7%D8%B4%D8%B1%D9%87-%D8%AA%D8%A7%D9%86%D9%8A-%D9%86%D9%85%D8%B1%D9%87-%D9%85%D9%86-%D8%A7%D9%84%D9%82%D8%B1%D9%86%D9%81%D9%84-%D9%87%D8%A7%D9%8A%D8%AA%D8%B3-%D8%A8%D8%A7%D9%84%D9%82%D8%B1%D8%A8-%D9%85%D9%86-%D8%A7%D9%84%D8%B1%D8%AD%D8%A7%D8%A8-ID503899731.html
من المالك دوبلكس بجاردن بحري للبيع 420 م استلام فوري فيو مفتوح جاردن في البنفسج بجوار waterway مع خصوصية كاملة وإطلالة مميزة,10100000,4,4,420,https://www.dubizzle.com.eg/ad/%D9%85%D9%86-%D8%A7%D9%84%D9%85%D8%A7%D9%84%D9%83-%D8%AF%D9%88%D8%A8%D9%84%D9%83%D8%B3-%D8%A8%D8%AC%D8%A7%D8%B1%D8%AF%D9%86-%D8%A8%D8%AD%D8%B1%D9%8A-%D9%84%D9%84%D8%A8%D9%8A%D8%B9-420-%D9%85-%D8%A7%D8%B3%D8%AA%D9%84%D8%A7%D9%85-%D9%81%D9%88%D8%B1%D9%8A-%D9%81%D9%8A%D9%88-%D9%85%D9%81%D8%AA%D9%88%D8%AD-%D8%AC%D8%A7%D8%B1%D8%AF%D9%86-%D9%81%D9%8A-%D8%A7%D9%84%D8%A8%D9%86%D9%81%D8%B3%D8%AC-%D8%A8%D8%AC%D9%88%D8%A7%D8%B1-waterway-%D9%85%D8%B9-%D8%AE%D8%B5%D9%88%D8%B5%D9%8A%D8%A9-%D9%83%D8%A7%D9%85%D9%84%D8%A9-%D9%88%D8%A5%D8%B7%D9%84%D8%A7%D9%84%D8%A9-%D9%85%D9%85%D9%8A%D8%B2%D8%A9-ID503886973.html
للبيع شقة 235 م  للبيع بشقة ٣ غرف نوم بحري فيو جاردن من المالك استلام فوري بالقرنفل10 فيلات  بالقرب من الرحاب في أميز لوكيشن بالتجمع الخامس,6100000,3,3,235,https://www.dubizzle.com.eg/ad/%D9%84%D9%84%D8%A8%D9%8A%D8%B9-%D8%B4%D9%82%D8%A9-235-%D9%85-%D9%84%D9%84%D8%A8%D9%8A%D8%B9-%D8%A8%D8%B4%D9%82%D8%A9-%D9%A3-%D8%BA%D8%B1%D9%81-%D9%86%D9%88%D9%85-%D8%A8%D8%AD%D8%B1%D9%8A-%D9%81%D9%8A%D9%88-%D8%AC%D8%A7%D8%B1%D8%AF%D9%86-%D9%85%D9%86-%D8%A7%D9%84%D9%85%D8%A7%D9%84%D9%83-%D8%A7%D8%B3%D8%AA%D9%84%D8%A7%D9%85-%D9%81%D9%88%D8%B1%D9%8A-%D8%A8%D8%A7%D9%84%D9%82%D8%B1%D9%86%D9%81%D9%8410-%D9%81%D9%8A%D9%84%D8%A7%D8%AA-%D8%A8%D8%A7%D9%84%D9%82%D8%B1%D8%A8-%D9%85%D9%86-%D8%A7%D9%84%D8%B1%D8%AD%D8%A7%D8%A8-%D9%81%D9%8A-%D8%A3%D9%85%D9%8A%D8%B2-%D9%84%D9%88%D9%83%D9%8A%D8%B4%D9%86-%D8%A8%D8%A7%D9%84%D8%AA%D8%AC%D9%85%D8%B9-%D8%A7%D9%84%D8%AE%D8%A7%D9%85%D8%B3-ID503899304.html
للبيع شقه ارضي بجاردن  300 م4 غرف نوم  بحري استلام فوري  فيو مفتوح  من المالك مباشره– التجمع الخامس خطوات من بالم هيلز,7600000,3,3,280,https://www.dubizzle.com.eg/ad/%D9%84%D9%84%D8%A8%D9%8A%D8%B9-%D8%B4%D9%82%D9%87-%D8%A7%D8%B1%D8%B6%D9%8A-%D8%A8%D8%AC%D8%A7%D8%B1%D8%AF%D9%86-300-%D9%854-%D8%BA%D8%B1%D9%81-%D9%86%D9%88%D9%85-%D8%A8%D8%AD%D8%B1%D9%8A-%D8%A7%D8%B3%D8%AA%D9%84%D8%A7%D9%85-%D9%81%D9%88%D8%B1%D9%8A-%D9%81%D9%8A%D9%88-%D9%85%D9%81%D8%AA%D9%88%D8%AD-%D9%85%D9%86-%D8%A7%D9%84%D9%85%D8%A7%D9%84%D9%83-%D9%85%D8%A8%D8%A7%D8%B4%D8%B1%D9%87-%D8%A7%D9%84%D8%AA%D8%AC%D9%85%D8%B9-%D8%A7%D9%84%D8%AE%D8%A7%D9%85%D8%B3-%D8%AE%D8%B7%D9%88%D8%A7%D8%AA-%D9%85%D9%86-%D8%A8%D8%A7%D9%84%D9%85-%D9%87%D9%8A%D9%84%D8%B2-ID503899095.html
شقه للبيع في كمبوند ذا كريست في قلب التجمع الخامس بمقدم 5% فقط واقساط علي 10 سنوات مع اقوي مطور عقاري الكازار  The Crest - New Cairo,6000000,2,2,115,https://www.dubizzle.com.eg/ad/%D8%B4%D9%82%D9%87-%D9%84%D9%84%D8%A8%D9%8A%D8%B9-%D9%81%D9%8A-%D9%83%D9%85%D8%A8%D9%88%D9%86%D8%AF-%D8%B0%D8%A7-%D9%83%D8%B1%D9%8A%D8%B3%D8%AA-%D9%81%D9%8A-%D9%82%D9%84%D8%A8-%D8%A7%D9%84%D8%AA%D8%AC%D9%85%D8%B9-%D8%A7%D9%84%D8%AE%D8%A7%D9%85%D8%B3-%D8%A8%D9%85%D9%82%D8%AF%D9%85-5-%D9%81%D9%82%D8%B7-%D9%88%D8%A7%D9%82%D8%B3%D8%A7%D8%B7-%D8%B9%D9%84%D9%8A-10-%D8%B3%D9%86%D9%88%D8%A7%D8%AA-%D9%85%D8%B9-%D8%A7%D9%82%D9%88%D9%8A-%D9%85%D8%B7%D9%88%D8%B1-%D8%B9%D9%82%D8%A7%D8%B1%D9%8A-%D8%A7%D9%84%D9%83%D8%A7%D8%B2%D8%A7%D8%B1-the-crest-new-cairo-ID503591900.html
غرفة فندقية ألمانية مؤجرة ٣٦٠ الف لمدة ٥٩ سنه,1325000,1,1,10,https://www.dubizzle.com.eg/ad/%D8%BA%D8%B1%D9%81%D8%A9-%D9%81%D9%86%D8%AF%D9%82%D9%8A%D8%A9-%D8%A3%D9%84%D9%85%D8%A7%D9%86%D9%8A%D8%A9-%D9%85%D8%A4%D8%AC%D8%B1%D8%A9-%D9%A3%D9%A6%D9%A0-%D8%A7%D9%84%D9%81-%D9%84%D9%85%D8%AF%D8%A9-%D9%A5%D9%A9-%D8%B3%D9%86%D9%87-ID208555595.html
لسرعه البيع شقه للبيع بفيو لاند سكيب بسعر لقطه فى التجمع الخامس كمبوند هايد بارك بجوار ميفيدا و ليك فيو وجولدن سكوير في قلب القاهره الجديده ريسيل,9970000,3,3,190,https://www.dubizzle.com.eg/ad/%D9%84%D8%B3%D8%B1%D8%B9%D9%87-%D8%A7%D9%84%D8%A8%D9%8A%D8%B9-%D8%B4%D9%82%D9%87-%D9%84%D9%84%D8%A8%D9%8A%D8%B9-%D8%A8%D9%81%D9%8A%D9%88-%D9%84%D8%A7%D9%86%D8%AF-%D8%B3%D9%83%D9%8A%D8%A8-%D8%A8%D8%B3%D8%B9%D8%B1-%D9%84%D9%82%D8%B7%D9%87-%D9%81%D9%89-%D8%A7%D9%84%D8%AA%D8%AC%D9%85%D8%B9-%D8%A7%D9%84%D8%AE%D8%A7%D9%85%D8%B3-%D9%83%D9%85%D8%A8%D9%88%D9%86%D8%AF-%D9%87%D8%A7%D9%8A%D8%AF-%D8%A8%D8%A7%D8%B1%D9%83-%D8%A8%D8%AC%D9%88%D8%A7%D8%B1-%D9%85%D9%8A%D9%81%D9%8A%D8%AF%D8%A7-%D9%88-%D9%84%D9%8A%D9%83-%D9%81%D9%8A%D9%88-%D9%88%D8%AC%D9%88%D9%84%D8%AF%D9%86-%D8%B3%D9%83%D9%88%D9%8A%D8%B1-%D9%81%D9%8A-%D9%82%D9%84%D8%A8-%D8%A7%D9%84%D9%82%D8%A7%D9%87%D8%B1%D9%87-%D8%A7%D9%84%D8%AC%D8%AF%D9%8A%D8%AF%D9%87-%D8%B1%D9%8A%D8%B3%D9%8A%D9%84-ID503903325.html
شقة لقطه للبيع بفيو water features بسعر مميز وبالتقسيط في كمبوند كامل الخدمات والمرافق-سور بسور بمدينتي -كمبوند سراي,2100000,1,1,50,https://www.dubizzle.com.eg/ad/%D8%B4%D9%82%D8%A9-%D9%84%D9%82%D8%B7%D9%87-%D9%84%D9%84%D8%A8%D9%8A%D8%B9-%D8%A8%D9%81%D9%8A%D9%88-water-features-%D8%A8%D8%B3%D8%B9%D8%B1-%D9%85%D9%85%D9%8A%D8%B2-%D9%88%D8%A8%D8%A7%D9%84%D8%AA%D9%82%D8%B3%D9%8A%D8%B7-%D9%81%D9%8A-%D9%83%D9%85%D8%A8%D9%88%D9%86%D8%AF-%D9%83%D8%A7%D9%85%D9%84-%D8%A7%D9%84%D8%AE%D8%AF%D9%85%D8%A7%D8%AA-%D9%88%D8%A7%D9%84%D9%85%D8%B1%D8%A7%D9%81%D9%82-%D8%B3%D9%88%D8%B1-%D8%A8%D8%B3%D9%88%D8%B1-%D8%A8%D9%85%D8%AF%D9%8A%D9%86%D8%AA%D9%8A-%D9%83%D9%85%D8%A8%D9%88%D9%86%D8%AF-%D8%B3%D8%B1%D8%A7%D9%8A-ID503899880.html
اقوى OFFER في الماركت |امتلك شقة متشطبة بالكامل في  نيو هليوبوليس بالقرب من طريق السويس وسور بسور بكمبوند نيو جيزه,7500000,2,2,114,https://www.dubizzle.com.eg/ad/%D8%A7%D9%82%D9%88%D9%89-offer-%D9%81%D9%8A-%D8%A7%D9%84%D9%85%D8%A7%D8%B1%D9%83%D8%AA-%D8%A7%D9%85%D8%AA%D9%84%D9%83-%D8%B4%D9%82%D8%A9-%D9%85%D8%AA%D8%B4%D8%B7%D8%A8%D8%A9-%D8%A8%D8%A7%D9%84%D9%83%D8%A7%D9%85%D9%84-%D9%81%D9%8A-%D9%86%D9%8A%D9%88-%D9%87%D9%84%D9%8A%D9%88%D8%A8%D9%88%D9%84%D9%8A%D8%B3-%D8%A8%D8%A7%D9%84%D9%82%D8%B1%D8%A8-%D9%85%D9%86-%D8%B7%D8%B1%D9%8A%D9%82-%D8%A7%D9%84%D8%B3%D9%88%D9%8A%D8%B3-%D9%88%D8%B3%D9%88%D8%B1-%D8%A8%D8%B3%D9%88%D8%B1-%D8%A8%D9%83%D9%85%D8%A8%D9%88%D9%86%D8%AF-%D9%86%D9%8A%D9%88-%D8%AC%D9%8A%D8%B2%D9%87-ID503843893.html
لسرعه البيع فرصة استثمارية مميزة ستوديو 76 متر للبيع في بلومفيلدز داون تاون مدينة المستقبل غرفة ماستر بأقل من سعر السوق بجوار مدينهامتلك ستوديو مميز د,2200000,1,1,76,https://www.dubizzle.com.eg/ad/%D9%84%D8%B3%D8%B1%D8%B9%D9%87-%D8%A7%D9%84%D8%A8%D9%8A%D8%B9-%D9%81%D8%B1%D8%B5%D8%A9-%D8%A7%D8%B3%D8%AA%D8%AB%D9%85%D8%A7%D8%B1%D9%8A%D8%A9-%D9%85%D9%85%D9%8A%D8%B2%D8%A9-%D8%B3%D8%AA%D9%88%D8%AF%D9%8A%D9%88-76-%D9%85%D8%AA%D8%B1-%D9%84%D9%84%D8%A8%D9%8A%D8%B9-%D9%81%D9%8A-%D8%A8%D9%84%D9%88%D9%85%D9%81%D9%8A%D9%84%D8%AF%D8%B2-%D8%AF%D8%A7%D9%88%D9%86-%D8%AA%D8%A7%D9%88%D9%86-%D9%85%D8%AF%D9%8A%D9%86%D8%A9-%D8%A7%D9%84%D9%85%D8%B3%D8%AA%D9%82%D8%A8%D9%84-%D8%BA%D8%B1%D9%81%D8%A9-%D9%85%D8%A7%D8%B3%D8%AA%D8%B1-%D8%A8%D8%A3%D9%82%D9%84-%D9%85%D9%86-%D8%B3%D8%B9%D8%B1-%D8%A7%D9%84%D8%B3%D9%88%D9%82-%D8%A8%D8%AC%D9%88%D8%A7%D8%B1-%D9%85%D8%AF%D9%8A%D9%86%D9%87%D8%A7%D9%85%D8%AA%D9%84%D9%83-%D8%B3%D8%AA%D9%88%D8%AF%D9%8A%D9%88-%D9%85%D9%85%D9%8A%D8%B2-%D8%AF-ID503903311.html
روف لقطه 400 م دور كامل ومتصالح عليه للبيع في الحي الخامس فيلات في التجمع الخامس,6500000,2,1,400,https://www.dubizzle.com.eg/ad/%D8%B1%D9%88%D9%81-%D9%84%D9%82%D8%B7%D9%87-400-%D9%85-%D8%AF%D9%88%D8%B1-%D9%83%D8%A7%D9%85%D9%84-%D9%88%D9%85%D8%AA%D8%B5%D8%A7%D9%84%D8%AD-%D8%B9%D9%84%D9%8A%D9%87-%D9%84%D9%84%D8%A8%D9%8A%D8%B9-%D9%81%D9%8A-%D8%A7%D9%84%D8%AD%D9%8A-%D8%A7%D9%84%D8%AE%D8%A7%D9%85%D8%B3-%D9%81%D9%8A%D9%84%D8%A7%D8%AA-%D9%81%D9%8A-%D8%A7%D9%84%D8%AA%D8%AC%D9%85%D8%B9-%D8%A7%D9%84%D8%AE%D8%A7%D9%85%D8%B3-ID503882328.html
شقة للبيع هليوبوليس الجديدة ١٥٠ متر,1800000,3,1,150,https://www.dubizzle.com.eg/ad/%D8%B4%D9%82%D8%A9-%D9%84%D9%84%D8%A8%D9%8A%D8%B9-%D9%87%D9%84%D9%8A%D9%88%D8%A8%D9%88%D9%84%D9%8A%D8%B3-%D8%A7%D9%84%D8%AC%D8%AF%D9%8A%D8%AF%D8%A9-%D9%A1%D9%A5%D9%A0-%D9%85%D8%AA%D8%B1-ID208509806.html
شقة كورنر استلام فوري لوكيشن مميز ريسيل اقل سعر في الماركت جاهزة للمعاينة في اي وقت للبيع في كمبوند Palm Hills Capital Gardens,7600000,4,4,264,https://www.dubizzle.com.eg/ad/%D8%B4%D9%82%D8%A9-%D9%83%D9%88%D8%B1%D9%86%D8%B1-%D8%A7%D8%B3%D8%AA%D9%84%D8%A7%D9%85-%D9%81%D9%88%D8%B1%D9%8A-%D9%84%D9%88%D9%83%D9%8A%D8%B4%D9%86-%D9%85%D9%85%D9%8A%D8%B2-%D8%B1%D9%8A%D8%B3%D9%8A%D9%84-%D8%A7%D9%82%D9%84-%D8%B3%D8%B9%D8%B1-%D9%81%D9%8A-%D8%A7%D9%84%D9%85%D8%A7%D8%B1%D9%83%D8%AA-%D8%AC%D8%A7%D9%87%D8%B2%D8%A9-%D9%84%D9%84%D9%85%D8%B9%D8%A7%D9%8A%D9%86%D8%A9-%D9%81%D9%8A-%D8%A7%D9%8A-%D9%88%D9%82%D8%AA-%D9%84%D9%84%D8%A8%D9%8A%D8%B9-%D9%81%D9%8A-%D9%83%D9%85%D8%A8%D9%88%D9%86%D8%AF-palm-hills-capital-gardens-ID503903283.html
شقة بالتقسييط للبيع في كمبوند تاج سيتي Taj city امام مطار القاهرة الدولي و دقايق من مصر الجديدة,11700000,2,2,130,https://www.dubizzle.com.eg/ad/%D8%B4%D9%82%D8%A9-%D8%A8%D8%A7%D9%84%D8%AA%D9%82%D8%B3%D9%8A%D9%8A%D8%B7-%D9%84%D9%84%D8%A8%D9%8A%D8%B9-%D9%81%D9%8A-%D9%83%D9%85%D8%A8%D9%88%D9%86%D8%AF-%D8%AA%D8%A7%D8%AC-%D8%B3%D9%8A%D8%AA%D9%8A-taj-city-%D8%A7%D9%85%D8%A7%D9%85-%D9%85%D8%B7%D8%A7%D8%B1-%D8%A7%D9%84%D9%82%D8%A7%D9%87%D8%B1%D8%A9-%D8%A7%D9%84%D8%AF%D9%88%D9%84%D9%8A-%D9%88-%D8%AF%D9%82%D8%A7%D9%8A%D9%82-%D9%85%D9%86-%D9%85%D8%B5%D8%B1-%D8%A7%D9%84%D8%AC%D8%AF%D9%8A%D8%AF%D8%A9-ID503724510.html
نسبه انشاءات تتخطي ال 45% وبسعر متر طرح اول بخصم 45 % دوبلكس  Corner - view landscape & water features,7433580,3,3,288,https://www.dubizzle.com.eg/ad/%D9%86%D8%B3%D8%A8%D9%87-%D8%A7%D9%86%D8%B4%D8%A7%D8%A1%D8%A7%D8%AA-%D8%AA%D8%AA%D8%AE%D8%B7%D9%8A-%D8%A7%D9%84-45-%D9%88%D8%A8%D8%B3%D8%B9%D8%B1-%D9%85%D8%AA%D8%B1-%D8%B7%D8%B1%D8%AD-%D8%A7%D9%88%D9%84-%D8%A8%D8%AE%D8%B5%D9%85-45-%D8%AF%D9%88%D8%A8%D9%84%D9%83%D8%B3-corner-view-landscape-water-features-ID503903282.html
اقل مقدم وقسط شهري 36 الف في اميز لوكيشن فالتجمع الخامس كمبوند  Isola Quattro 2 امام كمبوند الباتيو اورو ودقايق للمستقبل سيتي والعاصمه الاداريه,4410000,2,2,104,https://www.dubizzle.com.eg/ad/%D8%A7%D9%82%D9%84-%D9%85%D9%82%D8%AF%D9%85-%D9%88%D9%82%D8%B3%D8%B7-%D8%B4%D9%87%D8%B1%D9%8A-36-%D8%A7%D9%84%D9%81-%D9%81%D9%8A-%D8%A7%D9%85%D9%8A%D8%B2-%D9%84%D9%88%D9%83%D9%8A%D8%B4%D9%86-%D9%81%D8%A7%D9%84%D8%AA%D8%AC%D9%85%D8%B9-%D8%A7%D9%84%D8%AE%D8%A7%D9%85%D8%B3-%D9%83%D9%85%D8%A8%D9%88%D9%86%D8%AF-isola-quattro-2-%D8%A7%D9%85%D8%A7%D9%85-%D9%83%D9%85%D8%A8%D9%88%D9%86%D8%AF-%D8%A7%D9%84%D8%A8%D8%A7%D8%AA%D9%8A%D9%88-%D8%A7%D9%88%D8%B1%D9%88-%D9%88%D8%AF%D9%82%D8%A7%D9%8A%D9%82-%D9%84%D9%84%D9%85%D8%B3%D8%AA%D9%82%D8%A8%D9%84-%D8%B3%D9%8A%D8%AA%D9%8A-%D9%88%D8%A7%D9%84%D8%B9%D8%A7%D8%B5%D9%85%D9%87-%D8%A7%D9%84%D8%A7%D8%AF%D8%A7%D8%B1%D9%8A%D9%87-ID503903280.html
شقة في التجمع الخامس بخصم مميز متشطبة على التسعين الجنوبي بالكامل بجاردن للبيع في هايد بارك التجمع الخامس Hyde park New Cairo,17750000,3,3,160,https://www.dubizzle.com.eg/ad/%D8%B4%D9%82%D8%A9-%D9%81%D9%8A-%D8%A7%D9%84%D8%AA%D8%AC%D9%85%D8%B9-%D8%A7%D9%84%D8%AE%D8%A7%D9%85%D8%B3-%D8%A8%D8%AE%D8%B5%D9%85-%D9%85%D9%85%D9%8A%D8%B2-%D9%85%D8%AA%D8%B4%D8%B7%D8%A8%D8%A9-%D8%B9%D9%84%D9%89-%D8%A7%D9%84%D8%AA%D8%B3%D8%B9%D9%8A%D9%86-%D8%A7%D9%84%D8%AC%D9%86%D9%88%D8%A8%D9%8A-%D8%A8%D8%A7%D9%84%D9%83%D8%A7%D9%85%D9%84-%D8%A8%D8%AC%D8%A7%D8%B1%D8%AF%D9%86-%D9%84%D9%84%D8%A8%D9%8A%D8%B9-%D9%81%D9%8A-%D9%87%D8%A7%D9%8A%D8%AF-%D8%A8%D8%A7%D8%B1%D9%83-%D8%A7%D9%84%D8%AA%D8%AC%D9%85%D8%B9-%D8%A7%D9%84%D8%AE%D8%A7%D9%85%D8%B3-hyde-park-new-cairo-ID503739210.html
شقة بخصم كبير بجاردن 3 غرف متشطبة بالكامل للبيع في هايد بارك التجمع الخامس Hyde park New Cairo على التسعين الجنوبي,17750000,3,3,160,https://www.dubizzle.com.eg/ad/%D8%B4%D9%82%D8%A9-%D8%A8%D8%AE%D8%B5%D9%85-%D9%83%D8%A8%D9%8A%D8%B1-%D8%A8%D8%AC%D8%A7%D8%B1%D8%AF%D9%86-3-%D8%BA%D8%B1%D9%81-%D9%85%D8%AA%D8%B4%D8%B7%D8%A8%D8%A9-%D8%A8%D8%A7%D9%84%D9%83%D8%A7%D9%85%D9%84-%D9%84%D9%84%D8%A8%D9%8A%D8%B9-%D9%81%D9%8A-%D9%87%D8%A7%D9%8A%D8%AF-%D8%A8%D8%A7%D8%B1%D9%83-%D8%A7%D9%84%D8%AA%D8%AC%D9%85%D8%B9-%D8%A7%D9%84%D8%AE%D8%A7%D9%85%D8%B3-hyde-park-new-cairo-%D8%B9%D9%84%D9%89-%D8%A7%D9%84%D8%AA%D8%B3%D8%B9%D9%8A%D9%86-%D8%A7%D9%84%D8%AC%D9%86%D9%88%D8%A8%D9%8A-ID503739209.html
دوبلكس للبيع ياسمين ٦ التجمع الأول,16500000,5,5,440,https://www.dubizzle.com.eg/ad/%D8%AF%D9%88%D8%A8%D9%84%D9%83%D8%B3-%D9%84%D9%84%D8%A8%D9%8A%D8%B9-%D9%8A%D8%A7%D8%B3%D9%85%D9%8A%D9%86-%D9%A6-%D8%A7%D9%84%D8%AA%D8%AC%D9%85%D8%B9-%D8%A7%D9%84%D8%A3%D9%88%D9%84-ID207643012.html
بنتهاوس للبيع في كمبوند فيليت سوديك استلام فوري بأقل سعر,27000000,5,4,277,https://www.dubizzle.com.eg/ad/%D8%A8%D9%86%D8%AA%D9%87%D8%A7%D9%88%D8%B3-%D9%84%D9%84%D8%A8%D9%8A%D8%B9-%D9%81%D9%8A-%D9%83%D9%85%D8%A8%D9%88%D9%86%D8%AF-%D9%81%D9%8A%D9%84%D9%8A%D8%AA-%D8%B3%D9%88%D8%AF%D9%8A%D9%83-%D8%A7%D8%B3%D8%AA%D9%84%D8%A7%D9%85-%D9%81%D9%88%D8%B1%D9%8A-%D8%A8%D8%A3%D9%82%D9%84-%D8%B3%D8%B9%D8%B1-ID503899861.html
شقه للبيع في كمبوند الباتيو اورو متشطبه بالمطبخ والتكييفات بسعر مميز جدا,10900000,3,2,165,https://www.dubizzle.com.eg/ad/%D8%B4%D9%82%D9%87-%D9%84%D9%84%D8%A8%D9%8A%D8%B9-%D9%81%D9%8A-%D9%83%D9%85%D8%A8%D9%88%D9%86%D8%AF-%D8%A7%D9%84%D8%A8%D8%A7%D8%AA%D9%8A%D9%88-%D8%A7%D9%88%D8%B1%D9%88-%D9%85%D8%AA%D8%B4%D8%B7%D8%A8%D9%87-%D8%A8%D8%A7%D9%84%D9%85%D8%B7%D8%A8%D8%AE-%D9%88%D8%A7%D9%84%D8%AA%D9%83%D9%8A%D9%8A%D9%81%D8%A7%D8%AA-%D8%A8%D8%B3%D8%B9%D8%B1-%D9%85%D9%85%D9%8A%D8%B2-%D8%AC%D8%AF%D8%A7-ID503901136.html
للبيع شقة استلام فوري بالسعر القديم في ارقى كمبوند في القاهرة الجديدة كمبوند لافيستا بأنظمة سداد مريحه بدون فوايد,14500000,3,3,168,https://www.dubizzle.com.eg/ad/%D9%84%D9%84%D8%A8%D9%8A%D8%B9-%D8%B4%D9%82%D8%A9-%D8%A7%D8%B3%D8%AA%D9%84%D8%A7%D9%85-%D9%81%D9%88%D8%B1%D9%8A-%D8%A8%D8%A7%D9%84%D8%B3%D8%B9%D8%B1-%D8%A7%D9%84%D9%82%D8%AF%D9%8A%D9%85-%D9%81%D9%8A-%D8%A7%D8%B1%D9%82%D9%89-%D9%83%D9%85%D8%A8%D9%88%D9%86%D8%AF-%D9%81%D9%8A-%D8%A7%D9%84%D9%82%D8%A7%D9%87%D8%B1%D8%A9-%D8%A7%D9%84%D8%AC%D8%AF%D9%8A%D8%AF%D8%A9-%D9%83%D9%85%D8%A8%D9%88%D9%86%D8%AF-%D9%84%D8%A7%D9%81%D9%8A%D8%B3%D8%AA%D8%A7-%D8%A8%D8%A3%D9%86%D8%B8%D9%85%D8%A9-%D8%B3%D8%AF%D8%A7%D8%AF-%D9%85%D8%B1%D9%8A%D8%AD%D9%87-%D8%A8%D8%AF%D9%88%D9%86-%D9%81%D9%88%D8%A7%D9%8A%D8%AF-ID503879026.html
شقة للبيع في ليك فيو ريزيدنس 2 التجمع الخامس بمقدم و اقساط موقع مميز اقل من سعر السوق,13900000,3,3,181,https://www.dubizzle.com.eg/ad/%D8%B4%D9%82%D8%A9-%D9%84%D9%84%D8%A8%D9%8A%D8%B9-%D9%81%D9%8A-%D9%84%D9%8A%D9%83-%D9%81%D9%8A%D9%88-%D8%B1%D9%8A%D8%B2%D9%8A%D8%AF%D9%86%D8%B3-2-%D8%A7%D9%84%D8%AA%D8%AC%D9%85%D8%B9-%D8%A7%D9%84%D8%AE%D8%A7%D9%85%D8%B3-%D8%A8%D9%85%D9%82%D8%AF%D9%85-%D9%88-%D8%A7%D9%82%D8%B3%D8%A7%D8%B7-%D9%85%D9%88%D9%82%D8%B9-%D9%85%D9%85%D9%8A%D8%B2-%D8%A7%D9%82%D9%84-%D9%85%D9%86-%D8%B3%D8%B9%D8%B1-%D8%A7%D9%84%D8%B3%D9%88%D9%82-ID503147820.html
شقه بجاردن مميزه 173م في الجولدن سكوير التجمع كمبوند راقي  بجوار ميفيدا,13000000,3,3,173,https://www.dubizzle.com.eg/ad/%D8%B4%D9%82%D9%87-%D8%A8%D8%AC%D8%A7%D8%B1%D8%AF%D9%86-%D9%85%D9%85%D9%8A%D8%B2%D9%87-173%D9%85-%D9%81%D9%8A-%D8%A7%D9%84%D8%AC%D9%88%D9%84%D8%AF%D9%86-%D8%B3%D9%83%D9%88%D9%8A%D8%B1-%D8%A7%D9%84%D8%AA%D8%AC%D9%85%D8%B9-%D9%83%D9%85%D8%A8%D9%88%D9%86%D8%AF-%D8%B1%D8%A7%D9%82%D9%8A-%D8%A8%D8%AC%D9%88%D8%A7%D8%B1-%D9%85%D9%8A%D9%81%D9%8A%D8%AF%D8%A7-ID503900846.html
شقه جاهزه للاستلام والمعاينه للبيع في التجمع الخامس كمبوند ووتر واي متشطبه بالفرش The Waterway New Cairo,19280000,2,2,169,https://www.dubizzle.com.eg/ad/%D8%B4%D9%82%D9%87-%D8%AC%D8%A7%D9%87%D8%B2%D9%87-%D9%84%D9%84%D8%A7%D8%B3%D8%AA%D9%84%D8%A7%D9%85-%D9%88%D8%A7%D9%84%D9%85%D8%B9%D8%A7%D9%8A%D9%86%D9%87-%D9%84%D9%84%D8%A8%D9%8A%D8%B9-%D9%81%D9%8A-%D8%A7%D9%84%D8%AA%D8%AC%D9%85%D8%B9-%D8%A7%D9%84%D8%AE%D8%A7%D9%85%D8%B3-%D9%83%D9%85%D8%A8%D9%88%D9%86%D8%AF-%D9%88%D9%88%D8%AA%D8%B1-%D9%88%D8%A7%D9%8A-%D9%85%D8%AA%D8%B4%D8%B7%D8%A8%D9%87-%D8%A8%D8%A7%D9%84%D9%81%D8%B1%D8%B4-the-waterway-new-cairo-ID503806353.html
بخصم 20% شقة للبيع في لوكيشن مميز اوي دايركت علي محور المطار بجوار الفندق والجامعة الانترناشونال وتاني نمره من النادي في ال R8 بالعاصمة الادارية,3917328,3,2,146,https://www.dubizzle.com.eg/ad/%D8%A8%D8%AE%D8%B5%D9%85-20-%D8%B4%D9%82%D8%A9-%D9%84%D9%84%D8%A8%D9%8A%D8%B9-%D9%81%D9%8A-%D9%84%D9%88%D9%83%D9%8A%D8%B4%D9%86-%D9%85%D9%85%D9%8A%D8%B2-%D8%A7%D9%88%D9%8A-%D8%AF%D8%A7%D9%8A%D8%B1%D9%83%D8%AA-%D8%B9%D9%84%D9%8A-%D9%85%D8%AD%D9%88%D8%B1-%D8%A7%D9%84%D9%85%D8%B7%D8%A7%D8%B1-%D8%A8%D8%AC%D9%88%D8%A7%D8%B1-%D8%A7%D9%84%D9%81%D9%86%D8%AF%D9%82-%D9%88%D8%A7%D9%84%D8%AC%D8%A7%D9%85%D8%B9%D8%A9-%D8%A7%D9%84%D8%A7%D9%86%D8%AA%D8%B1%D9%86%D8%A7%D8%B4%D9%88%D9%86%D8%A7%D9%84-%D9%88%D8%AA%D8%A7%D9%86%D9%8A-%D9%86%D9%85%D8%B1%D9%87-%D9%85%D9%86-%D8%A7%D9%84%D9%86%D8%A7%D8%AF%D9%8A-%D9%81%D9%8A-%D8%A7%D9%84-r8-%D8%A8%D8%A7%D9%84%D8%B9%D8%A7%D8%B5%D9%85%D8%A9-%D8%A7%D9%84%D8%A7%D8%AF%D8%A7%D8%B1%D9%8A%D8%A9-ID503896678.html
"امتلك شقة 169 م² في Layal Residence بقسط يبدأ من 34,286 جنيه شهريًا!",5211562,4,3,169,https://www.dubizzle.com.eg/ad/%D8%A7%D9%85%D8%AA%D9%84%D9%83-%D8%B4%D9%82%D8%A9-169-%D9%852-%D9%81%D9%8A-layal-residence-%D8%A8%D9%82%D8%B3%D8%B7-%D9%8A%D8%A8%D8%AF%D8%A3-%D9%85%D9%86-34286-%D8%AC%D9%86%D9%8A%D9%87-%D8%B4%D9%87%D8%B1%D9%8A%D8%A7-ID503900443.html
دوبلكس استلام فوري في البروج بجوار المركز الطبي العالمي مباشرة,11000000,4,4,270,https://www.dubizzle.com.eg/ad/%D8%AF%D9%88%D8%A8%D9%84%D9%83%D8%B3-%D8%A7%D8%B3%D8%AA%D9%84%D8%A7%D9%85-%D9%81%D9%88%D8%B1%D9%8A-%D9%81%D9%8A-%D8%A7%D9%84%D8%A8%D8%B1%D9%88%D8%AC-%D8%A8%D8%AC%D9%88%D8%A7%D8%B1-%D8%A7%D9%84%D9%85%D8%B1%D9%83%D8%B2-%D8%A7%D9%84%D8%B7%D8%A8%D9%8A-%D8%A7%D9%84%D8%B9%D8%A7%D9%84%D9%85%D9%8A-%D9%85%D8%A8%D8%A7%D8%B4%D8%B1%D8%A9-ID503893642.html
سكن + استثمار شقه للبيع صف اول علي النيل في ابراج Reve du nil  مفروشه بالكامل بالاجهزه والتكييفات بأعلي عائد استثماري بجوار هيلتون دقايق من ازمالك,6200000,1,1,40,https://www.dubizzle.com.eg/ad/%D8%B3%D9%83%D9%86-%D8%A7%D8%B3%D8%AA%D8%AB%D9%85%D8%A7%D8%B1-%D8%B4%D9%82%D9%87-%D9%84%D9%84%D8%A8%D9%8A%D8%B9-%D8%B5%D9%81-%D8%A7%D9%88%D9%84-%D8%B9%D9%84%D9%8A-%D8%A7%D9%84%D9%86%D9%8A%D9%84-%D9%81%D9%8A-%D8%A7%D8%A8%D8%B1%D8%A7%D8%AC-reve-du-nil-%D9%85%D9%81%D8%B1%D9%88%D8%B4%D9%87-%D8%A8%D8%A7%D9%84%D9%83%D8%A7%D9%85%D9%84-%D8%A8%D8%A7%D9%84%D8%A7%D8%AC%D9%87%D8%B2%D9%87-%D9%88%D8%A7%D9%84%D8%AA%D9%83%D9%8A%D9%8A%D9%81%D8%A7%D8%AA-%D8%A8%D8%A3%D8%B9%D9%84%D9%8A-%D8%B9%D8%A7%D8%A6%D8%AF-%D8%A7%D8%B3%D8%AA%D8%AB%D9%85%D8%A7%D8%B1%D9%8A-%D8%A8%D8%AC%D9%88%D8%A7%D8%B1-%D9%87%D9%8A%D9%84%D8%AA%D9%88%D9%86-%D8%AF%D9%82%D8%A7%D9%8A%D9%82-%D9%85%D9%86-%D8%A7%D8%B2%D9%85%D8%A7%D9%84%D9%83-ID503746095.html
"أقل سعر دوبلكس  بحري أرضي بجاردن 61 متر فيولاندسكيب 3 غرف نوم للبيع في هايد بارك – التجمع الخامس القاهرة الجديدةHyde Park  Fifth Settlement, New Cairo",14400000,3,3,211,https://www.dubizzle.com.eg/ad/%D8%A3%D9%82%D9%84-%D8%B3%D8%B9%D8%B1-%D8%AF%D9%88%D8%A8%D9%84%D9%83%D8%B3-%D8%A8%D8%AD%D8%B1%D9%8A-%D8%A3%D8%B1%D8%B6%D9%8A-%D8%A8%D8%AC%D8%A7%D8%B1%D8%AF%D9%86-61-%D9%85%D8%AA%D8%B1-%D9%81%D9%8A%D9%88%D9%84%D8%A7%D9%86%D8%AF%D8%B3%D9%83%D9%8A%D8%A8-3-%D8%BA%D8%B1%D9%81-%D9%86%D9%88%D9%85-%D9%84%D9%84%D8%A8%D9%8A%D8%B9-%D9%81%D9%8A-%D9%87%D8%A7%D9%8A%D8%AF-%D8%A8%D8%A7%D8%B1%D9%83-%D8%A7%D9%84%D8%AA%D8%AC%D9%85%D8%B9-%D8%A7%D9%84%D8%AE%D8%A7%D9%85%D8%B3-%D8%A7%D9%84%D9%82%D8%A7%D9%87%D8%B1%D8%A9-%D8%A7%D9%84%D8%AC%D8%AF%D9%8A%D8%AF%D8%A9hyde-park-fifth-settlement-new-cairo-ID503902145.html
شقة لقطة للبيع بأفضل لوكيشن في الشروق كاملة التشطيب واستلام فوري امام مدينتي وع طريق السويس بكمبوند متكامل الخدمات والمرافق في مايان الشروق Mayan,7700000,3,2,141,https://www.dubizzle.com.eg/ad/%D8%B4%D9%82%D8%A9-%D9%84%D9%82%D8%B7%D8%A9-%D9%84%D9%84%D8%A8%D9%8A%D8%B9-%D8%A8%D8%A3%D9%81%D8%B6%D9%84-%D9%84%D9%88%D9%83%D9%8A%D8%B4%D9%86-%D9%81%D9%8A-%D8%A7%D9%84%D8%B4%D8%B1%D9%88%D9%82-%D9%83%D8%A7%D9%85%D9%84%D8%A9-%D8%A7%D9%84%D8%AA%D8%B4%D8%B7%D9%8A%D8%A8-%D9%88%D8%A7%D8%B3%D8%AA%D9%84%D8%A7%D9%85-%D9%81%D9%88%D8%B1%D9%8A-%D8%A7%D9%85%D8%A7%D9%85-%D9%85%D8%AF%D9%8A%D9%86%D8%AA%D9%8A-%D9%88%D8%B9-%D8%B7%D8%B1%D9%8A%D9%82-%D8%A7%D9%84%D8%B3%D9%88%D9%8A%D8%B3-%D8%A8%D9%83%D9%85%D8%A8%D9%88%D9%86%D8%AF-%D9%85%D8%AA%D9%83%D8%A7%D9%85%D9%84-%D8%A7%D9%84%D8%AE%D8%AF%D9%85%D8%A7%D8%AA-%D9%88%D8%A7%D9%84%D9%85%D8%B1%D8%A7%D9%81%D9%82-%D9%81%D9%8A-%D9%85%D8%A7%D9%8A%D8%A7%D9%86-%D8%A7%D9%84%D8%B4%D8%B1%D9%88%D9%82-mayan-ID503898476.html
شقة استلام فوري في المقصد متشطبة واقساط لحد 10 سنين,3200000,3,2,134,https://www.dubizzle.com.eg/ad/%D8%B4%D9%82%D8%A9-%D8%A7%D8%B3%D8%AA%D9%84%D8%A7%D9%85-%D9%81%D9%88%D8%B1%D9%8A-%D9%81%D9%8A-%D8%A7%D9%84%D9%85%D9%82%D8%B5%D8%AF-%D9%85%D8%AA%D8%B4%D8%B7%D8%A8%D8%A9-%D9%88%D8%A7%D9%82%D8%B3%D8%A7%D8%B7-%D9%84%D8%AD%D8%AF-10-%D8%B3%D9%86%D9%8A%D9%86-ID503486142.html
**للبيع | شقة مميزة في الأندلس – القاهرة الجديدة**  فرصة مميزة لامتلاك شقة في **منطقة الأندلس بالقاهرة الجديدة**، التي تتميز بموقعها الحيوي,2990000,3,1,123,https://www.dubizzle.com.eg/ad/%D9%84%D9%84%D8%A8%D9%8A%D8%B9-%D8%B4%D9%82%D8%A9-%D9%85%D9%85%D9%8A%D8%B2%D8%A9-%D9%81%D9%8A-%D8%A7%D9%84%D8%A3%D9%86%D8%AF%D9%84%D8%B3-%D8%A7%D9%84%D9%82%D8%A7%D9%87%D8%B1%D8%A9-%D8%A7%D9%84%D8%AC%D8%AF%D9%8A%D8%AF%D8%A9-%D9%81%D8%B1%D8%B5%D8%A9-%D9%85%D9%85%D9%8A%D8%B2%D8%A9-%D9%84%D8%A7%D9%85%D8%AA%D9%84%D8%A7%D9%83-%D8%B4%D9%82%D8%A9-%D9%81%D9%8A-%D9%85%D9%86%D8%B7%D9%82%D8%A9-%D8%A7%D9%84%D8%A3%D9%86%D8%AF%D9%84%D8%B3-%D8%A8%D8%A7%D9%84%D9%82%D8%A7%D9%87%D8%B1%D8%A9-%D8%A7%D9%84%D8%AC%D8%AF%D9%8A%D8%AF%D8%A9-%D8%A7%D9%84%D8%AA%D9%8A-%D8%AA%D8%AA%D9%85%D9%8A%D8%B2-%D8%A8%D9%85%D9%88%D9%82%D8%B9%D9%87%D8%A7-%D8%A7%D9%84%D8%AD%D9%8A%D9%88%D9%8A-ID503902129.html
دوبلكس للبيع (770م) الترا سوبر لوكس فى الحى السابع فيلات بجوار بلازا مول,10000000,4,3,770,https://www.dubizzle.com.eg/ad/%D8%AF%D9%88%D8%A8%D9%84%D9%83%D8%B3-%D9%84%D9%84%D8%A8%D9%8A%D8%B9-770%D9%85-%D8%A7%D9%84%D8%AA%D8%B1%D8%A7-%D8%B3%D9%88%D8%A8%D8%B1-%D9%84%D9%88%D9%83%D8%B3-%D9%81%D9%89-%D8%A7%D9%84%D8%AD%D9%89-%D8%A7%D9%84%D8%B3%D8%A7%D8%A8%D8%B9-%D9%81%D9%8A%D9%84%D8%A7%D8%AA-%D8%A8%D8%AC%D9%88%D8%A7%D8%B1-%D8%A8%D9%84%D8%A7%D8%B2%D8%A7-%D9%85%D9%88%D9%84-ID503901856.html
شقة للبيع بتشطيب سوبر لوكس في دجلة المعادي,5300000,2,1,127,https://www.dubizzle.com.eg/ad/%D8%B4%D9%82%D8%A9-%D9%84%D9%84%D8%A8%D9%8A%D8%B9-%D8%A8%D8%AA%D8%B4%D8%B7%D9%8A%D8%A8-%D8%B3%D9%88%D8%A8%D8%B1-%D9%84%D9%88%D9%83%D8%B3-%D9%81%D9%8A-%D8%AF%D8%AC%D9%84%D8%A9-%D8%A7%D9%84%D9%85%D8%B9%D8%A7%D8%AF%D9%8A-ID503902087.html
شقة روف للبيع الترا سوبر لوكس فى الحى التاسع بالقرب من شارع الثقافة,4700000,3,2,300,https://www.dubizzle.com.eg/ad/%D8%B4%D9%82%D8%A9-%D8%B1%D9%88%D9%81-%D9%84%D9%84%D8%A8%D9%8A%D8%B9-%D8%A7%D9%84%D8%AA%D8%B1%D8%A7-%D8%B3%D9%88%D8%A8%D8%B1-%D9%84%D9%88%D9%83%D8%B3-%D9%81%D9%89-%D8%A7%D9%84%D8%AD%D9%89-%D8%A7%D9%84%D8%AA%D8%A7%D8%B3%D8%B9-%D8%A8%D8%A7%D9%84%D9%82%D8%B1%D8%A8-%D9%85%D9%86-%D8%B4%D8%A7%D8%B1%D8%B9-%D8%A7%D9%84%D8%AB%D9%82%D8%A7%D9%81%D8%A9-ID503901908.html
شقة للبيع سوبر لوكس فى الحى التانى بجوار مدرسة القديس يوسف,3000000,3,1,130,https://www.dubizzle.com.eg/ad/%D8%B4%D9%82%D8%A9-%D9%84%D9%84%D8%A8%D9%8A%D8%B9-%D8%B3%D9%88%D8%A8%D8%B1-%D9%84%D9%88%D9%83%D8%B3-%D9%81%D9%89-%D8%A7%D9%84%D8%AD%D9%89-%D8%A7%D9%84%D8%AA%D8%A7%D9%86%D9%89-%D8%A8%D8%AC%D9%88%D8%A7%D8%B1-%D9%85%D8%AF%D8%B1%D8%B3%D8%A9-%D8%A7%D9%84%D9%82%D8%AF%D9%8A%D8%B3-%D9%8A%D9%88%D8%B3%D9%81-ID503901871.html
اسكن في الحي السابع فيلات بأميز لوكيشن وقسط لحد ١٨ شهر,6000000,4,3,220,https://www.dubizzle.com.eg/ad/%D8%A7%D8%B3%D9%83%D9%86-%D9%81%D9%8A-%D8%A7%D9%84%D8%AD%D9%8A-%D8%A7%D9%84%D8%B3%D8%A7%D8%A8%D8%B9-%D9%81%D9%8A%D9%84%D8%A7%D8%AA-%D8%A8%D8%A3%D9%85%D9%8A%D8%B2-%D9%84%D9%88%D9%83%D9%8A%D8%B4%D9%86-%D9%88%D9%82%D8%B3%D8%B7-%D9%84%D8%AD%D8%AF-%D9%A1%D9%A8-%D8%B4%D9%87%D8%B1-ID503901857.html
"بقسط شهري 35 الف شقة للبيع في التجمع الخامس كمبوند سراي جاهزة للمعاينة بجوار مدينتي sarai new cairo , madinaty - دقايق من هايد بارك و بلومفيلدز",3960000,3,2,133,https://www.dubizzle.com.eg/ad/%D8%A8%D9%82%D8%B3%D8%B7-%D8%B4%D9%87%D8%B1%D9%8A-35-%D8%A7%D9%84%D9%81-%D8%B4%D9%82%D8%A9-%D9%84%D9%84%D8%A8%D9%8A%D8%B9-%D9%81%D9%8A-%D8%A7%D9%84%D8%AA%D8%AC%D9%85%D8%B9-%D8%A7%D9%84%D8%AE%D8%A7%D9%85%D8%B3-%D9%83%D9%85%D8%A8%D9%88%D9%86%D8%AF-%D8%B3%D8%B1%D8%A7%D9%8A-%D8%AC%D8%A7%D9%87%D8%B2%D8%A9-%D9%84%D9%84%D9%85%D8%B9%D8%A7%D9%8A%D9%86%D8%A9-%D8%A8%D8%AC%D9%88%D8%A7%D8%B1-%D9%85%D8%AF%D9%8A%D9%86%D8%AA%D9%8A-sarai-new-cairo-madinaty-%D8%AF%D9%82%D8%A7%D9%8A%D9%82-%D9%85%D9%86-%D9%87%D8%A7%D9%8A%D8%AF-%D8%A8%D8%A7%D8%B1%D9%83-%D9%88-%D8%A8%D9%84%D9%88%D9%85%D9%81%D9%8A%D9%84%D8%AF%D8%B2-ID503900050.html
عمارات الفردوس خلف النادي الأهلي,4750000,3,2,150,https://www.dubizzle.com.eg/ad/%D8%B9%D9%85%D8%A7%D8%B1%D8%A7%D8%AA-%D8%A7%D9%84%D9%81%D8%B1%D8%AF%D9%88%D8%B3-%D8%AE%D9%84%D9%81-%D8%A7%D9%84%D9%86%D8%A7%D8%AF%D9%8A-%D8%A7%D9%84%D8%A3%D9%87%D9%84%D9%8A-ID208105627.html
اقل سعر شقه في سراي - استلام فوري - مساحه مميزه - فييو فيلات - برايم لوكيشن -  for sale in sarai with best price in market,5460000,3,3,172,https://www.dubizzle.com.eg/ad/%D8%A7%D9%82%D9%84-%D8%B3%D8%B9%D8%B1-%D8%B4%D9%82%D9%87-%D9%81%D9%8A-%D8%B3%D8%B1%D8%A7%D9%8A-%D8%A7%D8%B3%D8%AA%D9%84%D8%A7%D9%85-%D9%81%D9%88%D8%B1%D9%8A-%D9%85%D8%B3%D8%A7%D8%AD%D9%87-%D9%85%D9%85%D9%8A%D8%B2%D9%87-%D9%81%D9%8A%D9%8A%D9%88-%D9%81%D9%8A%D9%84%D8%A7%D8%AA-%D8%A8%D8%B1%D8%A7%D9%8A%D9%85-%D9%84%D9%88%D9%83%D9%8A%D8%B4%D9%86-for-sale-in-sarai-with-best-price-in-market-ID503900098.html
شقه للبيع | شقة مميزة في مدينتي – B15 - تشطيب الترا سوبر لوكس | بتشطيبات فندقيه - Madinty,6000000,2,2,101,https://www.dubizzle.com.eg/ad/%D8%B4%D9%82%D9%87-%D9%84%D9%84%D8%A8%D9%8A%D8%B9-%D8%B4%D9%82%D8%A9-%D9%85%D9%85%D9%8A%D8%B2%D8%A9-%D9%81%D9%8A-%D9%85%D8%AF%D9%8A%D9%86%D8%AA%D9%8A-b15-%D8%AA%D8%B4%D8%B7%D9%8A%D8%A8-%D8%A7%D9%84%D8%AA%D8%B1%D8%A7-%D8%B3%D9%88%D8%A8%D8%B1-%D9%84%D9%88%D9%83%D8%B3-%D8%A8%D8%AA%D8%B4%D8%B7%D9%8A%D8%A8%D8%A7%D8%AA-%D9%81%D9%86%D8%AF%D9%82%D9%8A%D9%87-madinty-ID503899449.html
شقة للبيع فى جاليريا مون ڤالى  galleria moon valley  متشطبة الترا سوبر لوكس بلتكيفات و افضل لوكيشن و افضل سعر,8700000,3,2,156,https://www.dubizzle.com.eg/ad/%D8%B4%D9%82%D8%A9-%D9%84%D9%84%D8%A8%D9%8A%D8%B9-%D9%81%D9%89-%D8%AC%D8%A7%D9%84%D9%8A%D8%B1%D9%8A%D8%A7-%D9%85%D9%88%D9%86-%DA%A4%D8%A7%D9%84%D9%89-galleria-moon-valley-%D9%85%D8%AA%D8%B4%D8%B7%D8%A8%D8%A9-%D8%A7%D9%84%D8%AA%D8%B1%D8%A7-%D8%B3%D9%88%D8%A8%D8%B1-%D9%84%D9%88%D9%83%D8%B3-%D8%A8%D9%84%D8%AA%D9%83%D9%8A%D9%81%D8%A7%D8%AA-%D9%88-%D8%A7%D9%81%D8%B6%D9%84-%D9%84%D9%88%D9%83%D9%8A%D8%B4%D9%86-%D9%88-%D8%A7%D9%81%D8%B6%D9%84-%D8%B3%D8%B9%D8%B1-ID503750293.html
اقل من سعر السوق شقة كورنر متشطبة بالكامل للبيع فى هيلز نيو كايرو Palm Hills New Cairo فى موقع متميز ڤيو مفتوح على الڤيلات و يوجد تكييفات استلام فورى,10000000,3,3,186,https://www.dubizzle.com.eg/ad/%D8%A7%D9%82%D9%84-%D9%85%D9%86-%D8%B3%D8%B9%D8%B1-%D8%A7%D9%84%D8%B3%D9%88%D9%82-%D8%B4%D9%82%D8%A9-%D9%83%D9%88%D8%B1%D9%86%D8%B1-%D9%85%D8%AA%D8%B4%D8%B7%D8%A8%D8%A9-%D8%A8%D8%A7%D9%84%D9%83%D8%A7%D9%85%D9%84-%D9%84%D9%84%D8%A8%D9%8A%D8%B9-%D9%81%D9%89-%D9%87%D9%8A%D9%84%D8%B2-%D9%86%D9%8A%D9%88-%D9%83%D8%A7%D9%8A%D8%B1%D9%88-palm-hills-new-cairo-%D9%81%D9%89-%D9%85%D9%88%D9%82%D8%B9-%D9%85%D8%AA%D9%85%D9%8A%D8%B2-%DA%A4%D9%8A%D9%88-%D9%85%D9%81%D8%AA%D9%88%D8%AD-%D8%B9%D9%84%D9%89-%D8%A7%D9%84%DA%A4%D9%8A%D9%84%D8%A7%D8%AA-%D9%88-%D9%8A%D9%88%D8%AC%D8%AF-%D8%AA%D9%83%D9%8A%D9%8A%D9%81%D8%A7%D8%AA-%D8%A7%D8%B3%D8%AA%D9%84%D8%A7%D9%85-%D9%81%D9%88%D8%B1%D9%89-ID503597161.html
شقه متشطبه تشطيب راقى بامطبخ و الدريسنج  فى ذا سكوير  The square على فيو مساحات خضراء,7800000,3,3,165,https://www.dubizzle.com.eg/ad/%D8%B4%D9%82%D9%87-%D9%85%D8%AA%D8%B4%D8%B7%D8%A8%D9%87-%D8%AA%D8%B4%D8%B7%D9%8A%D8%A8-%D8%B1%D8%A7%D9%82%D9%89-%D8%A8%D8%A7%D9%85%D8%B7%D8%A8%D8%AE-%D9%88-%D8%A7%D9%84%D8%AF%D8%B1%D9%8A%D8%B3%D9%86%D8%AC-%D9%81%D9%89-%D8%B0%D8%A7-%D8%B3%D9%83%D9%88%D9%8A%D8%B1-the-square-%D8%B9%D9%84%D9%89-%D9%81%D9%8A%D9%88-%D9%85%D8%B3%D8%A7%D8%AD%D8%A7%D8%AA-%D8%AE%D8%B6%D8%B1%D8%A7%D8%A1-ID503718290.html
شقة  3 نوم للبيع دايركت ع الاند سكيب 191م دبل فيو في كومباند هايد بارك التجمع الخامس القاهرة الجديدة  Hyde Park Compound Fifth Settlement,14566000,3,3,191,https://www.dubizzle.com.eg/ad/%D8%B4%D9%82%D8%A9-3-%D9%86%D9%88%D9%85-%D9%84%D9%84%D8%A8%D9%8A%D8%B9-%D8%AF%D8%A7%D9%8A%D8%B1%D9%83%D8%AA-%D8%B9-%D8%A7%D9%84%D8%A7%D9%86%D8%AF-%D8%B3%D9%83%D9%8A%D8%A8-191%D9%85-%D8%AF%D8%A8%D9%84-%D9%81%D9%8A%D9%88-%D9%81%D9%8A-%D9%83%D9%88%D9%85%D8%A8%D8%A7%D9%86%D8%AF-%D9%87%D8%A7%D9%8A%D8%AF-%D8%A8%D8%A7%D8%B1%D9%83-%D8%A7%D9%84%D8%AA%D8%AC%D9%85%D8%B9-%D8%A7%D9%84%D8%AE%D8%A7%D9%85%D8%B3-%D8%A7%D9%84%D9%82%D8%A7%D9%87%D8%B1%D8%A9-%D8%A7%D9%84%D8%AC%D8%AF%D9%8A%D8%AF%D8%A9-hyde-park-compound-fifth-settlement-ID503721894.html
شقة استلام فوري جاهزة ع السكن للبيع 2 نوم برايم لوكيشن في كومباند هايد بارك التجمع الخامس القاهرة الجديدة Hyde Park Compound Fifth Settlement New Cair,9000000,2,3,130,https://www.dubizzle.com.eg/ad/%D8%B4%D9%82%D8%A9-%D8%A7%D8%B3%D8%AA%D9%84%D8%A7%D9%85-%D9%81%D9%88%D8%B1%D9%8A-%D8%AC%D8%A7%D9%87%D8%B2%D8%A9-%D8%B9-%D8%A7%D9%84%D8%B3%D9%83%D9%86-%D9%84%D9%84%D8%A8%D9%8A%D8%B9-2-%D9%86%D9%88%D9%85-%D8%A8%D8%B1%D8%A7%D9%8A%D9%85-%D9%84%D9%88%D9%83%D9%8A%D8%B4%D9%86-%D9%81%D9%8A-%D9%83%D9%88%D9%85%D8%A8%D8%A7%D9%86%D8%AF-%D9%87%D8%A7%D9%8A%D8%AF-%D8%A8%D8%A7%D8%B1%D9%83-%D8%A7%D9%84%D8%AA%D8%AC%D9%85%D8%B9-%D8%A7%D9%84%D8%AE%D8%A7%D9%85%D8%B3-%D8%A7%D9%84%D9%82%D8%A7%D9%87%D8%B1%D8%A9-%D8%A7%D9%84%D8%AC%D8%AF%D9%8A%D8%AF%D8%A9-hyde-park-compound-fifth-settlement-new-cair-ID503721629.html
دوبلكس 260م باقل مقدم و اقساط اميز لوكيشن اوبن فيو في هايد بارك التجمع الخامس القاهرة الجديدة بجوار ماونتن فيو اي سيتي  Hyde park New cairo,13000000,3,3,260,https://www.dubizzle.com.eg/ad/%D8%AF%D9%88%D8%A8%D9%84%D9%83%D8%B3-260%D9%85-%D8%A8%D8%A7%D9%82%D9%84-%D9%85%D9%82%D8%AF%D9%85-%D9%88-%D8%A7%D9%82%D8%B3%D8%A7%D8%B7-%D8%A7%D9%85%D9%8A%D8%B2-%D9%84%D9%88%D9%83%D9%8A%D8%B4%D9%86-%D8%A7%D9%88%D8%A8%D9%86-%D9%81%D9%8A%D9%88-%D9%81%D9%8A-%D9%87%D8%A7%D9%8A%D8%AF-%D8%A8%D8%A7%D8%B1%D9%83-%D8%A7%D9%84%D8%AA%D8%AC%D9%85%D8%B9-%D8%A7%D9%84%D8%AE%D8%A7%D9%85%D8%B3-%D8%A7%D9%84%D9%82%D8%A7%D9%87%D8%B1%D8%A9-%D8%A7%D9%84%D8%AC%D8%AF%D9%8A%D8%AF%D8%A9-%D8%A8%D8%AC%D9%88%D8%A7%D8%B1-%D9%85%D8%A7%D9%88%D9%86%D8%AA%D9%86-%D9%81%D9%8A%D9%88-%D8%A7%D9%8A-%D8%B3%D9%8A%D8%AA%D9%8A-hyde-park-new-cairo-ID503290605.html
شقة للبيع فى العاصمة كمباوند المقصد,3414000,3,2,121,https://www.dubizzle.com.eg/ad/%D8%B4%D9%82%D8%A9-%D9%84%D9%84%D8%A8%D9%8A%D8%B9-%D9%81%D9%89-%D8%A7%D9%84%D8%B9%D8%A7%D8%B5%D9%85%D8%A9-%D9%83%D9%85%D8%A8%D8%A7%D9%88%D9%86%D8%AF-%D8%A7%D9%84%D9%85%D9%82%D8%B5%D8%AF-ID208646870.html
شقة بخصم مميز بجاردن بفيو مميز علي لاجون متشطبة بالكامل للبيع في بالم هيلز التجمع palm hills new cairo,13245000,2,2,114,https://www.dubizzle.com.eg/ad/%D8%B4%D9%82%D8%A9-%D8%A8%D8%AE%D8%B5%D9%85-%D9%85%D9%85%D9%8A%D8%B2-%D8%A8%D8%AC%D8%A7%D8%B1%D8%AF%D9%86-%D8%A8%D9%81%D9%8A%D9%88-%D9%85%D9%85%D9%8A%D8%B2-%D8%B9%D9%84%D9%8A-%D9%84%D8%A7%D8%AC%D9%88%D9%86-%D9%85%D8%AA%D8%B4%D8%B7%D8%A8%D8%A9-%D8%A8%D8%A7%D9%84%D9%83%D8%A7%D9%85%D9%84-%D9%84%D9%84%D8%A8%D9%8A%D8%B9-%D9%81%D9%8A-%D8%A8%D8%A7%D9%84%D9%85-%D9%87%D9%8A%D9%84%D8%B2-%D8%A7%D9%84%D8%AA%D8%AC%D9%85%D8%B9-palm-hills-new-cairo-ID503735743.html
شقة متشطبة بالكامل بتراس استلام فوري امام المركز الطبي العالمي للبيع في كمبوند البروج,12000000,3,2,253,https://www.dubizzle.com.eg/ad/%D8%B4%D9%82%D8%A9-%D9%85%D8%AA%D8%B4%D8%B7%D8%A8%D8%A9-%D8%A8%D8%A7%D9%84%D9%83%D8%A7%D9%85%D9%84-%D8%A8%D8%AA%D8%B1%D8%A7%D8%B3-%D8%A7%D8%B3%D8%AA%D9%84%D8%A7%D9%85-%D9%81%D9%88%D8%B1%D9%8A-%D8%A7%D9%85%D8%A7%D9%85-%D8%A7%D9%84%D9%85%D8%B1%D9%83%D8%B2-%D8%A7%D9%84%D8%B7%D8%A8%D9%8A-%D8%A7%D9%84%D8%B9%D8%A7%D9%84%D9%85%D9%8A-%D9%84%D9%84%D8%A8%D9%8A%D8%B9-%D9%81%D9%8A-%D9%83%D9%85%D8%A8%D9%88%D9%86%D8%AF-%D8%A7%D9%84%D8%A8%D8%B1%D9%88%D8%AC-ID503744668.html
شقة امام مطار القاهرة الدولي للبيع في كمبوند تاج سيتي Taj city  دقايق من مصر الجديدة,10000000,2,2,115,https://www.dubizzle.com.eg/ad/%D8%B4%D9%82%D8%A9-%D8%A7%D9%85%D8%A7%D9%85-%D9%85%D8%B7%D8%A7%D8%B1-%D8%A7%D9%84%D9%82%D8%A7%D9%87%D8%B1%D8%A9-%D8%A7%D9%84%D8%AF%D9%88%D9%84%D9%8A-%D9%84%D9%84%D8%A8%D9%8A%D8%B9-%D9%81%D9%8A-%D9%83%D9%85%D8%A8%D9%88%D9%86%D8%AF-%D8%AA%D8%A7%D8%AC-%D8%B3%D9%8A%D8%AA%D9%8A-taj-city-%D8%AF%D9%82%D8%A7%D9%8A%D9%82-%D9%85%D9%86-%D9%85%D8%B5%D8%B1-%D8%A7%D9%84%D8%AC%D8%AF%D9%8A%D8%AF%D8%A9-ID503724505.html
شقة  بجاردن بالتكييفات متشطبة استلام فوري  في كمبوند راقي فيفث سكوير من المراسم,15260000,3,3,160,https://www.dubizzle.com.eg/ad/%D8%B4%D9%82%D8%A9-%D8%A8%D8%AC%D8%A7%D8%B1%D8%AF%D9%86-%D8%A8%D8%A7%D9%84%D8%AA%D9%83%D9%8A%D9%8A%D9%81%D8%A7%D8%AA-%D9%85%D8%AA%D8%B4%D8%B7%D8%A8%D8%A9-%D8%A7%D8%B3%D8%AA%D9%84%D8%A7%D9%85-%D9%81%D9%88%D8%B1%D9%8A-%D9%81%D9%8A-%D9%83%D9%85%D8%A8%D9%88%D9%86%D8%AF-%D8%B1%D8%A7%D9%82%D9%8A-%D9%81%D9%8A%D9%81%D8%AB-%D8%B3%D9%83%D9%88%D9%8A%D8%B1-%D9%85%D9%86-%D8%A7%D9%84%D9%85%D8%B1%D8%A7%D8%B3%D9%85-ID503744670.html
شقة  في بالم هيلز التجمع  بجاردن بفيو مميز علي لاجون متشطبة بالكامل للبيع palm hills new cairo,13245000,2,2,114,https://www.dubizzle.com.eg/ad/%D8%B4%D9%82%D8%A9-%D9%81%D9%8A-%D8%A8%D8%A7%D9%84%D9%85-%D9%87%D9%8A%D9%84%D8%B2-%D8%A7%D9%84%D8%AA%D8%AC%D9%85%D8%B9-%D8%A8%D8%AC%D8%A7%D8%B1%D8%AF%D9%86-%D8%A8%D9%81%D9%8A%D9%88-%D9%85%D9%85%D9%8A%D8%B2-%D8%B9%D9%84%D9%8A-%D9%84%D8%A7%D8%AC%D9%88%D9%86-%D9%85%D8%AA%D8%B4%D8%B7%D8%A8%D8%A9-%D8%A8%D8%A7%D9%84%D9%83%D8%A7%D9%85%D9%84-%D9%84%D9%84%D8%A8%D9%8A%D8%B9-palm-hills-new-cairo-ID503744676.html
دوبلكس بفيو على اللاجون بخصم 50% في القاهرة الجديدة علي طريق السويس بالقرب من مدينتي ودقائق من هايد بارك التجمع,9100000,3,2,212,https://www.dubizzle.com.eg/ad/%D8%AF%D9%88%D8%A8%D9%84%D9%83%D8%B3-%D8%A8%D9%81%D9%8A%D9%88-%D8%B9%D9%84%D9%89-%D8%A7%D9%84%D9%84%D8%A7%D8%AC%D9%88%D9%86-%D8%A8%D8%AE%D8%B5%D9%85-50-%D9%81%D9%8A-%D8%A7%D9%84%D9%82%D8%A7%D9%87%D8%B1%D8%A9-%D8%A7%D9%84%D8%AC%D8%AF%D9%8A%D8%AF%D8%A9-%D8%B9%D9%84%D9%8A-%D8%B7%D8%B1%D9%8A%D9%82-%D8%A7%D9%84%D8%B3%D9%88%D9%8A%D8%B3-%D8%A8%D8%A7%D9%84%D9%82%D8%B1%D8%A8-%D9%85%D9%86-%D9%85%D8%AF%D9%8A%D9%86%D8%AA%D9%8A-%D9%88%D8%AF%D9%82%D8%A7%D8%A6%D9%82-%D9%85%D9%86-%D9%87%D8%A7%D9%8A%D8%AF-%D8%A8%D8%A7%D8%B1%D9%83-%D8%A7%D9%84%D8%AA%D8%AC%D9%85%D8%B9-ID503903261.html
شقة للبيع ٣٠٠م تصلح جميع الانشطة بقلب روكسي,7000000,3,3,300,https://www.dubizzle.com.eg/ad/%D8%B4%D9%82%D8%A9-%D9%84%D9%84%D8%A8%D9%8A%D8%B9-%D9%A3%D9%A0%D9%A0%D9%85-%D8%AA%D8%B5%D9%84%D8%AD-%D8%AC%D9%85%D9%8A%D8%B9-%D8%A7%D9%84%D8%A7%D9%86%D8%B4%D8%B7%D8%A9-%D8%A8%D9%82%D9%84%D8%A8-%D8%B1%D9%88%D9%83%D8%B3%D9%8A-ID202171641.html
شقه للبيع في موقع مميز في مدينة نصر 185م تشطيب الترا سوبر لوكس,4450000,3,2,185,https://www.dubizzle.com.eg/ad/%D8%B4%D9%82%D9%87-%D9%84%D9%84%D8%A8%D9%8A%D8%B9-%D9%81%D9%8A-%D9%85%D9%88%D9%82%D8%B9-%D9%85%D9%85%D9%8A%D8%B2-%D9%81%D9%8A-%D9%85%D8%AF%D9%8A%D9%86%D8%A9-%D9%86%D8%B5%D8%B1-185%D9%85-%D8%AA%D8%B4%D8%B7%D9%8A%D8%A8-%D8%A7%D9%84%D8%AA%D8%B1%D8%A7-%D8%B3%D9%88%D8%A8%D8%B1-%D9%84%D9%88%D9%83%D8%B3-ID503863925.html
شقة للبيع المنطقة الأولى في المربع الدهبي متفرع من شارع الطيران و عباس,3400000,2,2,135,https://www.dubizzle.com.eg/ad/%D8%B4%D9%82%D8%A9-%D9%84%D9%84%D8%A8%D9%8A%D8%B9-%D8%A7%D9%84%D9%85%D9%86%D8%B7%D9%82%D8%A9-%D8%A7%D9%84%D8%A3%D9%88%D9%84%D9%89-%D9%81%D9%8A-%D8%A7%D9%84%D9%85%D8%B1%D8%A8%D8%B9-%D8%A7%D9%84%D8%AF%D9%87%D8%A8%D9%8A-%D9%85%D8%AA%D9%81%D8%B1%D8%B9-%D9%85%D9%86-%D8%B4%D8%A7%D8%B1%D8%B9-%D8%A7%D9%84%D8%B7%D9%8A%D8%B1%D8%A7%D9%86-%D9%88-%D8%B9%D8%A8%D8%A7%D8%B3-ID208623334.html
شقة مميزة 96م للبيع في مدينتي – B11 (كاش),5850000,2,2,96,https://www.dubizzle.com.eg/ad/%D8%B4%D9%82%D8%A9-%D9%85%D9%85%D9%8A%D8%B2%D8%A9-96%D9%85-%D9%84%D9%84%D8%A8%D9%8A%D8%B9-%D9%81%D9%8A-%D9%85%D8%AF%D9%8A%D9%86%D8%AA%D9%8A-b11-%D9%83%D8%A7%D8%B4-ID503901531.html
شقة بالدور الثالث ١٥٠ متر  بدون تشطيب-عرب الجسر السويس,2000000,3,2,150,https://www.dubizzle.com.eg/ad/%D8%B4%D9%82%D8%A9-%D8%A8%D8%A7%D9%84%D8%AF%D9%88%D8%B1-%D8%A7%D9%84%D8%AB%D8%A7%D9%84%D8%AB-%D9%A1%D9%A5%D9%A0-%D9%85%D8%AA%D8%B1-%D8%A8%D8%AF%D9%88%D9%86-%D8%AA%D8%B4%D8%B7%D9%8A%D8%A8-%D8%B9%D8%B1%D8%A8-%D8%A7%D9%84%D8%AC%D8%B3%D8%B1-%D8%A7%D9%84%D8%B3%D9%88%D9%8A%D8%B3-ID202971977.html
بنتهاوس للبيع في كمبوند فيفث سكويرالمراسم استلام فوري بالتكييفات,11034000,3,3,167,https://www.dubizzle.com.eg/ad/%D8%A8%D9%86%D8%AA%D9%87%D8%A7%D9%88%D8%B3-%D9%84%D9%84%D8%A8%D9%8A%D8%B9-%D9%81%D9%8A-%D9%83%D9%85%D8%A8%D9%88%D9%86%D8%AF-%D9%81%D9%8A%D9%81%D8%AB-%D8%B3%D9%83%D9%88%D9%8A%D8%B1%D8%A7%D9%84%D9%85%D8%B1%D8%A7%D8%B3%D9%85-%D8%A7%D8%B3%D8%AA%D9%84%D8%A7%D9%85-%D9%81%D9%88%D8%B1%D9%8A-%D8%A8%D8%A7%D9%84%D8%AA%D9%83%D9%8A%D9%8A%D9%81%D8%A7%D8%AA-ID503897531.html
شقة دور أول للبيع 129م2  تشطيب كامل و إطلالة مفتوحة  بدون مقدم و نظام أقساط مؤجلة  في سوديك إيستفيل هليوبليس الجديدة,15493000,2,2,129,https://www.dubizzle.com.eg/ad/%D8%B4%D9%82%D8%A9-%D8%AF%D9%88%D8%B1-%D8%A3%D9%88%D9%84-%D9%84%D9%84%D8%A8%D9%8A%D8%B9-129%D9%852-%D8%AA%D8%B4%D8%B7%D9%8A%D8%A8-%D9%83%D8%A7%D9%85%D9%84-%D9%88-%D8%A5%D8%B7%D9%84%D8%A7%D9%84%D8%A9-%D9%85%D9%81%D8%AA%D9%88%D8%AD%D8%A9-%D8%A8%D8%AF%D9%88%D9%86-%D9%85%D9%82%D8%AF%D9%85-%D9%88-%D9%86%D8%B8%D8%A7%D9%85-%D8%A3%D9%82%D8%B3%D8%A7%D8%B7-%D9%85%D8%A4%D8%AC%D9%84%D8%A9-%D9%81%D9%8A-%D8%B3%D9%88%D8%AF%D9%8A%D9%83-%D8%A5%D9%8A%D8%B3%D8%AA%D9%81%D9%8A%D9%84-%D9%87%D9%84%D9%8A%D9%88%D8%A8%D9%84%D9%8A%D8%B3-%D8%A7%D9%84%D8%AC%D8%AF%D9%8A%D8%AF%D8%A9-ID503824713.html
شقة للبيع موقع متميز استلام فوري 10% مقدم و الباقي تقسيط في كريك تاون القاهرة الجديدة  by Il Cazar,12375000,3,3,165,https://www.dubizzle.com.eg/ad/%D8%B4%D9%82%D8%A9-%D9%84%D9%84%D8%A8%D9%8A%D8%B9-%D9%85%D9%88%D9%82%D8%B9-%D9%85%D8%AA%D9%85%D9%8A%D8%B2-%D8%A7%D8%B3%D8%AA%D9%84%D8%A7%D9%85-%D9%81%D9%88%D8%B1%D9%8A-10-%D9%85%D9%82%D8%AF%D9%85-%D9%88-%D8%A7%D9%84%D8%A8%D8%A7%D9%82%D9%8A-%D8%AA%D9%82%D8%B3%D9%8A%D8%B7-%D9%81%D9%8A-%D9%83%D8%B1%D9%8A%D9%83-%D8%AA%D8%A7%D9%88%D9%86-%D8%A7%D9%84%D9%82%D8%A7%D9%87%D8%B1%D8%A9-%D8%A7%D9%84%D8%AC%D8%AF%D9%8A%D8%AF%D8%A9-by-il-cazar-ID503851184.html
لقطة كاش بأرخص سعر استثماري في مدينتي B6 خطوات من الساوث بارك,4250000,2,1,89,https://www.dubizzle.com.eg/ad/%D9%84%D9%82%D8%B7%D8%A9-%D9%83%D8%A7%D8%B4-%D8%A8%D8%A3%D8%B1%D8%AE%D8%B5-%D8%B3%D8%B9%D8%B1-%D8%A7%D8%B3%D8%AA%D8%AB%D9%85%D8%A7%D8%B1%D9%8A-%D9%81%D9%8A-%D9%85%D8%AF%D9%8A%D9%86%D8%AA%D9%8A-b6-%D8%AE%D8%B7%D9%88%D8%A7%D8%AA-%D9%85%D9%86-%D8%A7%D9%84%D8%B3%D8%A7%D9%88%D8%AB-%D8%A8%D8%A7%D8%B1%D9%83-ID503880694.html
شقة تشطيب كامل بالجولدن سكوير للبيع موقع مميز باخر رخصة جولف اقساط حتى ٨ سنوات بخصم 10٪؜ Golden Square,8550000,2,2,107,https://www.dubizzle.com.eg/ad/%D8%B4%D9%82%D8%A9-%D8%AA%D8%B4%D8%B7%D9%8A%D8%A8-%D9%83%D8%A7%D9%85%D9%84-%D8%A8%D8%A7%D9%84%D8%AC%D9%88%D9%84%D8%AF%D9%86-%D8%B3%D9%83%D9%88%D9%8A%D8%B1-%D9%84%D9%84%D8%A8%D9%8A%D8%B9-%D9%85%D9%88%D9%82%D8%B9-%D9%85%D9%85%D9%8A%D8%B2-%D8%A8%D8%A7%D8%AE%D8%B1-%D8%B1%D8%AE%D8%B5%D8%A9-%D8%AC%D9%88%D9%84%D9%81-%D8%A7%D9%82%D8%B3%D8%A7%D8%B7-%D8%AD%D8%AA%D9%89-%D9%A8-%D8%B3%D9%86%D9%88%D8%A7%D8%AA-%D8%A8%D8%AE%D8%B5%D9%85-10-golden-square-ID503506730.html
شقه ١٢٤م غرفتين تشطيب كامل في سيتي جيت. إطلالة مميزة، مقدم ٥٪ وأقساط حتى ١٠ سنوات City Gate,14000000,2,2,124,https://www.dubizzle.com.eg/ad/%D8%B4%D9%82%D9%87-%D9%A1%D9%A2%D9%A4%D9%85-%D8%BA%D8%B1%D9%81%D8%AA%D9%8A%D9%86-%D8%AA%D8%B4%D8%B7%D9%8A%D8%A8-%D9%83%D8%A7%D9%85%D9%84-%D9%81%D9%8A-%D8%B3%D9%8A%D8%AA%D9%8A-%D8%AC%D9%8A%D8%AA-%D8%A5%D8%B7%D9%84%D8%A7%D9%84%D8%A9-%D9%85%D9%85%D9%8A%D8%B2%D8%A9-%D9%85%D9%82%D8%AF%D9%85-%D9%A5-%D9%88%D8%A3%D9%82%D8%B3%D8%A7%D8%B7-%D8%AD%D8%AA%D9%89-%D9%A1%D9%A0-%D8%B3%D9%86%D9%88%D8%A7%D8%AA-city-gate-ID503506100.html
فرصه مميزه لامتلك شقه84م بالتكيفات اول سكن بريفادو,6600000,2,1,84,https://www.dubizzle.com.eg/ad/%D9%81%D8%B1%D8%B5%D9%87-%D9%85%D9%85%D9%8A%D8%B2%D9%87-%D9%84%D8%A7%D9%85%D8%AA%D9%84%D9%83-%D8%B4%D9%82%D9%8784%D9%85-%D8%A8%D8%A7%D9%84%D8%AA%D9%83%D9%8A%D9%81%D8%A7%D8%AA-%D8%A7%D9%88%D9%84-%D8%B3%D9%83%D9%86-%D8%A8%D8%B1%D9%8A%D9%81%D8%A7%D8%AF%D9%88-ID503895270.html
شقه للبيع مدينتي نور ارضي 122+50حديقه فيو وايدجاردن استلام فوري بسعر خيالي,6800000,3,3,122,https://www.dubizzle.com.eg/ad/%D8%B4%D9%82%D9%87-%D9%84%D9%84%D8%A8%D9%8A%D8%B9-%D9%85%D8%AF%D9%8A%D9%86%D8%AA%D9%8A-%D9%86%D9%88%D8%B1-%D8%A7%D8%B1%D8%B6%D9%8A-12250%D8%AD%D8%AF%D9%8A%D9%82%D9%87-%D9%81%D9%8A%D9%88-%D9%88%D8%A7%D9%8A%D8%AF%D8%AC%D8%A7%D8%B1%D8%AF%D9%86-%D8%A7%D8%B3%D8%AA%D9%84%D8%A7%D9%85-%D9%81%D9%88%D8%B1%D9%8A-%D8%A8%D8%B3%D8%B9%D8%B1-%D8%AE%D9%8A%D8%A7%D9%84%D9%8A-ID503889318.html
للبيع شقة 108م بفيو مفتوح وتشطيب ألترا سوبر لوكس في B15 بجوار الخدمات مباشر,6100000,2,2,108,https://www.dubizzle.com.eg/ad/%D9%84%D9%84%D8%A8%D9%8A%D8%B9-%D8%B4%D9%82%D8%A9-108%D9%85-%D8%A8%D9%81%D9%8A%D9%88-%D9%85%D9%81%D8%AA%D9%88%D8%AD-%D9%88%D8%AA%D8%B4%D8%B7%D9%8A%D8%A8-%D8%A3%D9%84%D8%AA%D8%B1%D8%A7-%D8%B3%D9%88%D8%A8%D8%B1-%D9%84%D9%88%D9%83%D8%B3-%D9%81%D9%8A-b15-%D8%A8%D8%AC%D9%88%D8%A7%D8%B1-%D8%A7%D9%84%D8%AE%D8%AF%D9%85%D8%A7%D8%AA-%D9%85%D8%A8%D8%A7%D8%B4%D8%B1-ID503890140.html
للبيع في مدينتي – B1 – نموذج 700 – مساحة 320 متر – تشطيبات Ultra Super Lux,21000000,5,4,320,https://www.dubizzle.com.eg/ad/%D9%84%D9%84%D8%A8%D9%8A%D8%B9-%D9%81%D9%8A-%D9%85%D8%AF%D9%8A%D9%86%D8%AA%D9%8A-b1-%D9%86%D9%85%D9%88%D8%B0%D8%AC-700-%D9%85%D8%B3%D8%A7%D8%AD%D8%A9-320-%D9%85%D8%AA%D8%B1-%D8%AA%D8%B4%D8%B7%D9%8A%D8%A8%D8%A7%D8%AA-ultra-super-lux-ID503885812.html
اقل سعر فى السوق ستوديو للبيع في هايد بارك جرينز التجمع الخامسHyde park Greens fifth settlement  اقل مقدم فى موقع متميز  استلام ٢٠٢٦,6649000,1,1,75,https://www.dubizzle.com.eg/ad/%D8%A7%D9%82%D9%84-%D8%B3%D8%B9%D8%B1-%D9%81%D9%89-%D8%A7%D9%84%D8%B3%D9%88%D9%82-%D8%B3%D8%AA%D9%88%D8%AF%D9%8A%D9%88-%D9%84%D9%84%D8%A8%D9%8A%D8%B9-%D9%81%D9%8A-%D9%87%D8%A7%D9%8A%D8%AF-%D8%A8%D8%A7%D8%B1%D9%83-%D8%AC%D8%B1%D9%8A%D9%86%D8%B2-%D8%A7%D9%84%D8%AA%D8%AC%D9%85%D8%B9-%D8%A7%D9%84%D8%AE%D8%A7%D9%85%D8%B3hyde-park-greens-fifth-settlement-%D8%A7%D9%82%D9%84-%D9%85%D9%82%D8%AF%D9%85-%D9%81%D9%89-%D9%85%D9%88%D9%82%D8%B9-%D9%85%D8%AA%D9%85%D9%8A%D8%B2-%D8%A7%D8%B3%D8%AA%D9%84%D8%A7%D9%85-%D9%A2%D9%A0%D9%A2%D9%A6-ID503139860.html
شقه للبيع في سراي -استلام فوري- برايم لوكيشن  -اقل من سعر الشركه - for sale in SARAI WITH BEST PRICE,5360000,3,2,147,https://www.dubizzle.com.eg/ad/%D8%B4%D9%82%D9%87-%D9%84%D9%84%D8%A8%D9%8A%D8%B9-%D9%81%D9%8A-%D8%B3%D8%B1%D8%A7%D9%8A-%D8%A7%D8%B3%D8%AA%D9%84%D8%A7%D9%85-%D9%81%D9%88%D8%B1%D9%8A-%D8%A8%D8%B1%D8%A7%D9%8A%D9%85-%D9%84%D9%88%D9%83%D9%8A%D8%B4%D9%86-%D8%A7%D9%82%D9%84-%D9%85%D9%86-%D8%B3%D8%B9%D8%B1-%D8%A7%D9%84%D8%B4%D8%B1%D9%83%D9%87-for-sale-in-sarai-with-best-price-ID503901099.html
شقه للبيع 3 غرف في كمبوند تاج سيتي في التجمع الخامس بخصم كاش  او قسط علي 12سنه 0% مقدم | برايم لوكيشن Taj City - New cairo,7000000,3,3,156,https://www.dubizzle.com.eg/ad/%D8%B4%D9%82%D9%87-%D9%84%D9%84%D8%A8%D9%8A%D8%B9-3-%D8%BA%D8%B1%D9%81-%D9%81%D9%8A-%D9%83%D9%85%D8%A8%D9%88%D9%86%D8%AF-%D8%AA%D8%A7%D8%AC-%D8%B3%D9%8A%D8%AA%D9%8A-%D9%81%D9%8A-%D8%A7%D9%84%D8%AA%D8%AC%D9%85%D8%B9-%D8%A7%D9%84%D8%AE%D8%A7%D9%85%D8%B3-%D8%A8%D8%AE%D8%B5%D9%85-%D9%83%D8%A7%D8%B4-%D8%A7%D9%88-%D9%82%D8%B3%D8%B7-%D8%B9%D9%84%D9%8A-12%D8%B3%D9%86%D9%87-0-%D9%85%D9%82%D8%AF%D9%85-%D8%A8%D8%B1%D8%A7%D9%8A%D9%85-%D9%84%D9%88%D9%83%D9%8A%D8%B4%D9%86-taj-city-new-cairo-ID503826225.html
شقة للبيع 3 غرف في سراي امام مدينتي مباشره في قلب المستقبل سيتي بخصم كاش 50% او قسط علي 12 سنه مع اقسط علي اطول فتره سداد| Sarai,5400000,3,3,150,https://www.dubizzle.com.eg/ad/%D8%B4%D9%82%D8%A9-%D9%84%D9%84%D8%A8%D9%8A%D8%B9-3-%D8%BA%D8%B1%D9%81-%D9%81%D9%8A-%D8%B3%D8%B1%D8%A7%D9%8A-%D8%A7%D9%85%D8%A7%D9%85-%D9%85%D8%AF%D9%8A%D9%86%D8%AA%D9%8A-%D9%85%D8%A8%D8%A7%D8%B4%D8%B1%D9%87-%D9%81%D9%8A-%D9%82%D9%84%D8%A8-%D8%A7%D9%84%D9%85%D8%B3%D8%AA%D9%82%D8%A8%D9%84-%D8%B3%D9%8A%D8%AA%D9%8A-%D8%A8%D8%AE%D8%B5%D9%85-%D9%83%D8%A7%D8%B4-50-%D8%A7%D9%88-%D9%82%D8%B3%D8%B7-%D8%B9%D9%84%D9%8A-12-%D8%B3%D9%86%D9%87-%D9%85%D8%B9-%D8%A7%D9%82%D8%B3%D8%B7-%D8%B9%D9%84%D9%8A-%D8%A7%D8%B7%D9%88%D9%84-%D9%81%D8%AA%D8%B1%D9%87-%D8%B3%D8%AF%D8%A7%D8%AF-sarai-ID503826251.html
شقه للبيع 3 غرف متشطبه بالكامل استلام قريب في ارقي كمبوند في الشروق في كمبوند ميان بمقدم 10% فقط واقساط علي 10 سنوات امام  مدينتي و Open Air Mall,6800000,3,2,126,https://www.dubizzle.com.eg/ad/%D8%B4%D9%82%D9%87-%D9%84%D9%84%D8%A8%D9%8A%D8%B9-3-%D8%BA%D8%B1%D9%81-%D9%85%D8%AA%D8%B4%D8%B7%D8%A8%D9%87-%D8%A8%D8%A7%D9%84%D9%83%D8%A7%D9%85%D9%84-%D8%A7%D8%B3%D8%AA%D9%84%D8%A7%D9%85-%D9%82%D8%B1%D9%8A%D8%A8-%D9%81%D9%8A-%D8%A7%D8%B1%D9%82%D9%8A-%D9%83%D9%85%D8%A8%D9%88%D9%86%D8%AF-%D9%81%D9%8A-%D8%A7%D9%84%D8%B4%D8%B1%D9%88%D9%82-%D9%81%D9%8A-%D9%83%D9%85%D8%A8%D9%88%D9%86%D8%AF-%D9%85%D9%8A%D8%A7%D9%86-%D8%A8%D9%85%D9%82%D8%AF%D9%85-10-%D9%81%D9%82%D8%B7-%D9%88%D8%A7%D9%82%D8%B3%D8%A7%D8%B7-%D8%B9%D9%84%D9%8A-10-%D8%B3%D9%86%D9%88%D8%A7%D8%AA-%D8%A7%D9%85%D8%A7%D9%85-%D9%85%D8%AF%D9%8A%D9%86%D8%AA%D9%8A-%D9%88-open-air-mall-ID503722761.html
شقه للبيع في قلب التجمع الخامس بمقدم 5 % في ايكون جاردنز في الجولدن سكوير | بالقرب من الجامعه الامريكيه  * Icon Gardens *,5000000,2,2,105,https://www.dubizzle.com.eg/ad/%D8%B4%D9%82%D9%87-%D9%84%D9%84%D8%A8%D9%8A%D8%B9-%D9%81%D9%8A-%D9%82%D9%84%D8%A8-%D8%A7%D9%84%D8%AA%D8%AC%D9%85%D8%B9-%D8%A7%D9%84%D8%AE%D8%A7%D9%85%D8%B3-%D8%A8%D9%85%D9%82%D8%AF%D9%85-5-%D9%81%D9%8A-%D8%A7%D9%8A%D9%83%D9%88%D9%86-%D8%AC%D8%A7%D8%B1%D8%AF%D9%86%D8%B2-%D9%81%D9%8A-%D8%A7%D9%84%D8%AC%D9%88%D9%84%D8%AF%D9%86-%D8%B3%D9%83%D9%88%D9%8A%D8%B1-%D8%A8%D8%A7%D9%84%D9%82%D8%B1%D8%A8-%D9%85%D9%86-%D8%A7%D9%84%D8%AC%D8%A7%D9%85%D8%B9%D9%87-%D8%A7%D9%84%D8%A7%D9%85%D8%B1%D9%8A%D9%83%D9%8A%D9%87-icon-gardens-ID503659211.html
شقه للبيع 3 غرف في قلب التجمع الخامس في كمبوند الباتيو اورو مع اقوي مطور لافيستا - بخصم كاش 25 % - برايم لوكيشن La vista - Patio oro,11200000,3,3,160,https://www.dubizzle.com.eg/ad/%D8%B4%D9%82%D9%87-%D9%84%D9%84%D8%A8%D9%8A%D8%B9-3-%D8%BA%D8%B1%D9%81-%D9%81%D9%8A-%D9%82%D9%84%D8%A8-%D8%A7%D9%84%D8%AA%D8%AC%D9%85%D8%B9-%D8%A7%D9%84%D8%AE%D8%A7%D9%85%D8%B3-%D9%81%D9%8A-%D9%83%D9%85%D8%A8%D9%88%D9%86%D8%AF-%D8%A7%D9%84%D8%A8%D8%A7%D8%AA%D9%8A%D9%88-%D8%A7%D9%88%D8%B1%D9%88-%D9%85%D8%B9-%D8%A7%D9%82%D9%88%D9%8A-%D9%85%D8%B7%D9%88%D8%B1-%D9%84%D8%A7%D9%81%D9%8A%D8%B3%D8%AA%D8%A7-%D8%A8%D8%AE%D8%B5%D9%85-%D9%83%D8%A7%D8%B4-25-%D8%A8%D8%B1%D8%A7%D9%8A%D9%85-%D9%84%D9%88%D9%83%D9%8A%D8%B4%D9%86-la-vista-patio-oro-ID503645482.html
شقه للبيع متشطبه بالكامل واستلام فورى في كمبوند ستودا علي بعد دقايق من مطار القاهره بخصم كاش مميز ومتاح اقساط علي 10 سنوات  | Stoda,7300000,3,2,154,https://www.dubizzle.com.eg/ad/%D8%B4%D9%82%D9%87-%D9%84%D9%84%D8%A8%D9%8A%D8%B9-%D9%85%D8%AA%D8%B4%D8%B7%D8%A8%D9%87-%D8%A8%D8%A7%D9%84%D9%83%D8%A7%D9%85%D9%84-%D9%88%D8%A7%D8%B3%D8%AA%D9%84%D8%A7%D9%85-%D9%81%D9%88%D8%B1%D9%89-%D9%81%D9%8A-%D9%83%D9%85%D8%A8%D9%88%D9%86%D8%AF-%D8%B3%D8%AA%D9%88%D8%AF%D8%A7-%D8%B9%D9%84%D9%8A-%D8%A8%D8%B9%D8%AF-%D8%AF%D9%82%D8%A7%D9%8A%D9%82-%D9%85%D9%86-%D9%85%D8%B7%D8%A7%D8%B1-%D8%A7%D9%84%D9%82%D8%A7%D9%87%D8%B1%D9%87-%D8%A8%D8%AE%D8%B5%D9%85-%D9%83%D8%A7%D8%B4-%D9%85%D9%85%D9%8A%D8%B2-%D9%88%D9%85%D8%AA%D8%A7%D8%AD-%D8%A7%D9%82%D8%B3%D8%A7%D8%B7-%D8%B9%D9%84%D9%8A-10-%D8%B3%D9%86%D9%88%D8%A7%D8%AA-stoda-ID503629330.html
شقه للبيع 3 غرف في كمبوند باتيو سولا مع لافيستا | بفيو مميز جد بخصم كاش 25%  ومتاح اقساط تصل الي 10 سنوات Patio Sola_ La Vista,7250000,3,3,155,https://www.dubizzle.com.eg/ad/%D8%B4%D9%82%D9%87-%D9%84%D9%84%D8%A8%D9%8A%D8%B9-3-%D8%BA%D8%B1%D9%81-%D9%81%D9%8A-%D9%83%D9%85%D8%A8%D9%88%D9%86%D8%AF-%D8%A8%D8%A7%D8%AA%D9%8A%D9%88-%D8%B3%D9%88%D9%84%D8%A7-%D9%85%D8%B9-%D9%84%D8%A7%D9%81%D9%8A%D8%B3%D8%AA%D8%A7-%D8%A8%D9%81%D9%8A%D9%88-%D9%85%D9%85%D9%8A%D8%B2-%D8%AC%D8%AF-%D8%A8%D8%AE%D8%B5%D9%85-%D9%83%D8%A7%D8%B4-25-%D9%88%D9%85%D8%AA%D8%A7%D8%AD-%D8%A7%D9%82%D8%B3%D8%A7%D8%B7-%D8%AA%D8%B5%D9%84-%D8%A7%D9%84%D9%8A-10-%D8%B3%D9%86%D9%88%D8%A7%D8%AA-patio-sola_-la-vista-ID503581877.html
شقة للبيع ١٧٠ متر با اميز منطقة بحلوان,2750000,3,2,170,https://www.dubizzle.com.eg/ad/%D8%B4%D9%82%D8%A9-%D9%84%D9%84%D8%A8%D9%8A%D8%B9-%D9%A1%D9%A7%D9%A0-%D9%85%D8%AA%D8%B1-%D8%A8%D8%A7-%D8%A7%D9%85%D9%8A%D8%B2-%D9%85%D9%86%D8%B7%D9%82%D8%A9-%D8%A8%D8%AD%D9%84%D9%88%D8%A7%D9%86-ID208648780.html
180 m2 ground apartment with 130 m2 private garden,14129675,3,3,180,https://www.dubizzle.com.eg/ad/180-m2-ground-apartment-with-130-m2-private-garden-ID202123931.html
لسرعة البيع بمقدم 5% فقط امتلك شقتك في افخم كمبوند في التجمع الخامس قريبة جدا من الجامعة الامريكية ( هايد بارك ),13000000,2,2,112,https://www.dubizzle.com.eg/ad/%D9%84%D8%B3%D8%B1%D8%B9%D8%A9-%D8%A7%D9%84%D8%A8%D9%8A%D8%B9-%D8%A8%D9%85%D9%82%D8%AF%D9%85-5-%D9%81%D9%82%D8%B7-%D8%A7%D9%85%D8%AA%D9%84%D9%83-%D8%B4%D9%82%D8%AA%D9%83-%D9%81%D9%8A-%D8%A7%D9%81%D8%AE%D9%85-%D9%83%D9%85%D8%A8%D9%88%D9%86%D8%AF-%D9%81%D9%8A-%D8%A7%D9%84%D8%AA%D8%AC%D9%85%D8%B9-%D8%A7%D9%84%D8%AE%D8%A7%D9%85%D8%B3-%D9%82%D8%B1%D9%8A%D8%A8%D8%A9-%D8%AC%D8%AF%D8%A7-%D9%85%D9%86-%D8%A7%D9%84%D8%AC%D8%A7%D9%85%D8%B9%D8%A9-%D8%A7%D9%84%D8%A7%D9%85%D8%B1%D9%8A%D9%83%D9%8A%D8%A9-%D9%87%D8%A7%D9%8A%D8%AF-%D8%A8%D8%A7%D8%B1%D9%83-ID503892961.html
شقة تشطيب كامل للبيع في بالم هيلز نيو كايرو Palm Hills New Cairo القاهرة الجديدة المرحلة الأولى موقع متميز تشمل جراج وعضوية النادي جاهزة للاستلام فوري,11360000,3,3,175,https://www.dubizzle.com.eg/ad/%D8%B4%D9%82%D8%A9-%D8%AA%D8%B4%D8%B7%D9%8A%D8%A8-%D9%83%D8%A7%D9%85%D9%84-%D9%84%D9%84%D8%A8%D9%8A%D8%B9-%D9%81%D9%8A-%D8%A8%D8%A7%D9%84%D9%85-%D9%87%D9%8A%D9%84%D8%B2-%D9%86%D9%8A%D9%88-%D9%83%D8%A7%D9%8A%D8%B1%D9%88-palm-hills-new-cairo-%D8%A7%D9%84%D9%82%D8%A7%D9%87%D8%B1%D8%A9-%D8%A7%D9%84%D8%AC%D8%AF%D9%8A%D8%AF%D8%A9-%D8%A7%D9%84%D9%85%D8%B1%D8%AD%D9%84%D8%A9-%D8%A7%D9%84%D8%A3%D9%88%D9%84%D9%89-%D9%85%D9%88%D9%82%D8%B9-%D9%85%D8%AA%D9%85%D9%8A%D8%B2-%D8%AA%D8%B4%D9%85%D9%84-%D8%AC%D8%B1%D8%A7%D8%AC-%D9%88%D8%B9%D8%B6%D9%88%D9%8A%D8%A9-%D8%A7%D9%84%D9%86%D8%A7%D8%AF%D9%8A-%D8%AC%D8%A7%D9%87%D8%B2%D8%A9-%D9%84%D9%84%D8%A7%D8%B3%D8%AA%D9%84%D8%A7%D9%85-%D9%81%D9%88%D8%B1%D9%8A-ID503833694.html
دوبلكس روف للبيع في كمبوند ذا سكوير القاهرة الجديدة  the Square compound New Cairo فى موقع متميز جدا علي البحيرة نصف تشطيب جاهزة للاستلام الفوري,11000000,3,3,219,https://www.dubizzle.com.eg/ad/%D8%AF%D9%88%D8%A8%D9%84%D9%83%D8%B3-%D8%B1%D9%88%D9%81-%D9%84%D9%84%D8%A8%D9%8A%D8%B9-%D9%81%D9%8A-%D9%83%D9%85%D8%A8%D9%88%D9%86%D8%AF-%D8%B0%D8%A7-%D8%B3%D9%83%D9%88%D9%8A%D8%B1-%D8%A7%D9%84%D9%82%D8%A7%D9%87%D8%B1%D8%A9-%D8%A7%D9%84%D8%AC%D8%AF%D9%8A%D8%AF%D8%A9-the-square-compound-new-cairo-%D9%81%D9%89-%D9%85%D9%88%D9%82%D8%B9-%D9%85%D8%AA%D9%85%D9%8A%D8%B2-%D8%AC%D8%AF%D8%A7-%D8%B9%D9%84%D9%8A-%D8%A7%D9%84%D8%A8%D8%AD%D9%8A%D8%B1%D8%A9-%D9%86%D8%B5%D9%81-%D8%AA%D8%B4%D8%B7%D9%8A%D8%A8-%D8%AC%D8%A7%D9%87%D8%B2%D8%A9-%D9%84%D9%84%D8%A7%D8%B3%D8%AA%D9%84%D8%A7%D9%85-%D8%A7%D9%84%D9%81%D9%88%D8%B1%D9%8A-ID503870876.html
شقه بجاردن استلام فوري 3 غرف 170 م لقطه في كمبوند ماوتن فيو بغرفه للناني بأقل سعر نيو كايرو - التجمع الخامس - Mountain View iCity New Cairo,10000000,3,2,170,https://www.dubizzle.com.eg/ad/%D8%B4%D9%82%D9%87-%D8%A8%D8%AC%D8%A7%D8%B1%D8%AF%D9%86-%D8%A7%D8%B3%D8%AA%D9%84%D8%A7%D9%85-%D9%81%D9%88%D8%B1%D9%8A-3-%D8%BA%D8%B1%D9%81-170-%D9%85-%D9%84%D9%82%D8%B7%D9%87-%D9%81%D9%8A-%D9%83%D9%85%D8%A8%D9%88%D9%86%D8%AF-%D9%85%D8%A7%D9%88%D8%AA%D9%86-%D9%81%D9%8A%D9%88-%D8%A8%D8%BA%D8%B1%D9%81%D9%87-%D9%84%D9%84%D9%86%D8%A7%D9%86%D9%8A-%D8%A8%D8%A3%D9%82%D9%84-%D8%B3%D8%B9%D8%B1-%D9%86%D9%8A%D9%88-%D9%83%D8%A7%D9%8A%D8%B1%D9%88-%D8%A7%D9%84%D8%AA%D8%AC%D9%85%D8%B9-%D8%A7%D9%84%D8%AE%D8%A7%D9%85%D8%B3-mountain-view-icity-new-cairo-ID503901891.html
شقة اوبن ڤيو في قلب التجمع الخامس للبيع تقسيمة مميزة بجوار مڤيدا وهايد بارك ودقائق للجامعه الأمريكية الشقة بحري من جميع الجهات كورنر غير مجروحه نهائي,3200000,2,1,110,https://www.dubizzle.com.eg/ad/%D8%B4%D9%82%D8%A9-%D8%A7%D9%88%D8%A8%D9%86-%DA%A4%D9%8A%D9%88-%D9%81%D9%8A-%D9%82%D9%84%D8%A8-%D8%A7%D9%84%D8%AA%D8%AC%D9%85%D8%B9-%D8%A7%D9%84%D8%AE%D8%A7%D9%85%D8%B3-%D9%84%D9%84%D8%A8%D9%8A%D8%B9-%D8%AA%D9%82%D8%B3%D9%8A%D9%85%D8%A9-%D9%85%D9%85%D9%8A%D8%B2%D8%A9-%D8%A8%D8%AC%D9%88%D8%A7%D8%B1-%D9%85%DA%A4%D9%8A%D8%AF%D8%A7-%D9%88%D9%87%D8%A7%D9%8A%D8%AF-%D8%A8%D8%A7%D8%B1%D9%83-%D9%88%D8%AF%D9%82%D8%A7%D8%A6%D9%82-%D9%84%D9%84%D8%AC%D8%A7%D9%85%D8%B9%D9%87-%D8%A7%D9%84%D8%A3%D9%85%D8%B1%D9%8A%D9%83%D9%8A%D8%A9-%D8%A7%D9%84%D8%B4%D9%82%D8%A9-%D8%A8%D8%AD%D8%B1%D9%8A-%D9%85%D9%86-%D8%AC%D9%85%D9%8A%D8%B9-%D8%A7%D9%84%D8%AC%D9%87%D8%A7%D8%AA-%D9%83%D9%88%D8%B1%D9%86%D8%B1-%D8%BA%D9%8A%D8%B1-%D9%85%D8%AC%D8%B1%D9%88%D8%AD%D9%87-%D9%86%D9%87%D8%A7%D8%A6%D9%8A-ID503872559.html
امتلك شقة  تشطيب كامل بالتكييفات والمطبخ في الجار فالوري شيراتون  دايركت علي شارع النصر سور في سور مع سيتي سنتر الماظة  Aljar Valore sheraton,3990000,2,2,126,https://www.dubizzle.com.eg/ad/%D8%A7%D9%85%D8%AA%D9%84%D9%83-%D8%B4%D9%82%D8%A9-%D8%AA%D8%B4%D8%B7%D9%8A%D8%A8-%D9%83%D8%A7%D9%85%D9%84-%D8%A8%D8%A7%D9%84%D8%AA%D9%83%D9%8A%D9%8A%D9%81%D8%A7%D8%AA-%D9%88%D8%A7%D9%84%D9%85%D8%B7%D8%A8%D8%AE-%D9%81%D9%8A-%D8%A7%D9%84%D8%AC%D8%A7%D8%B1-%D9%81%D8%A7%D9%84%D9%88%D8%B1%D9%8A-%D8%B4%D9%8A%D8%B1%D8%A7%D8%AA%D9%88%D9%86-%D8%AF%D8%A7%D9%8A%D8%B1%D9%83%D8%AA-%D8%B9%D9%84%D9%8A-%D8%B4%D8%A7%D8%B1%D8%B9-%D8%A7%D9%84%D9%86%D8%B5%D8%B1-%D8%B3%D9%88%D8%B1-%D9%81%D9%8A-%D8%B3%D9%88%D8%B1-%D9%85%D8%B9-%D8%B3%D9%8A%D8%AA%D9%8A-%D8%B3%D9%86%D8%AA%D8%B1-%D8%A7%D9%84%D9%85%D8%A7%D8%B8%D8%A9-aljar-valore-sheraton-ID503836479.html
شقة متشطبة استلام فوري أقل من سعر السوق بموقع متميز في كمبوند جايدJayd مساحة 170 متر  3 غرف نوم و ٢ حمام,8200000,3,2,170,https://www.dubizzle.com.eg/ad/%D8%B4%D9%82%D8%A9-%D9%85%D8%AA%D8%B4%D8%B7%D8%A8%D8%A9-%D8%A7%D8%B3%D8%AA%D9%84%D8%A7%D9%85-%D9%81%D9%88%D8%B1%D9%8A-%D8%A3%D9%82%D9%84-%D9%85%D9%86-%D8%B3%D8%B9%D8%B1-%D8%A7%D9%84%D8%B3%D9%88%D9%82-%D8%A8%D9%85%D9%88%D9%82%D8%B9-%D9%85%D8%AA%D9%85%D9%8A%D8%B2-%D9%81%D9%8A-%D9%83%D9%85%D8%A8%D9%88%D9%86%D8%AF-%D8%AC%D8%A7%D9%8A%D8%AFjayd-%D9%85%D8%B3%D8%A7%D8%AD%D8%A9-170-%D9%85%D8%AA%D8%B1-3-%D8%BA%D8%B1%D9%81-%D9%86%D9%88%D9%85-%D9%88-%D9%A2-%D8%AD%D9%85%D8%A7%D9%85-ID503370007.html
شقة ارضي بحمام سباحة للبيع فى ليك فيو ريزيدنس ٢ القاهرة الجديدة Lake View Residence 2 New Cairo موقع متميز على لاجون  تاريخ التسليم ٢٠٢٦,18200000,3,3,181,https://www.dubizzle.com.eg/ad/%D8%B4%D9%82%D8%A9-%D8%A7%D8%B1%D8%B6%D9%8A-%D8%A8%D8%AD%D9%85%D8%A7%D9%85-%D8%B3%D8%A8%D8%A7%D8%AD%D8%A9-%D9%84%D9%84%D8%A8%D9%8A%D8%B9-%D9%81%D9%89-%D9%84%D9%8A%D9%83-%D9%81%D9%8A%D9%88-%D8%B1%D9%8A%D8%B2%D9%8A%D8%AF%D9%86%D8%B3-%D9%A2-%D8%A7%D9%84%D9%82%D8%A7%D9%87%D8%B1%D8%A9-%D8%A7%D9%84%D8%AC%D8%AF%D9%8A%D8%AF%D8%A9-lake-view-residence-2-new-cairo-%D9%85%D9%88%D9%82%D8%B9-%D9%85%D8%AA%D9%85%D9%8A%D8%B2-%D8%B9%D9%84%D9%89-%D9%84%D8%A7%D8%AC%D9%88%D9%86-%D8%AA%D8%A7%D8%B1%D9%8A%D8%AE-%D8%A7%D9%84%D8%AA%D8%B3%D9%84%D9%8A%D9%85-%D9%A2%D9%A0%D9%A2%D9%A6-ID502601375.html
شقة فى كمبوند ادريس ايست Address East  باقل مقدم و اقساط على موقع مميز و فيو جنينة و مسطحات مائية,8724000,3,2,159,https://www.dubizzle.com.eg/ad/%D8%B4%D9%82%D8%A9-%D9%81%D9%89-%D9%83%D9%85%D8%A8%D9%88%D9%86%D8%AF-%D8%A7%D8%AF%D8%B1%D9%8A%D8%B3-%D8%A7%D9%8A%D8%B3%D8%AA-address-east-%D8%A8%D8%A7%D9%82%D9%84-%D9%85%D9%82%D8%AF%D9%85-%D9%88-%D8%A7%D9%82%D8%B3%D8%A7%D8%B7-%D8%B9%D9%84%D9%89-%D9%85%D9%88%D9%82%D8%B9-%D9%85%D9%85%D9%8A%D8%B2-%D9%88-%D9%81%D9%8A%D9%88-%D8%AC%D9%86%D9%8A%D9%86%D8%A9-%D9%88-%D9%85%D8%B3%D8%B7%D8%AD%D8%A7%D8%AA-%D9%85%D8%A7%D8%A6%D9%8A%D8%A9-ID503811837.html
شقة بالدور الرابع ١٥٠ متر نص تشطيب للبيع,2200000,3,2,150,https://www.dubizzle.com.eg/ad/%D8%B4%D9%82%D8%A9-%D8%A8%D8%A7%D9%84%D8%AF%D9%88%D8%B1-%D8%A7%D9%84%D8%B1%D8%A7%D8%A8%D8%B9-%D9%A1%D9%A5%D9%A0-%D9%85%D8%AA%D8%B1-%D9%86%D8%B5-%D8%AA%D8%B4%D8%B7%D9%8A%D8%A8-%D9%84%D9%84%D8%A8%D9%8A%D8%B9-ID202972046.html
شقه للبيع استلام فوري متشطبه بالكامل و مفروشه بالاجهزه و التكييفات بالتقسيط في امورادا-التجمع الخامس 186م و بجراج خاص و مول تجاري,11000000,3,3,186,https://www.dubizzle.com.eg/ad/%D8%B4%D9%82%D9%87-%D9%84%D9%84%D8%A8%D9%8A%D8%B9-%D8%A7%D8%B3%D8%AA%D9%84%D8%A7%D9%85-%D9%81%D9%88%D8%B1%D9%8A-%D9%85%D8%AA%D8%B4%D8%B7%D8%A8%D9%87-%D8%A8%D8%A7%D9%84%D9%83%D8%A7%D9%85%D9%84-%D9%88-%D9%85%D9%81%D8%B1%D9%88%D8%B4%D9%87-%D8%A8%D8%A7%D9%84%D8%A7%D8%AC%D9%87%D8%B2%D9%87-%D9%88-%D8%A7%D9%84%D8%AA%D9%83%D9%8A%D9%8A%D9%81%D8%A7%D8%AA-%D8%A8%D8%A7%D9%84%D8%AA%D9%82%D8%B3%D9%8A%D8%B7-%D9%81%D9%8A-%D8%A7%D9%85%D9%88%D8%B1%D8%A7%D8%AF%D8%A7-%D8%A7%D9%84%D8%AA%D8%AC%D9%85%D8%B9-%D8%A7%D9%84%D8%AE%D8%A7%D9%85%D8%B3-186%D9%85-%D9%88-%D8%A8%D8%AC%D8%B1%D8%A7%D8%AC-%D8%AE%D8%A7%D8%B5-%D9%88-%D9%85%D9%88%D9%84-%D8%AA%D8%AC%D8%A7%D8%B1%D9%8A-ID502099346.html
شقه ثلاث غرف. . . وصاله ثلاث قطع وحمامين,4000000,3,2,165,https://www.dubizzle.com.eg/ad/%D8%B4%D9%82%D9%87-%D8%AB%D9%84%D8%A7%D8%AB-%D8%BA%D8%B1%D9%81-%D9%88%D8%B5%D8%A7%D9%84%D9%87-%D8%AB%D9%84%D8%A7%D8%AB-%D9%82%D8%B7%D8%B9-%D9%88%D8%AD%D9%85%D8%A7%D9%85%D9%8A%D9%86-ID208645238.html
شقتك بفيو على فندق كمبينسكي وأمام المطاربالتقسيط علي 10 سنين في التجمع  القاهرة الجديدة امام مطار ودقائق من مصر الجديدة ومدينة نصر,8500000,2,2,128,https://www.dubizzle.com.eg/ad/%D8%B4%D9%82%D8%AA%D9%83-%D8%A8%D9%81%D9%8A%D9%88-%D8%B9%D9%84%D9%89-%D9%81%D9%86%D8%AF%D9%82-%D9%83%D9%85%D8%A8%D9%8A%D9%86%D8%B3%D9%83%D9%8A-%D9%88%D8%A3%D9%85%D8%A7%D9%85-%D8%A7%D9%84%D9%85%D8%B7%D8%A7%D8%B1%D8%A8%D8%A7%D9%84%D8%AA%D9%82%D8%B3%D9%8A%D8%B7-%D8%B9%D9%84%D9%8A-10-%D8%B3%D9%86%D9%8A%D9%86-%D9%81%D9%8A-%D8%A7%D9%84%D8%AA%D8%AC%D9%85%D8%B9-%D8%A7%D9%84%D9%82%D8%A7%D9%87%D8%B1%D8%A9-%D8%A7%D9%84%D8%AC%D8%AF%D9%8A%D8%AF%D8%A9-%D8%A7%D9%85%D8%A7%D9%85-%D9%85%D8%B7%D8%A7%D8%B1-%D9%88%D8%AF%D9%82%D8%A7%D8%A6%D9%82-%D9%85%D9%86-%D9%85%D8%B5%D8%B1-%D8%A7%D9%84%D8%AC%D8%AF%D9%8A%D8%AF%D8%A9-%D9%88%D9%85%D8%AF%D9%8A%D9%86%D8%A9-%D9%86%D8%B5%D8%B1-ID503903230.html
شقة استلام فوري اقساط 8 سنين جاهزة للمعاينه دقائق من الجامعه الامريكيه في المستقبل سيتي,7500000,3,3,150,https://www.dubizzle.com.eg/ad/%D8%B4%D9%82%D8%A9-%D8%A7%D8%B3%D8%AA%D9%84%D8%A7%D9%85-%D9%81%D9%88%D8%B1%D9%8A-%D8%A7%D9%82%D8%B3%D8%A7%D8%B7-8-%D8%B3%D9%86%D9%8A%D9%86-%D8%AC%D8%A7%D9%87%D8%B2%D8%A9-%D9%84%D9%84%D9%85%D8%B9%D8%A7%D9%8A%D9%86%D9%87-%D8%AF%D9%82%D8%A7%D8%A6%D9%82-%D9%85%D9%86-%D8%A7%D9%84%D8%AC%D8%A7%D9%85%D8%B9%D9%87-%D8%A7%D9%84%D8%A7%D9%85%D8%B1%D9%8A%D9%83%D9%8A%D9%87-%D9%81%D9%8A-%D8%A7%D9%84%D9%85%D8%B3%D8%AA%D9%82%D8%A8%D9%84-%D8%B3%D9%8A%D8%AA%D9%8A-ID503732268.html
ستديو للبيع جاهزة للاستلام اقساط ل 11 سنه فيو لاند سكيب في القاهرة الجديدة المستقبل سيتي,5650000,1,1,75,https://www.dubizzle.com.eg/ad/%D8%B3%D8%AA%D8%AF%D9%8A%D9%88-%D9%84%D9%84%D8%A8%D9%8A%D8%B9-%D8%AC%D8%A7%D9%87%D8%B2%D8%A9-%D9%84%D9%84%D8%A7%D8%B3%D8%AA%D9%84%D8%A7%D9%85-%D8%A7%D9%82%D8%B3%D8%A7%D8%B7-%D9%84-11-%D8%B3%D9%86%D9%87-%D9%81%D9%8A%D9%88-%D9%84%D8%A7%D9%86%D8%AF-%D8%B3%D9%83%D9%8A%D8%A8-%D9%81%D9%8A-%D8%A7%D9%84%D9%82%D8%A7%D9%87%D8%B1%D8%A9-%D8%A7%D9%84%D8%AC%D8%AF%D9%8A%D8%AF%D8%A9-%D8%A7%D9%84%D9%85%D8%B3%D8%AA%D9%82%D8%A8%D9%84-%D8%B3%D9%8A%D8%AA%D9%8A-ID503731011.html
دوبلكس بجاردن للبيع استلام فوري متشطب بأفضل خصم كاش 390 م برايم لوكيشن في كمبوند في التجمع الخامس القاهره الجديده,35000000,4,4,390,https://www.dubizzle.com.eg/ad/%D8%AF%D9%88%D8%A8%D9%84%D9%83%D8%B3-%D8%A8%D8%AC%D8%A7%D8%B1%D8%AF%D9%86-%D9%84%D9%84%D8%A8%D9%8A%D8%B9-%D8%A7%D8%B3%D8%AA%D9%84%D8%A7%D9%85-%D9%81%D9%88%D8%B1%D9%8A-%D9%85%D8%AA%D8%B4%D8%B7%D8%A8-%D8%A8%D8%A3%D9%81%D8%B6%D9%84-%D8%AE%D8%B5%D9%85-%D9%83%D8%A7%D8%B4-390-%D9%85-%D8%A8%D8%B1%D8%A7%D9%8A%D9%85-%D9%84%D9%88%D9%83%D9%8A%D8%B4%D9%86-%D9%81%D9%8A-%D9%83%D9%85%D8%A8%D9%88%D9%86%D8%AF-%D9%81%D9%8A-%D8%A7%D9%84%D8%AA%D8%AC%D9%85%D8%B9-%D8%A7%D9%84%D8%AE%D8%A7%D9%85%D8%B3-%D8%A7%D9%84%D9%82%D8%A7%D9%87%D8%B1%D9%87-%D8%A7%D9%84%D8%AC%D8%AF%D9%8A%D8%AF%D9%87-ID503903228.html
شقه بسعر مناسب جداااااا,6700000,3,2,127,https://www.dubizzle.com.eg/ad/%D8%B4%D9%82%D9%87-%D8%A8%D8%B3%D8%B9%D8%B1-%D9%85%D9%86%D8%A7%D8%B3%D8%A8-%D8%AC%D8%AF%D8%A7%D8%A7%D8%A7%D8%A7%D8%A7%D8%A7-ID503903226.html
بيت الوطن الحي الثاني القاهره الجديده,3960000,3,3,165,https://www.dubizzle.com.eg/ad/%D8%A8%D9%8A%D8%AA-%D8%A7%D9%84%D9%88%D8%B7%D9%86-%D8%A7%D9%84%D8%AD%D9%8A-%D8%A7%D9%84%D8%AB%D8%A7%D9%86%D9%8A-%D8%A7%D9%84%D9%82%D8%A7%D9%87%D8%B1%D9%87-%D8%A7%D9%84%D8%AC%D8%AF%D9%8A%D8%AF%D9%87-ID208376324.html
للبيع دوبلكس جاهزة استلام فوري فيو على lake اقساط في المستقبل سيتي دقائق من التجمع الخامس,16000000,4,4,267,https://www.dubizzle.com.eg/ad/%D9%84%D9%84%D8%A8%D9%8A%D8%B9-%D8%AF%D9%88%D8%A8%D9%84%D9%83%D8%B3-%D8%AC%D8%A7%D9%87%D8%B2%D8%A9-%D8%A7%D8%B3%D8%AA%D9%84%D8%A7%D9%85-%D9%81%D9%88%D8%B1%D9%8A-%D9%81%D9%8A%D9%88-%D8%B9%D9%84%D9%89-lake-%D8%A7%D9%82%D8%B3%D8%A7%D8%B7-%D9%81%D9%8A-%D8%A7%D9%84%D9%85%D8%B3%D8%AA%D9%82%D8%A8%D9%84-%D8%B3%D9%8A%D8%AA%D9%8A-%D8%AF%D9%82%D8%A7%D8%A6%D9%82-%D9%85%D9%86-%D8%A7%D9%84%D8%AA%D8%AC%D9%85%D8%B9-%D8%A7%D9%84%D8%AE%D8%A7%D9%85%D8%B3-ID503732544.html
شقه دور متكرر استلام فوري متشطب luxury!! دابل فيو pool+land scape تقسيمه رائعه باسهل خطط سداد بدون ضغط وتقسيط 10سـ بجوا لافيستا باتيو كازا + سوان ليك,3900000,2,3,101,https://www.dubizzle.com.eg/ad/%D8%B4%D9%82%D9%87-%D8%AF%D9%88%D8%B1-%D9%85%D8%AA%D9%83%D8%B1%D8%B1-%D8%A7%D8%B3%D8%AA%D9%84%D8%A7%D9%85-%D9%81%D9%88%D8%B1%D9%8A-%D9%85%D8%AA%D8%B4%D8%B7%D8%A8-luxury-%D8%AF%D8%A7%D8%A8%D9%84-%D9%81%D9%8A%D9%88-poolland-scape-%D8%AA%D9%82%D8%B3%D9%8A%D9%85%D9%87-%D8%B1%D8%A7%D8%A6%D8%B9%D9%87-%D8%A8%D8%A7%D8%B3%D9%87%D9%84-%D8%AE%D8%B7%D8%B7-%D8%B3%D8%AF%D8%A7%D8%AF-%D8%A8%D8%AF%D9%88%D9%86-%D8%B6%D8%BA%D8%B7-%D9%88%D8%AA%D9%82%D8%B3%D9%8A%D8%B7-10%D8%B3%D9%80-%D8%A8%D8%AC%D9%88%D8%A7-%D9%84%D8%A7%D9%81%D9%8A%D8%B3%D8%AA%D8%A7-%D8%A8%D8%A7%D8%AA%D9%8A%D9%88-%D9%83%D8%A7%D8%B2%D8%A7-%D8%B3%D9%88%D8%A7%D9%86-%D9%84%D9%8A%D9%83-ID503903222.html
شقه نص تشطيب للبيع في كمبوند تيباروز الاندلس,3700000,3,2,150,https://www.dubizzle.com.eg/ad/%D8%B4%D9%82%D9%87-%D9%86%D8%B5-%D8%AA%D8%B4%D8%B7%D9%8A%D8%A8-%D9%84%D9%84%D8%A8%D9%8A%D8%B9-%D9%81%D9%8A-%D9%83%D9%85%D8%A8%D9%88%D9%86%D8%AF-%D8%AA%D9%8A%D8%A8%D8%A7%D8%B1%D9%88%D8%B2-%D8%A7%D9%84%D8%A7%D9%86%D8%AF%D9%84%D8%B3-ID503903218.html
شقه للبيع بـ 3% مقدم واقساط علي 12 سنه في كمبوند سراي امام مدينتي القاهرة الجديدة Sarai Compound,7500000,2,2,100,https://www.dubizzle.com.eg/ad/%D8%B4%D9%82%D9%87-%D9%84%D9%84%D8%A8%D9%8A%D8%B9-%D8%A8%D9%80-3-%D9%85%D9%82%D8%AF%D9%85-%D9%88%D8%A7%D9%82%D8%B3%D8%A7%D8%B7-%D8%B9%D9%84%D9%8A-12-%D8%B3%D9%86%D9%87-%D9%81%D9%8A-%D9%83%D9%85%D8%A8%D9%88%D9%86%D8%AF-%D8%B3%D8%B1%D8%A7%D9%8A-%D8%A7%D9%85%D8%A7%D9%85-%D9%85%D8%AF%D9%8A%D9%86%D8%AA%D9%8A-%D8%A7%D9%84%D9%82%D8%A7%D9%87%D8%B1%D8%A9-%D8%A7%D9%84%D8%AC%D8%AF%D9%8A%D8%AF%D8%A9-sarai-compound-ID503903213.html
apartment,8500000,3,2,202,https://www.dubizzle.com.eg/ad/apartment-ID208655438.html
شقه للبيع بخصم كبير وبالتقسيط علي اطول فتره سداد في الشروق بجوار لافيستا سيتي في كمبوند الجار ALJAR فالوري الشروق القاهره الجديده,5540000,3,2,151,https://www.dubizzle.com.eg/ad/%D8%B4%D9%82%D9%87-%D9%84%D9%84%D8%A8%D9%8A%D8%B9-%D8%A8%D8%AE%D8%B5%D9%85-%D9%83%D8%A8%D9%8A%D8%B1-%D9%88%D8%A8%D8%A7%D9%84%D8%AA%D9%82%D8%B3%D9%8A%D8%B7-%D8%B9%D9%84%D9%8A-%D8%A7%D8%B7%D9%88%D9%84-%D9%81%D8%AA%D8%B1%D9%87-%D8%B3%D8%AF%D8%A7%D8%AF-%D9%81%D9%8A-%D8%A7%D9%84%D8%B4%D8%B1%D9%88%D9%82-%D8%A8%D8%AC%D9%88%D8%A7%D8%B1-%D9%84%D8%A7%D9%81%D9%8A%D8%B3%D8%AA%D8%A7-%D8%B3%D9%8A%D8%AA%D9%8A-%D9%81%D9%8A-%D9%83%D9%85%D8%A8%D9%88%D9%86%D8%AF-%D8%A7%D9%84%D8%AC%D8%A7%D8%B1-aljar-%D9%81%D8%A7%D9%84%D9%88%D8%B1%D9%8A-%D8%A7%D9%84%D8%B4%D8%B1%D9%88%D9%82-%D8%A7%D9%84%D9%82%D8%A7%D9%87%D8%B1%D9%87-%D8%A7%D9%84%D8%AC%D8%AF%D9%8A%D8%AF%D9%87-ID503730805.html
للبيع شقة 96م Corner في قلب مدينتي B7 | Wide Garden View,5750000,2,2,96,https://www.dubizzle.com.eg/ad/%D9%84%D9%84%D8%A8%D9%8A%D8%B9-%D8%B4%D9%82%D8%A9-96%D9%85-corner-%D9%81%D9%8A-%D9%82%D9%84%D8%A8-%D9%85%D8%AF%D9%8A%D9%86%D8%AA%D9%8A-b7-wide-garden-view-ID503886341.html
شقة تشطيب كامل للبيع في بالم هيلز نيو كايرو Palm Hills New Cairo القاهرة الجديدة المرحلة الأولى موقع متميز تشمل جراج وعضوية النادي جاهزة للاستلام فوري,11360000,3,3,175,https://www.dubizzle.com.eg/ad/%D8%B4%D9%82%D8%A9-%D8%AA%D8%B4%D8%B7%D9%8A%D8%A8-%D9%83%D8%A7%D9%85%D9%84-%D9%84%D9%84%D8%A8%D9%8A%D8%B9-%D9%81%D9%8A-%D8%A8%D8%A7%D9%84%D9%85-%D9%87%D9%8A%D9%84%D8%B2-%D9%86%D9%8A%D9%88-%D9%83%D8%A7%D9%8A%D8%B1%D9%88-palm-hills-new-cairo-%D8%A7%D9%84%D9%82%D8%A7%D9%87%D8%B1%D8%A9-%D8%A7%D9%84%D8%AC%D8%AF%D9%8A%D8%AF%D8%A9-%D8%A7%D9%84%D9%85%D8%B1%D8%AD%D9%84%D8%A9-%D8%A7%D9%84%D8%A3%D9%88%D9%84%D9%89-%D9%85%D9%88%D9%82%D8%B9-%D9%85%D8%AA%D9%85%D9%8A%D8%B2-%D8%AA%D8%B4%D9%85%D9%84-%D8%AC%D8%B1%D8%A7%D8%AC-%D9%88%D8%B9%D8%B6%D9%88%D9%8A%D8%A9-%D8%A7%D9%84%D9%86%D8%A7%D8%AF%D9%8A-%D8%AC%D8%A7%D9%87%D8%B2%D8%A9-%D9%84%D9%84%D8%A7%D8%B3%D8%AA%D9%84%D8%A7%D9%85-%D9%81%D9%88%D8%B1%D9%8A-ID503850291.html
لعشاق الارضي بجاردن بمدينتي امتلك شقتك 72م +45م جاردن ب b14,7600000,2,1,72,https://www.dubizzle.com.eg/ad/%D9%84%D8%B9%D8%B4%D8%A7%D9%82-%D8%A7%D9%84%D8%A7%D8%B1%D8%B6%D9%8A-%D8%A8%D8%AC%D8%A7%D8%B1%D8%AF%D9%86-%D8%A8%D9%85%D8%AF%D9%8A%D9%86%D8%AA%D9%8A-%D8%A7%D9%85%D8%AA%D9%84%D9%83-%D8%B4%D9%82%D8%AA%D9%83-72%D9%85-45%D9%85-%D8%AC%D8%A7%D8%B1%D8%AF%D9%86-%D8%A8-b14-ID503891212.html
أمتلك شقة في أميز لوكيشن بجوار هايد بارك وقطاميه دونز في كمبوند ذا أيكون التجمع الخامس,4600000,3,2,138,https://www.dubizzle.com.eg/ad/%D8%A3%D9%85%D8%AA%D9%84%D9%83-%D8%B4%D9%82%D8%A9-%D9%81%D9%8A-%D8%A3%D9%85%D9%8A%D8%B2-%D9%84%D9%88%D9%83%D9%8A%D8%B4%D9%86-%D8%A8%D8%AC%D9%88%D8%A7%D8%B1-%D9%87%D8%A7%D9%8A%D8%AF-%D8%A8%D8%A7%D8%B1%D9%83-%D9%88%D9%82%D8%B7%D8%A7%D9%85%D9%8A%D9%87-%D8%AF%D9%88%D9%86%D8%B2-%D9%81%D9%8A-%D9%83%D9%85%D8%A8%D9%88%D9%86%D8%AF-%D8%B0%D8%A7-%D8%A3%D9%8A%D9%83%D9%88%D9%86-%D8%A7%D9%84%D8%AA%D8%AC%D9%85%D8%B9-%D8%A7%D9%84%D8%AE%D8%A7%D9%85%D8%B3-ID503900366.html
أقل سعر دوبلكس 260 متر-3 غرف نوم-موقع مميز-هايد بارك,10500000,3,3,260,https://www.dubizzle.com.eg/ad/%D8%A3%D9%82%D9%84-%D8%B3%D8%B9%D8%B1-%D8%AF%D9%88%D8%A8%D9%84%D9%83%D8%B3-260-%D9%85%D8%AA%D8%B1-3-%D8%BA%D8%B1%D9%81-%D9%86%D9%88%D9%85-%D9%85%D9%88%D9%82%D8%B9-%D9%85%D9%85%D9%8A%D8%B2-%D9%87%D8%A7%D9%8A%D8%AF-%D8%A8%D8%A7%D8%B1%D9%83-ID503898798.html
شقة متشطبة بالكامل بخصم 24%- او تقسيط علي 8 سنين في كمبوند هايد بارك التجمع الخامس دقائق للجامعة الامريكية(Hyde Park New Cairo Compound ),10023000,2,2,116,https://www.dubizzle.com.eg/ad/%D8%B4%D9%82%D8%A9-%D9%85%D8%AA%D8%B4%D8%B7%D8%A8%D8%A9-%D8%A8%D8%A7%D9%84%D9%83%D8%A7%D9%85%D9%84-%D8%A8%D8%AE%D8%B5%D9%85-24-%D8%A7%D9%88-%D8%AA%D9%82%D8%B3%D9%8A%D8%B7-%D8%B9%D9%84%D9%8A-8-%D8%B3%D9%86%D9%8A%D9%86-%D9%81%D9%8A-%D9%83%D9%85%D8%A8%D9%88%D9%86%D8%AF-%D9%87%D8%A7%D9%8A%D8%AF-%D8%A8%D8%A7%D8%B1%D9%83-%D8%A7%D9%84%D8%AA%D8%AC%D9%85%D8%B9-%D8%A7%D9%84%D8%AE%D8%A7%D9%85%D8%B3-%D8%AF%D9%82%D8%A7%D8%A6%D9%82-%D9%84%D9%84%D8%AC%D8%A7%D9%85%D8%B9%D8%A9-%D8%A7%D9%84%D8%A7%D9%85%D8%B1%D9%8A%D9%83%D9%8A%D8%A9hyde-park-new-cairo-compound-ID503899043.html
شقه 3غرف متشطبه بالتكييفات والمطبخ فيو علي لاند اسكيب ريسيل بسعر اقل من الشركه في كمبوند الباتيو اورو التجمع الخامس,11000000,3,2,164,https://www.dubizzle.com.eg/ad/%D8%B4%D9%82%D9%87-3%D8%BA%D8%B1%D9%81-%D9%85%D8%AA%D8%B4%D8%B7%D8%A8%D9%87-%D8%A8%D8%A7%D9%84%D8%AA%D9%83%D9%8A%D9%8A%D9%81%D8%A7%D8%AA-%D9%88%D8%A7%D9%84%D9%85%D8%B7%D8%A8%D8%AE-%D9%81%D9%8A%D9%88-%D8%B9%D9%84%D9%8A-%D9%84%D8%A7%D9%86%D8%AF-%D8%A7%D8%B3%D9%83%D9%8A%D8%A8-%D8%B1%D9%8A%D8%B3%D9%8A%D9%84-%D8%A8%D8%B3%D8%B9%D8%B1-%D8%A7%D9%82%D9%84-%D9%85%D9%86-%D8%A7%D9%84%D8%B4%D8%B1%D9%83%D9%87-%D9%81%D9%8A-%D9%83%D9%85%D8%A8%D9%88%D9%86%D8%AF-%D8%A7%D9%84%D8%A8%D8%A7%D8%AA%D9%8A%D9%88-%D8%A7%D9%88%D8%B1%D9%88-%D8%A7%D9%84%D8%AA%D8%AC%D9%85%D8%B9-%D8%A7%D9%84%D8%AE%D8%A7%D9%85%D8%B3-ID503899318.html
اخر شقه متشطبه vip لقطه في palm hills new cairo باقل سعر جاهزه للمعاينه,13170000,3,4,248,https://www.dubizzle.com.eg/ad/%D8%A7%D8%AE%D8%B1-%D8%B4%D9%82%D9%87-%D9%85%D8%AA%D8%B4%D8%B7%D8%A8%D9%87-vip-%D9%84%D9%82%D8%B7%D9%87-%D9%81%D9%8A-palm-hills-new-cairo-%D8%A8%D8%A7%D9%82%D9%84-%D8%B3%D8%B9%D8%B1-%D8%AC%D8%A7%D9%87%D8%B2%D9%87-%D9%84%D9%84%D9%85%D8%B9%D8%A7%D9%8A%D9%86%D9%87-ID503896528.html
شقة للبيع في كمبوند الدبلوماسيين من المالك بالقرب من ارابيلا بلازا,8750000,4,3,250,https://www.dubizzle.com.eg/ad/%D8%B4%D9%82%D8%A9-%D9%84%D9%84%D8%A8%D9%8A%D8%B9-%D9%81%D9%8A-%D9%83%D9%85%D8%A8%D9%88%D9%86%D8%AF-%D8%A7%D9%84%D8%AF%D8%A8%D9%84%D9%88%D9%85%D8%A7%D8%B3%D9%8A%D9%8A%D9%86-%D9%85%D9%86-%D8%A7%D9%84%D9%85%D8%A7%D9%84%D9%83-%D8%A8%D8%A7%D9%84%D9%82%D8%B1%D8%A8-%D9%85%D9%86-%D8%A7%D8%B1%D8%A7%D8%A8%D9%8A%D9%84%D8%A7-%D8%A8%D9%84%D8%A7%D8%B2%D8%A7-ID503832920.html
شقة للبيع في mountain view hyde park تشطيب الترا سوبر لوكس موقع مميز علي لاندسكيب جاهزة للاستلام والسكن الفوري,8800000,2,2,133,https://www.dubizzle.com.eg/ad/%D8%B4%D9%82%D8%A9-%D9%84%D9%84%D8%A8%D9%8A%D8%B9-%D9%81%D9%8A-mountain-view-hyde-park-%D8%AA%D8%B4%D8%B7%D9%8A%D8%A8-%D8%A7%D9%84%D8%AA%D8%B1%D8%A7-%D8%B3%D9%88%D8%A8%D8%B1-%D9%84%D9%88%D9%83%D8%B3-%D9%85%D9%88%D9%82%D8%B9-%D9%85%D9%85%D9%8A%D8%B2-%D8%B9%D9%84%D9%8A-%D9%84%D8%A7%D9%86%D8%AF%D8%B3%D9%83%D9%8A%D8%A8-%D8%AC%D8%A7%D9%87%D8%B2%D8%A9-%D9%84%D9%84%D8%A7%D8%B3%D8%AA%D9%84%D8%A7%D9%85-%D9%88%D8%A7%D9%84%D8%B3%D9%83%D9%86-%D8%A7%D9%84%D9%81%D9%88%D8%B1%D9%8A-ID503717489.html
شقه للبيع 200م تشطيب الترا مودرن في الحي الخامس فيلات بجوار ماركت بيم,5750000,3,3,200,https://www.dubizzle.com.eg/ad/%D8%B4%D9%82%D9%87-%D9%84%D9%84%D8%A8%D9%8A%D8%B9-200%D9%85-%D8%AA%D8%B4%D8%B7%D9%8A%D8%A8-%D8%A7%D9%84%D8%AA%D8%B1%D8%A7-%D9%85%D9%88%D8%AF%D8%B1%D9%86-%D9%81%D9%8A-%D8%A7%D9%84%D8%AD%D9%8A-%D8%A7%D9%84%D8%AE%D8%A7%D9%85%D8%B3-%D9%81%D9%8A%D9%84%D8%A7%D8%AA-%D8%A8%D8%AC%D9%88%D8%A7%D8%B1-%D9%85%D8%A7%D8%B1%D9%83%D8%AA-%D8%A8%D9%8A%D9%85-ID503901858.html
شقة للبيع 185م سوبر لوكس فى الحى الرابع فيلات تانى نمرة من خط ١٠,4250000,3,1,185,https://www.dubizzle.com.eg/ad/%D8%B4%D9%82%D8%A9-%D9%84%D9%84%D8%A8%D9%8A%D8%B9-185%D9%85-%D8%B3%D9%88%D8%A8%D8%B1-%D9%84%D9%88%D9%83%D8%B3-%D9%81%D9%89-%D8%A7%D9%84%D8%AD%D9%89-%D8%A7%D9%84%D8%B1%D8%A7%D8%A8%D8%B9-%D9%81%D9%8A%D9%84%D8%A7%D8%AA-%D8%AA%D8%A7%D9%86%D9%89-%D9%86%D9%85%D8%B1%D8%A9-%D9%85%D9%86-%D8%AE%D8%B7-%D9%A1%D9%A0-ID503901863.html
شقة للبيع (ارضى بجاردن) فى الحى الخامس فيلات بجوار مسجد الشربينى,3500000,3,2,175,https://www.dubizzle.com.eg/ad/%D8%B4%D9%82%D8%A9-%D9%84%D9%84%D8%A8%D9%8A%D8%B9-%D8%A7%D8%B1%D8%B6%D9%89-%D8%A8%D8%AC%D8%A7%D8%B1%D8%AF%D9%86-%D9%81%D9%89-%D8%A7%D9%84%D8%AD%D9%89-%D8%A7%D9%84%D8%AE%D8%A7%D9%85%D8%B3-%D9%81%D9%8A%D9%84%D8%A7%D8%AA-%D8%A8%D8%AC%D9%88%D8%A7%D8%B1-%D9%85%D8%B3%D8%AC%D8%AF-%D8%A7%D9%84%D8%B4%D8%B1%D8%A8%D9%8A%D9%86%D9%89-ID503901867.html
شقة للبيع بمدينتي 80م بي14 من المالك مباشره,6000000,2,1,80,https://www.dubizzle.com.eg/ad/%D8%B4%D9%82%D8%A9-%D9%84%D9%84%D8%A8%D9%8A%D8%B9-%D8%A8%D9%85%D8%AF%D9%8A%D9%86%D8%AA%D9%8A-80%D9%85-%D8%A8%D9%8A14-%D9%85%D9%86-%D8%A7%D9%84%D9%85%D8%A7%D9%84%D9%83-%D9%85%D8%A8%D8%A7%D8%B4%D8%B1%D9%87-ID503845089.html
استديو للبيع بمدينة نور 67م من المالك مباشره ( طلعت مصطفي),4800000,1,1,67,https://www.dubizzle.com.eg/ad/%D8%A7%D8%B3%D8%AA%D8%AF%D9%8A%D9%88-%D9%84%D9%84%D8%A8%D9%8A%D8%B9-%D8%A8%D9%85%D8%AF%D9%8A%D9%86%D8%A9-%D9%86%D9%88%D8%B1-67%D9%85-%D9%85%D9%86-%D8%A7%D9%84%D9%85%D8%A7%D9%84%D9%83-%D9%85%D8%A8%D8%A7%D8%B4%D8%B1%D9%87-%D8%B7%D9%84%D8%B9%D8%AA-%D9%85%D8%B5%D8%B7%D9%81%D9%8A-ID503691401.html
امام بوابة 22 الرحاب شقة 150م بحري بقسط شهري 39 الف,4275000,3,2,150,https://www.dubizzle.com.eg/ad/%D8%A7%D9%85%D8%A7%D9%85-%D8%A8%D9%88%D8%A7%D8%A8%D8%A9-22-%D8%A7%D9%84%D8%B1%D8%AD%D8%A7%D8%A8-%D8%B4%D9%82%D8%A9-150%D9%85-%D8%A8%D8%AD%D8%B1%D9%8A-%D8%A8%D9%82%D8%B3%D8%B7-%D8%B4%D9%87%D8%B1%D9%8A-39-%D8%A7%D9%84%D9%81-ID503461126.html
اقل سعر  شقه الترا مودرن (تشطيب الاونر )  ريسيل في السوق بموقع مميز في (بارسل23 ) ميفيدا -التجمع الخامس - جاهزه للمعاينه والسكن فورا,18500000,3,3,200,https://www.dubizzle.com.eg/ad/%D8%A7%D9%82%D9%84-%D8%B3%D8%B9%D8%B1-%D8%B4%D9%82%D9%87-%D8%A7%D9%84%D8%AA%D8%B1%D8%A7-%D9%85%D9%88%D8%AF%D8%B1%D9%86-%D8%AA%D8%B4%D8%B7%D9%8A%D8%A8-%D8%A7%D9%84%D8%A7%D9%88%D9%86%D8%B1-%D8%B1%D9%8A%D8%B3%D9%8A%D9%84-%D9%81%D9%8A-%D8%A7%D9%84%D8%B3%D9%88%D9%82-%D8%A8%D9%85%D9%88%D9%82%D8%B9-%D9%85%D9%85%D9%8A%D8%B2-%D9%81%D9%8A-%D8%A8%D8%A7%D8%B1%D8%B3%D9%8423-%D9%85%D9%8A%D9%81%D9%8A%D8%AF%D8%A7-%D8%A7%D9%84%D8%AA%D8%AC%D9%85%D8%B9-%D8%A7%D9%84%D8%AE%D8%A7%D9%85%D8%B3-%D8%AC%D8%A7%D9%87%D8%B2%D9%87-%D9%84%D9%84%D9%85%D8%B9%D8%A7%D9%8A%D9%86%D9%87-%D9%88%D8%A7%D9%84%D8%B3%D9%83%D9%86-%D9%81%D9%88%D8%B1%D8%A7-ID503881208.html
شقة 196م لقطة بالتقسيط بالقرب من كارفور استلام فوري,3520000,3,3,196,https://www.dubizzle.com.eg/ad/%D8%B4%D9%82%D8%A9-196%D9%85-%D9%84%D9%82%D8%B7%D8%A9-%D8%A8%D8%A7%D9%84%D8%AA%D9%82%D8%B3%D9%8A%D8%B7-%D8%A8%D8%A7%D9%84%D9%82%D8%B1%D8%A8-%D9%85%D9%86-%D9%83%D8%A7%D8%B1%D9%81%D9%88%D8%B1-%D8%A7%D8%B3%D8%AA%D9%84%D8%A7%D9%85-%D9%81%D9%88%D8%B1%D9%8A-ID503024250.html
تم تنزيل السعر لسرعه البيع شقه غرفتين ( ريسيل) استلام فوري في الباتيو اورو لافيستا بالجولدن سكوير - Water feature view,7800000,2,2,128,https://www.dubizzle.com.eg/ad/%D8%AA%D9%85-%D8%AA%D9%86%D8%B2%D9%8A%D9%84-%D8%A7%D9%84%D8%B3%D8%B9%D8%B1-%D9%84%D8%B3%D8%B1%D8%B9%D9%87-%D8%A7%D9%84%D8%A8%D9%8A%D8%B9-%D8%B4%D9%82%D9%87-%D8%BA%D8%B1%D9%81%D8%AA%D9%8A%D9%86-%D8%B1%D9%8A%D8%B3%D9%8A%D9%84-%D8%A7%D8%B3%D8%AA%D9%84%D8%A7%D9%85-%D9%81%D9%88%D8%B1%D9%8A-%D9%81%D9%8A-%D8%A7%D9%84%D8%A8%D8%A7%D8%AA%D9%8A%D9%88-%D8%A7%D9%88%D8%B1%D9%88-%D9%84%D8%A7%D9%81%D9%8A%D8%B3%D8%AA%D8%A7-%D8%A8%D8%A7%D9%84%D8%AC%D9%88%D9%84%D8%AF%D9%86-%D8%B3%D9%83%D9%88%D9%8A%D8%B1-water-feature-view-ID503742569.html
شقة استلام فورى فى النرجس الجديدة خطوات لمحور جمال عبدالناصر و طلعت حرب,4250000,3,3,150,https://www.dubizzle.com.eg/ad/%D8%B4%D9%82%D8%A9-%D8%A7%D8%B3%D8%AA%D9%84%D8%A7%D9%85-%D9%81%D9%88%D8%B1%D9%89-%D9%81%D9%89-%D8%A7%D9%84%D9%86%D8%B1%D8%AC%D8%B3-%D8%A7%D9%84%D8%AC%D8%AF%D9%8A%D8%AF%D8%A9-%D8%AE%D8%B7%D9%88%D8%A7%D8%AA-%D9%84%D9%85%D8%AD%D9%88%D8%B1-%D8%AC%D9%85%D8%A7%D9%84-%D8%B9%D8%A8%D8%AF%D8%A7%D9%84%D9%86%D8%A7%D8%B5%D8%B1-%D9%88-%D8%B7%D9%84%D8%B9%D8%AA-%D8%AD%D8%B1%D8%A8-ID503868646.html
شقة للبيع فى قطامية جاردينز,2200000,2,1,95,https://www.dubizzle.com.eg/ad/%D8%B4%D9%82%D8%A9-%D9%84%D9%84%D8%A8%D9%8A%D8%B9-%D9%81%D9%89-%D9%82%D8%B7%D8%A7%D9%85%D9%8A%D8%A9-%D8%AC%D8%A7%D8%B1%D8%AF%D9%8A%D9%86%D8%B2-ID503901715.html
شقه للبيع بجوار جميع الخدمات في الرحاب,8000000,3,3,160,https://www.dubizzle.com.eg/ad/%D8%B4%D9%82%D9%87-%D9%84%D9%84%D8%A8%D9%8A%D8%B9-%D8%A8%D8%AC%D9%88%D8%A7%D8%B1-%D8%AC%D9%85%D9%8A%D8%B9-%D8%A7%D9%84%D8%AE%D8%AF%D9%85%D8%A7%D8%AA-%D9%81%D9%8A-%D8%A7%D9%84%D8%B1%D8%AD%D8%A7%D8%A8-ID503901710.html
استلم فوري بخصم مميز شقة برووف من ماونتن فيو بأقل من سعر السوق-ماونتن فيو هايد بارك - التجمع الخامس,14806956,3,2,166,https://www.dubizzle.com.eg/ad/%D8%A7%D8%B3%D8%AA%D9%84%D9%85-%D9%81%D9%88%D8%B1%D9%8A-%D8%A8%D8%AE%D8%B5%D9%85-%D9%85%D9%85%D9%8A%D8%B2-%D8%B4%D9%82%D8%A9-%D8%A8%D8%B1%D9%88%D9%88%D9%81-%D9%85%D9%86-%D9%85%D8%A7%D9%88%D9%86%D8%AA%D9%86-%D9%81%D9%8A%D9%88-%D8%A8%D8%A3%D9%82%D9%84-%D9%85%D9%86-%D8%B3%D8%B9%D8%B1-%D8%A7%D9%84%D8%B3%D9%88%D9%82-%D9%85%D8%A7%D9%88%D9%86%D8%AA%D9%86-%D9%81%D9%8A%D9%88-%D9%87%D8%A7%D9%8A%D8%AF-%D8%A8%D8%A7%D8%B1%D9%83-%D8%A7%D9%84%D8%AA%D8%AC%D9%85%D8%B9-%D8%A7%D9%84%D8%AE%D8%A7%D9%85%D8%B3-ID503901707.html
شقه الحي التالت ٣ غرف ٢ حمام هضبه وسطي مقطم,2800000,3,2,170,https://www.dubizzle.com.eg/ad/%D8%B4%D9%82%D9%87-%D8%A7%D9%84%D8%AD%D9%8A-%D8%A7%D9%84%D8%AA%D8%A7%D9%84%D8%AA-%D9%A3-%D8%BA%D8%B1%D9%81-%D9%A2-%D8%AD%D9%85%D8%A7%D9%85-%D9%87%D8%B6%D8%A8%D9%87-%D9%88%D8%B3%D8%B7%D9%8A-%D9%85%D9%82%D8%B7%D9%85-ID503901685.html
شقة بالحى المتميز مدينة بدر,1300000,3,2,140,https://www.dubizzle.com.eg/ad/%D8%B4%D9%82%D8%A9-%D8%A8%D8%A7%D9%84%D8%AD%D9%89-%D8%A7%D9%84%D9%85%D8%AA%D9%85%D9%8A%D8%B2-%D9%85%D8%AF%D9%8A%D9%86%D8%A9-%D8%A8%D8%AF%D8%B1-ID208581296.html
شقة 165م متشطبة بحري موقع متميز ماونتن فيو اى سيتي Mountain view i city,6700000,3,3,165,https://www.dubizzle.com.eg/ad/%D8%B4%D9%82%D8%A9-165%D9%85-%D9%85%D8%AA%D8%B4%D8%B7%D8%A8%D8%A9-%D8%A8%D8%AD%D8%B1%D9%8A-%D9%85%D9%88%D9%82%D8%B9-%D9%85%D8%AA%D9%85%D9%8A%D8%B2-%D9%85%D8%A7%D9%88%D9%86%D8%AA%D9%86-%D9%81%D9%8A%D9%88-%D8%A7%D9%89-%D8%B3%D9%8A%D8%AA%D9%8A-mountain-view-i-city-ID503886456.html
بالتقسيط شقة 115م استلام فوري بحري ماونتن فيو اى سيتي Mountain view i city,5600000,2,2,115,https://www.dubizzle.com.eg/ad/%D8%A8%D8%A7%D9%84%D8%AA%D9%82%D8%B3%D9%8A%D8%B7-%D8%B4%D9%82%D8%A9-115%D9%85-%D8%A7%D8%B3%D8%AA%D9%84%D8%A7%D9%85-%D9%81%D9%88%D8%B1%D9%8A-%D8%A8%D8%AD%D8%B1%D9%8A-%D9%85%D8%A7%D9%88%D9%86%D8%AA%D9%86-%D9%81%D9%8A%D9%88-%D8%A7%D9%89-%D8%B3%D9%8A%D8%AA%D9%8A-mountain-view-i-city-ID503901225.html
شقة 125م  متشطبة بالمطبخ ماونتن فيو اى سيتي Mountain view i city,5800000,2,2,125,https://www.dubizzle.com.eg/ad/%D8%B4%D9%82%D8%A9-125%D9%85-%D9%85%D8%AA%D8%B4%D8%B7%D8%A8%D8%A9-%D8%A8%D8%A7%D9%84%D9%85%D8%B7%D8%A8%D8%AE-%D9%85%D8%A7%D9%88%D9%86%D8%AA%D9%86-%D9%81%D9%8A%D9%88-%D8%A7%D9%89-%D8%B3%D9%8A%D8%AA%D9%8A-mountain-view-i-city-ID503898656.html
شقة 215م نصف تشطيب موقع متميز فيو مفتوح ماونتن فيو هايد بارك Mountain view hyde park,10800000,3,3,215,https://www.dubizzle.com.eg/ad/%D8%B4%D9%82%D8%A9-215%D9%85-%D9%86%D8%B5%D9%81-%D8%AA%D8%B4%D8%B7%D9%8A%D8%A8-%D9%85%D9%88%D9%82%D8%B9-%D9%85%D8%AA%D9%85%D9%8A%D8%B2-%D9%81%D9%8A%D9%88-%D9%85%D9%81%D8%AA%D9%88%D8%AD-%D9%85%D8%A7%D9%88%D9%86%D8%AA%D9%86-%D9%81%D9%8A%D9%88-%D9%87%D8%A7%D9%8A%D8%AF-%D8%A8%D8%A7%D8%B1%D9%83-mountain-view-hyde-park-ID503897861.html
بنتهاوس للبيع 166م + 90م روف متشطب بكمبوند ماونتن فيو هايد بارك  Mountain view hyde park,9500000,2,2,166,https://www.dubizzle.com.eg/ad/%D8%A8%D9%86%D8%AA%D9%87%D8%A7%D9%88%D8%B3-%D9%84%D9%84%D8%A8%D9%8A%D8%B9-166%D9%85-90%D9%85-%D8%B1%D9%88%D9%81-%D9%85%D8%AA%D8%B4%D8%B7%D8%A8-%D8%A8%D9%83%D9%85%D8%A8%D9%88%D9%86%D8%AF-%D9%85%D8%A7%D9%88%D9%86%D8%AA%D9%86-%D9%81%D9%8A%D9%88-%D9%87%D8%A7%D9%8A%D8%AF-%D8%A8%D8%A7%D8%B1%D9%83-mountain-view-hyde-park-ID503897753.html
بنتهاوس للبيع في كمباوند بروميناد القاهره الجديده استلام فوري,7800000,4,3,375,https://www.dubizzle.com.eg/ad/%D8%A8%D9%86%D8%AA%D9%87%D8%A7%D9%88%D8%B3-%D9%84%D9%84%D8%A8%D9%8A%D8%B9-%D9%81%D9%8A-%D9%83%D9%85%D8%A8%D8%A7%D9%88%D9%86%D8%AF-%D8%A8%D8%B1%D9%88%D9%85%D9%8A%D9%86%D8%A7%D8%AF-%D8%A7%D9%84%D9%82%D8%A7%D9%87%D8%B1%D9%87-%D8%A7%D9%84%D8%AC%D8%AF%D9%8A%D8%AF%D9%87-%D8%A7%D8%B3%D8%AA%D9%84%D8%A7%D9%85-%D9%81%D9%88%D8%B1%D9%8A-ID503903212.html
شقة للبيع,6000000,3,2,220,https://www.dubizzle.com.eg/ad/%D8%B4%D9%82%D8%A9-%D9%84%D9%84%D8%A8%D9%8A%D8%B9-ID208655338.html
شقه للبيع بـ 3% مقدم واقساط علي 12 سنه في كمبوند سراي امام مدينتي القاهرة الجديدة Sarai Compound,9100000,3,2,130,https://www.dubizzle.com.eg/ad/%D8%B4%D9%82%D9%87-%D9%84%D9%84%D8%A8%D9%8A%D8%B9-%D8%A8%D9%80-3-%D9%85%D9%82%D8%AF%D9%85-%D9%88%D8%A7%D9%82%D8%B3%D8%A7%D8%B7-%D8%B9%D9%84%D9%8A-12-%D8%B3%D9%86%D9%87-%D9%81%D9%8A-%D9%83%D9%85%D8%A8%D9%88%D9%86%D8%AF-%D8%B3%D8%B1%D8%A7%D9%8A-%D8%A7%D9%85%D8%A7%D9%85-%D9%85%D8%AF%D9%8A%D9%86%D8%AA%D9%8A-%D8%A7%D9%84%D9%82%D8%A7%D9%87%D8%B1%D8%A9-%D8%A7%D9%84%D8%AC%D8%AF%D9%8A%D8%AF%D8%A9-sarai-compound-ID503903208.html
استثمروحده فندقيه من فندق انتركونتننتال الايجاربالدولارشهري متشبطه بالكاملfully finished بالفرش و التكيفات علي كورنيش النيل,3920000,1,1,38,https://www.dubizzle.com.eg/ad/%D8%A7%D8%B3%D8%AA%D8%AB%D9%85%D8%B1%D9%88%D8%AD%D8%AF%D9%87-%D9%81%D9%86%D8%AF%D9%82%D9%8A%D9%87-%D9%85%D9%86-%D9%81%D9%86%D8%AF%D9%82-%D8%A7%D9%86%D8%AA%D8%B1%D9%83%D9%88%D9%86%D8%AA%D9%86%D9%86%D8%AA%D8%A7%D9%84-%D8%A7%D9%84%D8%A7%D9%8A%D8%AC%D8%A7%D8%B1%D8%A8%D8%A7%D9%84%D8%AF%D9%88%D9%84%D8%A7%D8%B1%D8%B4%D9%87%D8%B1%D9%8A-%D9%85%D8%AA%D8%B4%D8%A8%D8%B7%D9%87-%D8%A8%D8%A7%D9%84%D9%83%D8%A7%D9%85%D9%84fully-finished-%D8%A8%D8%A7%D9%84%D9%81%D8%B1%D8%B4-%D9%88-%D8%A7%D9%84%D8%AA%D9%83%D9%8A%D9%81%D8%A7%D8%AA-%D8%B9%D9%84%D9%8A-%D9%83%D9%88%D8%B1%D9%86%D9%8A%D8%B4-%D8%A7%D9%84%D9%86%D9%8A%D9%84-ID503903207.html
شقه للبيع مكرم عبيد مدينه نصر,4850000,3,2,220,https://www.dubizzle.com.eg/ad/%D8%B4%D9%82%D9%87-%D9%84%D9%84%D8%A8%D9%8A%D8%B9-%D9%85%D9%83%D8%B1%D9%85-%D8%B9%D8%A8%D9%8A%D8%AF-%D9%85%D8%AF%D9%8A%D9%86%D9%87-%D9%86%D8%B5%D8%B1-ID208649794.html
للبيع شقة غـرفـتـيـن امام مدينتي فى كمبوند سراى القاهرة الجديدة - المستقبل سيتي Sarai New Cairo,4400000,2,1,100,https://www.dubizzle.com.eg/ad/%D9%84%D9%84%D8%A8%D9%8A%D8%B9-%D8%B4%D9%82%D8%A9-%D8%BA%D9%80%D8%B1%D9%81%D9%80%D8%AA%D9%80%D9%8A%D9%80%D9%86-%D8%A7%D9%85%D8%A7%D9%85-%D9%85%D8%AF%D9%8A%D9%86%D8%AA%D9%8A-%D9%81%D9%89-%D9%83%D9%85%D8%A8%D9%88%D9%86%D8%AF-%D8%B3%D8%B1%D8%A7%D9%89-%D8%A7%D9%84%D9%82%D8%A7%D9%87%D8%B1%D8%A9-%D8%A7%D9%84%D8%AC%D8%AF%D9%8A%D8%AF%D8%A9-%D8%A7%D9%84%D9%85%D8%B3%D8%AA%D9%82%D8%A8%D9%84-%D8%B3%D9%8A%D8%AA%D9%8A-sarai-new-cairo-ID503836716.html
شقة للبيع بالشروق,2500000,2,2,122,https://www.dubizzle.com.eg/ad/%D8%B4%D9%82%D8%A9-%D9%84%D9%84%D8%A8%D9%8A%D8%B9-%D8%A8%D8%A7%D9%84%D8%B4%D8%B1%D9%88%D9%82-ID208646292.html
Appartment off El Khalifa Elmamoun by Mobil gas station,4200000,2,1,115,https://www.dubizzle.com.eg/ad/appartment-off-el-khalifa-elmamoun-by-mobil-gas-station-ID207879328.html
شقة 180 م في الشطر السابع زهراء المعادي علي شارع الخمسين الرئيسي,7000000,3,2,180,https://www.dubizzle.com.eg/ad/%D8%B4%D9%82%D8%A9-180-%D9%85-%D9%81%D9%8A-%D8%A7%D9%84%D8%B4%D8%B7%D8%B1-%D8%A7%D9%84%D8%B3%D8%A7%D8%A8%D8%B9-%D8%B2%D9%87%D8%B1%D8%A7%D8%A1-%D8%A7%D9%84%D9%85%D8%B9%D8%A7%D8%AF%D9%8A-%D8%B9%D9%84%D9%8A-%D8%B4%D8%A7%D8%B1%D8%B9-%D8%A7%D9%84%D8%AE%D9%85%D8%B3%D9%8A%D9%86-%D8%A7%D9%84%D8%B1%D8%A6%D9%8A%D8%B3%D9%8A-ID502937707.html
شقة 230 م في المعراج العلوي زهراء المعادي علي شارع كارفور المعادي الرئيسي,6800000,3,3,230,https://www.dubizzle.com.eg/ad/%D8%B4%D9%82%D8%A9-230-%D9%85-%D9%81%D9%8A-%D8%A7%D9%84%D9%85%D8%B9%D8%B1%D8%A7%D8%AC-%D8%A7%D9%84%D8%B9%D9%84%D9%88%D9%8A-%D8%B2%D9%87%D8%B1%D8%A7%D8%A1-%D8%A7%D9%84%D9%85%D8%B9%D8%A7%D8%AF%D9%8A-%D8%B9%D9%84%D9%8A-%D8%B4%D8%A7%D8%B1%D8%B9-%D9%83%D8%A7%D8%B1%D9%81%D9%88%D8%B1-%D8%A7%D9%84%D9%85%D8%B9%D8%A7%D8%AF%D9%8A-%D8%A7%D9%84%D8%B1%D8%A6%D9%8A%D8%B3%D9%8A-ID502937677.html
لقطة  شقة بـ 2 غرف نوم جاهزة متشطبة في كمبوند مبني بالكامل في قلب التجمع بتقسيط مريح,4350000,2,1,100,https://www.dubizzle.com.eg/ad/%D9%84%D9%82%D8%B7%D8%A9-%D8%B4%D9%82%D8%A9-%D8%A8%D9%80-2-%D8%BA%D8%B1%D9%81-%D9%86%D9%88%D9%85-%D8%AC%D8%A7%D9%87%D8%B2%D8%A9-%D9%85%D8%AA%D8%B4%D8%B7%D8%A8%D8%A9-%D9%81%D9%8A-%D9%83%D9%85%D8%A8%D9%88%D9%86%D8%AF-%D9%85%D8%A8%D9%86%D9%8A-%D8%A8%D8%A7%D9%84%D9%83%D8%A7%D9%85%D9%84-%D9%81%D9%8A-%D9%82%D9%84%D8%A8-%D8%A7%D9%84%D8%AA%D8%AC%D9%85%D8%B9-%D8%A8%D8%AA%D9%82%D8%B3%D9%8A%D8%B7-%D9%85%D8%B1%D9%8A%D8%AD-ID503255964.html
شقة استلام فوري باقل من سعر السوق مع افضل مطور في العاصمة,4539000,3,3,210,https://www.dubizzle.com.eg/ad/%D8%B4%D9%82%D8%A9-%D8%A7%D8%B3%D8%AA%D9%84%D8%A7%D9%85-%D9%81%D9%88%D8%B1%D9%8A-%D8%A8%D8%A7%D9%82%D9%84-%D9%85%D9%86-%D8%B3%D8%B9%D8%B1-%D8%A7%D9%84%D8%B3%D9%88%D9%82-%D9%85%D8%B9-%D8%A7%D9%81%D8%B6%D9%84-%D9%85%D8%B7%D9%88%D8%B1-%D9%81%D9%8A-%D8%A7%D9%84%D8%B9%D8%A7%D8%B5%D9%85%D8%A9-ID503898879.html
خصم علي السعر مميز شقه 4 غرف بجاردن كامله التشطيب بالتقسيط من بالم هيلز في قلب التجمع,19035000,4,4,190,https://www.dubizzle.com.eg/ad/%D8%AE%D8%B5%D9%85-%D8%B9%D9%84%D9%8A-%D8%A7%D9%84%D8%B3%D8%B9%D8%B1-%D9%85%D9%85%D9%8A%D8%B2-%D8%B4%D9%82%D9%87-4-%D8%BA%D8%B1%D9%81-%D8%A8%D8%AC%D8%A7%D8%B1%D8%AF%D9%86-%D9%83%D8%A7%D9%85%D9%84%D9%87-%D8%A7%D9%84%D8%AA%D8%B4%D8%B7%D9%8A%D8%A8-%D8%A8%D8%A7%D9%84%D8%AA%D9%82%D8%B3%D9%8A%D8%B7-%D9%85%D9%86-%D8%A8%D8%A7%D9%84%D9%85-%D9%87%D9%8A%D9%84%D8%B2-%D9%81%D9%8A-%D9%82%D9%84%D8%A8-%D8%A7%D9%84%D8%AA%D8%AC%D9%85%D8%B9-ID503899925.html
شقة للبيع استلام قريب  بأقل مقدم نصف تشطيب في Hyde park هايد بارك التجمع الخامس مع أطول فترة سداد بالتقسيط,14390000,2,3,113,https://www.dubizzle.com.eg/ad/%D8%B4%D9%82%D8%A9-%D9%84%D9%84%D8%A8%D9%8A%D8%B9-%D8%A7%D8%B3%D8%AA%D9%84%D8%A7%D9%85-%D9%82%D8%B1%D9%8A%D8%A8-%D8%A8%D8%A3%D9%82%D9%84-%D9%85%D9%82%D8%AF%D9%85-%D9%86%D8%B5%D9%81-%D8%AA%D8%B4%D8%B7%D9%8A%D8%A8-%D9%81%D9%8A-hyde-park-%D9%87%D8%A7%D9%8A%D8%AF-%D8%A8%D8%A7%D8%B1%D9%83-%D8%A7%D9%84%D8%AA%D8%AC%D9%85%D8%B9-%D8%A7%D9%84%D8%AE%D8%A7%D9%85%D8%B3-%D9%85%D8%B9-%D8%A3%D8%B7%D9%88%D9%84-%D9%81%D8%AA%D8%B1%D8%A9-%D8%B3%D8%AF%D8%A7%D8%AF-%D8%A8%D8%A7%D9%84%D8%AA%D9%82%D8%B3%D9%8A%D8%B7-ID503533496.html
استلم فوري بالتقسيط علي 3 سنين شقة للبيع 168م   تشطيب كامل بالتكييفات اميز لوكيشن فيو لاند سكيب في المراسم فيفث سكوير التجمع الخامس القاهرة الجديدة,13685000,3,3,168,https://www.dubizzle.com.eg/ad/%D8%A7%D8%B3%D8%AA%D9%84%D9%85-%D9%81%D9%88%D8%B1%D9%8A-%D8%A8%D8%A7%D9%84%D8%AA%D9%82%D8%B3%D9%8A%D8%B7-%D8%B9%D9%84%D9%8A-3-%D8%B3%D9%86%D9%8A%D9%86-%D8%B4%D9%82%D8%A9-%D9%84%D9%84%D8%A8%D9%8A%D8%B9-168%D9%85-%D8%AA%D8%B4%D8%B7%D9%8A%D8%A8-%D9%83%D8%A7%D9%85%D9%84-%D8%A8%D8%A7%D9%84%D8%AA%D9%83%D9%8A%D9%8A%D9%81%D8%A7%D8%AA-%D8%A7%D9%85%D9%8A%D8%B2-%D9%84%D9%88%D9%83%D9%8A%D8%B4%D9%86-%D9%81%D9%8A%D9%88-%D9%84%D8%A7%D9%86%D8%AF-%D8%B3%D9%83%D9%8A%D8%A8-%D9%81%D9%8A-%D8%A7%D9%84%D9%85%D8%B1%D8%A7%D8%B3%D9%85-%D9%81%D9%8A%D9%81%D8%AB-%D8%B3%D9%83%D9%88%D9%8A%D8%B1-%D8%A7%D9%84%D8%AA%D8%AC%D9%85%D8%B9-%D8%A7%D9%84%D8%AE%D8%A7%D9%85%D8%B3-%D8%A7%D9%84%D9%82%D8%A7%D9%87%D8%B1%D8%A9-%D8%A7%D9%84%D8%AC%D8%AF%D9%8A%D8%AF%D8%A9-ID503727649.html
شقة للبيع في ذا سكوير التجمع الخامس استلام فوري اقل من سعر السوق موقع مميز the square,7500000,3,3,185,https://www.dubizzle.com.eg/ad/%D8%B4%D9%82%D8%A9-%D9%84%D9%84%D8%A8%D9%8A%D8%B9-%D9%81%D9%8A-%D8%B0%D8%A7-%D8%B3%D9%83%D9%88%D9%8A%D8%B1-%D8%A7%D9%84%D8%AA%D8%AC%D9%85%D8%B9-%D8%A7%D9%84%D8%AE%D8%A7%D9%85%D8%B3-%D8%A7%D8%B3%D8%AA%D9%84%D8%A7%D9%85-%D9%81%D9%88%D8%B1%D9%8A-%D8%A7%D9%82%D9%84-%D9%85%D9%86-%D8%B3%D8%B9%D8%B1-%D8%A7%D9%84%D8%B3%D9%88%D9%82-%D9%85%D9%88%D9%82%D8%B9-%D9%85%D9%85%D9%8A%D8%B2-the-square-ID503721064.html
دوبلكس متشطب في تاج سيتي Taj city القاهره الجديده استلام فوري مرحله تاج سلطان Taj Sultan و موقع مميز بسعر لقطه,10000000,3,3,161,https://www.dubizzle.com.eg/ad/%D8%AF%D9%88%D8%A8%D9%84%D9%83%D8%B3-%D9%85%D8%AA%D8%B4%D8%B7%D8%A8-%D9%81%D9%8A-%D8%AA%D8%A7%D8%AC-%D8%B3%D9%8A%D8%AA%D9%8A-taj-city-%D8%A7%D9%84%D9%82%D8%A7%D9%87%D8%B1%D9%87-%D8%A7%D9%84%D8%AC%D8%AF%D9%8A%D8%AF%D9%87-%D8%A7%D8%B3%D8%AA%D9%84%D8%A7%D9%85-%D9%81%D9%88%D8%B1%D9%8A-%D9%85%D8%B1%D8%AD%D9%84%D9%87-%D8%AA%D8%A7%D8%AC-%D8%B3%D9%84%D8%B7%D8%A7%D9%86-taj-sultan-%D9%88-%D9%85%D9%88%D9%82%D8%B9-%D9%85%D9%85%D9%8A%D8%B2-%D8%A8%D8%B3%D8%B9%D8%B1-%D9%84%D9%82%D8%B7%D9%87-ID503397846.html
شقة للبيع فى النرجس الجديدة بالتجمع الخامس من المالك مباشرة استلام فورى,4808000,3,2,144,https://www.dubizzle.com.eg/ad/%D8%B4%D9%82%D8%A9-%D9%84%D9%84%D8%A8%D9%8A%D8%B9-%D9%81%D9%89-%D8%A7%D9%84%D9%86%D8%B1%D8%AC%D8%B3-%D8%A7%D9%84%D8%AC%D8%AF%D9%8A%D8%AF%D8%A9-%D8%A8%D8%A7%D9%84%D8%AA%D8%AC%D9%85%D8%B9-%D8%A7%D9%84%D8%AE%D8%A7%D9%85%D8%B3-%D9%85%D9%86-%D8%A7%D9%84%D9%85%D8%A7%D9%84%D9%83-%D9%85%D8%A8%D8%A7%D8%B4%D8%B1%D8%A9-%D8%A7%D8%B3%D8%AA%D9%84%D8%A7%D9%85-%D9%81%D9%88%D8%B1%D9%89-ID503879052.html
بنتهاوس متشطب بالكامل بالتكييفات والأجهزة والمطبخ فيLake View Residence ليك فيو ريزيدنس 1 القاهره الجديده استلام فوري موقع مميز جداً مباشر على اللاجون,30500000,3,3,266,https://www.dubizzle.com.eg/ad/%D8%A8%D9%86%D8%AA%D9%87%D8%A7%D9%88%D8%B3-%D9%85%D8%AA%D8%B4%D8%B7%D8%A8-%D8%A8%D8%A7%D9%84%D9%83%D8%A7%D9%85%D9%84-%D8%A8%D8%A7%D9%84%D8%AA%D9%83%D9%8A%D9%8A%D9%81%D8%A7%D8%AA-%D9%88%D8%A7%D9%84%D8%A3%D8%AC%D9%87%D8%B2%D8%A9-%D9%88%D8%A7%D9%84%D9%85%D8%B7%D8%A8%D8%AE-%D9%81%D9%8Alake-view-residence-%D9%84%D9%8A%D9%83-%D9%81%D9%8A%D9%88-%D8%B1%D9%8A%D8%B2%D9%8A%D8%AF%D9%86%D8%B3-1-%D8%A7%D9%84%D9%82%D8%A7%D9%87%D8%B1%D9%87-%D8%A7%D9%84%D8%AC%D8%AF%D9%8A%D8%AF%D9%87-%D8%A7%D8%B3%D8%AA%D9%84%D8%A7%D9%85-%D9%81%D9%88%D8%B1%D9%8A-%D9%85%D9%88%D9%82%D8%B9-%D9%85%D9%85%D9%8A%D8%B2-%D8%AC%D8%AF%D8%A7-%D9%85%D8%A8%D8%A7%D8%B4%D8%B1-%D8%B9%D9%84%D9%89-%D8%A7%D9%84%D9%84%D8%A7%D8%AC%D9%88%D9%86-ID502241865.html
شقة للبيع 3 غرف بخصم على سعر المتر فى بيت الوطن بالتجمع الخامس برايم لوكيشن من المالك مباشرة,3630000,3,2,140,https://www.dubizzle.com.eg/ad/%D8%B4%D9%82%D8%A9-%D9%84%D9%84%D8%A8%D9%8A%D8%B9-3-%D8%BA%D8%B1%D9%81-%D8%A8%D8%AE%D8%B5%D9%85-%D8%B9%D9%84%D9%89-%D8%B3%D8%B9%D8%B1-%D8%A7%D9%84%D9%85%D8%AA%D8%B1-%D9%81%D9%89-%D8%A8%D9%8A%D8%AA-%D8%A7%D9%84%D9%88%D8%B7%D9%86-%D8%A8%D8%A7%D9%84%D8%AA%D8%AC%D9%85%D8%B9-%D8%A7%D9%84%D8%AE%D8%A7%D9%85%D8%B3-%D8%A8%D8%B1%D8%A7%D9%8A%D9%85-%D9%84%D9%88%D9%83%D9%8A%D8%B4%D9%86-%D9%85%D9%86-%D8%A7%D9%84%D9%85%D8%A7%D9%84%D9%83-%D9%85%D8%A8%D8%A7%D8%B4%D8%B1%D8%A9-ID503884907.html
شقة للبيع 140 متر من المالك مباشرة فى شمال الرحاب التجمع الخامس استلام فورى,4820000,3,2,140,https://www.dubizzle.com.eg/ad/%D8%B4%D9%82%D8%A9-%D9%84%D9%84%D8%A8%D9%8A%D8%B9-140-%D9%85%D8%AA%D8%B1-%D9%85%D9%86-%D8%A7%D9%84%D9%85%D8%A7%D9%84%D9%83-%D9%85%D8%A8%D8%A7%D8%B4%D8%B1%D8%A9-%D9%81%D9%89-%D8%B4%D9%85%D8%A7%D9%84-%D8%A7%D9%84%D8%B1%D8%AD%D8%A7%D8%A8-%D8%A7%D9%84%D8%AA%D8%AC%D9%85%D8%B9-%D8%A7%D9%84%D8%AE%D8%A7%D9%85%D8%B3-%D8%A7%D8%B3%D8%AA%D9%84%D8%A7%D9%85-%D9%81%D9%88%D8%B1%D9%89-ID503899587.html
شقة متشطبة بالكامل بمقدم وتكملة أقساط بفيو مميز بأقل من سعر الشركة ريسيل 3 غرف في بلوم فيلدز Bloomfields المستقبل سيتي بجوار مدينتي وسراي للبيع,6712000,3,3,175,https://www.dubizzle.com.eg/ad/%D8%B4%D9%82%D8%A9-%D9%85%D8%AA%D8%B4%D8%B7%D8%A8%D8%A9-%D8%A8%D8%A7%D9%84%D9%83%D8%A7%D9%85%D9%84-%D8%A8%D9%85%D9%82%D8%AF%D9%85-%D9%88%D8%AA%D9%83%D9%85%D9%84%D8%A9-%D8%A3%D9%82%D8%B3%D8%A7%D8%B7-%D8%A8%D9%81%D9%8A%D9%88-%D9%85%D9%85%D9%8A%D8%B2-%D8%A8%D8%A3%D9%82%D9%84-%D9%85%D9%86-%D8%B3%D8%B9%D8%B1-%D8%A7%D9%84%D8%B4%D8%B1%D9%83%D8%A9-%D8%B1%D9%8A%D8%B3%D9%8A%D9%84-3-%D8%BA%D8%B1%D9%81-%D9%81%D9%8A-%D8%A8%D9%84%D9%88%D9%85-%D9%81%D9%8A%D9%84%D8%AF%D8%B2-bloomfields-%D8%A7%D9%84%D9%85%D8%B3%D8%AA%D9%82%D8%A8%D9%84-%D8%B3%D9%8A%D8%AA%D9%8A-%D8%A8%D8%AC%D9%88%D8%A7%D8%B1-%D9%85%D8%AF%D9%8A%D9%86%D8%AA%D9%8A-%D9%88%D8%B3%D8%B1%D8%A7%D9%8A-%D9%84%D9%84%D8%A8%D9%8A%D8%B9-ID503899685.html
شقة للبيع في كمبوندا ذا بروكس بالتقسيط علي 10سنوات علي مدخل التجمع الخامس بجوار مول سيتى استار الجديد,8700000,3,3,145,https://www.dubizzle.com.eg/ad/%D8%B4%D9%82%D8%A9-%D9%84%D9%84%D8%A8%D9%8A%D8%B9-%D9%81%D9%8A-%D9%83%D9%85%D8%A8%D9%88%D9%86%D8%AF%D8%A7-%D8%B0%D8%A7-%D8%A8%D8%B1%D9%88%D9%83%D8%B3-%D8%A8%D8%A7%D9%84%D8%AA%D9%82%D8%B3%D9%8A%D8%B7-%D8%B9%D9%84%D9%8A-10%D8%B3%D9%86%D9%88%D8%A7%D8%AA-%D8%B9%D9%84%D9%8A-%D9%85%D8%AF%D8%AE%D9%84-%D8%A7%D9%84%D8%AA%D8%AC%D9%85%D8%B9-%D8%A7%D9%84%D8%AE%D8%A7%D9%85%D8%B3-%D8%A8%D8%AC%D9%88%D8%A7%D8%B1-%D9%85%D9%88%D9%84-%D8%B3%D9%8A%D8%AA%D9%89-%D8%A7%D8%B3%D8%AA%D8%A7%D8%B1-%D8%A7%D9%84%D8%AC%D8%AF%D9%8A%D8%AF-ID501927493.html
شقة للبيع في كمبوندا ذا بروكس بالتقسيط علي 10سنوات علي مدخل التجمع الخامس بجوار مول سيتى استار الجديد,8500000,2,2,110,https://www.dubizzle.com.eg/ad/%D8%B4%D9%82%D8%A9-%D9%84%D9%84%D8%A8%D9%8A%D8%B9-%D9%81%D9%8A-%D9%83%D9%85%D8%A8%D9%88%D9%86%D8%AF%D8%A7-%D8%B0%D8%A7-%D8%A8%D8%B1%D9%88%D9%83%D8%B3-%D8%A8%D8%A7%D9%84%D8%AA%D9%82%D8%B3%D9%8A%D8%B7-%D8%B9%D9%84%D9%8A-10%D8%B3%D9%86%D9%88%D8%A7%D8%AA-%D8%B9%D9%84%D9%8A-%D9%85%D8%AF%D8%AE%D9%84-%D8%A7%D9%84%D8%AA%D8%AC%D9%85%D8%B9-%D8%A7%D9%84%D8%AE%D8%A7%D9%85%D8%B3-%D8%A8%D8%AC%D9%88%D8%A7%D8%B1-%D9%85%D9%88%D9%84-%D8%B3%D9%8A%D8%AA%D9%89-%D8%A7%D8%B3%D8%AA%D8%A7%D8%B1-%D8%A7%D9%84%D8%AC%D8%AF%D9%8A%D8%AF-ID501927432.html
شقة فيو مفتوح 233م موقع متميز متشطبه بكمبوند ميفيدا Mivida,24000000,3,3,233,https://www.dubizzle.com.eg/ad/%D8%B4%D9%82%D8%A9-%D9%81%D9%8A%D9%88-%D9%85%D9%81%D8%AA%D9%88%D8%AD-233%D9%85-%D9%85%D9%88%D9%82%D8%B9-%D9%85%D8%AA%D9%85%D9%8A%D8%B2-%D9%85%D8%AA%D8%B4%D8%B7%D8%A8%D9%87-%D8%A8%D9%83%D9%85%D8%A8%D9%88%D9%86%D8%AF-%D9%85%D9%8A%D9%81%D9%8A%D8%AF%D8%A7-mivida-ID503896750.html
استلام فوري: آي فيلا (I-Villa) بسعر مميز جداً في ماونتن فيو هايد بارك اقساط حتى 2033,29000000,3,3,300,https://www.dubizzle.com.eg/ad/%D8%A7%D8%B3%D8%AA%D9%84%D8%A7%D9%85-%D9%81%D9%88%D8%B1%D9%8A-%D8%A2%D9%8A-%D9%81%D9%8A%D9%84%D8%A7-i-villa-%D8%A8%D8%B3%D8%B9%D8%B1-%D9%85%D9%85%D9%8A%D8%B2-%D8%AC%D8%AF%D8%A7-%D9%81%D9%8A-%D9%85%D8%A7%D9%88%D9%86%D8%AA%D9%86-%D9%81%D9%8A%D9%88-%D9%87%D8%A7%D9%8A%D8%AF-%D8%A8%D8%A7%D8%B1%D9%83-%D8%A7%D9%82%D8%B3%D8%A7%D8%B7-%D8%AD%D8%AA%D9%89-2033-ID503859937.html
بمقدم 5% فقط وفي ارقى مشاريع العاصمة الادراية 1ا ايلاندز امتلك شقة 125م بفيو مفتوح على اكبر مساحة لاند سكيب,5500000,2,2,125,https://www.dubizzle.com.eg/ad/%D8%A8%D9%85%D9%82%D8%AF%D9%85-5-%D9%81%D9%82%D8%B7-%D9%88%D9%81%D9%8A-%D8%A7%D8%B1%D9%82%D9%89-%D9%85%D8%B4%D8%A7%D8%B1%D9%8A%D8%B9-%D8%A7%D9%84%D8%B9%D8%A7%D8%B5%D9%85%D8%A9-%D8%A7%D9%84%D8%A7%D8%AF%D8%B1%D8%A7%D9%8A%D8%A9-1%D8%A7-%D8%A7%D9%8A%D9%84%D8%A7%D9%86%D8%AF%D8%B2-%D8%A7%D9%85%D8%AA%D9%84%D9%83-%D8%B4%D9%82%D8%A9-125%D9%85-%D8%A8%D9%81%D9%8A%D9%88-%D9%85%D9%81%D8%AA%D9%88%D8%AD-%D8%B9%D9%84%D9%89-%D8%A7%D9%83%D8%A8%D8%B1-%D9%85%D8%B3%D8%A7%D8%AD%D8%A9-%D9%84%D8%A7%D9%86%D8%AF-%D8%B3%D9%83%D9%8A%D8%A8-ID501349047.html
فيلا بنتهاوس 220م +95 م روف للبيع استلام فورى بالتقسيط في ،كمبوند ستون بجوار مول سيتى استار الجديدة,15500000,4,4,220,https://www.dubizzle.com.eg/ad/%D9%81%D9%8A%D9%84%D8%A7-%D8%A8%D9%86%D8%AA%D9%87%D8%A7%D9%88%D8%B3-220%D9%85-95-%D9%85-%D8%B1%D9%88%D9%81-%D9%84%D9%84%D8%A8%D9%8A%D8%B9-%D8%A7%D8%B3%D8%AA%D9%84%D8%A7%D9%85-%D9%81%D9%88%D8%B1%D9%89-%D8%A8%D8%A7%D9%84%D8%AA%D9%82%D8%B3%D9%8A%D8%B7-%D9%81%D9%8A-%D9%83%D9%85%D8%A8%D9%88%D9%86%D8%AF-%D8%B3%D8%AA%D9%88%D9%86-%D8%A8%D8%AC%D9%88%D8%A7%D8%B1-%D9%85%D9%88%D9%84-%D8%B3%D9%8A%D8%AA%D9%89-%D8%A7%D8%B3%D8%AA%D8%A7%D8%B1-%D8%A7%D9%84%D8%AC%D8%AF%D9%8A%D8%AF%D8%A9-ID500724039.html
شقه للبيع في قلب التجمع الخامس بمقدم 3% فقط وخصم مميز في كمبوند في ذا بروكس  - اقساط تصل الي 10 سنوات - برايم لوكيشن | The Brookes | P. R. E,6500000,2,2,126,https://www.dubizzle.com.eg/ad/%D8%B4%D9%82%D9%87-%D9%84%D9%84%D8%A8%D9%8A%D8%B9-%D9%81%D9%8A-%D9%82%D9%84%D8%A8-%D8%A7%D9%84%D8%AA%D8%AC%D9%85%D8%B9-%D8%A7%D9%84%D8%AE%D8%A7%D9%85%D8%B3-%D8%A8%D9%85%D9%82%D8%AF%D9%85-3-%D9%81%D9%82%D8%B7-%D9%88%D8%AE%D8%B5%D9%85-%D9%85%D9%85%D9%8A%D8%B2-%D9%81%D9%8A-%D9%83%D9%85%D8%A8%D9%88%D9%86%D8%AF-%D9%81%D9%8A-%D8%B0%D8%A7-%D8%A8%D8%B1%D9%88%D9%83%D8%B3-%D8%A7%D9%82%D8%B3%D8%A7%D8%B7-%D8%AA%D8%B5%D9%84-%D8%A7%D9%84%D9%8A-10-%D8%B3%D9%86%D9%88%D8%A7%D8%AA-%D8%A8%D8%B1%D8%A7%D9%8A%D9%85-%D9%84%D9%88%D9%83%D9%8A%D8%B4%D9%86-the-brookes-p-r-e-ID503822537.html
شقة للبيع 3 غرف في كمبوند سراي  في المستقبل سيتي بخصم كاش 50% او قسط علي 12 سنه مع اقسط علي اطول فتره سداد مع شركه مدينه مصر | Sarai,5250000,3,3,132,https://www.dubizzle.com.eg/ad/%D8%B4%D9%82%D8%A9-%D9%84%D9%84%D8%A8%D9%8A%D8%B9-3-%D8%BA%D8%B1%D9%81-%D9%81%D9%8A-%D9%83%D9%85%D8%A8%D9%88%D9%86%D8%AF-%D8%B3%D8%B1%D8%A7%D9%8A-%D9%81%D9%8A-%D8%A7%D9%84%D9%85%D8%B3%D8%AA%D9%82%D8%A8%D9%84-%D8%B3%D9%8A%D8%AA%D9%8A-%D8%A8%D8%AE%D8%B5%D9%85-%D9%83%D8%A7%D8%B4-50-%D8%A7%D9%88-%D9%82%D8%B3%D8%B7-%D8%B9%D9%84%D9%8A-12-%D8%B3%D9%86%D9%87-%D9%85%D8%B9-%D8%A7%D9%82%D8%B3%D8%B7-%D8%B9%D9%84%D9%8A-%D8%A7%D8%B7%D9%88%D9%84-%D9%81%D8%AA%D8%B1%D9%87-%D8%B3%D8%AF%D8%A7%D8%AF-%D9%85%D8%B9-%D8%B4%D8%B1%D9%83%D9%87-%D9%85%D8%AF%D9%8A%D9%86%D9%87-%D9%85%D8%B5%D8%B1-sarai-ID503680924.html
"دوبلكس للبيع في تلال إيست, كمبوندات التجمع الخامس جاردن فيلا في التجمع الخامس للبيع بمقدم 5% وتقسيط",20000000,3,3,218,https://www.dubizzle.com.eg/ad/%D8%AF%D9%88%D8%A8%D9%84%D9%83%D8%B3-%D9%84%D9%84%D8%A8%D9%8A%D8%B9-%D9%81%D9%8A-%D8%AA%D9%84%D8%A7%D9%84-%D8%A5%D9%8A%D8%B3%D8%AA-%D9%83%D9%85%D8%A8%D9%88%D9%86%D8%AF%D8%A7%D8%AA-%D8%A7%D9%84%D8%AA%D8%AC%D9%85%D8%B9-%D8%A7%D9%84%D8%AE%D8%A7%D9%85%D8%B3-%D8%AC%D8%A7%D8%B1%D8%AF%D9%86-%D9%81%D9%8A%D9%84%D8%A7-%D9%81%D9%8A-%D8%A7%D9%84%D8%AA%D8%AC%D9%85%D8%B9-%D8%A7%D9%84%D8%AE%D8%A7%D9%85%D8%B3-%D9%84%D9%84%D8%A8%D9%8A%D8%B9-%D8%A8%D9%85%D9%82%D8%AF%D9%85-5-%D9%88%D8%AA%D9%82%D8%B3%D9%8A%D8%B7-ID500568682.html
شقه للبيع 140 متر متشطبه بالكامل واستلام فورى في كمبوند ستودا علي بعد دقايق من مطار القاهره بخصم كاش مميز ومتاح اقساط علي 10 سنوات  | Stoda,6800000,2,2,140,https://www.dubizzle.com.eg/ad/%D8%B4%D9%82%D9%87-%D9%84%D9%84%D8%A8%D9%8A%D8%B9-140-%D9%85%D8%AA%D8%B1-%D9%85%D8%AA%D8%B4%D8%B7%D8%A8%D9%87-%D8%A8%D8%A7%D9%84%D9%83%D8%A7%D9%85%D9%84-%D9%88%D8%A7%D8%B3%D8%AA%D9%84%D8%A7%D9%85-%D9%81%D9%88%D8%B1%D9%89-%D9%81%D9%8A-%D9%83%D9%85%D8%A8%D9%88%D9%86%D8%AF-%D8%B3%D8%AA%D9%88%D8%AF%D8%A7-%D8%B9%D9%84%D9%8A-%D8%A8%D8%B9%D8%AF-%D8%AF%D9%82%D8%A7%D9%8A%D9%82-%D9%85%D9%86-%D9%85%D8%B7%D8%A7%D8%B1-%D8%A7%D9%84%D9%82%D8%A7%D9%87%D8%B1%D9%87-%D8%A8%D8%AE%D8%B5%D9%85-%D9%83%D8%A7%D8%B4-%D9%85%D9%85%D9%8A%D8%B2-%D9%88%D9%85%D8%AA%D8%A7%D8%AD-%D8%A7%D9%82%D8%B3%D8%A7%D8%B7-%D8%B9%D9%84%D9%8A-10-%D8%B3%D9%86%D9%88%D8%A7%D8%AA-stoda-ID503665115.html
شقه للبيع 3 غرف  استلام فوري في ارقي كمبوند في المستقبل في بلوم فيلدز امام مدينتي مباشره بخصم كاش 35% - برايم لوكيشن  Bloomfields,6600000,3,3,160,https://www.dubizzle.com.eg/ad/%D8%B4%D9%82%D9%87-%D9%84%D9%84%D8%A8%D9%8A%D8%B9-3-%D8%BA%D8%B1%D9%81-%D8%A7%D8%B3%D8%AA%D9%84%D8%A7%D9%85-%D9%81%D9%88%D8%B1%D9%8A-%D9%81%D9%8A-%D8%A7%D8%B1%D9%82%D9%8A-%D9%83%D9%85%D8%A8%D9%88%D9%86%D8%AF-%D9%81%D9%8A-%D8%A7%D9%84%D9%85%D8%B3%D8%AA%D9%82%D8%A8%D9%84-%D9%81%D9%8A-%D8%A8%D9%84%D9%88%D9%85-%D9%81%D9%8A%D9%84%D8%AF%D8%B2-%D8%A7%D9%85%D8%A7%D9%85-%D9%85%D8%AF%D9%8A%D9%86%D8%AA%D9%8A-%D9%85%D8%A8%D8%A7%D8%B4%D8%B1%D9%87-%D8%A8%D8%AE%D8%B5%D9%85-%D9%83%D8%A7%D8%B4-35-%D8%A8%D8%B1%D8%A7%D9%8A%D9%85-%D9%84%D9%88%D9%83%D9%8A%D8%B4%D9%86-bloomfields-ID503628758.html
شقه للبيع غرفتين في ارض ماونتن فيو الجديده في قلب التجمع الخامس استلام قريب امام كمبوند هايد بارك واقساط تصل الي 14 سنه Creek View - Mountain View,6900000,2,2,110,https://www.dubizzle.com.eg/ad/%D8%B4%D9%82%D9%87-%D9%84%D9%84%D8%A8%D9%8A%D8%B9-%D8%BA%D8%B1%D9%81%D8%AA%D9%8A%D9%86-%D9%81%D9%8A-%D8%A7%D8%B1%D8%B6-%D9%85%D8%A7%D9%88%D9%86%D8%AA%D9%86-%D9%81%D9%8A%D9%88-%D8%A7%D9%84%D8%AC%D8%AF%D9%8A%D8%AF%D9%87-%D9%81%D9%8A-%D9%82%D9%84%D8%A8-%D8%A7%D9%84%D8%AA%D8%AC%D9%85%D8%B9-%D8%A7%D9%84%D8%AE%D8%A7%D9%85%D8%B3-%D8%A7%D8%B3%D8%AA%D9%84%D8%A7%D9%85-%D9%82%D8%B1%D9%8A%D8%A8-%D8%A7%D9%85%D8%A7%D9%85-%D9%83%D9%85%D8%A8%D9%88%D9%86%D8%AF-%D9%87%D8%A7%D9%8A%D8%AF-%D8%A8%D8%A7%D8%B1%D9%83-%D9%88%D8%A7%D9%82%D8%B3%D8%A7%D8%B7-%D8%AA%D8%B5%D9%84-%D8%A7%D9%84%D9%8A-14-%D8%B3%D9%86%D9%87-creek-view-mountain-view-ID503692847.html
شقه للبيع في قلب العاصمه الاداريه في R5 استلام فوري بتشطيب كامل في نيو جاردن سيتي بخصم كاش مميز - متاح اقساط علي 15 سنه  New Garden City,5850000,2,2,138,https://www.dubizzle.com.eg/ad/%D8%B4%D9%82%D9%87-%D9%84%D9%84%D8%A8%D9%8A%D8%B9-%D9%81%D9%8A-%D9%82%D9%84%D8%A8-%D8%A7%D9%84%D8%B9%D8%A7%D8%B5%D9%85%D9%87-%D8%A7%D9%84%D8%A7%D8%AF%D8%A7%D8%B1%D9%8A%D9%87-%D9%81%D9%8A-r5-%D8%A7%D8%B3%D8%AA%D9%84%D8%A7%D9%85-%D9%81%D9%88%D8%B1%D9%8A-%D8%A8%D8%AA%D8%B4%D8%B7%D9%8A%D8%A8-%D9%83%D8%A7%D9%85%D9%84-%D9%81%D9%8A-%D9%86%D9%8A%D9%88-%D8%AC%D8%A7%D8%B1%D8%AF%D9%86-%D8%B3%D9%8A%D8%AA%D9%8A-%D8%A8%D8%AE%D8%B5%D9%85-%D9%83%D8%A7%D8%B4-%D9%85%D9%85%D9%8A%D8%B2-%D9%85%D8%AA%D8%A7%D8%AD-%D8%A7%D9%82%D8%B3%D8%A7%D8%B7-%D8%B9%D9%84%D9%8A-15-%D8%B3%D9%86%D9%87-new-garden-city-ID503692552.html
امتلك شقة استديو بأقل سعر للمتر بجوار النادي الأهلي | كمبوند CAVALI التجمع الخامس بالتقسيط على 10 سنوات,2970000,1,1,50,https://www.dubizzle.com.eg/ad/%D8%A7%D9%85%D8%AA%D9%84%D9%83-%D8%B4%D9%82%D8%A9-%D8%A7%D8%B3%D8%AA%D8%AF%D9%8A%D9%88-%D8%A8%D8%A3%D9%82%D9%84-%D8%B3%D8%B9%D8%B1-%D9%84%D9%84%D9%85%D8%AA%D8%B1-%D8%A8%D8%AC%D9%88%D8%A7%D8%B1-%D8%A7%D9%84%D9%86%D8%A7%D8%AF%D9%8A-%D8%A7%D9%84%D8%A3%D9%87%D9%84%D9%8A-%D9%83%D9%85%D8%A8%D9%88%D9%86%D8%AF-cavali-%D8%A7%D9%84%D8%AA%D8%AC%D9%85%D8%B9-%D8%A7%D9%84%D8%AE%D8%A7%D9%85%D8%B3-%D8%A8%D8%A7%D9%84%D8%AA%D9%82%D8%B3%D9%8A%D8%B7-%D8%B9%D9%84%D9%89-10-%D8%B3%D9%86%D9%88%D8%A7%D8%AA-ID503472017.html
شقه للبيع متشطبه بالكامل  في ارقي كمبوند في التجمع الخامس في قلب الجولدن سكويرفي كمبوند ريجينتس اسكويربخصم كاش مميز  | Regent's square,6500000,2,2,108,https://www.dubizzle.com.eg/ad/%D8%B4%D9%82%D9%87-%D9%84%D9%84%D8%A8%D9%8A%D8%B9-%D9%85%D8%AA%D8%B4%D8%B7%D8%A8%D9%87-%D8%A8%D8%A7%D9%84%D9%83%D8%A7%D9%85%D9%84-%D9%81%D9%8A-%D8%A7%D8%B1%D9%82%D9%8A-%D9%83%D9%85%D8%A8%D9%88%D9%86%D8%AF-%D9%81%D9%8A-%D8%A7%D9%84%D8%AA%D8%AC%D9%85%D8%B9-%D8%A7%D9%84%D8%AE%D8%A7%D9%85%D8%B3-%D9%81%D9%8A-%D9%82%D9%84%D8%A8-%D8%A7%D9%84%D8%AC%D9%88%D9%84%D8%AF%D9%86-%D8%B3%D9%83%D9%88%D9%8A%D8%B1%D9%81%D9%8A-%D9%83%D9%85%D8%A8%D9%88%D9%86%D8%AF-%D8%B1%D9%8A%D8%AC%D9%8A%D9%86%D8%AA%D8%B3-%D8%A7%D8%B3%D9%83%D9%88%D9%8A%D8%B1%D8%A8%D8%AE%D8%B5%D9%85-%D9%83%D8%A7%D8%B4-%D9%85%D9%85%D9%8A%D8%B2-regents-square-ID503838566.html
شقه للبيع 165 مترفي قلب التجمع الخامس في كمبوند الباتيو اورو مع اقوي مطور لافيستا - بخصم كاش 25 % - برايم لوكيشن La vista - Patio oro,11500000,3,3,165,https://www.dubizzle.com.eg/ad/%D8%B4%D9%82%D9%87-%D9%84%D9%84%D8%A8%D9%8A%D8%B9-165-%D9%85%D8%AA%D8%B1%D9%81%D9%8A-%D9%82%D9%84%D8%A8-%D8%A7%D9%84%D8%AA%D8%AC%D9%85%D8%B9-%D8%A7%D9%84%D8%AE%D8%A7%D9%85%D8%B3-%D9%81%D9%8A-%D9%83%D9%85%D8%A8%D9%88%D9%86%D8%AF-%D8%A7%D9%84%D8%A8%D8%A7%D8%AA%D9%8A%D9%88-%D8%A7%D9%88%D8%B1%D9%88-%D9%85%D8%B9-%D8%A7%D9%82%D9%88%D9%8A-%D9%85%D8%B7%D9%88%D8%B1-%D9%84%D8%A7%D9%81%D9%8A%D8%B3%D8%AA%D8%A7-%D8%A8%D8%AE%D8%B5%D9%85-%D9%83%D8%A7%D8%B4-25-%D8%A8%D8%B1%D8%A7%D9%8A%D9%85-%D9%84%D9%88%D9%83%D9%8A%D8%B4%D9%86-la-vista-patio-oro-ID503645467.html
شقه للبيع  غرفتين  استلام فوري في قلب التجمع الخامس في كمبوند كريك تاون بسعر الكاش علي طريق السويس وامام الرحاب مباشره  Creek Town,6000000,2,2,130,https://www.dubizzle.com.eg/ad/%D8%B4%D9%82%D9%87-%D9%84%D9%84%D8%A8%D9%8A%D8%B9-%D8%BA%D8%B1%D9%81%D8%AA%D9%8A%D9%86-%D8%A7%D8%B3%D8%AA%D9%84%D8%A7%D9%85-%D9%81%D9%88%D8%B1%D9%8A-%D9%81%D9%8A-%D9%82%D9%84%D8%A8-%D8%A7%D9%84%D8%AA%D8%AC%D9%85%D8%B9-%D8%A7%D9%84%D8%AE%D8%A7%D9%85%D8%B3-%D9%81%D9%8A-%D9%83%D9%85%D8%A8%D9%88%D9%86%D8%AF-%D9%83%D8%B1%D9%8A%D9%83-%D8%AA%D8%A7%D9%88%D9%86-%D8%A8%D8%B3%D8%B9%D8%B1-%D8%A7%D9%84%D9%83%D8%A7%D8%B4-%D8%B9%D9%84%D9%8A-%D8%B7%D8%B1%D9%8A%D9%82-%D8%A7%D9%84%D8%B3%D9%88%D9%8A%D8%B3-%D9%88%D8%A7%D9%85%D8%A7%D9%85-%D8%A7%D9%84%D8%B1%D8%AD%D8%A7%D8%A8-%D9%85%D8%A8%D8%A7%D8%B4%D8%B1%D9%87-creek-town-ID503866394.html
شقه للبيع متشطبه بالكامل استلام قريب في ارقي كمبوند في الشروق في كمبوند ميان بمقدم 10% فقط واقساط علي 10 سنوات امام  مدينتي و Open Air Mall,5100000,2,2,93,https://www.dubizzle.com.eg/ad/%D8%B4%D9%82%D9%87-%D9%84%D9%84%D8%A8%D9%8A%D8%B9-%D9%85%D8%AA%D8%B4%D8%B7%D8%A8%D9%87-%D8%A8%D8%A7%D9%84%D9%83%D8%A7%D9%85%D9%84-%D8%A7%D8%B3%D8%AA%D9%84%D8%A7%D9%85-%D9%82%D8%B1%D9%8A%D8%A8-%D9%81%D9%8A-%D8%A7%D8%B1%D9%82%D9%8A-%D9%83%D9%85%D8%A8%D9%88%D9%86%D8%AF-%D9%81%D9%8A-%D8%A7%D9%84%D8%B4%D8%B1%D9%88%D9%82-%D9%81%D9%8A-%D9%83%D9%85%D8%A8%D9%88%D9%86%D8%AF-%D9%85%D9%8A%D8%A7%D9%86-%D8%A8%D9%85%D9%82%D8%AF%D9%85-10-%D9%81%D9%82%D8%B7-%D9%88%D8%A7%D9%82%D8%B3%D8%A7%D8%B7-%D8%B9%D9%84%D9%8A-10-%D8%B3%D9%86%D9%88%D8%A7%D8%AA-%D8%A7%D9%85%D8%A7%D9%85-%D9%85%D8%AF%D9%8A%D9%86%D8%AA%D9%8A-%D9%88-open-air-mall-ID503722574.html
شقه للبيع متشطبه بالكامل استلام فوري في ارقي كمبوند في الشروق في كمبوند ميان امام رحاب بمقدم 10% فقط واقساط علي 10 سنوات امام  مدينتي و Open Air Mall,5200000,2,2,95,https://www.dubizzle.com.eg/ad/%D8%B4%D9%82%D9%87-%D9%84%D9%84%D8%A8%D9%8A%D8%B9-%D9%85%D8%AA%D8%B4%D8%B7%D8%A8%D9%87-%D8%A8%D8%A7%D9%84%D9%83%D8%A7%D9%85%D9%84-%D8%A7%D8%B3%D8%AA%D9%84%D8%A7%D9%85-%D9%81%D9%88%D8%B1%D9%8A-%D9%81%D9%8A-%D8%A7%D8%B1%D9%82%D9%8A-%D9%83%D9%85%D8%A8%D9%88%D9%86%D8%AF-%D9%81%D9%8A-%D8%A7%D9%84%D8%B4%D8%B1%D9%88%D9%82-%D9%81%D9%8A-%D9%83%D9%85%D8%A8%D9%88%D9%86%D8%AF-%D9%85%D9%8A%D8%A7%D9%86-%D8%A7%D9%85%D8%A7%D9%85-%D8%B1%D8%AD%D8%A7%D8%A8-%D8%A8%D9%85%D9%82%D8%AF%D9%85-10-%D9%81%D9%82%D8%B7-%D9%88%D8%A7%D9%82%D8%B3%D8%A7%D8%B7-%D8%B9%D9%84%D9%8A-10-%D8%B3%D9%86%D9%88%D8%A7%D8%AA-%D8%A7%D9%85%D8%A7%D9%85-%D9%85%D8%AF%D9%8A%D9%86%D8%AA%D9%8A-%D9%88-open-air-mall-ID503722720.html
شقة فاخرة للبيع في قلب سرايات المعادي بموقع استثنائي يجمع بين الهدوء والرقي وقرب جميع الخدمات والمحاور الرئيسية، تشطيب مميز ومساحات استقبال واسعة وإطل,16000000,5,4,320,https://www.dubizzle.com.eg/ad/%D8%B4%D9%82%D8%A9-%D9%81%D8%A7%D8%AE%D8%B1%D8%A9-%D9%84%D9%84%D8%A8%D9%8A%D8%B9-%D9%81%D9%8A-%D9%82%D9%84%D8%A8-%D8%B3%D8%B1%D8%A7%D9%8A%D8%A7%D8%AA-%D8%A7%D9%84%D9%85%D8%B9%D8%A7%D8%AF%D9%8A-%D8%A8%D9%85%D9%88%D9%82%D8%B9-%D8%A7%D8%B3%D8%AA%D8%AB%D9%86%D8%A7%D8%A6%D9%8A-%D9%8A%D8%AC%D9%85%D8%B9-%D8%A8%D9%8A%D9%86-%D8%A7%D9%84%D9%87%D8%AF%D9%88%D8%A1-%D9%88%D8%A7%D9%84%D8%B1%D9%82%D9%8A-%D9%88%D9%82%D8%B1%D8%A8-%D8%AC%D9%85%D9%8A%D8%B9-%D8%A7%D9%84%D8%AE%D8%AF%D9%85%D8%A7%D8%AA-%D9%88%D8%A7%D9%84%D9%85%D8%AD%D8%A7%D9%88%D8%B1-%D8%A7%D9%84%D8%B1%D8%A6%D9%8A%D8%B3%D9%8A%D8%A9-%D8%AA%D8%B4%D8%B7%D9%8A%D8%A8-%D9%85%D9%85%D9%8A%D8%B2-%D9%88%D9%85%D8%B3%D8%A7%D8%AD%D8%A7%D8%AA-%D8%A7%D8%B3%D8%AA%D9%82%D8%A8%D8%A7%D9%84-%D9%88%D8%A7%D8%B3%D8%B9%D8%A9-%D9%88%D8%A5%D8%B7%D9%84-ID503903163.html
اخر شقة بحري ( 4غرف) بجاردن متشطبه بالكامل واستلام فوري بالسعر القديم في ارقى احياء العاصمة ف نيو جاردن سيتي-حي متكامل الخدمات-R5 العاصمة الادارية,11198000,4,4,300,https://www.dubizzle.com.eg/ad/%D8%A7%D8%AE%D8%B1-%D8%B4%D9%82%D8%A9-%D8%A8%D8%AD%D8%B1%D9%8A-4%D8%BA%D8%B1%D9%81-%D8%A8%D8%AC%D8%A7%D8%B1%D8%AF%D9%86-%D9%85%D8%AA%D8%B4%D8%B7%D8%A8%D9%87-%D8%A8%D8%A7%D9%84%D9%83%D8%A7%D9%85%D9%84-%D9%88%D8%A7%D8%B3%D8%AA%D9%84%D8%A7%D9%85-%D9%81%D9%88%D8%B1%D9%8A-%D8%A8%D8%A7%D9%84%D8%B3%D8%B9%D8%B1-%D8%A7%D9%84%D9%82%D8%AF%D9%8A%D9%85-%D9%81%D9%8A-%D8%A7%D8%B1%D9%82%D9%89-%D8%A7%D8%AD%D9%8A%D8%A7%D8%A1-%D8%A7%D9%84%D8%B9%D8%A7%D8%B5%D9%85%D8%A9-%D9%81-%D9%86%D9%8A%D9%88-%D8%AC%D8%A7%D8%B1%D8%AF%D9%86-%D8%B3%D9%8A%D8%AA%D9%8A-%D8%AD%D9%8A-%D9%85%D8%AA%D9%83%D8%A7%D9%85%D9%84-%D8%A7%D9%84%D8%AE%D8%AF%D9%85%D8%A7%D8%AA-r5-%D8%A7%D9%84%D8%B9%D8%A7%D8%B5%D9%85%D8%A9-%D8%A7%D9%84%D8%A7%D8%AF%D8%A7%D8%B1%D9%8A%D8%A9-ID503903141.html
شقة للبيع بالسعر القديم استلام قريب متشطبة 106 متر + جاردن  فى هيلوبليس الجديدة بجوار سوديك ايست,8900000,2,2,106,https://www.dubizzle.com.eg/ad/%D8%B4%D9%82%D8%A9-%D9%84%D9%84%D8%A8%D9%8A%D8%B9-%D8%A8%D8%A7%D9%84%D8%B3%D8%B9%D8%B1-%D8%A7%D9%84%D9%82%D8%AF%D9%8A%D9%85-%D8%A7%D8%B3%D8%AA%D9%84%D8%A7%D9%85-%D9%82%D8%B1%D9%8A%D8%A8-%D9%85%D8%AA%D8%B4%D8%B7%D8%A8%D8%A9-106-%D9%85%D8%AA%D8%B1-%D8%AC%D8%A7%D8%B1%D8%AF%D9%86-%D9%81%D9%89-%D9%87%D9%8A%D9%84%D9%88%D8%A8%D9%84%D9%8A%D8%B3-%D8%A7%D9%84%D8%AC%D8%AF%D9%8A%D8%AF%D8%A9-%D8%A8%D8%AC%D9%88%D8%A7%D8%B1-%D8%B3%D9%88%D8%AF%D9%8A%D9%83-%D8%A7%D9%8A%D8%B3%D8%AA-ID503903152.html
شقه 232م استلام فوري متشطبه بالكامل للبيع في اميز لوكيشن في العاصمه الادارية في ار 3 - بالتقسيط علي 10 سنين بدون فوايد - القاهره,6500000,4,3,232,https://www.dubizzle.com.eg/ad/%D8%B4%D9%82%D9%87-232%D9%85-%D8%A7%D8%B3%D8%AA%D9%84%D8%A7%D9%85-%D9%81%D9%88%D8%B1%D9%8A-%D9%85%D8%AA%D8%B4%D8%B7%D8%A8%D9%87-%D8%A8%D8%A7%D9%84%D9%83%D8%A7%D9%85%D9%84-%D9%84%D9%84%D8%A8%D9%8A%D8%B9-%D9%81%D9%8A-%D8%A7%D9%85%D9%8A%D8%B2-%D9%84%D9%88%D9%83%D9%8A%D8%B4%D9%86-%D9%81%D9%8A-%D8%A7%D9%84%D8%B9%D8%A7%D8%B5%D9%85%D9%87-%D8%A7%D9%84%D8%A7%D8%AF%D8%A7%D8%B1%D9%8A%D8%A9-%D9%81%D9%8A-%D8%A7%D8%B1-3-%D8%A8%D8%A7%D9%84%D8%AA%D9%82%D8%B3%D9%8A%D8%B7-%D8%B9%D9%84%D9%8A-10-%D8%B3%D9%86%D9%8A%D9%86-%D8%A8%D8%AF%D9%88%D9%86-%D9%81%D9%88%D8%A7%D9%8A%D8%AF-%D8%A7%D9%84%D9%82%D8%A7%D9%87%D8%B1%D9%87-ID503114623.html
استلم فوري شقه 186م متشطبه بالفرش والاجهزه والتكيفات للبيع في كمبوند امورادا في التجمع الخامس / دقايق ل AUC,11000000,3,3,186,https://www.dubizzle.com.eg/ad/%D8%A7%D8%B3%D8%AA%D9%84%D9%85-%D9%81%D9%88%D8%B1%D9%8A-%D8%B4%D9%82%D9%87-186%D9%85-%D9%85%D8%AA%D8%B4%D8%B7%D8%A8%D9%87-%D8%A8%D8%A7%D9%84%D9%81%D8%B1%D8%B4-%D9%88%D8%A7%D9%84%D8%A7%D8%AC%D9%87%D8%B2%D9%87-%D9%88%D8%A7%D9%84%D8%AA%D9%83%D9%8A%D9%81%D8%A7%D8%AA-%D9%84%D9%84%D8%A8%D9%8A%D8%B9-%D9%81%D9%8A-%D9%83%D9%85%D8%A8%D9%88%D9%86%D8%AF-%D8%A7%D9%85%D9%88%D8%B1%D8%A7%D8%AF%D8%A7-%D9%81%D9%8A-%D8%A7%D9%84%D8%AA%D8%AC%D9%85%D8%B9-%D8%A7%D9%84%D8%AE%D8%A7%D9%85%D8%B3-%D8%AF%D9%82%D8%A7%D9%8A%D9%82-%D9%84-auc-ID502857502.html
شقة للبيع بالسعر القديم استلام قريب متشطبة فى هيلوبليس الجديدة بجوار سوديك ايست,8800000,3,2,135,https://www.dubizzle.com.eg/ad/%D8%B4%D9%82%D8%A9-%D9%84%D9%84%D8%A8%D9%8A%D8%B9-%D8%A8%D8%A7%D9%84%D8%B3%D8%B9%D8%B1-%D8%A7%D9%84%D9%82%D8%AF%D9%8A%D9%85-%D8%A7%D8%B3%D8%AA%D9%84%D8%A7%D9%85-%D9%82%D8%B1%D9%8A%D8%A8-%D9%85%D8%AA%D8%B4%D8%B7%D8%A8%D8%A9-%D9%81%D9%89-%D9%87%D9%8A%D9%84%D9%88%D8%A8%D9%84%D9%8A%D8%B3-%D8%A7%D9%84%D8%AC%D8%AF%D9%8A%D8%AF%D8%A9-%D8%A8%D8%AC%D9%88%D8%A7%D8%B1-%D8%B3%D9%88%D8%AF%D9%8A%D9%83-%D8%A7%D9%8A%D8%B3%D8%AA-ID503903151.html
شقه للبيع,2500000,2,2,110,https://www.dubizzle.com.eg/ad/%D8%B4%D9%82%D9%87-%D9%84%D9%84%D8%A8%D9%8A%D8%B9-ID208644044.html
فرصة مميزة للبيع في المستثمرين الجنوبية -,3350000,2,1,107,https://www.dubizzle.com.eg/ad/%D9%81%D8%B1%D8%B5%D8%A9-%D9%85%D9%85%D9%8A%D8%B2%D8%A9-%D9%84%D9%84%D8%A8%D9%8A%D8%B9-%D9%81%D9%8A-%D8%A7%D9%84%D9%85%D8%B3%D8%AA%D8%AB%D9%85%D8%B1%D9%8A%D9%86-%D8%A7%D9%84%D8%AC%D9%86%D9%88%D8%A8%D9%8A%D8%A9-ID502908937.html
فرصة مميزة للبيع في الياسمين,5000000,2,2,140,https://www.dubizzle.com.eg/ad/%D9%81%D8%B1%D8%B5%D8%A9-%D9%85%D9%85%D9%8A%D8%B2%D8%A9-%D9%84%D9%84%D8%A8%D9%8A%D8%B9-%D9%81%D9%8A-%D8%A7%D9%84%D9%8A%D8%A7%D8%B3%D9%85%D9%8A%D9%86-ID502904028.html
شقة فاخرة للبيع خلف فندق سونستا وامام بنك القاهرة,7400000,3,2,270,https://www.dubizzle.com.eg/ad/%D8%B4%D9%82%D8%A9-%D9%81%D8%A7%D8%AE%D8%B1%D8%A9-%D9%84%D9%84%D8%A8%D9%8A%D8%B9-%D8%AE%D9%84%D9%81-%D9%81%D9%86%D8%AF%D9%82-%D8%B3%D9%88%D9%86%D8%B3%D8%AA%D8%A7-%D9%88%D8%A7%D9%85%D8%A7%D9%85-%D8%A8%D9%86%D9%83-%D8%A7%D9%84%D9%82%D8%A7%D9%87%D8%B1%D8%A9-ID208655103.html
شقه للبيع المربع الذهبي بين عباس ومكرم - مدينة نصر,4200000,3,1,150,https://www.dubizzle.com.eg/ad/%D8%B4%D9%82%D9%87-%D9%84%D9%84%D8%A8%D9%8A%D8%B9-%D8%A7%D9%84%D9%85%D8%B1%D8%A8%D8%B9-%D8%A7%D9%84%D8%B0%D9%87%D8%A8%D9%8A-%D8%A8%D9%8A%D9%86-%D8%B9%D8%A8%D8%A7%D8%B3-%D9%88%D9%85%D9%83%D8%B1%D9%85-%D9%85%D8%AF%D9%8A%D9%86%D8%A9-%D9%86%D8%B5%D8%B1-ID501445971.html
شقة 3 غرف للبيع بمساحة 175 متر بسعر لقطة جاهزة علي الفرش استلام فوري في التجمع الخامس,9000000,3,3,175,https://www.dubizzle.com.eg/ad/%D8%B4%D9%82%D8%A9-3-%D8%BA%D8%B1%D9%81-%D9%84%D9%84%D8%A8%D9%8A%D8%B9-%D8%A8%D9%85%D8%B3%D8%A7%D8%AD%D8%A9-175-%D9%85%D8%AA%D8%B1-%D8%A8%D8%B3%D8%B9%D8%B1-%D9%84%D9%82%D8%B7%D8%A9-%D8%AC%D8%A7%D9%87%D8%B2%D8%A9-%D8%B9%D9%84%D9%8A-%D8%A7%D9%84%D9%81%D8%B1%D8%B4-%D8%A7%D8%B3%D8%AA%D9%84%D8%A7%D9%85-%D9%81%D9%88%D8%B1%D9%8A-%D9%81%D9%8A-%D8%A7%D9%84%D8%AA%D8%AC%D9%85%D8%B9-%D8%A7%D9%84%D8%AE%D8%A7%D9%85%D8%B3-ID503903128.html
شقه للبيع في ذا سكوير التجمع الخامس موقع متميز و اقل من سعر السوق The Square,5500000,2,2,125,https://www.dubizzle.com.eg/ad/%D8%B4%D9%82%D9%87-%D9%84%D9%84%D8%A8%D9%8A%D8%B9-%D9%81%D9%8A-%D8%B0%D8%A7-%D8%B3%D9%83%D9%88%D9%8A%D8%B1-%D8%A7%D9%84%D8%AA%D8%AC%D9%85%D8%B9-%D8%A7%D9%84%D8%AE%D8%A7%D9%85%D8%B3-%D9%85%D9%88%D9%82%D8%B9-%D9%85%D8%AA%D9%85%D9%8A%D8%B2-%D9%88-%D8%A7%D9%82%D9%84-%D9%85%D9%86-%D8%B3%D8%B9%D8%B1-%D8%A7%D9%84%D8%B3%D9%88%D9%82-the-square-ID503685825.html
شقة لقطة للبيع فيو لاند سكيب باحسن موقع في نيو جاردن سيتي - بالعاصمة الادارية وباقل سعر فس الماركت,4896000,2,2,134,https://www.dubizzle.com.eg/ad/%D8%B4%D9%82%D8%A9-%D9%84%D9%82%D8%B7%D8%A9-%D9%84%D9%84%D8%A8%D9%8A%D8%B9-%D9%81%D9%8A%D9%88-%D9%84%D8%A7%D9%86%D8%AF-%D8%B3%D9%83%D9%8A%D8%A8-%D8%A8%D8%A7%D8%AD%D8%B3%D9%86-%D9%85%D9%88%D9%82%D8%B9-%D9%81%D9%8A-%D9%86%D9%8A%D9%88-%D8%AC%D8%A7%D8%B1%D8%AF%D9%86-%D8%B3%D9%8A%D8%AA%D9%8A-%D8%A8%D8%A7%D9%84%D8%B9%D8%A7%D8%B5%D9%85%D8%A9-%D8%A7%D9%84%D8%A7%D8%AF%D8%A7%D8%B1%D9%8A%D8%A9-%D9%88%D8%A8%D8%A7%D9%82%D9%84-%D8%B3%D8%B9%D8%B1-%D9%81%D8%B3-%D8%A7%D9%84%D9%85%D8%A7%D8%B1%D9%83%D8%AA-ID503897881.html
شقة 120 م متشطبه بالكامل للبيع داخل هايد بارك -التجمع الخامس - القاهره الجديده - بأقل مقدم وتقسيط 8 سنوات -استلم بعد سنه - 2 غرف,13200000,2,3,120,https://www.dubizzle.com.eg/ad/%D8%B4%D9%82%D8%A9-120-%D9%85-%D9%85%D8%AA%D8%B4%D8%B7%D8%A8%D9%87-%D8%A8%D8%A7%D9%84%D9%83%D8%A7%D9%85%D9%84-%D9%84%D9%84%D8%A8%D9%8A%D8%B9-%D8%AF%D8%A7%D8%AE%D9%84-%D9%87%D8%A7%D9%8A%D8%AF-%D8%A8%D8%A7%D8%B1%D9%83-%D8%A7%D9%84%D8%AA%D8%AC%D9%85%D8%B9-%D8%A7%D9%84%D8%AE%D8%A7%D9%85%D8%B3-%D8%A7%D9%84%D9%82%D8%A7%D9%87%D8%B1%D9%87-%D8%A7%D9%84%D8%AC%D8%AF%D9%8A%D8%AF%D9%87-%D8%A8%D8%A3%D9%82%D9%84-%D9%85%D9%82%D8%AF%D9%85-%D9%88%D8%AA%D9%82%D8%B3%D9%8A%D8%B7-8-%D8%B3%D9%86%D9%88%D8%A7%D8%AA-%D8%A7%D8%B3%D8%AA%D9%84%D9%85-%D8%A8%D8%B9%D8%AF-%D8%B3%D9%86%D9%87-2-%D8%BA%D8%B1%D9%81-ID503543777.html
شقة للبيع استلام فوري في اب تاون كايرو متشطبة بالكامل كورنر بفيو مميز,19675000,3,3,175,https://www.dubizzle.com.eg/ad/%D8%B4%D9%82%D8%A9-%D9%84%D9%84%D8%A8%D9%8A%D8%B9-%D8%A7%D8%B3%D8%AA%D9%84%D8%A7%D9%85-%D9%81%D9%88%D8%B1%D9%8A-%D9%81%D9%8A-%D8%A7%D8%A8-%D8%AA%D8%A7%D9%88%D9%86-%D9%83%D8%A7%D9%8A%D8%B1%D9%88-%D9%85%D8%AA%D8%B4%D8%B7%D8%A8%D8%A9-%D8%A8%D8%A7%D9%84%D9%83%D8%A7%D9%85%D9%84-%D9%83%D9%88%D8%B1%D9%86%D8%B1-%D8%A8%D9%81%D9%8A%D9%88-%D9%85%D9%85%D9%8A%D8%B2-ID503650331.html
شقة للبيع في ليك فيو ريزيدنس 2 التجمع الخامس Lake View Residence 2 New Cairo,10392000,3,3,143,https://www.dubizzle.com.eg/ad/%D8%B4%D9%82%D8%A9-%D9%84%D9%84%D8%A8%D9%8A%D8%B9-%D9%81%D9%8A-%D9%84%D9%8A%D9%83-%D9%81%D9%8A%D9%88-%D8%B1%D9%8A%D8%B2%D9%8A%D8%AF%D9%86%D8%B3-2-%D8%A7%D9%84%D8%AA%D8%AC%D9%85%D8%B9-%D8%A7%D9%84%D8%AE%D8%A7%D9%85%D8%B3-lake-view-residence-2-new-cairo-ID503899284.html
شقة مميزة للبيع في ماونتن فيو هايد بارك – التجمع الخامس  فرصة رائعة لامتلاك شقة داخل واحد من أرقى وأفضل كمبوندات القاهرة الجديدة، ماونتن فيو هايد بارك,9000000,2,2,133,https://www.dubizzle.com.eg/ad/%D8%B4%D9%82%D8%A9-%D9%85%D9%85%D9%8A%D8%B2%D8%A9-%D9%84%D9%84%D8%A8%D9%8A%D8%B9-%D9%81%D9%8A-%D9%85%D8%A7%D9%88%D9%86%D8%AA%D9%86-%D9%81%D9%8A%D9%88-%D9%87%D8%A7%D9%8A%D8%AF-%D8%A8%D8%A7%D8%B1%D9%83-%D8%A7%D9%84%D8%AA%D8%AC%D9%85%D8%B9-%D8%A7%D9%84%D8%AE%D8%A7%D9%85%D8%B3-%D9%81%D8%B1%D8%B5%D8%A9-%D8%B1%D8%A7%D8%A6%D8%B9%D8%A9-%D9%84%D8%A7%D9%85%D8%AA%D9%84%D8%A7%D9%83-%D8%B4%D9%82%D8%A9-%D8%AF%D8%A7%D8%AE%D9%84-%D9%88%D8%A7%D8%AD%D8%AF-%D9%85%D9%86-%D8%A3%D8%B1%D9%82%D9%89-%D9%88%D8%A3%D9%81%D8%B6%D9%84-%D9%83%D9%85%D8%A8%D9%88%D9%86%D8%AF%D8%A7%D8%AA-%D8%A7%D9%84%D9%82%D8%A7%D9%87%D8%B1%D8%A9-%D8%A7%D9%84%D8%AC%D8%AF%D9%8A%D8%AF%D8%A9-%D9%85%D8%A7%D9%88%D9%86%D8%AA%D9%86-%D9%81%D9%8A%D9%88-%D9%87%D8%A7%D9%8A%D8%AF-%D8%A8%D8%A7%D8%B1%D9%83-ID503885628.html
شقة للبيع – المقصد، العاصمة الإدارية الجديدة (من المالك مباشرة),3200000,3,3,134,https://www.dubizzle.com.eg/ad/%D8%B4%D9%82%D8%A9-%D9%84%D9%84%D8%A8%D9%8A%D8%B9-%D8%A7%D9%84%D9%85%D9%82%D8%B5%D8%AF-%D8%A7%D9%84%D8%B9%D8%A7%D8%B5%D9%85%D8%A9-%D8%A7%D9%84%D8%A5%D8%AF%D8%A7%D8%B1%D9%8A%D8%A9-%D8%A7%D9%84%D8%AC%D8%AF%D9%8A%D8%AF%D8%A9-%D9%85%D9%86-%D8%A7%D9%84%D9%85%D8%A7%D9%84%D9%83-%D9%85%D8%A8%D8%A7%D8%B4%D8%B1%D8%A9-ID502508835.html
شقة للبيع في الياسمين ٨ - التجمع الاول- القاهرة الجديدة من المالك,8500000,4,3,285,https://www.dubizzle.com.eg/ad/%D8%B4%D9%82%D8%A9-%D9%84%D9%84%D8%A8%D9%8A%D8%B9-%D9%81%D9%8A-%D8%A7%D9%84%D9%8A%D8%A7%D8%B3%D9%85%D9%8A%D9%86-%D9%A8-%D8%A7%D9%84%D8%AA%D8%AC%D9%85%D8%B9-%D8%A7%D9%84%D8%A7%D9%88%D9%84-%D8%A7%D9%84%D9%82%D8%A7%D9%87%D8%B1%D8%A9-%D8%A7%D9%84%D8%AC%D8%AF%D9%8A%D8%AF%D8%A9-%D9%85%D9%86-%D8%A7%D9%84%D9%85%D8%A7%D9%84%D9%83-ID503886424.html
شقة متشطبة بالكامل الترا سوبر لوكس ومفروشة للبيع استلام فوري في كمبوند ميفيدا اعمار التجمع الخامس Mivida Emaar New Cairo,21500000,3,3,191,https://www.dubizzle.com.eg/ad/%D8%B4%D9%82%D8%A9-%D9%85%D8%AA%D8%B4%D8%B7%D8%A8%D8%A9-%D8%A8%D8%A7%D9%84%D9%83%D8%A7%D9%85%D9%84-%D8%A7%D9%84%D8%AA%D8%B1%D8%A7-%D8%B3%D9%88%D8%A8%D8%B1-%D9%84%D9%88%D9%83%D8%B3-%D9%88%D9%85%D9%81%D8%B1%D9%88%D8%B4%D8%A9-%D9%84%D9%84%D8%A8%D9%8A%D8%B9-%D8%A7%D8%B3%D8%AA%D9%84%D8%A7%D9%85-%D9%81%D9%88%D8%B1%D9%8A-%D9%81%D9%8A-%D9%83%D9%85%D8%A8%D9%88%D9%86%D8%AF-%D9%85%D9%8A%D9%81%D9%8A%D8%AF%D8%A7-%D8%A7%D8%B9%D9%85%D8%A7%D8%B1-%D8%A7%D9%84%D8%AA%D8%AC%D9%85%D8%B9-%D8%A7%D9%84%D8%AE%D8%A7%D9%85%D8%B3-mivida-emaar-new-cairo-ID503579205.html
اقل من سعر الماركت موقع مميز مقدم واقساط اي فيلا جاردن 3 غرف للبيع في كمباوند ماونتن فيو اي سيتي التجمع الخامس,7975000,3,3,180,https://www.dubizzle.com.eg/ad/%D8%A7%D9%82%D9%84-%D9%85%D9%86-%D8%B3%D8%B9%D8%B1-%D8%A7%D9%84%D9%85%D8%A7%D8%B1%D9%83%D8%AA-%D9%85%D9%88%D9%82%D8%B9-%D9%85%D9%85%D9%8A%D8%B2-%D9%85%D9%82%D8%AF%D9%85-%D9%88%D8%A7%D9%82%D8%B3%D8%A7%D8%B7-%D8%A7%D9%8A-%D9%81%D9%8A%D9%84%D8%A7-%D8%AC%D8%A7%D8%B1%D8%AF%D9%86-3-%D8%BA%D8%B1%D9%81-%D9%84%D9%84%D8%A8%D9%8A%D8%B9-%D9%81%D9%8A-%D9%83%D9%85%D8%A8%D8%A7%D9%88%D9%86%D8%AF-%D9%85%D8%A7%D9%88%D9%86%D8%AA%D9%86-%D9%81%D9%8A%D9%88-%D8%A7%D9%8A-%D8%B3%D9%8A%D8%AA%D9%8A-%D8%A7%D9%84%D8%AA%D8%AC%D9%85%D8%B9-%D8%A7%D9%84%D8%AE%D8%A7%D9%85%D8%B3-ID503747419.html
شقه للبيع في ارقي كمبوند مع لافيستا في الباتيو سولا بخصم كاش 25 % - اقساط تصل الي 10 سنوات  - فيو مميز  Patio Sola _ La Vista,5700000,2,2,123,https://www.dubizzle.com.eg/ad/%D8%B4%D9%82%D9%87-%D9%84%D9%84%D8%A8%D9%8A%D8%B9-%D9%81%D9%8A-%D8%A7%D8%B1%D9%82%D9%8A-%D9%83%D9%85%D8%A8%D9%88%D9%86%D8%AF-%D9%85%D8%B9-%D9%84%D8%A7%D9%81%D9%8A%D8%B3%D8%AA%D8%A7-%D9%81%D9%8A-%D8%A7%D9%84%D8%A8%D8%A7%D8%AA%D9%8A%D9%88-%D8%B3%D9%88%D9%84%D8%A7-%D8%A8%D8%AE%D8%B5%D9%85-%D9%83%D8%A7%D8%B4-25-%D8%A7%D9%82%D8%B3%D8%A7%D8%B7-%D8%AA%D8%B5%D9%84-%D8%A7%D9%84%D9%8A-10-%D8%B3%D9%86%D9%88%D8%A7%D8%AA-%D9%81%D9%8A%D9%88-%D9%85%D9%85%D9%8A%D8%B2-patio-sola-_-la-vista-ID503581686.html
شقه للبيع في كمبوند سولاى في قلب التجمع الخامس في الجولدن سكوير بخصم 18%  بجوار النادى الاهلي بخصم مميز  بمقدم 5% فقط - برايم لوكيشن  | Solay,4900000,2,2,90,https://www.dubizzle.com.eg/ad/%D8%B4%D9%82%D9%87-%D9%84%D9%84%D8%A8%D9%8A%D8%B9-%D9%81%D9%8A-%D9%83%D9%85%D8%A8%D9%88%D9%86%D8%AF-%D8%B3%D9%88%D9%84%D8%A7%D9%89-%D9%81%D9%8A-%D9%82%D9%84%D8%A8-%D8%A7%D9%84%D8%AA%D8%AC%D9%85%D8%B9-%D8%A7%D9%84%D8%AE%D8%A7%D9%85%D8%B3-%D9%81%D9%8A-%D8%A7%D9%84%D8%AC%D9%88%D9%84%D8%AF%D9%86-%D8%B3%D9%83%D9%88%D9%8A%D8%B1-%D8%A8%D8%AE%D8%B5%D9%85-18-%D8%A8%D8%AC%D9%88%D8%A7%D8%B1-%D8%A7%D9%84%D9%86%D8%A7%D8%AF%D9%89-%D8%A7%D9%84%D8%A7%D9%87%D9%84%D9%8A-%D8%A8%D8%AE%D8%B5%D9%85-%D9%85%D9%85%D9%8A%D8%B2-%D8%A8%D9%85%D9%82%D8%AF%D9%85-5-%D9%81%D9%82%D8%B7-%D8%A8%D8%B1%D8%A7%D9%8A%D9%85-%D9%84%D9%88%D9%83%D9%8A%D8%B4%D9%86-solay-ID503882973.html
شقه للبيع 3 غرف في كمبوند سولاى في قلب التجمع الخامس في الجولدن سكوير بخصم 18%  بجوار النادى الاهلي بمقدم 5%  - برايم لوكيشن  | Solay,5750000,3,2,125,https://www.dubizzle.com.eg/ad/%D8%B4%D9%82%D9%87-%D9%84%D9%84%D8%A8%D9%8A%D8%B9-3-%D8%BA%D8%B1%D9%81-%D9%81%D9%8A-%D9%83%D9%85%D8%A8%D9%88%D9%86%D8%AF-%D8%B3%D9%88%D9%84%D8%A7%D9%89-%D9%81%D9%8A-%D9%82%D9%84%D8%A8-%D8%A7%D9%84%D8%AA%D8%AC%D9%85%D8%B9-%D8%A7%D9%84%D8%AE%D8%A7%D9%85%D8%B3-%D9%81%D9%8A-%D8%A7%D9%84%D8%AC%D9%88%D9%84%D8%AF%D9%86-%D8%B3%D9%83%D9%88%D9%8A%D8%B1-%D8%A8%D8%AE%D8%B5%D9%85-18-%D8%A8%D8%AC%D9%88%D8%A7%D8%B1-%D8%A7%D9%84%D9%86%D8%A7%D8%AF%D9%89-%D8%A7%D9%84%D8%A7%D9%87%D9%84%D9%8A-%D8%A8%D9%85%D9%82%D8%AF%D9%85-5-%D8%A8%D8%B1%D8%A7%D9%8A%D9%85-%D9%84%D9%88%D9%83%D9%8A%D8%B4%D9%86-solay-ID503882920.html
شقه للبيع في ارقي كمبوند مع لافيستا في الباتيو سولا بخصم كاش 25 % - اقساط تصل الي 10 سنوات  - فيو مميز  Patio Sola _ La Vista,5750000,2,2,125,https://www.dubizzle.com.eg/ad/%D8%B4%D9%82%D9%87-%D9%84%D9%84%D8%A8%D9%8A%D8%B9-%D9%81%D9%8A-%D8%A7%D8%B1%D9%82%D9%8A-%D9%83%D9%85%D8%A8%D9%88%D9%86%D8%AF-%D9%85%D8%B9-%D9%84%D8%A7%D9%81%D9%8A%D8%B3%D8%AA%D8%A7-%D9%81%D9%8A-%D8%A7%D9%84%D8%A8%D8%A7%D8%AA%D9%8A%D9%88-%D8%B3%D9%88%D9%84%D8%A7-%D8%A8%D8%AE%D8%B5%D9%85-%D9%83%D8%A7%D8%B4-25-%D8%A7%D9%82%D8%B3%D8%A7%D8%B7-%D8%AA%D8%B5%D9%84-%D8%A7%D9%84%D9%8A-10-%D8%B3%D9%86%D9%88%D8%A7%D8%AA-%D9%81%D9%8A%D9%88-%D9%85%D9%85%D9%8A%D8%B2-patio-sola-_-la-vista-ID503731708.html
شقه للبيع  في ارقي كمبوند في التجمع السادس  بجوارالكازار بخصم مميز و اقساط تصل الي 10 سنوات - علي بعد دقائق من الجامعه الامريكيه Jiwar,4200000,2,2,102,https://www.dubizzle.com.eg/ad/%D8%B4%D9%82%D9%87-%D9%84%D9%84%D8%A8%D9%8A%D8%B9-%D9%81%D9%8A-%D8%A7%D8%B1%D9%82%D9%8A-%D9%83%D9%85%D8%A8%D9%88%D9%86%D8%AF-%D9%81%D9%8A-%D8%A7%D9%84%D8%AA%D8%AC%D9%85%D8%B9-%D8%A7%D9%84%D8%B3%D8%A7%D8%AF%D8%B3-%D8%A8%D8%AC%D9%88%D8%A7%D8%B1%D8%A7%D9%84%D9%83%D8%A7%D8%B2%D8%A7%D8%B1-%D8%A8%D8%AE%D8%B5%D9%85-%D9%85%D9%85%D9%8A%D8%B2-%D9%88-%D8%A7%D9%82%D8%B3%D8%A7%D8%B7-%D8%AA%D8%B5%D9%84-%D8%A7%D9%84%D9%8A-10-%D8%B3%D9%86%D9%88%D8%A7%D8%AA-%D8%B9%D9%84%D9%8A-%D8%A8%D8%B9%D8%AF-%D8%AF%D9%82%D8%A7%D8%A6%D9%82-%D9%85%D9%86-%D8%A7%D9%84%D8%AC%D8%A7%D9%85%D8%B9%D9%87-%D8%A7%D9%84%D8%A7%D9%85%D8%B1%D9%8A%D9%83%D9%8A%D9%87-jiwar-ID503729913.html
شقه للبيع 3 غرف بجاردن  في ارقي كمبوند في التجمع السادس  بجوارالكازار و اقساط تصل الي 10 سنوات - علي بعد دقائق من الجامعه الامريكيه Jiwar,6100000,3,2,138,https://www.dubizzle.com.eg/ad/%D8%B4%D9%82%D9%87-%D9%84%D9%84%D8%A8%D9%8A%D8%B9-3-%D8%BA%D8%B1%D9%81-%D8%A8%D8%AC%D8%A7%D8%B1%D8%AF%D9%86-%D9%81%D9%8A-%D8%A7%D8%B1%D9%82%D9%8A-%D9%83%D9%85%D8%A8%D9%88%D9%86%D8%AF-%D9%81%D9%8A-%D8%A7%D9%84%D8%AA%D8%AC%D9%85%D8%B9-%D8%A7%D9%84%D8%B3%D8%A7%D8%AF%D8%B3-%D8%A8%D8%AC%D9%88%D8%A7%D8%B1%D8%A7%D9%84%D9%83%D8%A7%D8%B2%D8%A7%D8%B1-%D9%88-%D8%A7%D9%82%D8%B3%D8%A7%D8%B7-%D8%AA%D8%B5%D9%84-%D8%A7%D9%84%D9%8A-10-%D8%B3%D9%86%D9%88%D8%A7%D8%AA-%D8%B9%D9%84%D9%8A-%D8%A8%D8%B9%D8%AF-%D8%AF%D9%82%D8%A7%D8%A6%D9%82-%D9%85%D9%86-%D8%A7%D9%84%D8%AC%D8%A7%D9%85%D8%B9%D9%87-%D8%A7%D9%84%D8%A7%D9%85%D8%B1%D9%8A%D9%83%D9%8A%D9%87-jiwar-ID503729915.html
شقه للبيع  3 غرف في كمبوند ذا كريست في قلب التجمع الخامس بخصم كاش 28 % مع اقوي مطور عقاري الكازار - متاح اقساط علي 10 سنوات  The Crest - New Cairo,6200000,3,2,140,https://www.dubizzle.com.eg/ad/%D8%B4%D9%82%D9%87-%D9%84%D9%84%D8%A8%D9%8A%D8%B9-3-%D8%BA%D8%B1%D9%81-%D9%81%D9%8A-%D9%83%D9%85%D8%A8%D9%88%D9%86%D8%AF-%D8%B0%D8%A7-%D9%83%D8%B1%D9%8A%D8%B3%D8%AA-%D9%81%D9%8A-%D9%82%D9%84%D8%A8-%D8%A7%D9%84%D8%AA%D8%AC%D9%85%D8%B9-%D8%A7%D9%84%D8%AE%D8%A7%D9%85%D8%B3-%D8%A8%D8%AE%D8%B5%D9%85-%D9%83%D8%A7%D8%B4-28-%D9%85%D8%B9-%D8%A7%D9%82%D9%88%D9%8A-%D9%85%D8%B7%D9%88%D8%B1-%D8%B9%D9%82%D8%A7%D8%B1%D9%8A-%D8%A7%D9%84%D9%83%D8%A7%D8%B2%D8%A7%D8%B1-%D9%85%D8%AA%D8%A7%D8%AD-%D8%A7%D9%82%D8%B3%D8%A7%D8%B7-%D8%B9%D9%84%D9%8A-10-%D8%B3%D9%86%D9%88%D8%A7%D8%AA-the-crest-new-cairo-ID503589569.html
شقه للبيع في قلب العاصمه الاداريه في R5  بتشطيب كامل بالتكيفات  في نيو جاردن سيتي بمقدم 5%  - متاح اقساط علي 15 سنه  New Garden City,4500000,2,2,120,https://www.dubizzle.com.eg/ad/%D8%B4%D9%82%D9%87-%D9%84%D9%84%D8%A8%D9%8A%D8%B9-%D9%81%D9%8A-%D9%82%D9%84%D8%A8-%D8%A7%D9%84%D8%B9%D8%A7%D8%B5%D9%85%D9%87-%D8%A7%D9%84%D8%A7%D8%AF%D8%A7%D8%B1%D9%8A%D9%87-%D9%81%D9%8A-r5-%D8%A8%D8%AA%D8%B4%D8%B7%D9%8A%D8%A8-%D9%83%D8%A7%D9%85%D9%84-%D8%A8%D8%A7%D9%84%D8%AA%D9%83%D9%8A%D9%81%D8%A7%D8%AA-%D9%81%D9%8A-%D9%86%D9%8A%D9%88-%D8%AC%D8%A7%D8%B1%D8%AF%D9%86-%D8%B3%D9%8A%D8%AA%D9%8A-%D8%A8%D9%85%D9%82%D8%AF%D9%85-5-%D9%85%D8%AA%D8%A7%D8%AD-%D8%A7%D9%82%D8%B3%D8%A7%D8%B7-%D8%B9%D9%84%D9%8A-15-%D8%B3%D9%86%D9%87-new-garden-city-ID503588172.html
شقه للبيع 160 متر  استلام فوري في التجمع الخامس بسعر الكاش او ادفع مقدم 5% وقسط في كمبوند ماونتن فيو اي سيتي * Mountain View I City New Cairo *,8200000,3,3,160,https://www.dubizzle.com.eg/ad/%D8%B4%D9%82%D9%87-%D9%84%D9%84%D8%A8%D9%8A%D8%B9-160-%D9%85%D8%AA%D8%B1-%D8%A7%D8%B3%D8%AA%D9%84%D8%A7%D9%85-%D9%81%D9%88%D8%B1%D9%8A-%D9%81%D9%8A-%D8%A7%D9%84%D8%AA%D8%AC%D9%85%D8%B9-%D8%A7%D9%84%D8%AE%D8%A7%D9%85%D8%B3-%D8%A8%D8%B3%D8%B9%D8%B1-%D8%A7%D9%84%D9%83%D8%A7%D8%B4-%D8%A7%D9%88-%D8%A7%D8%AF%D9%81%D8%B9-%D9%85%D9%82%D8%AF%D9%85-5-%D9%88%D9%82%D8%B3%D8%B7-%D9%81%D9%8A-%D9%83%D9%85%D8%A8%D9%88%D9%86%D8%AF-%D9%85%D8%A7%D9%88%D9%86%D8%AA%D9%86-%D9%81%D9%8A%D9%88-%D8%A7%D9%8A-%D8%B3%D9%8A%D8%AA%D9%8A-mountain-view-i-city-new-cairo-ID503587523.html
شقه للبيع استلام فوري بخصم كاش 25% في كمبوند ستون ريزدينس  في قلب التجمع الخامس بفيوعلي  الاند اسكيب  | Stone Residence,6900000,2,2,140,https://www.dubizzle.com.eg/ad/%D8%B4%D9%82%D9%87-%D9%84%D9%84%D8%A8%D9%8A%D8%B9-%D8%A7%D8%B3%D8%AA%D9%84%D8%A7%D9%85-%D9%81%D9%88%D8%B1%D9%8A-%D8%A8%D8%AE%D8%B5%D9%85-%D9%83%D8%A7%D8%B4-25-%D9%81%D9%8A-%D9%83%D9%85%D8%A8%D9%88%D9%86%D8%AF-%D8%B3%D8%AA%D9%88%D9%86-%D8%B1%D9%8A%D8%B2%D8%AF%D9%8A%D9%86%D8%B3-%D9%81%D9%8A-%D9%82%D9%84%D8%A8-%D8%A7%D9%84%D8%AA%D8%AC%D9%85%D8%B9-%D8%A7%D9%84%D8%AE%D8%A7%D9%85%D8%B3-%D8%A8%D9%81%D9%8A%D9%88%D8%B9%D9%84%D9%8A-%D8%A7%D9%84%D8%A7%D9%86%D8%AF-%D8%A7%D8%B3%D9%83%D9%8A%D8%A8-stone-residence-ID503729922.html
شقه للبيع بسعر الكاش بالقرب من ميفيدا في كومباوند ريجينتس اسكوير في قلب الجولدن اسكوير في التجمع الخامس | Regent's Square,9000000,3,3,153,https://www.dubizzle.com.eg/ad/%D8%B4%D9%82%D9%87-%D9%84%D9%84%D8%A8%D9%8A%D8%B9-%D8%A8%D8%B3%D8%B9%D8%B1-%D8%A7%D9%84%D9%83%D8%A7%D8%B4-%D8%A8%D8%A7%D9%84%D9%82%D8%B1%D8%A8-%D9%85%D9%86-%D9%85%D9%8A%D9%81%D9%8A%D8%AF%D8%A7-%D9%81%D9%8A-%D9%83%D9%88%D9%85%D8%A8%D8%A7%D9%88%D9%86%D8%AF-%D8%B1%D9%8A%D8%AC%D9%8A%D9%86%D8%AA%D8%B3-%D8%A7%D8%B3%D9%83%D9%88%D9%8A%D8%B1-%D9%81%D9%8A-%D9%82%D9%84%D8%A8-%D8%A7%D9%84%D8%AC%D9%88%D9%84%D8%AF%D9%86-%D8%A7%D8%B3%D9%83%D9%88%D9%8A%D8%B1-%D9%81%D9%8A-%D8%A7%D9%84%D8%AA%D8%AC%D9%85%D8%B9-%D8%A7%D9%84%D8%AE%D8%A7%D9%85%D8%B3-regents-square-ID503338294.html
شقه للبيع بالقرب من ميفيدا في قلب الجولدن اسكوير في التجمع الخامس بخصم كاش 40% في كومباوند ريجينتس اسكوير | Regent's Square,6400000,2,2,108,https://www.dubizzle.com.eg/ad/%D8%B4%D9%82%D9%87-%D9%84%D9%84%D8%A8%D9%8A%D8%B9-%D8%A8%D8%A7%D9%84%D9%82%D8%B1%D8%A8-%D9%85%D9%86-%D9%85%D9%8A%D9%81%D9%8A%D8%AF%D8%A7-%D9%81%D9%8A-%D9%82%D9%84%D8%A8-%D8%A7%D9%84%D8%AC%D9%88%D9%84%D8%AF%D9%86-%D8%A7%D8%B3%D9%83%D9%88%D9%8A%D8%B1-%D9%81%D9%8A-%D8%A7%D9%84%D8%AA%D8%AC%D9%85%D8%B9-%D8%A7%D9%84%D8%AE%D8%A7%D9%85%D8%B3-%D8%A8%D8%AE%D8%B5%D9%85-%D9%83%D8%A7%D8%B4-40-%D9%81%D9%8A-%D9%83%D9%88%D9%85%D8%A8%D8%A7%D9%88%D9%86%D8%AF-%D8%B1%D9%8A%D8%AC%D9%8A%D9%86%D8%AA%D8%B3-%D8%A7%D8%B3%D9%83%D9%88%D9%8A%D8%B1-regents-square-ID503338285.html
شقه للبيع في كمبوند ذا كريست مع الكازار بخصم كاش 35% في التجمع الخامس فقط اواقساط علي اطول فتره سداد | * The Crest * | Il Cazar,6200000,3,2,135,https://www.dubizzle.com.eg/ad/%D8%B4%D9%82%D9%87-%D9%84%D9%84%D8%A8%D9%8A%D8%B9-%D9%81%D9%8A-%D9%83%D9%85%D8%A8%D9%88%D9%86%D8%AF-%D8%B0%D8%A7-%D9%83%D8%B1%D9%8A%D8%B3%D8%AA-%D9%85%D8%B9-%D8%A7%D9%84%D9%83%D8%A7%D8%B2%D8%A7%D8%B1-%D8%A8%D8%AE%D8%B5%D9%85-%D9%83%D8%A7%D8%B4-35-%D9%81%D9%8A-%D8%A7%D9%84%D8%AA%D8%AC%D9%85%D8%B9-%D8%A7%D9%84%D8%AE%D8%A7%D9%85%D8%B3-%D9%81%D9%82%D8%B7-%D8%A7%D9%88%D8%A7%D9%82%D8%B3%D8%A7%D8%B7-%D8%B9%D9%84%D9%8A-%D8%A7%D8%B7%D9%88%D9%84-%D9%81%D8%AA%D8%B1%D9%87-%D8%B3%D8%AF%D8%A7%D8%AF-the-crest-il-cazar-ID503901541.html
شقه للبيع في كمبوند ذا كريست مع الكازار في التجمع الخامس بمقدم 5% فقط واقساط علي اطول فتره سداد | خصم علي الكاش 35%* The Crest * | Il Cazar,5900000,2,2,115,https://www.dubizzle.com.eg/ad/%D8%B4%D9%82%D9%87-%D9%84%D9%84%D8%A8%D9%8A%D8%B9-%D9%81%D9%8A-%D9%83%D9%85%D8%A8%D9%88%D9%86%D8%AF-%D8%B0%D8%A7-%D9%83%D8%B1%D9%8A%D8%B3%D8%AA-%D9%85%D8%B9-%D8%A7%D9%84%D9%83%D8%A7%D8%B2%D8%A7%D8%B1-%D9%81%D9%8A-%D8%A7%D9%84%D8%AA%D8%AC%D9%85%D8%B9-%D8%A7%D9%84%D8%AE%D8%A7%D9%85%D8%B3-%D8%A8%D9%85%D9%82%D8%AF%D9%85-5-%D9%81%D9%82%D8%B7-%D9%88%D8%A7%D9%82%D8%B3%D8%A7%D8%B7-%D8%B9%D9%84%D9%8A-%D8%A7%D8%B7%D9%88%D9%84-%D9%81%D8%AA%D8%B1%D9%87-%D8%B3%D8%AF%D8%A7%D8%AF-%D8%AE%D8%B5%D9%85-%D8%B9%D9%84%D9%8A-%D8%A7%D9%84%D9%83%D8%A7%D8%B4-35-the-crest-il-cazar-ID503894413.html
شقه للبيع 3غرف جاهزه للمعاينه مع بنك الاسكان والتعمير بالتقسيط علي 14سنه وبخصم 25% بجوار اكبر منطقه خدمات بالR8 ومطار العاصمه الدولي,4300000,3,3,184,https://www.dubizzle.com.eg/ad/%D8%B4%D9%82%D9%87-%D9%84%D9%84%D8%A8%D9%8A%D8%B9-3%D8%BA%D8%B1%D9%81-%D8%AC%D8%A7%D9%87%D8%B2%D9%87-%D9%84%D9%84%D9%85%D8%B9%D8%A7%D9%8A%D9%86%D9%87-%D9%85%D8%B9-%D8%A8%D9%86%D9%83-%D8%A7%D9%84%D8%A7%D8%B3%D9%83%D8%A7%D9%86-%D9%88%D8%A7%D9%84%D8%AA%D8%B9%D9%85%D9%8A%D8%B1-%D8%A8%D8%A7%D9%84%D8%AA%D9%82%D8%B3%D9%8A%D8%B7-%D8%B9%D9%84%D9%8A-14%D8%B3%D9%86%D9%87-%D9%88%D8%A8%D8%AE%D8%B5%D9%85-25-%D8%A8%D8%AC%D9%88%D8%A7%D8%B1-%D8%A7%D9%83%D8%A8%D8%B1-%D9%85%D9%86%D8%B7%D9%82%D9%87-%D8%AE%D8%AF%D9%85%D8%A7%D8%AA-%D8%A8%D8%A7%D9%84r8-%D9%88%D9%85%D8%B7%D8%A7%D8%B1-%D8%A7%D9%84%D8%B9%D8%A7%D8%B5%D9%85%D9%87-%D8%A7%D9%84%D8%AF%D9%88%D9%84%D9%8A-ID503900751.html
شقه للبيع بالقرب منطقه الوزارات ومن داون تاون العاصمه بمقدم 5% في بلوفيرت في العاصمه الاداريه واقساط حتي 10 سنوات | Blue Vert,6000000,3,3,140,https://www.dubizzle.com.eg/ad/%D8%B4%D9%82%D9%87-%D9%84%D9%84%D8%A8%D9%8A%D8%B9-%D8%A8%D8%A7%D9%84%D9%82%D8%B1%D8%A8-%D9%85%D9%86%D8%B7%D9%82%D9%87-%D8%A7%D9%84%D9%88%D8%B2%D8%A7%D8%B1%D8%A7%D8%AA-%D9%88%D9%85%D9%86-%D8%AF%D8%A7%D9%88%D9%86-%D8%AA%D8%A7%D9%88%D9%86-%D8%A7%D9%84%D8%B9%D8%A7%D8%B5%D9%85%D9%87-%D8%A8%D9%85%D9%82%D8%AF%D9%85-5-%D9%81%D9%8A-%D8%A8%D9%84%D9%88%D9%81%D9%8A%D8%B1%D8%AA-%D9%81%D9%8A-%D8%A7%D9%84%D8%B9%D8%A7%D8%B5%D9%85%D9%87-%D8%A7%D9%84%D8%A7%D8%AF%D8%A7%D8%B1%D9%8A%D9%87-%D9%88%D8%A7%D9%82%D8%B3%D8%A7%D8%B7-%D8%AD%D8%AA%D9%8A-10-%D8%B3%D9%86%D9%88%D8%A7%D8%AA-blue-vert-ID503893694.html
شقه للبيع بالقرب من داون تاون العاصمه ومنطقه الوزارات بمقدم 5% في بلوفيرت في العاصمه الاداريه واقساط حتي 10 سنوات | Blue Vert,5900000,2,2,139,https://www.dubizzle.com.eg/ad/%D8%B4%D9%82%D9%87-%D9%84%D9%84%D8%A8%D9%8A%D8%B9-%D8%A8%D8%A7%D9%84%D9%82%D8%B1%D8%A8-%D9%85%D9%86-%D8%AF%D8%A7%D9%88%D9%86-%D8%AA%D8%A7%D9%88%D9%86-%D8%A7%D9%84%D8%B9%D8%A7%D8%B5%D9%85%D9%87-%D9%88%D9%85%D9%86%D8%B7%D9%82%D9%87-%D8%A7%D9%84%D9%88%D8%B2%D8%A7%D8%B1%D8%A7%D8%AA-%D8%A8%D9%85%D9%82%D8%AF%D9%85-5-%D9%81%D9%8A-%D8%A8%D9%84%D9%88%D9%81%D9%8A%D8%B1%D8%AA-%D9%81%D9%8A-%D8%A7%D9%84%D8%B9%D8%A7%D8%B5%D9%85%D9%87-%D8%A7%D9%84%D8%A7%D8%AF%D8%A7%D8%B1%D9%8A%D9%87-%D9%88%D8%A7%D9%82%D8%B3%D8%A7%D8%B7-%D8%AD%D8%AA%D9%8A-10-%D8%B3%D9%86%D9%88%D8%A7%D8%AA-blue-vert-ID503893667.html
شقه للبيع في كمبوند هايد بارك في التجمع السادس بالقرب من زيد ايست علي بعد دقائق من لافيستا بسعر الكاش او دفع مقدم 5% واقساط تصل الي 10 سنوات Hyde Park,5700000,2,2,100,https://www.dubizzle.com.eg/ad/%D8%B4%D9%82%D9%87-%D9%84%D9%84%D8%A8%D9%8A%D8%B9-%D9%81%D9%8A-%D9%83%D9%85%D8%A8%D9%88%D9%86%D8%AF-%D9%87%D8%A7%D9%8A%D8%AF-%D8%A8%D8%A7%D8%B1%D9%83-%D9%81%D9%8A-%D8%A7%D9%84%D8%AA%D8%AC%D9%85%D8%B9-%D8%A7%D9%84%D8%B3%D8%A7%D8%AF%D8%B3-%D8%A8%D8%A7%D9%84%D9%82%D8%B1%D8%A8-%D9%85%D9%86-%D8%B2%D9%8A%D8%AF-%D8%A7%D9%8A%D8%B3%D8%AA-%D8%B9%D9%84%D9%8A-%D8%A8%D8%B9%D8%AF-%D8%AF%D9%82%D8%A7%D8%A6%D9%82-%D9%85%D9%86-%D9%84%D8%A7%D9%81%D9%8A%D8%B3%D8%AA%D8%A7-%D8%A8%D8%B3%D8%B9%D8%B1-%D8%A7%D9%84%D9%83%D8%A7%D8%B4-%D8%A7%D9%88-%D8%AF%D9%81%D8%B9-%D9%85%D9%82%D8%AF%D9%85-5-%D9%88%D8%A7%D9%82%D8%B3%D8%A7%D8%B7-%D8%AA%D8%B5%D9%84-%D8%A7%D9%84%D9%8A-10-%D8%B3%D9%86%D9%88%D8%A7%D8%AA-hyde-park-ID503503899.html
شقه للبيع بسعر الكاش في كمبوند هايد بارك في التجمع السادس بالقرب من زيد ايست علي بعد دقائق من لافيستا سنوات Hyde Park Central خصم الكاش | 35%,5900000,2,2,110,https://www.dubizzle.com.eg/ad/%D8%B4%D9%82%D9%87-%D9%84%D9%84%D8%A8%D9%8A%D8%B9-%D8%A8%D8%B3%D8%B9%D8%B1-%D8%A7%D9%84%D9%83%D8%A7%D8%B4-%D9%81%D9%8A-%D9%83%D9%85%D8%A8%D9%88%D9%86%D8%AF-%D9%87%D8%A7%D9%8A%D8%AF-%D8%A8%D8%A7%D8%B1%D9%83-%D9%81%D9%8A-%D8%A7%D9%84%D8%AA%D8%AC%D9%85%D8%B9-%D8%A7%D9%84%D8%B3%D8%A7%D8%AF%D8%B3-%D8%A8%D8%A7%D9%84%D9%82%D8%B1%D8%A8-%D9%85%D9%86-%D8%B2%D9%8A%D8%AF-%D8%A7%D9%8A%D8%B3%D8%AA-%D8%B9%D9%84%D9%8A-%D8%A8%D8%B9%D8%AF-%D8%AF%D9%82%D8%A7%D8%A6%D9%82-%D9%85%D9%86-%D9%84%D8%A7%D9%81%D9%8A%D8%B3%D8%AA%D8%A7-%D8%B3%D9%86%D9%88%D8%A7%D8%AA-hyde-park-central-%D8%AE%D8%B5%D9%85-%D8%A7%D9%84%D9%83%D8%A7%D8%B4-35-ID503504414.html
شقه للبيع في كريك فيو في التجمع الخامس امام هايد بارك بسعر الكاش او بمقدم 5% فقط واقساط علي اطول فتره سداد | مع ماونتن فيو | Creek View |Mountain view,5500000,2,2,120,https://www.dubizzle.com.eg/ad/%D8%B4%D9%82%D9%87-%D9%84%D9%84%D8%A8%D9%8A%D8%B9-%D9%81%D9%8A-%D9%83%D8%B1%D9%8A%D9%83-%D9%81%D9%8A%D9%88-%D9%81%D9%8A-%D8%A7%D9%84%D8%AA%D8%AC%D9%85%D8%B9-%D8%A7%D9%84%D8%AE%D8%A7%D9%85%D8%B3-%D8%A7%D9%85%D8%A7%D9%85-%D9%87%D8%A7%D9%8A%D8%AF-%D8%A8%D8%A7%D8%B1%D9%83-%D8%A8%D8%B3%D8%B9%D8%B1-%D8%A7%D9%84%D9%83%D8%A7%D8%B4-%D8%A7%D9%88-%D8%A8%D9%85%D9%82%D8%AF%D9%85-5-%D9%81%D9%82%D8%B7-%D9%88%D8%A7%D9%82%D8%B3%D8%A7%D8%B7-%D8%B9%D9%84%D9%8A-%D8%A7%D8%B7%D9%88%D9%84-%D9%81%D8%AA%D8%B1%D9%87-%D8%B3%D8%AF%D8%A7%D8%AF-%D9%85%D8%B9-%D9%85%D8%A7%D9%88%D9%86%D8%AA%D9%86-%D9%81%D9%8A%D9%88-creek-view-mountain-view-ID503656135.html
بنتهاوس _ 4 غرف _ جاهز للمعاينة بالتقسيط على 10 سنين للبيع  _ القاهرة _ القاهره _ الرحاب,12350000,4,3,190,https://www.dubizzle.com.eg/ad/%D8%A8%D9%86%D8%AA%D9%87%D8%A7%D9%88%D8%B3-_-4-%D8%BA%D8%B1%D9%81-_-%D8%AC%D8%A7%D9%87%D8%B2-%D9%84%D9%84%D9%85%D8%B9%D8%A7%D9%8A%D9%86%D8%A9-%D8%A8%D8%A7%D9%84%D8%AA%D9%82%D8%B3%D9%8A%D8%B7-%D8%B9%D9%84%D9%89-10-%D8%B3%D9%86%D9%8A%D9%86-%D9%84%D9%84%D8%A8%D9%8A%D8%B9-_-%D8%A7%D9%84%D9%82%D8%A7%D9%87%D8%B1%D8%A9-_-%D8%A7%D9%84%D9%82%D8%A7%D9%87%D8%B1%D9%87-_-%D8%A7%D9%84%D8%B1%D8%AD%D8%A7%D8%A8-ID503108562.html
بأقل سعر شقة برووف للبيع استلام فوري من لافيستا برايم لوكيشن علي لاند سكيب - باتيو اورو- التجمع الخامس,17200000,4,3,164,https://www.dubizzle.com.eg/ad/%D8%A8%D8%A3%D9%82%D9%84-%D8%B3%D8%B9%D8%B1-%D8%B4%D9%82%D8%A9-%D8%A8%D8%B1%D9%88%D9%88%D9%81-%D9%84%D9%84%D8%A8%D9%8A%D8%B9-%D8%A7%D8%B3%D8%AA%D9%84%D8%A7%D9%85-%D9%81%D9%88%D8%B1%D9%8A-%D9%85%D9%86-%D9%84%D8%A7%D9%81%D9%8A%D8%B3%D8%AA%D8%A7-%D8%A8%D8%B1%D8%A7%D9%8A%D9%85-%D9%84%D9%88%D9%83%D9%8A%D8%B4%D9%86-%D8%B9%D9%84%D9%8A-%D9%84%D8%A7%D9%86%D8%AF-%D8%B3%D9%83%D9%8A%D8%A8-%D8%A8%D8%A7%D8%AA%D9%8A%D9%88-%D8%A7%D9%88%D8%B1%D9%88-%D8%A7%D9%84%D8%AA%D8%AC%D9%85%D8%B9-%D8%A7%D9%84%D8%AE%D8%A7%D9%85%D8%B3-ID503746634.html
بأقل سعر فى الماركت شقة للبيع استلام فورى متشطبة فى مدينة الشروق بالقرب من الجامعة البريطانية,7800000,3,3,143,https://www.dubizzle.com.eg/ad/%D8%A8%D8%A3%D9%82%D9%84-%D8%B3%D8%B9%D8%B1-%D9%81%D9%89-%D8%A7%D9%84%D9%85%D8%A7%D8%B1%D9%83%D8%AA-%D8%B4%D9%82%D8%A9-%D9%84%D9%84%D8%A8%D9%8A%D8%B9-%D8%A7%D8%B3%D8%AA%D9%84%D8%A7%D9%85-%D9%81%D9%88%D8%B1%D9%89-%D9%85%D8%AA%D8%B4%D8%B7%D8%A8%D8%A9-%D9%81%D9%89-%D9%85%D8%AF%D9%8A%D9%86%D8%A9-%D8%A7%D9%84%D8%B4%D8%B1%D9%88%D9%82-%D8%A8%D8%A7%D9%84%D9%82%D8%B1%D8%A8-%D9%85%D9%86-%D8%A7%D9%84%D8%AC%D8%A7%D9%85%D8%B9%D8%A9-%D8%A7%D9%84%D8%A8%D8%B1%D9%8A%D8%B7%D8%A7%D9%86%D9%8A%D8%A9-ID503903115.html
فرصه شقه ١٤٠ م للبيع بالمنطقه العاشره بمدينه نصر ب٣ مليون و٥٠٠ الف,3500000,2,1,140,https://www.dubizzle.com.eg/ad/%D9%81%D8%B1%D8%B5%D9%87-%D8%B4%D9%82%D9%87-%D9%A1%D9%A4%D9%A0-%D9%85-%D9%84%D9%84%D8%A8%D9%8A%D8%B9-%D8%A8%D8%A7%D9%84%D9%85%D9%86%D8%B7%D9%82%D9%87-%D8%A7%D9%84%D8%B9%D8%A7%D8%B4%D8%B1%D9%87-%D8%A8%D9%85%D8%AF%D9%8A%D9%86%D9%87-%D9%86%D8%B5%D8%B1-%D8%A8%D9%A3-%D9%85%D9%84%D9%8A%D9%88%D9%86-%D9%88%D9%A5%D9%A0%D9%A0-%D8%A7%D9%84%D9%81-ID208654998.html
"أقل سعر شقة استلام فوري ¾ تشطيب فيولاندسكيب للبيع في هايد بارك – التجمع الخامس – القاهرة الجديدة Hyde Park, Fifth Settlement, New Cairo",8000000,2,3,135,https://www.dubizzle.com.eg/ad/%D8%A3%D9%82%D9%84-%D8%B3%D8%B9%D8%B1-%D8%B4%D9%82%D8%A9-%D8%A7%D8%B3%D8%AA%D9%84%D8%A7%D9%85-%D9%81%D9%88%D8%B1%D9%8A-34-%D8%AA%D8%B4%D8%B7%D9%8A%D8%A8-%D9%81%D9%8A%D9%88%D9%84%D8%A7%D9%86%D8%AF%D8%B3%D9%83%D9%8A%D8%A8-%D9%84%D9%84%D8%A8%D9%8A%D8%B9-%D9%81%D9%8A-%D9%87%D8%A7%D9%8A%D8%AF-%D8%A8%D8%A7%D8%B1%D9%83-%D8%A7%D9%84%D8%AA%D8%AC%D9%85%D8%B9-%D8%A7%D9%84%D8%AE%D8%A7%D9%85%D8%B3-%D8%A7%D9%84%D9%82%D8%A7%D9%87%D8%B1%D8%A9-%D8%A7%D9%84%D8%AC%D8%AF%D9%8A%D8%AF%D8%A9-hyde-park-fifth-settlement-new-cairo-ID503903114.html
شقة للبيع استلام فورى بالسعر القديم متشطبة فى مدينة الشروق بالقرب من الجامعة البريطانية,7000000,3,2,126,https://www.dubizzle.com.eg/ad/%D8%B4%D9%82%D8%A9-%D9%84%D9%84%D8%A8%D9%8A%D8%B9-%D8%A7%D8%B3%D8%AA%D9%84%D8%A7%D9%85-%D9%81%D9%88%D8%B1%D9%89-%D8%A8%D8%A7%D9%84%D8%B3%D8%B9%D8%B1-%D8%A7%D9%84%D9%82%D8%AF%D9%8A%D9%85-%D9%85%D8%AA%D8%B4%D8%B7%D8%A8%D8%A9-%D9%81%D9%89-%D9%85%D8%AF%D9%8A%D9%86%D8%A9-%D8%A7%D9%84%D8%B4%D8%B1%D9%88%D9%82-%D8%A8%D8%A7%D9%84%D9%82%D8%B1%D8%A8-%D9%85%D9%86-%D8%A7%D9%84%D8%AC%D8%A7%D9%85%D8%B9%D8%A9-%D8%A7%D9%84%D8%A8%D8%B1%D9%8A%D8%B7%D8%A7%D9%86%D9%8A%D8%A9-ID503903113.html
شقة متشطبة بالكامل بمقدم وتكملة أقساط بفيو مميز بأقل من سعر الشركة ريسيل 3 غرف في بلوم فيلدز Bloomfields المستقبل سيتي بجوار مدينتي وسراي للبيع,6712000,3,3,176,https://www.dubizzle.com.eg/ad/%D8%B4%D9%82%D8%A9-%D9%85%D8%AA%D8%B4%D8%B7%D8%A8%D8%A9-%D8%A8%D8%A7%D9%84%D9%83%D8%A7%D9%85%D9%84-%D8%A8%D9%85%D9%82%D8%AF%D9%85-%D9%88%D8%AA%D9%83%D9%85%D9%84%D8%A9-%D8%A3%D9%82%D8%B3%D8%A7%D8%B7-%D8%A8%D9%81%D9%8A%D9%88-%D9%85%D9%85%D9%8A%D8%B2-%D8%A8%D8%A3%D9%82%D9%84-%D9%85%D9%86-%D8%B3%D8%B9%D8%B1-%D8%A7%D9%84%D8%B4%D8%B1%D9%83%D8%A9-%D8%B1%D9%8A%D8%B3%D9%8A%D9%84-3-%D8%BA%D8%B1%D9%81-%D9%81%D9%8A-%D8%A8%D9%84%D9%88%D9%85-%D9%81%D9%8A%D9%84%D8%AF%D8%B2-bloomfields-%D8%A7%D9%84%D9%85%D8%B3%D8%AA%D9%82%D8%A8%D9%84-%D8%B3%D9%8A%D8%AA%D9%8A-%D8%A8%D8%AC%D9%88%D8%A7%D8%B1-%D9%85%D8%AF%D9%8A%D9%86%D8%AA%D9%8A-%D9%88%D8%B3%D8%B1%D8%A7%D9%8A-%D9%84%D9%84%D8%A8%D9%8A%D8%B9-ID503903051.html
شقه للبيع في معراج سلفي سعرها لقطه حرفيا ١٦٠ متر ومتشطبها واماميه دور اول علوي ٣ نوم ٢ حمام تشطيب سوبر لوكس غاز طبيبعي عداد كهرباء,3700000,3,2,160,https://www.dubizzle.com.eg/ad/%D8%B4%D9%82%D9%87-%D9%84%D9%84%D8%A8%D9%8A%D8%B9-%D9%81%D9%8A-%D9%85%D8%B9%D8%B1%D8%A7%D8%AC-%D8%B3%D9%84%D9%81%D9%8A-%D8%B3%D8%B9%D8%B1%D9%87%D8%A7-%D9%84%D9%82%D8%B7%D9%87-%D8%AD%D8%B1%D9%81%D9%8A%D8%A7-%D9%A1%D9%A6%D9%A0-%D9%85%D8%AA%D8%B1-%D9%88%D9%85%D8%AA%D8%B4%D8%B7%D8%A8%D9%87%D8%A7-%D9%88%D8%A7%D9%85%D8%A7%D9%85%D9%8A%D9%87-%D8%AF%D9%88%D8%B1-%D8%A7%D9%88%D9%84-%D8%B9%D9%84%D9%88%D9%8A-%D9%A3-%D9%86%D9%88%D9%85-%D9%A2-%D8%AD%D9%85%D8%A7%D9%85-%D8%AA%D8%B4%D8%B7%D9%8A%D8%A8-%D8%B3%D9%88%D8%A8%D8%B1-%D9%84%D9%88%D9%83%D8%B3-%D8%BA%D8%A7%D8%B2-%D8%B7%D8%A8%D9%8A%D8%A8%D8%B9%D9%8A-%D8%B9%D8%AF%D8%A7%D8%AF-%D9%83%D9%87%D8%B1%D8%A8%D8%A7%D8%A1-ID503903108.html
شقة للبيع في هايد بارك NCV | تشطيب كامل | استلام فوري,10000000,3,3,187,https://www.dubizzle.com.eg/ad/%D8%B4%D9%82%D8%A9-%D9%84%D9%84%D8%A8%D9%8A%D8%B9-%D9%81%D9%8A-%D9%87%D8%A7%D9%8A%D8%AF-%D8%A8%D8%A7%D8%B1%D9%83-ncv-%D8%AA%D8%B4%D8%B7%D9%8A%D8%A8-%D9%83%D8%A7%D9%85%D9%84-%D8%A7%D8%B3%D8%AA%D9%84%D8%A7%D9%85-%D9%81%D9%88%D8%B1%D9%8A-ID503092175.html
شقة مميزة للبيع في إيستاون 2 غرفة نوم مع غرفة مربية,10500000,2,2,156,https://www.dubizzle.com.eg/ad/%D8%B4%D9%82%D8%A9-%D9%85%D9%85%D9%8A%D8%B2%D8%A9-%D9%84%D9%84%D8%A8%D9%8A%D8%B9-%D9%81%D9%8A-%D8%A5%D9%8A%D8%B3%D8%AA%D8%A7%D9%88%D9%86-2-%D8%BA%D8%B1%D9%81%D8%A9-%D9%86%D9%88%D9%85-%D9%85%D8%B9-%D8%BA%D8%B1%D9%81%D8%A9-%D9%85%D8%B1%D8%A8%D9%8A%D8%A9-ID503314670.html
دوبليكس استلام فوري للبيع التقسيط علي 10 سنين في كمبوند جايد Jayd بجوارمدينة الرحاب وعلى طريق السويس، قريب من الجامعة الأميركية والطريق الدائري|| jayd,15500000,5,6,265,https://www.dubizzle.com.eg/ad/%D8%AF%D9%88%D8%A8%D9%84%D9%8A%D9%83%D8%B3-%D8%A7%D8%B3%D8%AA%D9%84%D8%A7%D9%85-%D9%81%D9%88%D8%B1%D9%8A-%D9%84%D9%84%D8%A8%D9%8A%D8%B9-%D8%A7%D9%84%D8%AA%D9%82%D8%B3%D9%8A%D8%B7-%D8%B9%D9%84%D9%8A-10-%D8%B3%D9%86%D9%8A%D9%86-%D9%81%D9%8A-%D9%83%D9%85%D8%A8%D9%88%D9%86%D8%AF-%D8%AC%D8%A7%D9%8A%D8%AF-jayd-%D8%A8%D8%AC%D9%88%D8%A7%D8%B1%D9%85%D8%AF%D9%8A%D9%86%D8%A9-%D8%A7%D9%84%D8%B1%D8%AD%D8%A7%D8%A8-%D9%88%D8%B9%D9%84%D9%89-%D8%B7%D8%B1%D9%8A%D9%82-%D8%A7%D9%84%D8%B3%D9%88%D9%8A%D8%B3-%D9%82%D8%B1%D9%8A%D8%A8-%D9%85%D9%86-%D8%A7%D9%84%D8%AC%D8%A7%D9%85%D8%B9%D8%A9-%D8%A7%D9%84%D8%A3%D9%85%D9%8A%D8%B1%D9%83%D9%8A%D8%A9-%D9%88%D8%A7%D9%84%D8%B7%D8%B1%D9%8A%D9%82-%D8%A7%D9%84%D8%AF%D8%A7%D8%A6%D8%B1%D9%8A-jayd-ID502892353.html
شقة للبيع للسكن او الاستثمار بموقع متميز - السويسري -ب - الحي العاشر,2300000,2,1,80,https://www.dubizzle.com.eg/ad/%D8%B4%D9%82%D8%A9-%D9%84%D9%84%D8%A8%D9%8A%D8%B9-%D9%84%D9%84%D8%B3%D9%83%D9%86-%D8%A7%D9%88-%D8%A7%D9%84%D8%A7%D8%B3%D8%AA%D8%AB%D9%85%D8%A7%D8%B1-%D8%A8%D9%85%D9%88%D9%82%D8%B9-%D9%85%D8%AA%D9%85%D9%8A%D8%B2-%D8%A7%D9%84%D8%B3%D9%88%D9%8A%D8%B3%D8%B1%D9%8A-%D8%A8-%D8%A7%D9%84%D8%AD%D9%8A-%D8%A7%D9%84%D8%B9%D8%A7%D8%B4%D8%B1-ID208654730.html
شقه 224م جاهزه للمعاينه فى ديستريكت 5 - District 5 التجمع الخامس نيو قطاميه من شركه مراكز بالقرب من شارع التسعين والدائرى وطريق السويس,5220000,3,3,224,https://www.dubizzle.com.eg/ad/%D8%B4%D9%82%D9%87-224%D9%85-%D8%AC%D8%A7%D9%87%D8%B2%D9%87-%D9%84%D9%84%D9%85%D8%B9%D8%A7%D9%8A%D9%86%D9%87-%D9%81%D9%89-%D8%AF%D9%8A%D8%B3%D8%AA%D8%B1%D9%8A%D9%83%D8%AA-5-district-5-%D8%A7%D9%84%D8%AA%D8%AC%D9%85%D8%B9-%D8%A7%D9%84%D8%AE%D8%A7%D9%85%D8%B3-%D9%86%D9%8A%D9%88-%D9%82%D8%B7%D8%A7%D9%85%D9%8A%D9%87-%D9%85%D9%86-%D8%B4%D8%B1%D9%83%D9%87-%D9%85%D8%B1%D8%A7%D9%83%D8%B2-%D8%A8%D8%A7%D9%84%D9%82%D8%B1%D8%A8-%D9%85%D9%86-%D8%B4%D8%A7%D8%B1%D8%B9-%D8%A7%D9%84%D8%AA%D8%B3%D8%B9%D9%8A%D9%86-%D9%88%D8%A7%D9%84%D8%AF%D8%A7%D8%A6%D8%B1%D9%89-%D9%88%D8%B7%D8%B1%D9%8A%D9%82-%D8%A7%D9%84%D8%B3%D9%88%D9%8A%D8%B3-ID503572715.html
من المالك كمبوند سيليا طلعت مصطفى شقة ١٠٣  celia talaat mostafa,4500000,2,1,103,https://www.dubizzle.com.eg/ad/%D9%85%D9%86-%D8%A7%D9%84%D9%85%D8%A7%D9%84%D9%83-%D9%83%D9%85%D8%A8%D9%88%D9%86%D8%AF-%D8%B3%D9%8A%D9%84%D9%8A%D8%A7-%D8%B7%D9%84%D8%B9%D8%AA-%D9%85%D8%B5%D8%B7%D9%81%D9%89-%D8%B4%D9%82%D8%A9-%D9%A1%D9%A0%D9%A3-celia-talaat-mostafa-ID203034611.html
شقة للبيع في لافينير المستقبل سيتي استلام فوري موقع مميز اقل من سعر السوق Lavenir,4500000,3,3,160,https://www.dubizzle.com.eg/ad/%D8%B4%D9%82%D8%A9-%D9%84%D9%84%D8%A8%D9%8A%D8%B9-%D9%81%D9%8A-%D9%84%D8%A7%D9%81%D9%8A%D9%86%D9%8A%D8%B1-%D8%A7%D9%84%D9%85%D8%B3%D8%AA%D9%82%D8%A8%D9%84-%D8%B3%D9%8A%D8%AA%D9%8A-%D8%A7%D8%B3%D8%AA%D9%84%D8%A7%D9%85-%D9%81%D9%88%D8%B1%D9%8A-%D9%85%D9%88%D9%82%D8%B9-%D9%85%D9%85%D9%8A%D8%B2-%D8%A7%D9%82%D9%84-%D9%85%D9%86-%D8%B3%D8%B9%D8%B1-%D8%A7%D9%84%D8%B3%D9%88%D9%82-lavenir-ID503425348.html
دوبلكس ارضي بحديقة للبيع في لافينير المستقبل سيتي لوكيشين مميز اقل من سعر السوق lavenir,7300000,4,3,245,https://www.dubizzle.com.eg/ad/%D8%AF%D9%88%D8%A8%D9%84%D9%83%D8%B3-%D8%A7%D8%B1%D8%B6%D9%8A-%D8%A8%D8%AD%D8%AF%D9%8A%D9%82%D8%A9-%D9%84%D9%84%D8%A8%D9%8A%D8%B9-%D9%81%D9%8A-%D9%84%D8%A7%D9%81%D9%8A%D9%86%D9%8A%D8%B1-%D8%A7%D9%84%D9%85%D8%B3%D8%AA%D9%82%D8%A8%D9%84-%D8%B3%D9%8A%D8%AA%D9%8A-%D9%84%D9%88%D9%83%D9%8A%D8%B4%D9%8A%D9%86-%D9%85%D9%85%D9%8A%D8%B2-%D8%A7%D9%82%D9%84-%D9%85%D9%86-%D8%B3%D8%B9%D8%B1-%D8%A7%D9%84%D8%B3%D9%88%D9%82-lavenir-ID503111558.html
شقة جاهزة للاستلام بحري فيو على لاندسكيب للبيع في بالم هيلز، القاهرة الجديدة  Palm Hills New Cairo,8800000,3,3,164,https://www.dubizzle.com.eg/ad/%D8%B4%D9%82%D8%A9-%D8%AC%D8%A7%D9%87%D8%B2%D8%A9-%D9%84%D9%84%D8%A7%D8%B3%D8%AA%D9%84%D8%A7%D9%85-%D8%A8%D8%AD%D8%B1%D9%8A-%D9%81%D9%8A%D9%88-%D8%B9%D9%84%D9%89-%D9%84%D8%A7%D9%86%D8%AF%D8%B3%D9%83%D9%8A%D8%A8-%D9%84%D9%84%D8%A8%D9%8A%D8%B9-%D9%81%D9%8A-%D8%A8%D8%A7%D9%84%D9%85-%D9%87%D9%8A%D9%84%D8%B2-%D8%A7%D9%84%D9%82%D8%A7%D9%87%D8%B1%D8%A9-%D8%A7%D9%84%D8%AC%D8%AF%D9%8A%D8%AF%D8%A9-palm-hills-new-cairo-ID503897615.html
استلام فوري وباقل من سعرها ب مليون جنية للبيع شقة ارضي بجاردن 3 غرف نوم ف كمبوند ماونتن فيو اي سيتي التجمع الخامس Mountain View I City بجوار هايد بارك,11000000,3,3,195,https://www.dubizzle.com.eg/ad/%D8%A7%D8%B3%D8%AA%D9%84%D8%A7%D9%85-%D9%81%D9%88%D8%B1%D9%8A-%D9%88%D8%A8%D8%A7%D9%82%D9%84-%D9%85%D9%86-%D8%B3%D8%B9%D8%B1%D9%87%D8%A7-%D8%A8-%D9%85%D9%84%D9%8A%D9%88%D9%86-%D8%AC%D9%86%D9%8A%D8%A9-%D9%84%D9%84%D8%A8%D9%8A%D8%B9-%D8%B4%D9%82%D8%A9-%D8%A7%D8%B1%D8%B6%D9%8A-%D8%A8%D8%AC%D8%A7%D8%B1%D8%AF%D9%86-3-%D8%BA%D8%B1%D9%81-%D9%86%D9%88%D9%85-%D9%81-%D9%83%D9%85%D8%A8%D9%88%D9%86%D8%AF-%D9%85%D8%A7%D9%88%D9%86%D8%AA%D9%86-%D9%81%D9%8A%D9%88-%D8%A7%D9%8A-%D8%B3%D9%8A%D8%AA%D9%8A-%D8%A7%D9%84%D8%AA%D8%AC%D9%85%D8%B9-%D8%A7%D9%84%D8%AE%D8%A7%D9%85%D8%B3-mountain-view-i-city-%D8%A8%D8%AC%D9%88%D8%A7%D8%B1-%D9%87%D8%A7%D9%8A%D8%AF-%D8%A8%D8%A7%D8%B1%D9%83-ID503105219.html
شقة متشطبه بالكامل مع مطبخ للبيع في بالم هيلز، القاهرة الجديدة Palm Hills New Cairo,10350000,3,3,181,https://www.dubizzle.com.eg/ad/%D8%B4%D9%82%D8%A9-%D9%85%D8%AA%D8%B4%D8%B7%D8%A8%D9%87-%D8%A8%D8%A7%D9%84%D9%83%D8%A7%D9%85%D9%84-%D9%85%D8%B9-%D9%85%D8%B7%D8%A8%D8%AE-%D9%84%D9%84%D8%A8%D9%8A%D8%B9-%D9%81%D9%8A-%D8%A8%D8%A7%D9%84%D9%85-%D9%87%D9%8A%D9%84%D8%B2-%D8%A7%D9%84%D9%82%D8%A7%D9%87%D8%B1%D8%A9-%D8%A7%D9%84%D8%AC%D8%AF%D9%8A%D8%AF%D8%A9-palm-hills-new-cairo-ID503897821.html
تريو جاردنز   القاهرة الجديدة    رووف دوبلكس مع حديقة تشطيب كامل استلام فوري    مساحة المباني160  مساحة الروف والحديقة الخاصة : 45 م   3 غرف,8800000,3,3,160,https://www.dubizzle.com.eg/ad/%D8%AA%D8%B1%D9%8A%D9%88-%D8%AC%D8%A7%D8%B1%D8%AF%D9%86%D8%B2-%D8%A7%D9%84%D9%82%D8%A7%D9%87%D8%B1%D8%A9-%D8%A7%D9%84%D8%AC%D8%AF%D9%8A%D8%AF%D8%A9-%D8%B1%D9%88%D9%88%D9%81-%D8%AF%D9%88%D8%A8%D9%84%D9%83%D8%B3-%D9%85%D8%B9-%D8%AD%D8%AF%D9%8A%D9%82%D8%A9-%D8%AA%D8%B4%D8%B7%D9%8A%D8%A8-%D9%83%D8%A7%D9%85%D9%84-%D8%A7%D8%B3%D8%AA%D9%84%D8%A7%D9%85-%D9%81%D9%88%D8%B1%D9%8A-%D9%85%D8%B3%D8%A7%D8%AD%D8%A9-%D8%A7%D9%84%D9%85%D8%A8%D8%A7%D9%86%D9%8A160-%D9%85%D8%B3%D8%A7%D8%AD%D8%A9-%D8%A7%D9%84%D8%B1%D9%88%D9%81-%D9%88%D8%A7%D9%84%D8%AD%D8%AF%D9%8A%D9%82%D8%A9-%D8%A7%D9%84%D8%AE%D8%A7%D8%B5%D8%A9-45-%D9%85-3-%D8%BA%D8%B1%D9%81-ID501606604.html
شقة ثلاث غرف موقع مميز علي ڤيو لاندسكيب استلام فوري في كمبوند ميڤيدا إعمار | Mivida Emaar,18500000,3,2,190,https://www.dubizzle.com.eg/ad/%D8%B4%D9%82%D8%A9-%D8%AB%D9%84%D8%A7%D8%AB-%D8%BA%D8%B1%D9%81-%D9%85%D9%88%D9%82%D8%B9-%D9%85%D9%85%D9%8A%D8%B2-%D8%B9%D9%84%D9%8A-%DA%A4%D9%8A%D9%88-%D9%84%D8%A7%D9%86%D8%AF%D8%B3%D9%83%D9%8A%D8%A8-%D8%A7%D8%B3%D8%AA%D9%84%D8%A7%D9%85-%D9%81%D9%88%D8%B1%D9%8A-%D9%81%D9%8A-%D9%83%D9%85%D8%A8%D9%88%D9%86%D8%AF-%D9%85%D9%8A%DA%A4%D9%8A%D8%AF%D8%A7-%D8%A5%D8%B9%D9%85%D8%A7%D8%B1-mivida-emaar-ID503241234.html
شقه للبيع في مصر الجديده  دقااق من سيتي سنتر الماظه,3800000,2,2,110,https://www.dubizzle.com.eg/ad/%D8%B4%D9%82%D9%87-%D9%84%D9%84%D8%A8%D9%8A%D8%B9-%D9%81%D9%8A-%D9%85%D8%B5%D8%B1-%D8%A7%D9%84%D8%AC%D8%AF%D9%8A%D8%AF%D9%87-%D8%AF%D9%82%D8%A7%D8%A7%D9%82-%D9%85%D9%86-%D8%B3%D9%8A%D8%AA%D9%8A-%D8%B3%D9%86%D8%AA%D8%B1-%D8%A7%D9%84%D9%85%D8%A7%D8%B8%D9%87-ID503573095.html
شقه ارضي بحديقه خاصه للبيع في الشروق امام الباتيو ونادي هليوبوليس,3813000,3,3,205,https://www.dubizzle.com.eg/ad/%D8%B4%D9%82%D9%87-%D8%A7%D8%B1%D8%B6%D9%8A-%D8%A8%D8%AD%D8%AF%D9%8A%D9%82%D9%87-%D8%AE%D8%A7%D8%B5%D9%87-%D9%84%D9%84%D8%A8%D9%8A%D8%B9-%D9%81%D9%8A-%D8%A7%D9%84%D8%B4%D8%B1%D9%88%D9%82-%D8%A7%D9%85%D8%A7%D9%85-%D8%A7%D9%84%D8%A8%D8%A7%D8%AA%D9%8A%D9%88-%D9%88%D9%86%D8%A7%D8%AF%D9%8A-%D9%87%D9%84%D9%8A%D9%88%D8%A8%D9%88%D9%84%D9%8A%D8%B3-ID208641712.html
بخصم مميز يصل ل30%  وبدون مقدم شقة للبيع 103 متر غرفتين فى العاصمة الجديدة New Capital city.,3290000,2,1,103,https://www.dubizzle.com.eg/ad/%D8%A8%D8%AE%D8%B5%D9%85-%D9%85%D9%85%D9%8A%D8%B2-%D9%8A%D8%B5%D9%84-%D9%8430-%D9%88%D8%A8%D8%AF%D9%88%D9%86-%D9%85%D9%82%D8%AF%D9%85-%D8%B4%D9%82%D8%A9-%D9%84%D9%84%D8%A8%D9%8A%D8%B9-103-%D9%85%D8%AA%D8%B1-%D8%BA%D8%B1%D9%81%D8%AA%D9%8A%D9%86-%D9%81%D9%89-%D8%A7%D9%84%D8%B9%D8%A7%D8%B5%D9%85%D8%A9-%D8%A7%D9%84%D8%AC%D8%AF%D9%8A%D8%AF%D8%A9-new-capital-city-ID503897979.html
شقه للبيع بخصم كاش 20% في كمبوند باتيو اورو في قلب التجمع الخامس مع لافيستا | Patio Ora | La Vista,12400000,3,3,164,https://www.dubizzle.com.eg/ad/%D8%B4%D9%82%D9%87-%D9%84%D9%84%D8%A8%D9%8A%D8%B9-%D8%A8%D8%AE%D8%B5%D9%85-%D9%83%D8%A7%D8%B4-20-%D9%81%D9%8A-%D9%83%D9%85%D8%A8%D9%88%D9%86%D8%AF-%D8%A8%D8%A7%D8%AA%D9%8A%D9%88-%D8%A7%D9%88%D8%B1%D9%88-%D9%81%D9%8A-%D9%82%D9%84%D8%A8-%D8%A7%D9%84%D8%AA%D8%AC%D9%85%D8%B9-%D8%A7%D9%84%D8%AE%D8%A7%D9%85%D8%B3-%D9%85%D8%B9-%D9%84%D8%A7%D9%81%D9%8A%D8%B3%D8%AA%D8%A7-patio-ora-la-vista-ID503605172.html
شقه للبيع بسعر الكاش في الجولدن اسكوير في قلب التجمع الخامس | علي بعد دقائق من الجامعه الامريكيه | في كمبوند ايكون جاردنز | * Icon Gardens *,5500000,3,3,162,https://www.dubizzle.com.eg/ad/%D8%B4%D9%82%D9%87-%D9%84%D9%84%D8%A8%D9%8A%D8%B9-%D8%A8%D8%B3%D8%B9%D8%B1-%D8%A7%D9%84%D9%83%D8%A7%D8%B4-%D9%81%D9%8A-%D8%A7%D9%84%D8%AC%D9%88%D9%84%D8%AF%D9%86-%D8%A7%D8%B3%D9%83%D9%88%D9%8A%D8%B1-%D9%81%D9%8A-%D9%82%D9%84%D8%A8-%D8%A7%D9%84%D8%AA%D8%AC%D9%85%D8%B9-%D8%A7%D9%84%D8%AE%D8%A7%D9%85%D8%B3-%D8%B9%D9%84%D9%8A-%D8%A8%D8%B9%D8%AF-%D8%AF%D9%82%D8%A7%D8%A6%D9%82-%D9%85%D9%86-%D8%A7%D9%84%D8%AC%D8%A7%D9%85%D8%B9%D9%87-%D8%A7%D9%84%D8%A7%D9%85%D8%B1%D9%8A%D9%83%D9%8A%D9%87-%D9%81%D9%8A-%D9%83%D9%85%D8%A8%D9%88%D9%86%D8%AF-%D8%A7%D9%8A%D9%83%D9%88%D9%86-%D8%AC%D8%A7%D8%B1%D8%AF%D9%86%D8%B2-icon-gardens-ID503599131.html
شقه للبيع 3 غرف في التجمع الخامس في تاج ستي بسعر الكاش او قسط علي 12 سنه دفع بدون مقدم 0%  مع شركه مدينه مصر | القاهره الجديدة  |  taj cit,6450000,3,3,132,https://www.dubizzle.com.eg/ad/%D8%B4%D9%82%D9%87-%D9%84%D9%84%D8%A8%D9%8A%D8%B9-3-%D8%BA%D8%B1%D9%81-%D9%81%D9%8A-%D8%A7%D9%84%D8%AA%D8%AC%D9%85%D8%B9-%D8%A7%D9%84%D8%AE%D8%A7%D9%85%D8%B3-%D9%81%D9%8A-%D8%AA%D8%A7%D8%AC-%D8%B3%D8%AA%D9%8A-%D8%A8%D8%B3%D8%B9%D8%B1-%D8%A7%D9%84%D9%83%D8%A7%D8%B4-%D8%A7%D9%88-%D9%82%D8%B3%D8%B7-%D8%B9%D9%84%D9%8A-12-%D8%B3%D9%86%D9%87-%D8%AF%D9%81%D8%B9-%D8%A8%D8%AF%D9%88%D9%86-%D9%85%D9%82%D8%AF%D9%85-0-%D9%85%D8%B9-%D8%B4%D8%B1%D9%83%D9%87-%D9%85%D8%AF%D9%8A%D9%86%D9%87-%D9%85%D8%B5%D8%B1-%D8%A7%D9%84%D9%82%D8%A7%D9%87%D8%B1%D9%87-%D8%A7%D9%84%D8%AC%D8%AF%D9%8A%D8%AF%D8%A9-taj-cit-ID503571137.html
دوبلكس للبيع بموقع مميز في كمبوند ستون بارك التجمع بجوار قطاميه هايتس,20700000,4,3,268,https://www.dubizzle.com.eg/ad/%D8%AF%D9%88%D8%A8%D9%84%D9%83%D8%B3-%D9%84%D9%84%D8%A8%D9%8A%D8%B9-%D8%A8%D9%85%D9%88%D9%82%D8%B9-%D9%85%D9%85%D9%8A%D8%B2-%D9%81%D9%8A-%D9%83%D9%85%D8%A8%D9%88%D9%86%D8%AF-%D8%B3%D8%AA%D9%88%D9%86-%D8%A8%D8%A7%D8%B1%D9%83-%D8%A7%D9%84%D8%AA%D8%AC%D9%85%D8%B9-%D8%A8%D8%AC%D9%88%D8%A7%D8%B1-%D9%82%D8%B7%D8%A7%D9%85%D9%8A%D9%87-%D9%87%D8%A7%D9%8A%D8%AA%D8%B3-ID503743551.html
شقه للبيع بجاردن 107 متر في التجمع الخامس استلام فوري في كمبوند ماونتن فيو اي سيتي بسعر الكاش او ادفع مقدم 5% وقسط  * Mountain View I City New Cairo *,8000000,2,2,110,https://www.dubizzle.com.eg/ad/%D8%B4%D9%82%D9%87-%D9%84%D9%84%D8%A8%D9%8A%D8%B9-%D8%A8%D8%AC%D8%A7%D8%B1%D8%AF%D9%86-107-%D9%85%D8%AA%D8%B1-%D9%81%D9%8A-%D8%A7%D9%84%D8%AA%D8%AC%D9%85%D8%B9-%D8%A7%D9%84%D8%AE%D8%A7%D9%85%D8%B3-%D8%A7%D8%B3%D8%AA%D9%84%D8%A7%D9%85-%D9%81%D9%88%D8%B1%D9%8A-%D9%81%D9%8A-%D9%83%D9%85%D8%A8%D9%88%D9%86%D8%AF-%D9%85%D8%A7%D9%88%D9%86%D8%AA%D9%86-%D9%81%D9%8A%D9%88-%D8%A7%D9%8A-%D8%B3%D9%8A%D8%AA%D9%8A-%D8%A8%D8%B3%D8%B9%D8%B1-%D8%A7%D9%84%D9%83%D8%A7%D8%B4-%D8%A7%D9%88-%D8%A7%D8%AF%D9%81%D8%B9-%D9%85%D9%82%D8%AF%D9%85-5-%D9%88%D9%82%D8%B3%D8%B7-mountain-view-i-city-new-cairo-ID503734961.html
شقه للبيع ارضي بجاردن في التجمع الخامس استلام فوري في كمبوند ماونتن فيو اي سيتي بسعر الكاش او ادفع مقدم 5% وقسط  * Mountain View I City New Cairo *,8950000,2,3,140,https://www.dubizzle.com.eg/ad/%D8%B4%D9%82%D9%87-%D9%84%D9%84%D8%A8%D9%8A%D8%B9-%D8%A7%D8%B1%D8%B6%D9%8A-%D8%A8%D8%AC%D8%A7%D8%B1%D8%AF%D9%86-%D9%81%D9%8A-%D8%A7%D9%84%D8%AA%D8%AC%D9%85%D8%B9-%D8%A7%D9%84%D8%AE%D8%A7%D9%85%D8%B3-%D8%A7%D8%B3%D8%AA%D9%84%D8%A7%D9%85-%D9%81%D9%88%D8%B1%D9%8A-%D9%81%D9%8A-%D9%83%D9%85%D8%A8%D9%88%D9%86%D8%AF-%D9%85%D8%A7%D9%88%D9%86%D8%AA%D9%86-%D9%81%D9%8A%D9%88-%D8%A7%D9%8A-%D8%B3%D9%8A%D8%AA%D9%8A-%D8%A8%D8%B3%D8%B9%D8%B1-%D8%A7%D9%84%D9%83%D8%A7%D8%B4-%D8%A7%D9%88-%D8%A7%D8%AF%D9%81%D8%B9-%D9%85%D9%82%D8%AF%D9%85-5-%D9%88%D9%82%D8%B3%D8%B7-mountain-view-i-city-new-cairo-ID503734962.html
شقه للبيع في الجولدن اسكوير بمقدم 10% في قلب التجمع الخامس | علي بعد دقائق من الجامعه الامريكيه | في كمبوند ايكون جاردنز | * Icon Gardens *,5000000,2,2,105,https://www.dubizzle.com.eg/ad/%D8%B4%D9%82%D9%87-%D9%84%D9%84%D8%A8%D9%8A%D8%B9-%D9%81%D9%8A-%D8%A7%D9%84%D8%AC%D9%88%D9%84%D8%AF%D9%86-%D8%A7%D8%B3%D9%83%D9%88%D9%8A%D8%B1-%D8%A8%D9%85%D9%82%D8%AF%D9%85-10-%D9%81%D9%8A-%D9%82%D9%84%D8%A8-%D8%A7%D9%84%D8%AA%D8%AC%D9%85%D8%B9-%D8%A7%D9%84%D8%AE%D8%A7%D9%85%D8%B3-%D8%B9%D9%84%D9%8A-%D8%A8%D8%B9%D8%AF-%D8%AF%D9%82%D8%A7%D8%A6%D9%82-%D9%85%D9%86-%D8%A7%D9%84%D8%AC%D8%A7%D9%85%D8%B9%D9%87-%D8%A7%D9%84%D8%A7%D9%85%D8%B1%D9%8A%D9%83%D9%8A%D9%87-%D9%81%D9%8A-%D9%83%D9%85%D8%A8%D9%88%D9%86%D8%AF-%D8%A7%D9%8A%D9%83%D9%88%D9%86-%D8%AC%D8%A7%D8%B1%D8%AF%D9%86%D8%B2-icon-gardens-ID503568467.html
شقه للبيع في كمبوند ايكون جاردنز بمقدم 10% في الجولدن سكوير في التجمع الخامس | دقائق من الجامعه الامريكيه | في كمبوند ايكون جاردنز | * Icon Gardens *,6400000,3,3,158,https://www.dubizzle.com.eg/ad/%D8%B4%D9%82%D9%87-%D9%84%D9%84%D8%A8%D9%8A%D8%B9-%D9%81%D9%8A-%D9%83%D9%85%D8%A8%D9%88%D9%86%D8%AF-%D8%A7%D9%8A%D9%83%D9%88%D9%86-%D8%AC%D8%A7%D8%B1%D8%AF%D9%86%D8%B2-%D8%A8%D9%85%D9%82%D8%AF%D9%85-10-%D9%81%D9%8A-%D8%A7%D9%84%D8%AC%D9%88%D9%84%D8%AF%D9%86-%D8%B3%D9%83%D9%88%D9%8A%D8%B1-%D9%81%D9%8A-%D8%A7%D9%84%D8%AA%D8%AC%D9%85%D8%B9-%D8%A7%D9%84%D8%AE%D8%A7%D9%85%D8%B3-%D8%AF%D9%82%D8%A7%D8%A6%D9%82-%D9%85%D9%86-%D8%A7%D9%84%D8%AC%D8%A7%D9%85%D8%B9%D9%87-%D8%A7%D9%84%D8%A7%D9%85%D8%B1%D9%8A%D9%83%D9%8A%D9%87-%D9%81%D9%8A-%D9%83%D9%85%D8%A8%D9%88%D9%86%D8%AF-%D8%A7%D9%8A%D9%83%D9%88%D9%86-%D8%AC%D8%A7%D8%B1%D8%AF%D9%86%D8%B2-icon-gardens-ID503339418.html
بخصم كش 25% إمتلك شقه للبيع استلام فوري في التجمع الخامس بفيو لاند اسكيب في قلب القاهرة الجديدة - ستون ريزدينس | Stone Residence,6800000,3,3,140,https://www.dubizzle.com.eg/ad/%D8%A8%D8%AE%D8%B5%D9%85-%D9%83%D8%B4-25-%D8%A5%D9%85%D8%AA%D9%84%D9%83-%D8%B4%D9%82%D9%87-%D9%84%D9%84%D8%A8%D9%8A%D8%B9-%D8%A7%D8%B3%D8%AA%D9%84%D8%A7%D9%85-%D9%81%D9%88%D8%B1%D9%8A-%D9%81%D9%8A-%D8%A7%D9%84%D8%AA%D8%AC%D9%85%D8%B9-%D8%A7%D9%84%D8%AE%D8%A7%D9%85%D8%B3-%D8%A8%D9%81%D9%8A%D9%88-%D9%84%D8%A7%D9%86%D8%AF-%D8%A7%D8%B3%D9%83%D9%8A%D8%A8-%D9%81%D9%8A-%D9%82%D9%84%D8%A8-%D8%A7%D9%84%D9%82%D8%A7%D9%87%D8%B1%D8%A9-%D8%A7%D9%84%D8%AC%D8%AF%D9%8A%D8%AF%D8%A9-%D8%B3%D8%AA%D9%88%D9%86-%D8%B1%D9%8A%D8%B2%D8%AF%D9%8A%D9%86%D8%B3-stone-residence-ID502824497.html
بخصم كش 25% إمتلك شقه للبيع غرفتين استلام فوري في التجمع الخامس بفيو لاند اسكيب في قلب القاهرة الجديدة - ستون ريزدينس | Stone Residence,6600000,2,3,125,https://www.dubizzle.com.eg/ad/%D8%A8%D8%AE%D8%B5%D9%85-%D9%83%D8%B4-25-%D8%A5%D9%85%D8%AA%D9%84%D9%83-%D8%B4%D9%82%D9%87-%D9%84%D9%84%D8%A8%D9%8A%D8%B9-%D8%BA%D8%B1%D9%81%D8%AA%D9%8A%D9%86-%D8%A7%D8%B3%D8%AA%D9%84%D8%A7%D9%85-%D9%81%D9%88%D8%B1%D9%8A-%D9%81%D9%8A-%D8%A7%D9%84%D8%AA%D8%AC%D9%85%D8%B9-%D8%A7%D9%84%D8%AE%D8%A7%D9%85%D8%B3-%D8%A8%D9%81%D9%8A%D9%88-%D9%84%D8%A7%D9%86%D8%AF-%D8%A7%D8%B3%D9%83%D9%8A%D8%A8-%D9%81%D9%8A-%D9%82%D9%84%D8%A8-%D8%A7%D9%84%D9%82%D8%A7%D9%87%D8%B1%D8%A9-%D8%A7%D9%84%D8%AC%D8%AF%D9%8A%D8%AF%D8%A9-%D8%B3%D8%AA%D9%88%D9%86-%D8%B1%D9%8A%D8%B2%D8%AF%D9%8A%D9%86%D8%B3-stone-residence-ID502824499.html
شقه للبيع في الشروق كمبوند باتيو سولا ارضي بجاردن بخصم كاش 25% مع لافيستا | بفيو مميز جدا اواقساط علي اطول فتره سداد | Patio Sola_ La Vista,5200000,2,2,108,https://www.dubizzle.com.eg/ad/%D8%B4%D9%82%D9%87-%D9%84%D9%84%D8%A8%D9%8A%D8%B9-%D9%81%D9%8A-%D8%A7%D9%84%D8%B4%D8%B1%D9%88%D9%82-%D9%83%D9%85%D8%A8%D9%88%D9%86%D8%AF-%D8%A8%D8%A7%D8%AA%D9%8A%D9%88-%D8%B3%D9%88%D9%84%D8%A7-%D8%A7%D8%B1%D8%B6%D9%8A-%D8%A8%D8%AC%D8%A7%D8%B1%D8%AF%D9%86-%D8%A8%D8%AE%D8%B5%D9%85-%D9%83%D8%A7%D8%B4-25-%D9%85%D8%B9-%D9%84%D8%A7%D9%81%D9%8A%D8%B3%D8%AA%D8%A7-%D8%A8%D9%81%D9%8A%D9%88-%D9%85%D9%85%D9%8A%D8%B2-%D8%AC%D8%AF%D8%A7-%D8%A7%D9%88%D8%A7%D9%82%D8%B3%D8%A7%D8%B7-%D8%B9%D9%84%D9%8A-%D8%A7%D8%B7%D9%88%D9%84-%D9%81%D8%AA%D8%B1%D9%87-%D8%B3%D8%AF%D8%A7%D8%AF-patio-sola_-la-vista-ID503901442.html
شقه للبيع في التجمع الخامس غرفتين بسعر الكاش او ادفع مقدم 10% فقط وقسط علي 10 سنوات في كمبوند كريك تاون امام الرحاب مباشره مع الكازار * Creek Town *,6500000,2,2,137,https://www.dubizzle.com.eg/ad/%D8%B4%D9%82%D9%87-%D9%84%D9%84%D8%A8%D9%8A%D8%B9-%D9%81%D9%8A-%D8%A7%D9%84%D8%AA%D8%AC%D9%85%D8%B9-%D8%A7%D9%84%D8%AE%D8%A7%D9%85%D8%B3-%D8%BA%D8%B1%D9%81%D8%AA%D9%8A%D9%86-%D8%A8%D8%B3%D8%B9%D8%B1-%D8%A7%D9%84%D9%83%D8%A7%D8%B4-%D8%A7%D9%88-%D8%A7%D8%AF%D9%81%D8%B9-%D9%85%D9%82%D8%AF%D9%85-10-%D9%81%D9%82%D8%B7-%D9%88%D9%82%D8%B3%D8%B7-%D8%B9%D9%84%D9%8A-10-%D8%B3%D9%86%D9%88%D8%A7%D8%AA-%D9%81%D9%8A-%D9%83%D9%85%D8%A8%D9%88%D9%86%D8%AF-%D9%83%D8%B1%D9%8A%D9%83-%D8%AA%D8%A7%D9%88%D9%86-%D8%A7%D9%85%D8%A7%D9%85-%D8%A7%D9%84%D8%B1%D8%AD%D8%A7%D8%A8-%D9%85%D8%A8%D8%A7%D8%B4%D8%B1%D9%87-%D9%85%D8%B9-%D8%A7%D9%84%D9%83%D8%A7%D8%B2%D8%A7%D8%B1-creek-town-ID502759515.html
شقة للبيع بتراس في سراي مدينه مصر بخصم كاش 50% او قسط علي 12 سنه بدون مقدم 0% في قلب المستقبل ستي | Sarai,4950000,2,2,137,https://www.dubizzle.com.eg/ad/%D8%B4%D9%82%D8%A9-%D9%84%D9%84%D8%A8%D9%8A%D8%B9-%D8%A8%D8%AA%D8%B1%D8%A7%D8%B3-%D9%81%D9%8A-%D8%B3%D8%B1%D8%A7%D9%8A-%D9%85%D8%AF%D9%8A%D9%86%D9%87-%D9%85%D8%B5%D8%B1-%D8%A8%D8%AE%D8%B5%D9%85-%D9%83%D8%A7%D8%B4-50-%D8%A7%D9%88-%D9%82%D8%B3%D8%B7-%D8%B9%D9%84%D9%8A-12-%D8%B3%D9%86%D9%87-%D8%A8%D8%AF%D9%88%D9%86-%D9%85%D9%82%D8%AF%D9%85-0-%D9%81%D9%8A-%D9%82%D9%84%D8%A8-%D8%A7%D9%84%D9%85%D8%B3%D8%AA%D9%82%D8%A8%D9%84-%D8%B3%D8%AA%D9%8A-sarai-ID503178298.html
شقة للبيع 3 غرف في سراي مدينه مصر في قلب المستقبل ستي بخصم كاش 50% او قسط علي 12 سنه مع اقسط علي اطول فتره سداد| Sarai,5250000,3,3,140,https://www.dubizzle.com.eg/ad/%D8%B4%D9%82%D8%A9-%D9%84%D9%84%D8%A8%D9%8A%D8%B9-3-%D8%BA%D8%B1%D9%81-%D9%81%D9%8A-%D8%B3%D8%B1%D8%A7%D9%8A-%D9%85%D8%AF%D9%8A%D9%86%D9%87-%D9%85%D8%B5%D8%B1-%D9%81%D9%8A-%D9%82%D9%84%D8%A8-%D8%A7%D9%84%D9%85%D8%B3%D8%AA%D9%82%D8%A8%D9%84-%D8%B3%D8%AA%D9%8A-%D8%A8%D8%AE%D8%B5%D9%85-%D9%83%D8%A7%D8%B4-50-%D8%A7%D9%88-%D9%82%D8%B3%D8%B7-%D8%B9%D9%84%D9%8A-12-%D8%B3%D9%86%D9%87-%D9%85%D8%B9-%D8%A7%D9%82%D8%B3%D8%B7-%D8%B9%D9%84%D9%8A-%D8%A7%D8%B7%D9%88%D9%84-%D9%81%D8%AA%D8%B1%D9%87-%D8%B3%D8%AF%D8%A7%D8%AF-sarai-ID503178303.html
دوبلكس 4غرف للبيع بسعر لقطه لمحبي الاستثمار في العاصمه بجوار المطار بنظام مقدمك خصمك علي 12سنه اقساط متساويه,5700000,4,4,180,https://www.dubizzle.com.eg/ad/%D8%AF%D9%88%D8%A8%D9%84%D9%83%D8%B3-4%D8%BA%D8%B1%D9%81-%D9%84%D9%84%D8%A8%D9%8A%D8%B9-%D8%A8%D8%B3%D8%B9%D8%B1-%D9%84%D9%82%D8%B7%D9%87-%D9%84%D9%85%D8%AD%D8%A8%D9%8A-%D8%A7%D9%84%D8%A7%D8%B3%D8%AA%D8%AB%D9%85%D8%A7%D8%B1-%D9%81%D9%8A-%D8%A7%D9%84%D8%B9%D8%A7%D8%B5%D9%85%D9%87-%D8%A8%D8%AC%D9%88%D8%A7%D8%B1-%D8%A7%D9%84%D9%85%D8%B7%D8%A7%D8%B1-%D8%A8%D9%86%D8%B8%D8%A7%D9%85-%D9%85%D9%82%D8%AF%D9%85%D9%83-%D8%AE%D8%B5%D9%85%D9%83-%D8%B9%D9%84%D9%8A-12%D8%B3%D9%86%D9%87-%D8%A7%D9%82%D8%B3%D8%A7%D8%B7-%D9%85%D8%AA%D8%B3%D8%A7%D9%88%D9%8A%D9%87-ID503900932.html
شقة فاخرة بمساحة 250 متر,6250000,4,3,250,https://www.dubizzle.com.eg/ad/%D8%B4%D9%82%D8%A9-%D9%81%D8%A7%D8%AE%D8%B1%D8%A9-%D8%A8%D9%85%D8%B3%D8%A7%D8%AD%D8%A9-250-%D9%85%D8%AA%D8%B1-ID208461829.html
إمتلك شقه للبيع في ارقي في كمبوند جوار التجمع السادس بجوار كمبوند الكازار احصل علي خصم يصل الي 15% من سعر الوحده - علي بعد دقائق من الجامعه الامريكي,4000000,2,2,101,https://www.dubizzle.com.eg/ad/%D8%A5%D9%85%D8%AA%D9%84%D9%83-%D8%B4%D9%82%D9%87-%D9%84%D9%84%D8%A8%D9%8A%D8%B9-%D9%81%D9%8A-%D8%A7%D8%B1%D9%82%D9%8A-%D9%81%D9%8A-%D9%83%D9%85%D8%A8%D9%88%D9%86%D8%AF-%D8%AC%D9%88%D8%A7%D8%B1-%D8%A7%D9%84%D8%AA%D8%AC%D9%85%D8%B9-%D8%A7%D9%84%D8%B3%D8%A7%D8%AF%D8%B3-%D8%A8%D8%AC%D9%88%D8%A7%D8%B1-%D9%83%D9%85%D8%A8%D9%88%D9%86%D8%AF-%D8%A7%D9%84%D9%83%D8%A7%D8%B2%D8%A7%D8%B1-%D8%A7%D8%AD%D8%B5%D9%84-%D8%B9%D9%84%D9%8A-%D8%AE%D8%B5%D9%85-%D9%8A%D8%B5%D9%84-%D8%A7%D9%84%D9%8A-15-%D9%85%D9%86-%D8%B3%D8%B9%D8%B1-%D8%A7%D9%84%D9%88%D8%AD%D8%AF%D9%87-%D8%B9%D9%84%D9%8A-%D8%A8%D8%B9%D8%AF-%D8%AF%D9%82%D8%A7%D8%A6%D9%82-%D9%85%D9%86-%D8%A7%D9%84%D8%AC%D8%A7%D9%85%D8%B9%D9%87-%D8%A7%D9%84%D8%A7%D9%85%D8%B1%D9%8A%D9%83%D9%8A-ID502835329.html
شقه للبيع  في ارقي في كمبوند جوار التجمع السادس بجوار كمبوند الكازار - علي بعد دقائق من الجامعه الامريكيه - كمبوند جيوار احصل علي خصم يصل الي 15%,5300000,3,3,135,https://www.dubizzle.com.eg/ad/%D8%B4%D9%82%D9%87-%D9%84%D9%84%D8%A8%D9%8A%D8%B9-%D9%81%D9%8A-%D8%A7%D8%B1%D9%82%D9%8A-%D9%81%D9%8A-%D9%83%D9%85%D8%A8%D9%88%D9%86%D8%AF-%D8%AC%D9%88%D8%A7%D8%B1-%D8%A7%D9%84%D8%AA%D8%AC%D9%85%D8%B9-%D8%A7%D9%84%D8%B3%D8%A7%D8%AF%D8%B3-%D8%A8%D8%AC%D9%88%D8%A7%D8%B1-%D9%83%D9%85%D8%A8%D9%88%D9%86%D8%AF-%D8%A7%D9%84%D9%83%D8%A7%D8%B2%D8%A7%D8%B1-%D8%B9%D9%84%D9%8A-%D8%A8%D8%B9%D8%AF-%D8%AF%D9%82%D8%A7%D8%A6%D9%82-%D9%85%D9%86-%D8%A7%D9%84%D8%AC%D8%A7%D9%85%D8%B9%D9%87-%D8%A7%D9%84%D8%A7%D9%85%D8%B1%D9%8A%D9%83%D9%8A%D9%87-%D9%83%D9%85%D8%A8%D9%88%D9%86%D8%AF-%D8%AC%D9%8A%D9%88%D8%A7%D8%B1-%D8%A7%D8%AD%D8%B5%D9%84-%D8%B9%D9%84%D9%8A-%D8%AE%D8%B5%D9%85-%D9%8A%D8%B5%D9%84-%D8%A7%D9%84%D9%8A-15-ID502835341.html
للبيع شقه فيو النيل مباشره متشطبه بالتكيفات ومفروشه بالاجهزه والمطبخ علي كورنيش المعادي دقايق من الزمالك,3200000,1,2,72,https://www.dubizzle.com.eg/ad/%D9%84%D9%84%D8%A8%D9%8A%D8%B9-%D8%B4%D9%82%D9%87-%D9%81%D9%8A%D9%88-%D8%A7%D9%84%D9%86%D9%8A%D9%84-%D9%85%D8%A8%D8%A7%D8%B4%D8%B1%D9%87-%D9%85%D8%AA%D8%B4%D8%B7%D8%A8%D9%87-%D8%A8%D8%A7%D9%84%D8%AA%D9%83%D9%8A%D9%81%D8%A7%D8%AA-%D9%88%D9%85%D9%81%D8%B1%D9%88%D8%B4%D9%87-%D8%A8%D8%A7%D9%84%D8%A7%D8%AC%D9%87%D8%B2%D9%87-%D9%88%D8%A7%D9%84%D9%85%D8%B7%D8%A8%D8%AE-%D8%B9%D9%84%D9%8A-%D9%83%D9%88%D8%B1%D9%86%D9%8A%D8%B4-%D8%A7%D9%84%D9%85%D8%B9%D8%A7%D8%AF%D9%8A-%D8%AF%D9%82%D8%A7%D9%8A%D9%82-%D9%85%D9%86-%D8%A7%D9%84%D8%B2%D9%85%D8%A7%D9%84%D9%83-ID503818707.html
شقه 3غرف للبيع صف اول علي اللاجون مباشره متشطبه VIP بالتقسيط علي 12سنه بخصم 40% لفتره محدوده | استفيد بسعر القديم,3800000,3,3,170,https://www.dubizzle.com.eg/ad/%D8%B4%D9%82%D9%87-3%D8%BA%D8%B1%D9%81-%D9%84%D9%84%D8%A8%D9%8A%D8%B9-%D8%B5%D9%81-%D8%A7%D9%88%D9%84-%D8%B9%D9%84%D9%8A-%D8%A7%D9%84%D9%84%D8%A7%D8%AC%D9%88%D9%86-%D9%85%D8%A8%D8%A7%D8%B4%D8%B1%D9%87-%D9%85%D8%AA%D8%B4%D8%B7%D8%A8%D9%87-vip-%D8%A8%D8%A7%D9%84%D8%AA%D9%82%D8%B3%D9%8A%D8%B7-%D8%B9%D9%84%D9%8A-12%D8%B3%D9%86%D9%87-%D8%A8%D8%AE%D8%B5%D9%85-40-%D9%84%D9%81%D8%AA%D8%B1%D9%87-%D9%85%D8%AD%D8%AF%D9%88%D8%AF%D9%87-%D8%A7%D8%B3%D8%AA%D9%81%D9%8A%D8%AF-%D8%A8%D8%B3%D8%B9%D8%B1-%D8%A7%D9%84%D9%82%D8%AF%D9%8A%D9%85-ID503895545.html
شقة للبيع بالهضبة الوسطي ٢٠٠م,3200000,3,2,200,https://www.dubizzle.com.eg/ad/%D8%B4%D9%82%D8%A9-%D9%84%D9%84%D8%A8%D9%8A%D8%B9-%D8%A8%D8%A7%D9%84%D9%87%D8%B6%D8%A8%D8%A9-%D8%A7%D9%84%D9%88%D8%B3%D8%B7%D9%8A-%D9%A2%D9%A0%D9%A0%D9%85-ID503902837.html
أكبر بنتهاوس في فيفث سكوير | 316م + روف 200م,22250000,4,5,316,https://www.dubizzle.com.eg/ad/%D8%A3%D9%83%D8%A8%D8%B1-%D8%A8%D9%86%D8%AA%D9%87%D8%A7%D9%88%D8%B3-%D9%81%D9%8A-%D9%81%D9%8A%D9%81%D8%AB-%D8%B3%D9%83%D9%88%D9%8A%D8%B1-316%D9%85-%D8%B1%D9%88%D9%81-200%D9%85-ID503092283.html
شقة بحديقة على البحيرة كمبوند صروح  انترادا بالعاصمة الادارية الجديدة,9500000,3,3,300,https://www.dubizzle.com.eg/ad/%D8%B4%D9%82%D8%A9-%D8%A8%D8%AD%D8%AF%D9%8A%D9%82%D8%A9-%D8%B9%D9%84%D9%89-%D8%A7%D9%84%D8%A8%D8%AD%D9%8A%D8%B1%D8%A9-%D9%83%D9%85%D8%A8%D9%88%D9%86%D8%AF-%D8%A7%D9%86%D8%AA%D8%B1%D8%A7%D8%AF%D8%A7-%D8%A8%D8%A7%D9%84%D8%B9%D8%A7%D8%B5%D9%85%D8%A9-%D8%A7%D9%84%D8%AC%D8%AF%D9%8A%D8%AF%D8%A9-ID208654571.html
شقة لبيع مدينة الشروق,4800000,3,2,230,https://www.dubizzle.com.eg/ad/%D8%B4%D9%82%D8%A9-%D9%84%D8%A8%D9%8A%D8%B9-%D9%85%D8%AF%D9%8A%D9%86%D8%A9-%D8%A7%D9%84%D8%B4%D8%B1%D9%88%D9%82-ID208654434.html
عاين واستلم فوري شقه للبيع ب كومباوند  Bloom Fields  برايم لوكيشن علي بعد دقايق من منطقه الجولدن سكوير وعلي بعد دقايق من الجامعه الامريكيه,8500000,3,3,155,https://www.dubizzle.com.eg/ad/%D8%B9%D8%A7%D9%8A%D9%86-%D9%88%D8%A7%D8%B3%D8%AA%D9%84%D9%85-%D9%81%D9%88%D8%B1%D9%8A-%D8%B4%D9%82%D9%87-%D9%84%D9%84%D8%A8%D9%8A%D8%B9-%D8%A8-%D9%83%D9%88%D9%85%D8%A8%D8%A7%D9%88%D9%86%D8%AF-bloom-fields-%D8%A8%D8%B1%D8%A7%D9%8A%D9%85-%D9%84%D9%88%D9%83%D9%8A%D8%B4%D9%86-%D8%B9%D9%84%D9%8A-%D8%A8%D8%B9%D8%AF-%D8%AF%D9%82%D8%A7%D9%8A%D9%82-%D9%85%D9%86-%D9%85%D9%86%D8%B7%D9%82%D9%87-%D8%A7%D9%84%D8%AC%D9%88%D9%84%D8%AF%D9%86-%D8%B3%D9%83%D9%88%D9%8A%D8%B1-%D9%88%D8%B9%D9%84%D9%8A-%D8%A8%D8%B9%D8%AF-%D8%AF%D9%82%D8%A7%D9%8A%D9%82-%D9%85%D9%86-%D8%A7%D9%84%D8%AC%D8%A7%D9%85%D8%B9%D9%87-%D8%A7%D9%84%D8%A7%D9%85%D8%B1%D9%8A%D9%83%D9%8A%D9%87-ID503712638.html
شقة ارضي بجاردن 200 متر متشطب بالكامل  واستلام فورى للبيع 3 غرف نوم في كمبوند هايد بارك القاهرة الجديدة في لوكيشن مميز جدا فيو دايركت على لاند سكيب,15000000,3,3,200,https://www.dubizzle.com.eg/ad/%D8%B4%D9%82%D8%A9-%D8%A7%D8%B1%D8%B6%D9%8A-%D8%A8%D8%AC%D8%A7%D8%B1%D8%AF%D9%86-200-%D9%85%D8%AA%D8%B1-%D9%85%D8%AA%D8%B4%D8%B7%D8%A8-%D8%A8%D8%A7%D9%84%D9%83%D8%A7%D9%85%D9%84-%D9%88%D8%A7%D8%B3%D8%AA%D9%84%D8%A7%D9%85-%D9%81%D9%88%D8%B1%D9%89-%D9%84%D9%84%D8%A8%D9%8A%D8%B9-3-%D8%BA%D8%B1%D9%81-%D9%86%D9%88%D9%85-%D9%81%D9%8A-%D9%83%D9%85%D8%A8%D9%88%D9%86%D8%AF-%D9%87%D8%A7%D9%8A%D8%AF-%D8%A8%D8%A7%D8%B1%D9%83-%D8%A7%D9%84%D9%82%D8%A7%D9%87%D8%B1%D8%A9-%D8%A7%D9%84%D8%AC%D8%AF%D9%8A%D8%AF%D8%A9-%D9%81%D9%8A-%D9%84%D9%88%D9%83%D9%8A%D8%B4%D9%86-%D9%85%D9%85%D9%8A%D8%B2-%D8%AC%D8%AF%D8%A7-%D9%81%D9%8A%D9%88-%D8%AF%D8%A7%D9%8A%D8%B1%D9%83%D8%AA-%D8%B9%D9%84%D9%89-%D9%84%D8%A7%D9%86%D8%AF-%D8%B3%D9%83%D9%8A%D8%A8-ID502842566.html
"شقة جاهزة للاستلام بلوكيشن مميز  باقل من سعر الماركت في ماونتن فيو آي سيتي التجمع الخامس  داخل Mountain View iCity, New Cairo",6550000,3,3,155,https://www.dubizzle.com.eg/ad/%D8%B4%D9%82%D8%A9-%D8%AC%D8%A7%D9%87%D8%B2%D8%A9-%D9%84%D9%84%D8%A7%D8%B3%D8%AA%D9%84%D8%A7%D9%85-%D8%A8%D9%84%D9%88%D9%83%D9%8A%D8%B4%D9%86-%D9%85%D9%85%D9%8A%D8%B2-%D8%A8%D8%A7%D9%82%D9%84-%D9%85%D9%86-%D8%B3%D8%B9%D8%B1-%D8%A7%D9%84%D9%85%D8%A7%D8%B1%D9%83%D8%AA-%D9%81%D9%8A-%D9%85%D8%A7%D9%88%D9%86%D8%AA%D9%86-%D9%81%D9%8A%D9%88-%D8%A2%D9%8A-%D8%B3%D9%8A%D8%AA%D9%8A-%D8%A7%D9%84%D8%AA%D8%AC%D9%85%D8%B9-%D8%A7%D9%84%D8%AE%D8%A7%D9%85%D8%B3-%D8%AF%D8%A7%D8%AE%D9%84-mountain-view-icity-new-cairo-ID502107832.html
شقه للبيع خصم 25% علي الكاش تقسيط علي 8 سنين في هايد بارك جاهزه للمعاينه _ التجمع الخامس _ هايد بارك بارك واي _ hyde park,10050000,2,2,120,https://www.dubizzle.com.eg/ad/%D8%B4%D9%82%D9%87-%D9%84%D9%84%D8%A8%D9%8A%D8%B9-%D8%AE%D8%B5%D9%85-25-%D8%B9%D9%84%D9%8A-%D8%A7%D9%84%D9%83%D8%A7%D8%B4-%D8%AA%D9%82%D8%B3%D9%8A%D8%B7-%D8%B9%D9%84%D9%8A-8-%D8%B3%D9%86%D9%8A%D9%86-%D9%81%D9%8A-%D9%87%D8%A7%D9%8A%D8%AF-%D8%A8%D8%A7%D8%B1%D9%83-%D8%AC%D8%A7%D9%87%D8%B2%D9%87-%D9%84%D9%84%D9%85%D8%B9%D8%A7%D9%8A%D9%86%D9%87-_-%D8%A7%D9%84%D8%AA%D8%AC%D9%85%D8%B9-%D8%A7%D9%84%D8%AE%D8%A7%D9%85%D8%B3-_-%D9%87%D8%A7%D9%8A%D8%AF-%D8%A8%D8%A7%D8%B1%D9%83-%D8%A8%D8%A7%D8%B1%D9%83-%D9%88%D8%A7%D9%8A-_-hyde-park-ID503753964.html
شقة متشطب بالكامل بالتكييفات  استلام فوري باقل من سعر الماركت  للبيع في فيفث سكوير المراسم التجمع الخامس Fifth Square Al Marasem – New Cairo,9800000,3,2,147,https://www.dubizzle.com.eg/ad/%D8%B4%D9%82%D8%A9-%D9%85%D8%AA%D8%B4%D8%B7%D8%A8-%D8%A8%D8%A7%D9%84%D9%83%D8%A7%D9%85%D9%84-%D8%A8%D8%A7%D9%84%D8%AA%D9%83%D9%8A%D9%8A%D9%81%D8%A7%D8%AA-%D8%A7%D8%B3%D8%AA%D9%84%D8%A7%D9%85-%D9%81%D9%88%D8%B1%D9%8A-%D8%A8%D8%A7%D9%82%D9%84-%D9%85%D9%86-%D8%B3%D8%B9%D8%B1-%D8%A7%D9%84%D9%85%D8%A7%D8%B1%D9%83%D8%AA-%D9%84%D9%84%D8%A8%D9%8A%D8%B9-%D9%81%D9%8A-%D9%81%D9%8A%D9%81%D8%AB-%D8%B3%D9%83%D9%88%D9%8A%D8%B1-%D8%A7%D9%84%D9%85%D8%B1%D8%A7%D8%B3%D9%85-%D8%A7%D9%84%D8%AA%D8%AC%D9%85%D8%B9-%D8%A7%D9%84%D8%AE%D8%A7%D9%85%D8%B3-fifth-square-al-marasem-new-cairo-ID502858754.html
للبيع باقل سعر شقة 3 غرف نوم 191م فيو لاند سكيب استلام فوري في كمبوند هايد بارك التجمع الخامس hyde park fifth settlement,11500000,3,3,191,https://www.dubizzle.com.eg/ad/%D9%84%D9%84%D8%A8%D9%8A%D8%B9-%D8%A8%D8%A7%D9%82%D9%84-%D8%B3%D8%B9%D8%B1-%D8%B4%D9%82%D8%A9-3-%D8%BA%D8%B1%D9%81-%D9%86%D9%88%D9%85-191%D9%85-%D9%81%D9%8A%D9%88-%D9%84%D8%A7%D9%86%D8%AF-%D8%B3%D9%83%D9%8A%D8%A8-%D8%A7%D8%B3%D8%AA%D9%84%D8%A7%D9%85-%D9%81%D9%88%D8%B1%D9%8A-%D9%81%D9%8A-%D9%83%D9%85%D8%A8%D9%88%D9%86%D8%AF-%D9%87%D8%A7%D9%8A%D8%AF-%D8%A8%D8%A7%D8%B1%D9%83-%D8%A7%D9%84%D8%AA%D8%AC%D9%85%D8%B9-%D8%A7%D9%84%D8%AE%D8%A7%D9%85%D8%B3-hyde-park-fifth-settlement-ID502713117.html
شقة 164م / متشطبة / جاهزة للمعاينة _ للبيع بالتقسيط على 7 سنين _ ف الباتيو اورو من لافيستا بالتجمع الخامس _ القاهرة الجديدة patio or _ باتيو _ القاهره,12464900,3,2,164,https://www.dubizzle.com.eg/ad/%D8%B4%D9%82%D8%A9-164%D9%85-%D9%85%D8%AA%D8%B4%D8%B7%D8%A8%D8%A9-%D8%AC%D8%A7%D9%87%D8%B2%D8%A9-%D9%84%D9%84%D9%85%D8%B9%D8%A7%D9%8A%D9%86%D8%A9-_-%D9%84%D9%84%D8%A8%D9%8A%D8%B9-%D8%A8%D8%A7%D9%84%D8%AA%D9%82%D8%B3%D9%8A%D8%B7-%D8%B9%D9%84%D9%89-7-%D8%B3%D9%86%D9%8A%D9%86-_-%D9%81-%D8%A7%D9%84%D8%A8%D8%A7%D8%AA%D9%8A%D9%88-%D8%A7%D9%88%D8%B1%D9%88-%D9%85%D9%86-%D9%84%D8%A7%D9%81%D9%8A%D8%B3%D8%AA%D8%A7-%D8%A8%D8%A7%D9%84%D8%AA%D8%AC%D9%85%D8%B9-%D8%A7%D9%84%D8%AE%D8%A7%D9%85%D8%B3-_-%D8%A7%D9%84%D9%82%D8%A7%D9%87%D8%B1%D8%A9-%D8%A7%D9%84%D8%AC%D8%AF%D9%8A%D8%AF%D8%A9-patio-or-_-%D8%A8%D8%A7%D8%AA%D9%8A%D9%88-_-%D8%A7%D9%84%D9%82%D8%A7%D9%87%D8%B1%D9%87-ID502583113.html
شقه للبيع تمليك في الزمالك 170 متر,9000000,3,3,170,https://www.dubizzle.com.eg/ad/%D8%B4%D9%82%D9%87-%D9%84%D9%84%D8%A8%D9%8A%D8%B9-%D8%AA%D9%85%D9%84%D9%8A%D9%83-%D9%81%D9%8A-%D8%A7%D9%84%D8%B2%D9%85%D8%A7%D9%84%D9%83-170-%D9%85%D8%AA%D8%B1-ID503903090.html
شقة ارضي بجاردن للبيع في قلب الشروق دايركت علي طريق السويس بالتقسيط علي 10 سنين,7500000,2,2,110,https://www.dubizzle.com.eg/ad/%D8%B4%D9%82%D8%A9-%D8%A7%D8%B1%D8%B6%D9%8A-%D8%A8%D8%AC%D8%A7%D8%B1%D8%AF%D9%86-%D9%84%D9%84%D8%A8%D9%8A%D8%B9-%D9%81%D9%8A-%D9%82%D9%84%D8%A8-%D8%A7%D9%84%D8%B4%D8%B1%D9%88%D9%82-%D8%AF%D8%A7%D9%8A%D8%B1%D9%83%D8%AA-%D8%B9%D9%84%D9%8A-%D8%B7%D8%B1%D9%8A%D9%82-%D8%A7%D9%84%D8%B3%D9%88%D9%8A%D8%B3-%D8%A8%D8%A7%D9%84%D8%AA%D9%82%D8%B3%D9%8A%D8%B7-%D8%B9%D9%84%D9%8A-10-%D8%B3%D9%86%D9%8A%D9%86-ID502904147.html
شقة 600متر للبيع علي النيل مباشره بالزمالك,90000000,6,5,600,https://www.dubizzle.com.eg/ad/%D8%B4%D9%82%D8%A9-600%D9%85%D8%AA%D8%B1-%D9%84%D9%84%D8%A8%D9%8A%D8%B9-%D8%B9%D9%84%D9%8A-%D8%A7%D9%84%D9%86%D9%8A%D9%84-%D9%85%D8%A8%D8%A7%D8%B4%D8%B1%D9%87-%D8%A8%D8%A7%D9%84%D8%B2%D9%85%D8%A7%D9%84%D9%83-ID503903086.html
باقل سعر في السوق شقة للبيع ميفيدا باقساط حتى 2030,14500000,2,2,125,https://www.dubizzle.com.eg/ad/%D8%A8%D8%A7%D9%82%D9%84-%D8%B3%D8%B9%D8%B1-%D9%81%D9%8A-%D8%A7%D9%84%D8%B3%D9%88%D9%82-%D8%B4%D9%82%D8%A9-%D9%84%D9%84%D8%A8%D9%8A%D8%B9-%D9%85%D9%8A%D9%81%D9%8A%D8%AF%D8%A7-%D8%A8%D8%A7%D9%82%D8%B3%D8%A7%D8%B7-%D8%AD%D8%AA%D9%89-2030-ID503828453.html
عاين شقتك دلوقتي 210م خطوات من النادي الاهلي الحي الرابع بيت الوطن التجمع الخامس استلام بعد سنة ونص تقسيط 3 سنوات موقع مميز وأفضل سعر للمتر 2400 فقط,5040000,4,3,210,https://www.dubizzle.com.eg/ad/%D8%B9%D8%A7%D9%8A%D9%86-%D8%B4%D9%82%D8%AA%D9%83-%D8%AF%D9%84%D9%88%D9%82%D8%AA%D9%8A-210%D9%85-%D8%AE%D8%B7%D9%88%D8%A7%D8%AA-%D9%85%D9%86-%D8%A7%D9%84%D9%86%D8%A7%D8%AF%D9%8A-%D8%A7%D9%84%D8%A7%D9%87%D9%84%D9%8A-%D8%A7%D9%84%D8%AD%D9%8A-%D8%A7%D9%84%D8%B1%D8%A7%D8%A8%D8%B9-%D8%A8%D9%8A%D8%AA-%D8%A7%D9%84%D9%88%D8%B7%D9%86-%D8%A7%D9%84%D8%AA%D8%AC%D9%85%D8%B9-%D8%A7%D9%84%D8%AE%D8%A7%D9%85%D8%B3-%D8%A7%D8%B3%D8%AA%D9%84%D8%A7%D9%85-%D8%A8%D8%B9%D8%AF-%D8%B3%D9%86%D8%A9-%D9%88%D9%86%D8%B5-%D8%AA%D9%82%D8%B3%D9%8A%D8%B7-3-%D8%B3%D9%86%D9%88%D8%A7%D8%AA-%D9%85%D9%88%D9%82%D8%B9-%D9%85%D9%85%D9%8A%D8%B2-%D9%88%D8%A3%D9%81%D8%B6%D9%84-%D8%B3%D8%B9%D8%B1-%D9%84%D9%84%D9%85%D8%AA%D8%B1-2400-%D9%81%D9%82%D8%B7-ID503831347.html
للبيع شقة مميزة 210م فيو جاردن أفضل سعر في بيت الوطن 18500 فقط وتسهيلات في السداد على 30 شهر بدون فوائد في قلب التجمع الخامس خطوات من محور بن زايد,3885000,3,3,210,https://www.dubizzle.com.eg/ad/%D9%84%D9%84%D8%A8%D9%8A%D8%B9-%D8%B4%D9%82%D8%A9-%D9%85%D9%85%D9%8A%D8%B2%D8%A9-210%D9%85-%D9%81%D9%8A%D9%88-%D8%AC%D8%A7%D8%B1%D8%AF%D9%86-%D8%A3%D9%81%D8%B6%D9%84-%D8%B3%D8%B9%D8%B1-%D9%81%D9%8A-%D8%A8%D9%8A%D8%AA-%D8%A7%D9%84%D9%88%D8%B7%D9%86-18500-%D9%81%D9%82%D8%B7-%D9%88%D8%AA%D8%B3%D9%87%D9%8A%D9%84%D8%A7%D8%AA-%D9%81%D9%8A-%D8%A7%D9%84%D8%B3%D8%AF%D8%A7%D8%AF-%D8%B9%D9%84%D9%89-30-%D8%B4%D9%87%D8%B1-%D8%A8%D8%AF%D9%88%D9%86-%D9%81%D9%88%D8%A7%D8%A6%D8%AF-%D9%81%D9%8A-%D9%82%D9%84%D8%A8-%D8%A7%D9%84%D8%AA%D8%AC%D9%85%D8%B9-%D8%A7%D9%84%D8%AE%D8%A7%D9%85%D8%B3-%D8%AE%D8%B7%D9%88%D8%A7%D8%AA-%D9%85%D9%86-%D9%85%D8%AD%D9%88%D8%B1-%D8%A8%D9%86-%D8%B2%D8%A7%D9%8A%D8%AF-ID503831257.html
فاميلي هاوس مع مساحه كبيره استلام فوري بسعر مميز في بالم هيلز التجمع الخامس Palm Hills New Cairo موقع مميز يطل علي البحيره بدون تشطيب,16500000,3,3,250,https://www.dubizzle.com.eg/ad/%D9%81%D8%A7%D9%85%D9%8A%D9%84%D9%8A-%D9%87%D8%A7%D9%88%D8%B3-%D9%85%D8%B9-%D9%85%D8%B3%D8%A7%D8%AD%D9%87-%D9%83%D8%A8%D9%8A%D8%B1%D9%87-%D8%A7%D8%B3%D8%AA%D9%84%D8%A7%D9%85-%D9%81%D9%88%D8%B1%D9%8A-%D8%A8%D8%B3%D8%B9%D8%B1-%D9%85%D9%85%D9%8A%D8%B2-%D9%81%D9%8A-%D8%A8%D8%A7%D9%84%D9%85-%D9%87%D9%8A%D9%84%D8%B2-%D8%A7%D9%84%D8%AA%D8%AC%D9%85%D8%B9-%D8%A7%D9%84%D8%AE%D8%A7%D9%85%D8%B3-palm-hills-new-cairo-%D9%85%D9%88%D9%82%D8%B9-%D9%85%D9%85%D9%8A%D8%B2-%D9%8A%D8%B7%D9%84-%D8%B9%D9%84%D9%8A-%D8%A7%D9%84%D8%A8%D8%AD%D9%8A%D8%B1%D9%87-%D8%A8%D8%AF%D9%88%D9%86-%D8%AA%D8%B4%D8%B7%D9%8A%D8%A8-ID503445484.html
شقة استلام فوري 164 متر باقل مقدم في قلب التجمع الخامس برايم لوكيش فى كمبوند الباتيو اورو لافيستا الجولدن سكوير El Patio Oro La Vista,15500000,3,3,164,https://www.dubizzle.com.eg/ad/%D8%B4%D9%82%D8%A9-%D8%A7%D8%B3%D8%AA%D9%84%D8%A7%D9%85-%D9%81%D9%88%D8%B1%D9%8A-164-%D9%85%D8%AA%D8%B1-%D8%A8%D8%A7%D9%82%D9%84-%D9%85%D9%82%D8%AF%D9%85-%D9%81%D9%8A-%D9%82%D9%84%D8%A8-%D8%A7%D9%84%D8%AA%D8%AC%D9%85%D8%B9-%D8%A7%D9%84%D8%AE%D8%A7%D9%85%D8%B3-%D8%A8%D8%B1%D8%A7%D9%8A%D9%85-%D9%84%D9%88%D9%83%D9%8A%D8%B4-%D9%81%D9%89-%D9%83%D9%85%D8%A8%D9%88%D9%86%D8%AF-%D8%A7%D9%84%D8%A8%D8%A7%D8%AA%D9%8A%D9%88-%D8%A7%D9%88%D8%B1%D9%88-%D9%84%D8%A7%D9%81%D9%8A%D8%B3%D8%AA%D8%A7-%D8%A7%D9%84%D8%AC%D9%88%D9%84%D8%AF%D9%86-%D8%B3%D9%83%D9%88%D9%8A%D8%B1-el-patio-oro-la-vista-ID503611278.html
استلم دلوقتي شقتك متشطبة بالكامل في كمبوند مبني علي الطراز الايطالي في قلب العاصمة الادارية فيو بانوراما علي النهر الاخضر New Garden City,4500000,2,2,123,https://www.dubizzle.com.eg/ad/%D8%A7%D8%B3%D8%AA%D9%84%D9%85-%D8%AF%D9%84%D9%88%D9%82%D8%AA%D9%8A-%D8%B4%D9%82%D8%AA%D9%83-%D9%85%D8%AA%D8%B4%D8%B7%D8%A8%D8%A9-%D8%A8%D8%A7%D9%84%D9%83%D8%A7%D9%85%D9%84-%D9%81%D9%8A-%D9%83%D9%85%D8%A8%D9%88%D9%86%D8%AF-%D9%85%D8%A8%D9%86%D9%8A-%D8%B9%D9%84%D9%8A-%D8%A7%D9%84%D8%B7%D8%B1%D8%A7%D8%B2-%D8%A7%D9%84%D8%A7%D9%8A%D8%B7%D8%A7%D9%84%D9%8A-%D9%81%D9%8A-%D9%82%D9%84%D8%A8-%D8%A7%D9%84%D8%B9%D8%A7%D8%B5%D9%85%D8%A9-%D8%A7%D9%84%D8%A7%D8%AF%D8%A7%D8%B1%D9%8A%D8%A9-%D9%81%D9%8A%D9%88-%D8%A8%D8%A7%D9%86%D9%88%D8%B1%D8%A7%D9%85%D8%A7-%D8%B9%D9%84%D9%8A-%D8%A7%D9%84%D9%86%D9%87%D8%B1-%D8%A7%D9%84%D8%A7%D8%AE%D8%B6%D8%B1-new-garden-city-ID503897137.html
شقة متشطبة بالكامل استلام فوري في ارقي كمبوند في القاهرة الجديدة به كل المرافق و الخدمات دقائق لمطار العاصمة و الدائري الاوسطي,2921000,1,1,75,https://www.dubizzle.com.eg/ad/%D8%B4%D9%82%D8%A9-%D9%85%D8%AA%D8%B4%D8%B7%D8%A8%D8%A9-%D8%A8%D8%A7%D9%84%D9%83%D8%A7%D9%85%D9%84-%D8%A7%D8%B3%D8%AA%D9%84%D8%A7%D9%85-%D9%81%D9%88%D8%B1%D9%8A-%D9%81%D9%8A-%D8%A7%D8%B1%D9%82%D9%8A-%D9%83%D9%85%D8%A8%D9%88%D9%86%D8%AF-%D9%81%D9%8A-%D8%A7%D9%84%D9%82%D8%A7%D9%87%D8%B1%D8%A9-%D8%A7%D9%84%D8%AC%D8%AF%D9%8A%D8%AF%D8%A9-%D8%A8%D9%87-%D9%83%D9%84-%D8%A7%D9%84%D9%85%D8%B1%D8%A7%D9%81%D9%82-%D9%88-%D8%A7%D9%84%D8%AE%D8%AF%D9%85%D8%A7%D8%AA-%D8%AF%D9%82%D8%A7%D8%A6%D9%82-%D9%84%D9%85%D8%B7%D8%A7%D8%B1-%D8%A7%D9%84%D8%B9%D8%A7%D8%B5%D9%85%D8%A9-%D9%88-%D8%A7%D9%84%D8%AF%D8%A7%D8%A6%D8%B1%D9%8A-%D8%A7%D9%84%D8%A7%D9%88%D8%B3%D8%B7%D9%8A-ID503897077.html
شقة أرضي corner غرفتين نوم بحديقة كبيرة استلام سنة  في تاج سيتي القاهرة الجديدة | Taj City New Cairo,7250000,2,2,132,https://www.dubizzle.com.eg/ad/%D8%B4%D9%82%D8%A9-%D8%A3%D8%B1%D8%B6%D9%8A-corner-%D8%BA%D8%B1%D9%81%D8%AA%D9%8A%D9%86-%D9%86%D9%88%D9%85-%D8%A8%D8%AD%D8%AF%D9%8A%D9%82%D8%A9-%D9%83%D8%A8%D9%8A%D8%B1%D8%A9-%D8%A7%D8%B3%D8%AA%D9%84%D8%A7%D9%85-%D8%B3%D9%86%D8%A9-%D9%81%D9%8A-%D8%AA%D8%A7%D8%AC-%D8%B3%D9%8A%D8%AA%D9%8A-%D8%A7%D9%84%D9%82%D8%A7%D9%87%D8%B1%D8%A9-%D8%A7%D9%84%D8%AC%D8%AF%D9%8A%D8%AF%D8%A9-taj-city-new-cairo-ID503222282.html
شقة أرضي كاملة التشطيب للبيع في مدينة تاج سيتي,10500000,3,2,150,https://www.dubizzle.com.eg/ad/%D8%B4%D9%82%D8%A9-%D8%A3%D8%B1%D8%B6%D9%8A-%D9%83%D8%A7%D9%85%D9%84%D8%A9-%D8%A7%D9%84%D8%AA%D8%B4%D8%B7%D9%8A%D8%A8-%D9%84%D9%84%D8%A8%D9%8A%D8%B9-%D9%81%D9%8A-%D9%85%D8%AF%D9%8A%D9%86%D8%A9-%D8%AA%D8%A7%D8%AC-%D8%B3%D9%8A%D8%AA%D9%8A-ID503198115.html
ارخص دوبلكس كورنر بحري بكمبوند صبور لافينير L'aviner  فيو رائع - المستقبل سيتي,8300000,4,4,265,https://www.dubizzle.com.eg/ad/%D8%A7%D8%B1%D8%AE%D8%B5-%D8%AF%D9%88%D8%A8%D9%84%D9%83%D8%B3-%D9%83%D9%88%D8%B1%D9%86%D8%B1-%D8%A8%D8%AD%D8%B1%D9%8A-%D8%A8%D9%83%D9%85%D8%A8%D9%88%D9%86%D8%AF-%D8%B5%D8%A8%D9%88%D8%B1-%D9%84%D8%A7%D9%81%D9%8A%D9%86%D9%8A%D8%B1-laviner-%D9%81%D9%8A%D9%88-%D8%B1%D8%A7%D8%A6%D8%B9-%D8%A7%D9%84%D9%85%D8%B3%D8%AA%D9%82%D8%A8%D9%84-%D8%B3%D9%8A%D8%AA%D9%8A-ID503895278.html
بنتهاوس للبيع في Sodic Eastown القاهرة الجديدة تشطيب كامل بمطبخ وتكييفات وأجهزة مع روف خاص وموقع مميز مناسب للسكن الفاخر,25000000,4,4,244,https://www.dubizzle.com.eg/ad/%D8%A8%D9%86%D8%AA%D9%87%D8%A7%D9%88%D8%B3-%D9%84%D9%84%D8%A8%D9%8A%D8%B9-%D9%81%D9%8A-sodic-eastown-%D8%A7%D9%84%D9%82%D8%A7%D9%87%D8%B1%D8%A9-%D8%A7%D9%84%D8%AC%D8%AF%D9%8A%D8%AF%D8%A9-%D8%AA%D8%B4%D8%B7%D9%8A%D8%A8-%D9%83%D8%A7%D9%85%D9%84-%D8%A8%D9%85%D8%B7%D8%A8%D8%AE-%D9%88%D8%AA%D9%83%D9%8A%D9%8A%D9%81%D8%A7%D8%AA-%D9%88%D8%A3%D8%AC%D9%87%D8%B2%D8%A9-%D9%85%D8%B9-%D8%B1%D9%88%D9%81-%D8%AE%D8%A7%D8%B5-%D9%88%D9%85%D9%88%D9%82%D8%B9-%D9%85%D9%85%D9%8A%D8%B2-%D9%85%D9%86%D8%A7%D8%B3%D8%A8-%D9%84%D9%84%D8%B3%D9%83%D9%86-%D8%A7%D9%84%D9%81%D8%A7%D8%AE%D8%B1-ID503897916.html
شقه للبيع في التجمع الخامس متشطبه بالكامل في قلب الجولدن اسكوير بسعر الكاش او بمقدم 5% فقط في كومباوند ريجينتس اسكوير | Regent's Squer,8700000,3,3,155,https://www.dubizzle.com.eg/ad/%D8%B4%D9%82%D9%87-%D9%84%D9%84%D8%A8%D9%8A%D8%B9-%D9%81%D9%8A-%D8%A7%D9%84%D8%AA%D8%AC%D9%85%D8%B9-%D8%A7%D9%84%D8%AE%D8%A7%D9%85%D8%B3-%D9%85%D8%AA%D8%B4%D8%B7%D8%A8%D9%87-%D8%A8%D8%A7%D9%84%D9%83%D8%A7%D9%85%D9%84-%D9%81%D9%8A-%D9%82%D9%84%D8%A8-%D8%A7%D9%84%D8%AC%D9%88%D9%84%D8%AF%D9%86-%D8%A7%D8%B3%D9%83%D9%88%D9%8A%D8%B1-%D8%A8%D8%B3%D8%B9%D8%B1-%D8%A7%D9%84%D9%83%D8%A7%D8%B4-%D8%A7%D9%88-%D8%A8%D9%85%D9%82%D8%AF%D9%85-5-%D9%81%D9%82%D8%B7-%D9%81%D9%8A-%D9%83%D9%88%D9%85%D8%A8%D8%A7%D9%88%D9%86%D8%AF-%D8%B1%D9%8A%D8%AC%D9%8A%D9%86%D8%AA%D8%B3-%D8%A7%D8%B3%D9%83%D9%88%D9%8A%D8%B1-regents-squer-ID503700518.html
شقه للبيع في قلب الجولدن اسكوير في التجمع الخامس متشطبه بالكامل بسعر الكاش او بمقدم 5% فقط في كومباوند ريجينتس اسكوير | Regent's Squer,6400000,2,2,108,https://www.dubizzle.com.eg/ad/%D8%B4%D9%82%D9%87-%D9%84%D9%84%D8%A8%D9%8A%D8%B9-%D9%81%D9%8A-%D9%82%D9%84%D8%A8-%D8%A7%D9%84%D8%AC%D9%88%D9%84%D8%AF%D9%86-%D8%A7%D8%B3%D9%83%D9%88%D9%8A%D8%B1-%D9%81%D9%8A-%D8%A7%D9%84%D8%AA%D8%AC%D9%85%D8%B9-%D8%A7%D9%84%D8%AE%D8%A7%D9%85%D8%B3-%D9%85%D8%AA%D8%B4%D8%B7%D8%A8%D9%87-%D8%A8%D8%A7%D9%84%D9%83%D8%A7%D9%85%D9%84-%D8%A8%D8%B3%D8%B9%D8%B1-%D8%A7%D9%84%D9%83%D8%A7%D8%B4-%D8%A7%D9%88-%D8%A8%D9%85%D9%82%D8%AF%D9%85-5-%D9%81%D9%82%D8%B7-%D9%81%D9%8A-%D9%83%D9%88%D9%85%D8%A8%D8%A7%D9%88%D9%86%D8%AF-%D8%B1%D9%8A%D8%AC%D9%8A%D9%86%D8%AA%D8%B3-%D8%A7%D8%B3%D9%83%D9%88%D9%8A%D8%B1-regents-squer-ID503700519.html
شقه للبيع في قلب الجولدن اسكوير في التجمع الخامس متشطبه بالكامل بسعر الكاش او بمقدم 5% فقط في كومباوند ريجينتس اسكوير | Regent's Squer,7200000,2,2,129,https://www.dubizzle.com.eg/ad/%D8%B4%D9%82%D9%87-%D9%84%D9%84%D8%A8%D9%8A%D8%B9-%D9%81%D9%8A-%D9%82%D9%84%D8%A8-%D8%A7%D9%84%D8%AC%D9%88%D9%84%D8%AF%D9%86-%D8%A7%D8%B3%D9%83%D9%88%D9%8A%D8%B1-%D9%81%D9%8A-%D8%A7%D9%84%D8%AA%D8%AC%D9%85%D8%B9-%D8%A7%D9%84%D8%AE%D8%A7%D9%85%D8%B3-%D9%85%D8%AA%D8%B4%D8%B7%D8%A8%D9%87-%D8%A8%D8%A7%D9%84%D9%83%D8%A7%D9%85%D9%84-%D8%A8%D8%B3%D8%B9%D8%B1-%D8%A7%D9%84%D9%83%D8%A7%D8%B4-%D8%A7%D9%88-%D8%A8%D9%85%D9%82%D8%AF%D9%85-5-%D9%81%D9%82%D8%B7-%D9%81%D9%8A-%D9%83%D9%88%D9%85%D8%A8%D8%A7%D9%88%D9%86%D8%AF-%D8%B1%D9%8A%D8%AC%D9%8A%D9%86%D8%AA%D8%B3-%D8%A7%D8%B3%D9%83%D9%88%D9%8A%D8%B1-regents-squer-ID503519511.html
شقه للبيع 3غرف بجاردن باقل سعر في العاصمه جاهزه للمعاينه الان مع بنك الاسكان والتعمير بالتقسيط علي 14سنه وبخصم 25%,4800000,3,3,170,https://www.dubizzle.com.eg/ad/%D8%B4%D9%82%D9%87-%D9%84%D9%84%D8%A8%D9%8A%D8%B9-3%D8%BA%D8%B1%D9%81-%D8%A8%D8%AC%D8%A7%D8%B1%D8%AF%D9%86-%D8%A8%D8%A7%D9%82%D9%84-%D8%B3%D8%B9%D8%B1-%D9%81%D9%8A-%D8%A7%D9%84%D8%B9%D8%A7%D8%B5%D9%85%D9%87-%D8%AC%D8%A7%D9%87%D8%B2%D9%87-%D9%84%D9%84%D9%85%D8%B9%D8%A7%D9%8A%D9%86%D9%87-%D8%A7%D9%84%D8%A7%D9%86-%D9%85%D8%B9-%D8%A8%D9%86%D9%83-%D8%A7%D9%84%D8%A7%D8%B3%D9%83%D8%A7%D9%86-%D9%88%D8%A7%D9%84%D8%AA%D8%B9%D9%85%D9%8A%D8%B1-%D8%A8%D8%A7%D9%84%D8%AA%D9%82%D8%B3%D9%8A%D8%B7-%D8%B9%D9%84%D9%8A-14%D8%B3%D9%86%D9%87-%D9%88%D8%A8%D8%AE%D8%B5%D9%85-25-ID503900878.html
شقه للبيع ب (( هايد بارك )) على شارع التسعين الجنوبي مباشرة وعلى الطريق الدائري الأوسطي، بالقرب من الجامعة الأمريكية (AUC) والعاصمة الإدارية الجديدة,9500000,2,2,117,https://www.dubizzle.com.eg/ad/%D8%B4%D9%82%D9%87-%D9%84%D9%84%D8%A8%D9%8A%D8%B9-%D8%A8-%D9%87%D8%A7%D9%8A%D8%AF-%D8%A8%D8%A7%D8%B1%D9%83-%D8%B9%D9%84%D9%89-%D8%B4%D8%A7%D8%B1%D8%B9-%D8%A7%D9%84%D8%AA%D8%B3%D8%B9%D9%8A%D9%86-%D8%A7%D9%84%D8%AC%D9%86%D9%88%D8%A8%D9%8A-%D9%85%D8%A8%D8%A7%D8%B4%D8%B1%D8%A9-%D9%88%D8%B9%D9%84%D9%89-%D8%A7%D9%84%D8%B7%D8%B1%D9%8A%D9%82-%D8%A7%D9%84%D8%AF%D8%A7%D8%A6%D8%B1%D9%8A-%D8%A7%D9%84%D8%A3%D9%88%D8%B3%D8%B7%D9%8A-%D8%A8%D8%A7%D9%84%D9%82%D8%B1%D8%A8-%D9%85%D9%86-%D8%A7%D9%84%D8%AC%D8%A7%D9%85%D8%B9%D8%A9-%D8%A7%D9%84%D8%A3%D9%85%D8%B1%D9%8A%D9%83%D9%8A%D8%A9-auc-%D9%88%D8%A7%D9%84%D8%B9%D8%A7%D8%B5%D9%85%D8%A9-%D8%A7%D9%84%D8%A5%D8%AF%D8%A7%D8%B1%D9%8A%D8%A9-%D8%A7%D9%84%D8%AC%D8%AF%D9%8A%D8%AF%D8%A9-ID503858686.html
Duplex متشطب بالكامل ومفروش جاهز للاستلام Taj City بأقل سعلا في الماركت,15400000,4,3,298,https://www.dubizzle.com.eg/ad/duplex-%D9%85%D8%AA%D8%B4%D8%B7%D8%A8-%D8%A8%D8%A7%D9%84%D9%83%D8%A7%D9%85%D9%84-%D9%88%D9%85%D9%81%D8%B1%D9%88%D8%B4-%D8%AC%D8%A7%D9%87%D8%B2-%D9%84%D9%84%D8%A7%D8%B3%D8%AA%D9%84%D8%A7%D9%85-taj-city-%D8%A8%D8%A3%D9%82%D9%84-%D8%B3%D8%B9%D9%84%D8%A7-%D9%81%D9%8A-%D8%A7%D9%84%D9%85%D8%A7%D8%B1%D9%83%D8%AA-ID503824722.html
شقه للبيع غرفتين استلام فوري مع تشطيب كامل | او بدفع مقدم 5% مع اقساط تصل الي 15 سنه مبني علي الطراز الفرنسي * Garden city *,6000000,2,2,192,https://www.dubizzle.com.eg/ad/%D8%B4%D9%82%D9%87-%D9%84%D9%84%D8%A8%D9%8A%D8%B9-%D8%BA%D8%B1%D9%81%D8%AA%D9%8A%D9%86-%D8%A7%D8%B3%D8%AA%D9%84%D8%A7%D9%85-%D9%81%D9%88%D8%B1%D9%8A-%D9%85%D8%B9-%D8%AA%D8%B4%D8%B7%D9%8A%D8%A8-%D9%83%D8%A7%D9%85%D9%84-%D8%A7%D9%88-%D8%A8%D8%AF%D9%81%D8%B9-%D9%85%D9%82%D8%AF%D9%85-5-%D9%85%D8%B9-%D8%A7%D9%82%D8%B3%D8%A7%D8%B7-%D8%AA%D8%B5%D9%84-%D8%A7%D9%84%D9%8A-15-%D8%B3%D9%86%D9%87-%D9%85%D8%A8%D9%86%D9%8A-%D8%B9%D9%84%D9%8A-%D8%A7%D9%84%D8%B7%D8%B1%D8%A7%D8%B2-%D8%A7%D9%84%D9%81%D8%B1%D9%86%D8%B3%D9%8A-garden-city-ID503033562.html
شقه 3غرف استلام فوري صف اول علي اللاجون بسعر لقطه وبالتقسيط علي اطول فتره سداد في لوميا R7,6000000,3,3,136,https://www.dubizzle.com.eg/ad/%D8%B4%D9%82%D9%87-3%D8%BA%D8%B1%D9%81-%D8%A7%D8%B3%D8%AA%D9%84%D8%A7%D9%85-%D9%81%D9%88%D8%B1%D9%8A-%D8%B5%D9%81-%D8%A7%D9%88%D9%84-%D8%B9%D9%84%D9%8A-%D8%A7%D9%84%D9%84%D8%A7%D8%AC%D9%88%D9%86-%D8%A8%D8%B3%D8%B9%D8%B1-%D9%84%D9%82%D8%B7%D9%87-%D9%88%D8%A8%D8%A7%D9%84%D8%AA%D9%82%D8%B3%D9%8A%D8%B7-%D8%B9%D9%84%D9%8A-%D8%A7%D8%B7%D9%88%D9%84-%D9%81%D8%AA%D8%B1%D9%87-%D8%B3%D8%AF%D8%A7%D8%AF-%D9%81%D9%8A-%D9%84%D9%88%D9%85%D9%8A%D8%A7-r7-ID503898772.html
شقه نموذج ٣٠٠ بحري فيو جاردن B3,9900000,3,3,185,https://www.dubizzle.com.eg/ad/%D8%B4%D9%82%D9%87-%D9%86%D9%85%D9%88%D8%B0%D8%AC-%D9%A3%D9%A0%D9%A0-%D8%A8%D8%AD%D8%B1%D9%8A-%D9%81%D9%8A%D9%88-%D8%AC%D8%A7%D8%B1%D8%AF%D9%86-b3-ID503749750.html
امتلك شقه للبيع بسعر الكاش في كمبوند باتيو سولا مع لافيستا  خصم الكاش 25% | بفيو مميز جدا | Patio Sola_ La Vista,7200000,3,3,154,https://www.dubizzle.com.eg/ad/%D8%A7%D9%85%D8%AA%D9%84%D9%83-%D8%B4%D9%82%D9%87-%D9%84%D9%84%D8%A8%D9%8A%D8%B9-%D8%A8%D8%B3%D8%B9%D8%B1-%D8%A7%D9%84%D9%83%D8%A7%D8%B4-%D9%81%D9%8A-%D9%83%D9%85%D8%A8%D9%88%D9%86%D8%AF-%D8%A8%D8%A7%D8%AA%D9%8A%D9%88-%D8%B3%D9%88%D9%84%D8%A7-%D9%85%D8%B9-%D9%84%D8%A7%D9%81%D9%8A%D8%B3%D8%AA%D8%A7-%D8%AE%D8%B5%D9%85-%D8%A7%D9%84%D9%83%D8%A7%D8%B4-25-%D8%A8%D9%81%D9%8A%D9%88-%D9%85%D9%85%D9%8A%D8%B2-%D8%AC%D8%AF%D8%A7-patio-sola_-la-vista-ID503415950.html
شقه للبيع في لافيستا في باتيو سولا بمقدم 5% فقط | شقه بفيو مميز جدا واقساط متساويه تصل الي 10 سنوات خصم كاش 25% | Patio Sola _ La Vista,5600000,2,2,123,https://www.dubizzle.com.eg/ad/%D8%B4%D9%82%D9%87-%D9%84%D9%84%D8%A8%D9%8A%D8%B9-%D9%81%D9%8A-%D9%84%D8%A7%D9%81%D9%8A%D8%B3%D8%AA%D8%A7-%D9%81%D9%8A-%D8%A8%D8%A7%D8%AA%D9%8A%D9%88-%D8%B3%D9%88%D9%84%D8%A7-%D8%A8%D9%85%D9%82%D8%AF%D9%85-5-%D9%81%D9%82%D8%B7-%D8%B4%D9%82%D9%87-%D8%A8%D9%81%D9%8A%D9%88-%D9%85%D9%85%D9%8A%D8%B2-%D8%AC%D8%AF%D8%A7-%D9%88%D8%A7%D9%82%D8%B3%D8%A7%D8%B7-%D9%85%D8%AA%D8%B3%D8%A7%D9%88%D9%8A%D9%87-%D8%AA%D8%B5%D9%84-%D8%A7%D9%84%D9%8A-10-%D8%B3%D9%86%D9%88%D8%A7%D8%AA-%D8%AE%D8%B5%D9%85-%D9%83%D8%A7%D8%B4-25-patio-sola-_-la-vista-ID503378515.html
شقه للبيع غرفتين بسعر الكاش في كمبوند باتيو سولا مع لافيستا | بفيو مميز جدا | خصم كاش 25% | Patio Sola_ La Vista,5700000,2,2,123,https://www.dubizzle.com.eg/ad/%D8%B4%D9%82%D9%87-%D9%84%D9%84%D8%A8%D9%8A%D8%B9-%D8%BA%D8%B1%D9%81%D8%AA%D9%8A%D9%86-%D8%A8%D8%B3%D8%B9%D8%B1-%D8%A7%D9%84%D9%83%D8%A7%D8%B4-%D9%81%D9%8A-%D9%83%D9%85%D8%A8%D9%88%D9%86%D8%AF-%D8%A8%D8%A7%D8%AA%D9%8A%D9%88-%D8%B3%D9%88%D9%84%D8%A7-%D9%85%D8%B9-%D9%84%D8%A7%D9%81%D9%8A%D8%B3%D8%AA%D8%A7-%D8%A8%D9%81%D9%8A%D9%88-%D9%85%D9%85%D9%8A%D8%B2-%D8%AC%D8%AF%D8%A7-%D8%AE%D8%B5%D9%85-%D9%83%D8%A7%D8%B4-25-patio-sola_-la-vista-ID503899348.html
امتلك شقه للبيع بكمبوند جيوار بجوار كمبوند الكازار في التجمع السادس علي بعد دقائق من الجامعه الامريكيه - كمبوند جيوار | jiwar,5500000,3,2,138,https://www.dubizzle.com.eg/ad/%D8%A7%D9%85%D8%AA%D9%84%D9%83-%D8%B4%D9%82%D9%87-%D9%84%D9%84%D8%A8%D9%8A%D8%B9-%D8%A8%D9%83%D9%85%D8%A8%D9%88%D9%86%D8%AF-%D8%AC%D9%8A%D9%88%D8%A7%D8%B1-%D8%A8%D8%AC%D9%88%D8%A7%D8%B1-%D9%83%D9%85%D8%A8%D9%88%D9%86%D8%AF-%D8%A7%D9%84%D9%83%D8%A7%D8%B2%D8%A7%D8%B1-%D9%81%D9%8A-%D8%A7%D9%84%D8%AA%D8%AC%D9%85%D8%B9-%D8%A7%D9%84%D8%B3%D8%A7%D8%AF%D8%B3-%D8%B9%D9%84%D9%8A-%D8%A8%D8%B9%D8%AF-%D8%AF%D9%82%D8%A7%D8%A6%D9%82-%D9%85%D9%86-%D8%A7%D9%84%D8%AC%D8%A7%D9%85%D8%B9%D9%87-%D8%A7%D9%84%D8%A7%D9%85%D8%B1%D9%8A%D9%83%D9%8A%D9%87-%D9%83%D9%85%D8%A8%D9%88%D9%86%D8%AF-%D8%AC%D9%8A%D9%88%D8%A7%D8%B1-jiwar-ID502986267.html
شقه للبيع في ماونتن فيو الجديده في قلب التجمع الخامس استلام قريب امام كمبوند هايد بارك واقساط تصل الي 14 سنه Creek View - Mountain View,6800000,2,2,110,https://www.dubizzle.com.eg/ad/%D8%B4%D9%82%D9%87-%D9%84%D9%84%D8%A8%D9%8A%D8%B9-%D9%81%D9%8A-%D9%85%D8%A7%D9%88%D9%86%D8%AA%D9%86-%D9%81%D9%8A%D9%88-%D8%A7%D9%84%D8%AC%D8%AF%D9%8A%D8%AF%D9%87-%D9%81%D9%8A-%D9%82%D9%84%D8%A8-%D8%A7%D9%84%D8%AA%D8%AC%D9%85%D8%B9-%D8%A7%D9%84%D8%AE%D8%A7%D9%85%D8%B3-%D8%A7%D8%B3%D8%AA%D9%84%D8%A7%D9%85-%D9%82%D8%B1%D9%8A%D8%A8-%D8%A7%D9%85%D8%A7%D9%85-%D9%83%D9%85%D8%A8%D9%88%D9%86%D8%AF-%D9%87%D8%A7%D9%8A%D8%AF-%D8%A8%D8%A7%D8%B1%D9%83-%D9%88%D8%A7%D9%82%D8%B3%D8%A7%D8%B7-%D8%AA%D8%B5%D9%84-%D8%A7%D9%84%D9%8A-14-%D8%B3%D9%86%D9%87-creek-view-mountain-view-ID503866327.html
شقه للبيع في التجمع السادس بكمبوند جيوار بجوار كمبوند الكازارعلي بعد دقائق من الجامعه الامريكيه - كمبوند جيوار | jiwar,5200000,2,2,110,https://www.dubizzle.com.eg/ad/%D8%B4%D9%82%D9%87-%D9%84%D9%84%D8%A8%D9%8A%D8%B9-%D9%81%D9%8A-%D8%A7%D9%84%D8%AA%D8%AC%D9%85%D8%B9-%D8%A7%D9%84%D8%B3%D8%A7%D8%AF%D8%B3-%D8%A8%D9%83%D9%85%D8%A8%D9%88%D9%86%D8%AF-%D8%AC%D9%8A%D9%88%D8%A7%D8%B1-%D8%A8%D8%AC%D9%88%D8%A7%D8%B1-%D9%83%D9%85%D8%A8%D9%88%D9%86%D8%AF-%D8%A7%D9%84%D9%83%D8%A7%D8%B2%D8%A7%D8%B1%D8%B9%D9%84%D9%8A-%D8%A8%D8%B9%D8%AF-%D8%AF%D9%82%D8%A7%D8%A6%D9%82-%D9%85%D9%86-%D8%A7%D9%84%D8%AC%D8%A7%D9%85%D8%B9%D9%87-%D8%A7%D9%84%D8%A7%D9%85%D8%B1%D9%8A%D9%83%D9%8A%D9%87-%D9%83%D9%85%D8%A8%D9%88%D9%86%D8%AF-%D8%AC%D9%8A%D9%88%D8%A7%D8%B1-jiwar-ID502920249.html
شقه للبيع في شيراتون علي بعد دقئق من مطار القاهره استلام فوري وتشطيب كامل سوبر لوكس بدفع مقدم 5% فقط واقساط علي 10 سنوات | مشروع ستودا الكازار | Stoda,6800000,2,2,138,https://www.dubizzle.com.eg/ad/%D8%B4%D9%82%D9%87-%D9%84%D9%84%D8%A8%D9%8A%D8%B9-%D9%81%D9%8A-%D8%B4%D9%8A%D8%B1%D8%A7%D8%AA%D9%88%D9%86-%D8%B9%D9%84%D9%8A-%D8%A8%D8%B9%D8%AF-%D8%AF%D9%82%D8%A6%D9%82-%D9%85%D9%86-%D9%85%D8%B7%D8%A7%D8%B1-%D8%A7%D9%84%D9%82%D8%A7%D9%87%D8%B1%D9%87-%D8%A7%D8%B3%D8%AA%D9%84%D8%A7%D9%85-%D9%81%D9%88%D8%B1%D9%8A-%D9%88%D8%AA%D8%B4%D8%B7%D9%8A%D8%A8-%D9%83%D8%A7%D9%85%D9%84-%D8%B3%D9%88%D8%A8%D8%B1-%D9%84%D9%88%D9%83%D8%B3-%D8%A8%D8%AF%D9%81%D8%B9-%D9%85%D9%82%D8%AF%D9%85-5-%D9%81%D9%82%D8%B7-%D9%88%D8%A7%D9%82%D8%B3%D8%A7%D8%B7-%D8%B9%D9%84%D9%8A-10-%D8%B3%D9%86%D9%88%D8%A7%D8%AA-%D9%85%D8%B4%D8%B1%D9%88%D8%B9-%D8%B3%D8%AA%D9%88%D8%AF%D8%A7-%D8%A7%D9%84%D9%83%D8%A7%D8%B2%D8%A7%D8%B1-stoda-ID502804072.html
بخصم كاش 34% شقه للبيع 3 غرف استلام فوري متشطبه بالكامل مع في شيراتون علي بعد دقئق من مطار القاهره  | مشروع ستودا الكازار | Stoda,7600000,3,3,163,https://www.dubizzle.com.eg/ad/%D8%A8%D8%AE%D8%B5%D9%85-%D9%83%D8%A7%D8%B4-34-%D8%B4%D9%82%D9%87-%D9%84%D9%84%D8%A8%D9%8A%D8%B9-3-%D8%BA%D8%B1%D9%81-%D8%A7%D8%B3%D8%AA%D9%84%D8%A7%D9%85-%D9%81%D9%88%D8%B1%D9%8A-%D9%85%D8%AA%D8%B4%D8%B7%D8%A8%D9%87-%D8%A8%D8%A7%D9%84%D9%83%D8%A7%D9%85%D9%84-%D9%85%D8%B9-%D9%81%D9%8A-%D8%B4%D9%8A%D8%B1%D8%A7%D8%AA%D9%88%D9%86-%D8%B9%D9%84%D9%8A-%D8%A8%D8%B9%D8%AF-%D8%AF%D9%82%D8%A6%D9%82-%D9%85%D9%86-%D9%85%D8%B7%D8%A7%D8%B1-%D8%A7%D9%84%D9%82%D8%A7%D9%87%D8%B1%D9%87-%D9%85%D8%B4%D8%B1%D9%88%D8%B9-%D8%B3%D8%AA%D9%88%D8%AF%D8%A7-%D8%A7%D9%84%D9%83%D8%A7%D8%B2%D8%A7%D8%B1-stoda-ID502804074.html
لسرعه البيع شقة للبيع بمقدم وتكملة أقساط بفيو لاندسكيب بأقل من سعر الشركة ريسيل 3 غرف في بلوم فيلدز Bloomfields المستقبل سيتي بجوار مدينتي وسراي,4700000,3,3,165,https://www.dubizzle.com.eg/ad/%D9%84%D8%B3%D8%B1%D8%B9%D9%87-%D8%A7%D9%84%D8%A8%D9%8A%D8%B9-%D8%B4%D9%82%D8%A9-%D9%84%D9%84%D8%A8%D9%8A%D8%B9-%D8%A8%D9%85%D9%82%D8%AF%D9%85-%D9%88%D8%AA%D9%83%D9%85%D9%84%D8%A9-%D8%A3%D9%82%D8%B3%D8%A7%D8%B7-%D8%A8%D9%81%D9%8A%D9%88-%D9%84%D8%A7%D9%86%D8%AF%D8%B3%D9%83%D9%8A%D8%A8-%D8%A8%D8%A3%D9%82%D9%84-%D9%85%D9%86-%D8%B3%D8%B9%D8%B1-%D8%A7%D9%84%D8%B4%D8%B1%D9%83%D8%A9-%D8%B1%D9%8A%D8%B3%D9%8A%D9%84-3-%D8%BA%D8%B1%D9%81-%D9%81%D9%8A-%D8%A8%D9%84%D9%88%D9%85-%D9%81%D9%8A%D9%84%D8%AF%D8%B2-bloomfields-%D8%A7%D9%84%D9%85%D8%B3%D8%AA%D9%82%D8%A8%D9%84-%D8%B3%D9%8A%D8%AA%D9%8A-%D8%A8%D8%AC%D9%88%D8%A7%D8%B1-%D9%85%D8%AF%D9%8A%D9%86%D8%AA%D9%8A-%D9%88%D8%B3%D8%B1%D8%A7%D9%8A-ID503900520.html
شقه للبيع غرفتين في التجمع الخامس بمقدم 5% فقط واقساط تصل الي 10 سنوات في كمبوند ذا كريست | مع تشطيب كامل  | واستلام سنتين  * The Crest *,6200000,2,2,110,https://www.dubizzle.com.eg/ad/%D8%B4%D9%82%D9%87-%D9%84%D9%84%D8%A8%D9%8A%D8%B9-%D8%BA%D8%B1%D9%81%D8%AA%D9%8A%D9%86-%D9%81%D9%8A-%D8%A7%D9%84%D8%AA%D8%AC%D9%85%D8%B9-%D8%A7%D9%84%D8%AE%D8%A7%D9%85%D8%B3-%D8%A8%D9%85%D9%82%D8%AF%D9%85-5-%D9%81%D9%82%D8%B7-%D9%88%D8%A7%D9%82%D8%B3%D8%A7%D8%B7-%D8%AA%D8%B5%D9%84-%D8%A7%D9%84%D9%8A-10-%D8%B3%D9%86%D9%88%D8%A7%D8%AA-%D9%81%D9%8A-%D9%83%D9%85%D8%A8%D9%88%D9%86%D8%AF-%D8%B0%D8%A7-%D9%83%D8%B1%D9%8A%D8%B3%D8%AA-%D9%85%D8%B9-%D8%AA%D8%B4%D8%B7%D9%8A%D8%A8-%D9%83%D8%A7%D9%85%D9%84-%D9%88%D8%A7%D8%B3%D8%AA%D9%84%D8%A7%D9%85-%D8%B3%D9%86%D8%AA%D9%8A%D9%86-the-crest-ID503734448.html
شقة  أرضي مرتفع  240م+30م جاردن متشطبه سوبر لوكس للبيع في النرجس فيلات جاهزة للسكن وبسعر مميز,8250000,3,2,240,https://www.dubizzle.com.eg/ad/%D8%B4%D9%82%D8%A9-%D8%A3%D8%B1%D8%B6%D9%8A-%D9%85%D8%B1%D8%AA%D9%81%D8%B9-240%D9%8530%D9%85-%D8%AC%D8%A7%D8%B1%D8%AF%D9%86-%D9%85%D8%AA%D8%B4%D8%B7%D8%A8%D9%87-%D8%B3%D9%88%D8%A8%D8%B1-%D9%84%D9%88%D9%83%D8%B3-%D9%84%D9%84%D8%A8%D9%8A%D8%B9-%D9%81%D9%8A-%D8%A7%D9%84%D9%86%D8%B1%D8%AC%D8%B3-%D9%81%D9%8A%D9%84%D8%A7%D8%AA-%D8%AC%D8%A7%D9%87%D8%B2%D8%A9-%D9%84%D9%84%D8%B3%D9%83%D9%86-%D9%88%D8%A8%D8%B3%D8%B9%D8%B1-%D9%85%D9%85%D9%8A%D8%B2-ID503901501.html
للبيع شقه استلام فوري بخصم للكاش 35%  (برايم ليوكيشن )بالتجمع الاول امام بوابه الرحاب بالقاهره الجديده في كمبوند كريك تاون,7700000,3,2,170,https://www.dubizzle.com.eg/ad/%D9%84%D9%84%D8%A8%D9%8A%D8%B9-%D8%B4%D9%82%D9%87-%D8%A7%D8%B3%D8%AA%D9%84%D8%A7%D9%85-%D9%81%D9%88%D8%B1%D9%8A-%D8%A8%D8%AE%D8%B5%D9%85-%D9%84%D9%84%D9%83%D8%A7%D8%B4-35-%D8%A8%D8%B1%D8%A7%D9%8A%D9%85-%D9%84%D9%8A%D9%88%D9%83%D9%8A%D8%B4%D9%86-%D8%A8%D8%A7%D9%84%D8%AA%D8%AC%D9%85%D8%B9-%D8%A7%D9%84%D8%A7%D9%88%D9%84-%D8%A7%D9%85%D8%A7%D9%85-%D8%A8%D9%88%D8%A7%D8%A8%D9%87-%D8%A7%D9%84%D8%B1%D8%AD%D8%A7%D8%A8-%D8%A8%D8%A7%D9%84%D9%82%D8%A7%D9%87%D8%B1%D9%87-%D8%A7%D9%84%D8%AC%D8%AF%D9%8A%D8%AF%D9%87-%D9%81%D9%8A-%D9%83%D9%85%D8%A8%D9%88%D9%86%D8%AF-%D9%83%D8%B1%D9%8A%D9%83-%D8%AA%D8%A7%D9%88%D9%86-ID502589541.html
شقه للبيع دار مصر القرنفل مميزة apartment for sale dar misr el kronfil,4200000,2,2,130,https://www.dubizzle.com.eg/ad/%D8%B4%D9%82%D9%87-%D9%84%D9%84%D8%A8%D9%8A%D8%B9-%D8%AF%D8%A7%D8%B1-%D9%85%D8%B5%D8%B1-%D8%A7%D9%84%D9%82%D8%B1%D9%86%D9%81%D9%84-%D9%85%D9%85%D9%8A%D8%B2%D8%A9-apartment-for-sale-dar-misr-el-kronfil-ID208637080.html
بيت الوطن القاهرة الجديدة,4710000,3,2,190,https://www.dubizzle.com.eg/ad/%D8%A8%D9%8A%D8%AA-%D8%A7%D9%84%D9%88%D8%B7%D9%86-%D8%A7%D9%84%D9%82%D8%A7%D9%87%D8%B1%D8%A9-%D8%A7%D9%84%D8%AC%D8%AF%D9%8A%D8%AF%D8%A9-ID503903074.html
بأقل سعر فى الماركت اخر شقة للبيع استلام قريب 125 متر غرفتين فى هايد بارك التجمع الخامس,11500000,2,3,125,https://www.dubizzle.com.eg/ad/%D8%A8%D8%A3%D9%82%D9%84-%D8%B3%D8%B9%D8%B1-%D9%81%D9%89-%D8%A7%D9%84%D9%85%D8%A7%D8%B1%D9%83%D8%AA-%D8%A7%D8%AE%D8%B1-%D8%B4%D9%82%D8%A9-%D9%84%D9%84%D8%A8%D9%8A%D8%B9-%D8%A7%D8%B3%D8%AA%D9%84%D8%A7%D9%85-%D9%82%D8%B1%D9%8A%D8%A8-125-%D9%85%D8%AA%D8%B1-%D8%BA%D8%B1%D9%81%D8%AA%D9%8A%D9%86-%D9%81%D9%89-%D9%87%D8%A7%D9%8A%D8%AF-%D8%A8%D8%A7%D8%B1%D9%83-%D8%A7%D9%84%D8%AA%D8%AC%D9%85%D8%B9-%D8%A7%D9%84%D8%AE%D8%A7%D9%85%D8%B3-ID503903061.html
شـقــــة لُقــــطــة للبيع في مدينتى 211 متر استلام فوري,12850000,3,3,211,https://www.dubizzle.com.eg/ad/%D8%B4%D9%80%D9%82%D9%80%D9%80%D9%80%D9%80%D8%A9-%D9%84%D9%82%D9%80%D9%80%D9%80%D9%80%D8%B7%D9%80%D9%80%D8%A9-%D9%84%D9%84%D8%A8%D9%8A%D8%B9-%D9%81%D9%8A-%D9%85%D8%AF%D9%8A%D9%86%D8%AA%D9%89-211-%D9%85%D8%AA%D8%B1-%D8%A7%D8%B3%D8%AA%D9%84%D8%A7%D9%85-%D9%81%D9%88%D8%B1%D9%8A-ID503758743.html
شقه للبيع بخصم كبيرومقدم 780 الف والباقي علي اطول فتره سداد في كمبوند لافيستا الباتيو اورو El patio oro وبالقرب من ماونتن فيو التجمع الخامس,11500000,3,3,164,https://www.dubizzle.com.eg/ad/%D8%B4%D9%82%D9%87-%D9%84%D9%84%D8%A8%D9%8A%D8%B9-%D8%A8%D8%AE%D8%B5%D9%85-%D9%83%D8%A8%D9%8A%D8%B1%D9%88%D9%85%D9%82%D8%AF%D9%85-780-%D8%A7%D9%84%D9%81-%D9%88%D8%A7%D9%84%D8%A8%D8%A7%D9%82%D9%8A-%D8%B9%D9%84%D9%8A-%D8%A7%D8%B7%D9%88%D9%84-%D9%81%D8%AA%D8%B1%D9%87-%D8%B3%D8%AF%D8%A7%D8%AF-%D9%81%D9%8A-%D9%83%D9%85%D8%A8%D9%88%D9%86%D8%AF-%D9%84%D8%A7%D9%81%D9%8A%D8%B3%D8%AA%D8%A7-%D8%A7%D9%84%D8%A8%D8%A7%D8%AA%D9%8A%D9%88-%D8%A7%D9%88%D8%B1%D9%88-el-patio-oro-%D9%88%D8%A8%D8%A7%D9%84%D9%82%D8%B1%D8%A8-%D9%85%D9%86-%D9%85%D8%A7%D9%88%D9%86%D8%AA%D9%86-%D9%81%D9%8A%D9%88-%D8%A7%D9%84%D8%AA%D8%AC%D9%85%D8%B9-%D8%A7%D9%84%D8%AE%D8%A7%D9%85%D8%B3-ID503897605.html
شقة ب جاردن استلام فوري ب ماونتن فيو التجمع Mountain View بأميز لوكيشن بالكمبوند علي اللاند سكيب و اللاجون مباشرة,8500000,3,3,140,https://www.dubizzle.com.eg/ad/%D8%B4%D9%82%D8%A9-%D8%A8-%D8%AC%D8%A7%D8%B1%D8%AF%D9%86-%D8%A7%D8%B3%D8%AA%D9%84%D8%A7%D9%85-%D9%81%D9%88%D8%B1%D9%8A-%D8%A8-%D9%85%D8%A7%D9%88%D9%86%D8%AA%D9%86-%D9%81%D9%8A%D9%88-%D8%A7%D9%84%D8%AA%D8%AC%D9%85%D8%B9-mountain-view-%D8%A8%D8%A3%D9%85%D9%8A%D8%B2-%D9%84%D9%88%D9%83%D9%8A%D8%B4%D9%86-%D8%A8%D8%A7%D9%84%D9%83%D9%85%D8%A8%D9%88%D9%86%D8%AF-%D8%B9%D9%84%D9%8A-%D8%A7%D9%84%D9%84%D8%A7%D9%86%D8%AF-%D8%B3%D9%83%D9%8A%D8%A8-%D9%88-%D8%A7%D9%84%D9%84%D8%A7%D8%AC%D9%88%D9%86-%D9%85%D8%A8%D8%A7%D8%B4%D8%B1%D8%A9-ID503903062.html
شقة أرضي بحديقة جاهزة للاستلام للبيع في Bloomfields,7000000,3,2,156,https://www.dubizzle.com.eg/ad/%D8%B4%D9%82%D8%A9-%D8%A3%D8%B1%D8%B6%D9%8A-%D8%A8%D8%AD%D8%AF%D9%8A%D9%82%D8%A9-%D8%AC%D8%A7%D9%87%D8%B2%D8%A9-%D9%84%D9%84%D8%A7%D8%B3%D8%AA%D9%84%D8%A7%D9%85-%D9%84%D9%84%D8%A8%D9%8A%D8%B9-%D9%81%D9%8A-bloomfields-ID503754472.html
بأقل سعر فى الماركت اخر شقة للبيع استلام قريب 115 متر غرفتين فى هايد بارك التجمع الخامس,12000000,2,2,115,https://www.dubizzle.com.eg/ad/%D8%A8%D8%A3%D9%82%D9%84-%D8%B3%D8%B9%D8%B1-%D9%81%D9%89-%D8%A7%D9%84%D9%85%D8%A7%D8%B1%D9%83%D8%AA-%D8%A7%D8%AE%D8%B1-%D8%B4%D9%82%D8%A9-%D9%84%D9%84%D8%A8%D9%8A%D8%B9-%D8%A7%D8%B3%D8%AA%D9%84%D8%A7%D9%85-%D9%82%D8%B1%D9%8A%D8%A8-115-%D9%85%D8%AA%D8%B1-%D8%BA%D8%B1%D9%81%D8%AA%D9%8A%D9%86-%D9%81%D9%89-%D9%87%D8%A7%D9%8A%D8%AF-%D8%A8%D8%A7%D8%B1%D9%83-%D8%A7%D9%84%D8%AA%D8%AC%D9%85%D8%B9-%D8%A7%D9%84%D8%AE%D8%A7%D9%85%D8%B3-ID503903052.html
شقة جاهزة للاستلام للبيع في Bloomfields | 3 غرف | موقع مميز,6350000,3,2,178,https://www.dubizzle.com.eg/ad/%D8%B4%D9%82%D8%A9-%D8%AC%D8%A7%D9%87%D8%B2%D8%A9-%D9%84%D9%84%D8%A7%D8%B3%D8%AA%D9%84%D8%A7%D9%85-%D9%84%D9%84%D8%A8%D9%8A%D8%B9-%D9%81%D9%8A-bloomfields-3-%D8%BA%D8%B1%D9%81-%D9%85%D9%88%D9%82%D8%B9-%D9%85%D9%85%D9%8A%D8%B2-ID503741543.html
شقة بشارع الطيران مدينة نصر- المنطقة الاولي,2950000,2,1,120,https://www.dubizzle.com.eg/ad/%D8%B4%D9%82%D8%A9-%D8%A8%D8%B4%D8%A7%D8%B1%D8%B9-%D8%A7%D9%84%D8%B7%D9%8A%D8%B1%D8%A7%D9%86-%D9%85%D8%AF%D9%8A%D9%86%D8%A9-%D9%86%D8%B5%D8%B1-%D8%A7%D9%84%D9%85%D9%86%D8%B7%D9%82%D8%A9-%D8%A7%D9%84%D8%A7%D9%88%D9%84%D9%8A-ID205932211.html
"2BR Apartment - The Median Compound, 5th Settlement",6040020,2,1,120,https://www.dubizzle.com.eg/ad/2br-apartment-the-median-compound-5th-settlement-ID208628424.html
ارخص 160م للبيع فالرحاب جنب الخدمات,5300000,3,3,160,https://www.dubizzle.com.eg/ad/%D8%A7%D8%B1%D8%AE%D8%B5-160%D9%85-%D9%84%D9%84%D8%A8%D9%8A%D8%B9-%D9%81%D8%A7%D9%84%D8%B1%D8%AD%D8%A7%D8%A8-%D8%AC%D9%86%D8%A8-%D8%A7%D9%84%D8%AE%D8%AF%D9%85%D8%A7%D8%AA-ID503903044.html
للبيع شقة استلام فوري جاهزة للمعاينة و السكن بالجولدن سكوير بالتجمع الخامس بكمبوند جاليريا مون فالي,10900000,3,3,161,https://www.dubizzle.com.eg/ad/%D9%84%D9%84%D8%A8%D9%8A%D8%B9-%D8%B4%D9%82%D8%A9-%D8%A7%D8%B3%D8%AA%D9%84%D8%A7%D9%85-%D9%81%D9%88%D8%B1%D9%8A-%D8%AC%D8%A7%D9%87%D8%B2%D8%A9-%D9%84%D9%84%D9%85%D8%B9%D8%A7%D9%8A%D9%86%D8%A9-%D9%88-%D8%A7%D9%84%D8%B3%D9%83%D9%86-%D8%A8%D8%A7%D9%84%D8%AC%D9%88%D9%84%D8%AF%D9%86-%D8%B3%D9%83%D9%88%D9%8A%D8%B1-%D8%A8%D8%A7%D9%84%D8%AA%D8%AC%D9%85%D8%B9-%D8%A7%D9%84%D8%AE%D8%A7%D9%85%D8%B3-%D8%A8%D9%83%D9%85%D8%A8%D9%88%D9%86%D8%AF-%D8%AC%D8%A7%D9%84%D9%8A%D8%B1%D9%8A%D8%A7-%D9%85%D9%88%D9%86-%D9%81%D8%A7%D9%84%D9%8A-ID503781897.html
شقة للبيع 161 متر في بيت الوطن الحي الثاني التجمع الخامس beit al watan 5th settlement new cairo,3792000,3,2,161,https://www.dubizzle.com.eg/ad/%D8%B4%D9%82%D8%A9-%D9%84%D9%84%D8%A8%D9%8A%D8%B9-161-%D9%85%D8%AA%D8%B1-%D9%81%D9%8A-%D8%A8%D9%8A%D8%AA-%D8%A7%D9%84%D9%88%D8%B7%D9%86-%D8%A7%D9%84%D8%AD%D9%8A-%D8%A7%D9%84%D8%AB%D8%A7%D9%86%D9%8A-%D8%A7%D9%84%D8%AA%D8%AC%D9%85%D8%B9-%D8%A7%D9%84%D8%AE%D8%A7%D9%85%D8%B3-beit-al-watan-5th-settlement-new-cairo-ID503896567.html
فرصة استلام فوري! امتلك شقة 270م بخصم مليون جنيه لفترة محدودة!  |  في بيت الوطن – التجمع الخامس | ناصية بحري وفيو جاردن | تقسيط حتى سنة,3950000,3,3,270,https://www.dubizzle.com.eg/ad/%D9%81%D8%B1%D8%B5%D8%A9-%D8%A7%D8%B3%D8%AA%D9%84%D8%A7%D9%85-%D9%81%D9%88%D8%B1%D9%8A-%D8%A7%D9%85%D8%AA%D9%84%D9%83-%D8%B4%D9%82%D8%A9-270%D9%85-%D8%A8%D8%AE%D8%B5%D9%85-%D9%85%D9%84%D9%8A%D9%88%D9%86-%D8%AC%D9%86%D9%8A%D9%87-%D9%84%D9%81%D8%AA%D8%B1%D8%A9-%D9%85%D8%AD%D8%AF%D9%88%D8%AF%D8%A9-%D9%81%D9%8A-%D8%A8%D9%8A%D8%AA-%D8%A7%D9%84%D9%88%D8%B7%D9%86-%D8%A7%D9%84%D8%AA%D8%AC%D9%85%D8%B9-%D8%A7%D9%84%D8%AE%D8%A7%D9%85%D8%B3-%D9%86%D8%A7%D8%B5%D9%8A%D8%A9-%D8%A8%D8%AD%D8%B1%D9%8A-%D9%88%D9%81%D9%8A%D9%88-%D8%AC%D8%A7%D8%B1%D8%AF%D9%86-%D8%AA%D9%82%D8%B3%D9%8A%D8%B7-%D8%AD%D8%AA%D9%89-%D8%B3%D9%86%D8%A9-ID503669341.html
عاين شقتك قبل التعاقد  وقسط على 3 سنوات امتلك شقة برايم لوكيشن فيو مفتوح خطوات من التسعين الشمالى وطريق السويس الحي التكميلي بيت الوطن,4727000,3,3,155,https://www.dubizzle.com.eg/ad/%D8%B9%D8%A7%D9%8A%D9%86-%D8%B4%D9%82%D8%AA%D9%83-%D9%82%D8%A8%D9%84-%D8%A7%D9%84%D8%AA%D8%B9%D8%A7%D9%82%D8%AF-%D9%88%D9%82%D8%B3%D8%B7-%D8%B9%D9%84%D9%89-3-%D8%B3%D9%86%D9%88%D8%A7%D8%AA-%D8%A7%D9%85%D8%AA%D9%84%D9%83-%D8%B4%D9%82%D8%A9-%D8%A8%D8%B1%D8%A7%D9%8A%D9%85-%D9%84%D9%88%D9%83%D9%8A%D8%B4%D9%86-%D9%81%D9%8A%D9%88-%D9%85%D9%81%D8%AA%D9%88%D8%AD-%D8%AE%D8%B7%D9%88%D8%A7%D8%AA-%D9%85%D9%86-%D8%A7%D9%84%D8%AA%D8%B3%D8%B9%D9%8A%D9%86-%D8%A7%D9%84%D8%B4%D9%85%D8%A7%D9%84%D9%89-%D9%88%D8%B7%D8%B1%D9%8A%D9%82-%D8%A7%D9%84%D8%B3%D9%88%D9%8A%D8%B3-%D8%A7%D9%84%D8%AD%D9%8A-%D8%A7%D9%84%D8%AA%D9%83%D9%85%D9%8A%D9%84%D9%8A-%D8%A8%D9%8A%D8%AA-%D8%A7%D9%84%D9%88%D8%B7%D9%86-ID503278372.html
شقة بكمبوند البارون ١٨١ متر اعلي تشطيبات ممكنة و بجميع التجهيزات,6800000,3,3,181,https://www.dubizzle.com.eg/ad/%D8%B4%D9%82%D8%A9-%D8%A8%D9%83%D9%85%D8%A8%D9%88%D9%86%D8%AF-%D8%A7%D9%84%D8%A8%D8%A7%D8%B1%D9%88%D9%86-%D9%A1%D9%A8%D9%A1-%D9%85%D8%AA%D8%B1-%D8%A7%D8%B9%D9%84%D9%8A-%D8%AA%D8%B4%D8%B7%D9%8A%D8%A8%D8%A7%D8%AA-%D9%85%D9%85%D9%83%D9%86%D8%A9-%D9%88-%D8%A8%D8%AC%D9%85%D9%8A%D8%B9-%D8%A7%D9%84%D8%AA%D8%AC%D9%87%D9%8A%D8%B2%D8%A7%D8%AA-ID207852061.html
شقة للبيع بموقع متميز بحري استلام فوري بجراج في ماونتن فيو آي سيتي القاهرة الجديدة Mountain View ICity New Cairo,6900000,3,3,170,https://www.dubizzle.com.eg/ad/%D8%B4%D9%82%D8%A9-%D9%84%D9%84%D8%A8%D9%8A%D8%B9-%D8%A8%D9%85%D9%88%D9%82%D8%B9-%D9%85%D8%AA%D9%85%D9%8A%D8%B2-%D8%A8%D8%AD%D8%B1%D9%8A-%D8%A7%D8%B3%D8%AA%D9%84%D8%A7%D9%85-%D9%81%D9%88%D8%B1%D9%8A-%D8%A8%D8%AC%D8%B1%D8%A7%D8%AC-%D9%81%D9%8A-%D9%85%D8%A7%D9%88%D9%86%D8%AA%D9%86-%D9%81%D9%8A%D9%88-%D8%A2%D9%8A-%D8%B3%D9%8A%D8%AA%D9%8A-%D8%A7%D9%84%D9%82%D8%A7%D9%87%D8%B1%D8%A9-%D8%A7%D9%84%D8%AC%D8%AF%D9%8A%D8%AF%D8%A9-mountain-view-icity-new-cairo-ID503894407.html
ستوديو للبيع في سنتر فيل هايد بارك استلام فوري بسعر مميز,6500000,1,2,87,https://www.dubizzle.com.eg/ad/%D8%B3%D8%AA%D9%88%D8%AF%D9%8A%D9%88-%D9%84%D9%84%D8%A8%D9%8A%D8%B9-%D9%81%D9%8A-%D8%B3%D9%86%D8%AA%D8%B1-%D9%81%D9%8A%D9%84-%D9%87%D8%A7%D9%8A%D8%AF-%D8%A8%D8%A7%D8%B1%D9%83-%D8%A7%D8%B3%D8%AA%D9%84%D8%A7%D9%85-%D9%81%D9%88%D8%B1%D9%8A-%D8%A8%D8%B3%D8%B9%D8%B1-%D9%85%D9%85%D9%8A%D8%B2-ID503758104.html
ستوديو بحري للبيع في هايد بارك بإطلالة مفتوحة وسعر كاش مميز,6500000,1,2,83,https://www.dubizzle.com.eg/ad/%D8%B3%D8%AA%D9%88%D8%AF%D9%8A%D9%88-%D8%A8%D8%AD%D8%B1%D9%8A-%D9%84%D9%84%D8%A8%D9%8A%D8%B9-%D9%81%D9%8A-%D9%87%D8%A7%D9%8A%D8%AF-%D8%A8%D8%A7%D8%B1%D9%83-%D8%A8%D8%A5%D8%B7%D9%84%D8%A7%D9%84%D8%A9-%D9%85%D9%81%D8%AA%D9%88%D8%AD%D8%A9-%D9%88%D8%B3%D8%B9%D8%B1-%D9%83%D8%A7%D8%B4-%D9%85%D9%85%D9%8A%D8%B2-ID503761684.html
شقة للبيع في هايد بارك سنتر فيل بمساحة 180 متر وموقع مميز,11000000,3,3,180,https://www.dubizzle.com.eg/ad/%D8%B4%D9%82%D8%A9-%D9%84%D9%84%D8%A8%D9%8A%D8%B9-%D9%81%D9%8A-%D9%87%D8%A7%D9%8A%D8%AF-%D8%A8%D8%A7%D8%B1%D9%83-%D8%B3%D9%86%D8%AA%D8%B1-%D9%81%D9%8A%D9%84-%D8%A8%D9%85%D8%B3%D8%A7%D8%AD%D8%A9-180-%D9%85%D8%AA%D8%B1-%D9%88%D9%85%D9%88%D9%82%D8%B9-%D9%85%D9%85%D9%8A%D8%B2-ID503878139.html
شقة للبيع في موقع مميز وفيو رائع مفتوح على مساحات خضراء في كمبوند ايكون بالقاهرة الجديدة,5500000,3,2,155,https://www.dubizzle.com.eg/ad/%D8%B4%D9%82%D8%A9-%D9%84%D9%84%D8%A8%D9%8A%D8%B9-%D9%81%D9%8A-%D9%85%D9%88%D9%82%D8%B9-%D9%85%D9%85%D9%8A%D8%B2-%D9%88%D9%81%D9%8A%D9%88-%D8%B1%D8%A7%D8%A6%D8%B9-%D9%85%D9%81%D8%AA%D9%88%D8%AD-%D8%B9%D9%84%D9%89-%D9%85%D8%B3%D8%A7%D8%AD%D8%A7%D8%AA-%D8%AE%D8%B6%D8%B1%D8%A7%D8%A1-%D9%81%D9%8A-%D9%83%D9%85%D8%A8%D9%88%D9%86%D8%AF-%D8%A7%D9%8A%D9%83%D9%88%D9%86-%D8%A8%D8%A7%D9%84%D9%82%D8%A7%D9%87%D8%B1%D8%A9-%D8%A7%D9%84%D8%AC%D8%AF%D9%8A%D8%AF%D8%A9-ID503893820.html
شقة مع جاردن متشطبه بالكامل للبيع في فيفث سكوير المراسم، القاهرة الجديدة Fifth Square AL Marasem New Cairo,11000000,3,3,160,https://www.dubizzle.com.eg/ad/%D8%B4%D9%82%D8%A9-%D9%85%D8%B9-%D8%AC%D8%A7%D8%B1%D8%AF%D9%86-%D9%85%D8%AA%D8%B4%D8%B7%D8%A8%D9%87-%D8%A8%D8%A7%D9%84%D9%83%D8%A7%D9%85%D9%84-%D9%84%D9%84%D8%A8%D9%8A%D8%B9-%D9%81%D9%8A-%D9%81%D9%8A%D9%81%D8%AB-%D8%B3%D9%83%D9%88%D9%8A%D8%B1-%D8%A7%D9%84%D9%85%D8%B1%D8%A7%D8%B3%D9%85-%D8%A7%D9%84%D9%82%D8%A7%D9%87%D8%B1%D8%A9-%D8%A7%D9%84%D8%AC%D8%AF%D9%8A%D8%AF%D8%A9-fifth-square-al-marasem-new-cairo-ID503895646.html
شقه للبيع في كمبوند ستون ريزدينس استلام فورى  بخصم كاش 25% في التجمع الخامس بفيو لاند اسكيب في قلب القاهرة الجديدة - ستون ريزدينس | Stone Residence,7000000,2,2,155,https://www.dubizzle.com.eg/ad/%D8%B4%D9%82%D9%87-%D9%84%D9%84%D8%A8%D9%8A%D8%B9-%D9%81%D9%8A-%D9%83%D9%85%D8%A8%D9%88%D9%86%D8%AF-%D8%B3%D8%AA%D9%88%D9%86-%D8%B1%D9%8A%D8%B2%D8%AF%D9%8A%D9%86%D8%B3-%D8%A7%D8%B3%D8%AA%D9%84%D8%A7%D9%85-%D9%81%D9%88%D8%B1%D9%89-%D8%A8%D8%AE%D8%B5%D9%85-%D9%83%D8%A7%D8%B4-25-%D9%81%D9%8A-%D8%A7%D9%84%D8%AA%D8%AC%D9%85%D8%B9-%D8%A7%D9%84%D8%AE%D8%A7%D9%85%D8%B3-%D8%A8%D9%81%D9%8A%D9%88-%D9%84%D8%A7%D9%86%D8%AF-%D8%A7%D8%B3%D9%83%D9%8A%D8%A8-%D9%81%D9%8A-%D9%82%D9%84%D8%A8-%D8%A7%D9%84%D9%82%D8%A7%D9%87%D8%B1%D8%A9-%D8%A7%D9%84%D8%AC%D8%AF%D9%8A%D8%AF%D8%A9-%D8%B3%D8%AA%D9%88%D9%86-%D8%B1%D9%8A%D8%B2%D8%AF%D9%8A%D9%86%D8%B3-stone-residence-ID503569147.html
شقه للبيع بخصم كاش 25% استلام فوري في التجمع الخامس بفيو لاند اسكيب في قلب القاهرة الجديدة - ستون ريزدينس | Stone Residence,6800000,2,2,140,https://www.dubizzle.com.eg/ad/%D8%B4%D9%82%D9%87-%D9%84%D9%84%D8%A8%D9%8A%D8%B9-%D8%A8%D8%AE%D8%B5%D9%85-%D9%83%D8%A7%D8%B4-25-%D8%A7%D8%B3%D8%AA%D9%84%D8%A7%D9%85-%D9%81%D9%88%D8%B1%D9%8A-%D9%81%D9%8A-%D8%A7%D9%84%D8%AA%D8%AC%D9%85%D8%B9-%D8%A7%D9%84%D8%AE%D8%A7%D9%85%D8%B3-%D8%A8%D9%81%D9%8A%D9%88-%D9%84%D8%A7%D9%86%D8%AF-%D8%A7%D8%B3%D9%83%D9%8A%D8%A8-%D9%81%D9%8A-%D9%82%D9%84%D8%A8-%D8%A7%D9%84%D9%82%D8%A7%D9%87%D8%B1%D8%A9-%D8%A7%D9%84%D8%AC%D8%AF%D9%8A%D8%AF%D8%A9-%D8%B3%D8%AA%D9%88%D9%86-%D8%B1%D9%8A%D8%B2%D8%AF%D9%8A%D9%86%D8%B3-stone-residence-ID503347916.html
شقه للبيع في شيراتون علي بعد دقايق من مطار القاهره استلام فوري متشطب بالكامل بسعر الكاش او مقدم 11% واقساط علي 10 سنوات | مشروع ستودا الكازار | Stoda,6800000,2,2,134,https://www.dubizzle.com.eg/ad/%D8%B4%D9%82%D9%87-%D9%84%D9%84%D8%A8%D9%8A%D8%B9-%D9%81%D9%8A-%D8%B4%D9%8A%D8%B1%D8%A7%D8%AA%D9%88%D9%86-%D8%B9%D9%84%D9%8A-%D8%A8%D8%B9%D8%AF-%D8%AF%D9%82%D8%A7%D9%8A%D9%82-%D9%85%D9%86-%D9%85%D8%B7%D8%A7%D8%B1-%D8%A7%D9%84%D9%82%D8%A7%D9%87%D8%B1%D9%87-%D8%A7%D8%B3%D8%AA%D9%84%D8%A7%D9%85-%D9%81%D9%88%D8%B1%D9%8A-%D9%85%D8%AA%D8%B4%D8%B7%D8%A8-%D8%A8%D8%A7%D9%84%D9%83%D8%A7%D9%85%D9%84-%D8%A8%D8%B3%D8%B9%D8%B1-%D8%A7%D9%84%D9%83%D8%A7%D8%B4-%D8%A7%D9%88-%D9%85%D9%82%D8%AF%D9%85-11-%D9%88%D8%A7%D9%82%D8%B3%D8%A7%D8%B7-%D8%B9%D9%84%D9%8A-10-%D8%B3%D9%86%D9%88%D8%A7%D8%AA-%D9%85%D8%B4%D8%B1%D9%88%D8%B9-%D8%B3%D8%AA%D9%88%D8%AF%D8%A7-%D8%A7%D9%84%D9%83%D8%A7%D8%B2%D8%A7%D8%B1-stoda-ID503182064.html
شقه للبيع استلام فورى بسعر الكاش ف علي بعد دقايق من مطار القاهره وتشطيب كامل سوبر لوكس بدفع مقدم 11%  واقساط علي 10 سنوات | مشروع ستودا الكازار | Stod,7200000,3,2,150,https://www.dubizzle.com.eg/ad/%D8%B4%D9%82%D9%87-%D9%84%D9%84%D8%A8%D9%8A%D8%B9-%D8%A7%D8%B3%D8%AA%D9%84%D8%A7%D9%85-%D9%81%D9%88%D8%B1%D9%89-%D8%A8%D8%B3%D8%B9%D8%B1-%D8%A7%D9%84%D9%83%D8%A7%D8%B4-%D9%81-%D8%B9%D9%84%D9%8A-%D8%A8%D8%B9%D8%AF-%D8%AF%D9%82%D8%A7%D9%8A%D9%82-%D9%85%D9%86-%D9%85%D8%B7%D8%A7%D8%B1-%D8%A7%D9%84%D9%82%D8%A7%D9%87%D8%B1%D9%87-%D9%88%D8%AA%D8%B4%D8%B7%D9%8A%D8%A8-%D9%83%D8%A7%D9%85%D9%84-%D8%B3%D9%88%D8%A8%D8%B1-%D9%84%D9%88%D9%83%D8%B3-%D8%A8%D8%AF%D9%81%D8%B9-%D9%85%D9%82%D8%AF%D9%85-11-%D9%88%D8%A7%D9%82%D8%B3%D8%A7%D8%B7-%D8%B9%D9%84%D9%8A-10-%D8%B3%D9%86%D9%88%D8%A7%D8%AA-%D9%85%D8%B4%D8%B1%D9%88%D8%B9-%D8%B3%D8%AA%D9%88%D8%AF%D8%A7-%D8%A7%D9%84%D9%83%D8%A7%D8%B2%D8%A7%D8%B1-stod-ID502960604.html
شقه للبيع استلام فوري بسعر الكاش في نيو جاردن سيتي متشطبه بالكامل بالتكيفات | او بمقدم 5% واقساط علي اطول سداد * Garden city *,5700000,2,2,138,https://www.dubizzle.com.eg/ad/%D8%B4%D9%82%D9%87-%D9%84%D9%84%D8%A8%D9%8A%D8%B9-%D8%A7%D8%B3%D8%AA%D9%84%D8%A7%D9%85-%D9%81%D9%88%D8%B1%D9%8A-%D8%A8%D8%B3%D8%B9%D8%B1-%D8%A7%D9%84%D9%83%D8%A7%D8%B4-%D9%81%D9%8A-%D9%86%D9%8A%D9%88-%D8%AC%D8%A7%D8%B1%D8%AF%D9%86-%D8%B3%D9%8A%D8%AA%D9%8A-%D9%85%D8%AA%D8%B4%D8%B7%D8%A8%D9%87-%D8%A8%D8%A7%D9%84%D9%83%D8%A7%D9%85%D9%84-%D8%A8%D8%A7%D9%84%D8%AA%D9%83%D9%8A%D9%81%D8%A7%D8%AA-%D8%A7%D9%88-%D8%A8%D9%85%D9%82%D8%AF%D9%85-5-%D9%88%D8%A7%D9%82%D8%B3%D8%A7%D8%B7-%D8%B9%D9%84%D9%8A-%D8%A7%D8%B7%D9%88%D9%84-%D8%B3%D8%AF%D8%A7%D8%AF-garden-city-ID503664655.html
شقه للبيع في هايد بارك التجمع السادس سور في سور مع زيد ايست | علي بعد دقائق من لافيستا - دفع مقدم 5% واقساط تصل الي 10 سنوات Hyde Park New Cairo,5500000,2,2,100,https://www.dubizzle.com.eg/ad/%D8%B4%D9%82%D9%87-%D9%84%D9%84%D8%A8%D9%8A%D8%B9-%D9%81%D9%8A-%D9%87%D8%A7%D9%8A%D8%AF-%D8%A8%D8%A7%D8%B1%D9%83-%D8%A7%D9%84%D8%AA%D8%AC%D9%85%D8%B9-%D8%A7%D9%84%D8%B3%D8%A7%D8%AF%D8%B3-%D8%B3%D9%88%D8%B1-%D9%81%D9%8A-%D8%B3%D9%88%D8%B1-%D9%85%D8%B9-%D8%B2%D9%8A%D8%AF-%D8%A7%D9%8A%D8%B3%D8%AA-%D8%B9%D9%84%D9%8A-%D8%A8%D8%B9%D8%AF-%D8%AF%D9%82%D8%A7%D8%A6%D9%82-%D9%85%D9%86-%D9%84%D8%A7%D9%81%D9%8A%D8%B3%D8%AA%D8%A7-%D8%AF%D9%81%D8%B9-%D9%85%D9%82%D8%AF%D9%85-5-%D9%88%D8%A7%D9%82%D8%B3%D8%A7%D8%B7-%D8%AA%D8%B5%D9%84-%D8%A7%D9%84%D9%8A-10-%D8%B3%D9%86%D9%88%D8%A7%D8%AA-hyde-park-new-cairo-ID503650912.html
شقه للبيع استلام فوري بسعر الكاش في نيو جاردن سيتي متشطبه بالكامل | او بمقدم 5% مبني علي الطراز الفرنسي * Garden city *,5400000,2,2,124,https://www.dubizzle.com.eg/ad/%D8%B4%D9%82%D9%87-%D9%84%D9%84%D8%A8%D9%8A%D8%B9-%D8%A7%D8%B3%D8%AA%D9%84%D8%A7%D9%85-%D9%81%D9%88%D8%B1%D9%8A-%D8%A8%D8%B3%D8%B9%D8%B1-%D8%A7%D9%84%D9%83%D8%A7%D8%B4-%D9%81%D9%8A-%D9%86%D9%8A%D9%88-%D8%AC%D8%A7%D8%B1%D8%AF%D9%86-%D8%B3%D9%8A%D8%AA%D9%8A-%D9%85%D8%AA%D8%B4%D8%B7%D8%A8%D9%87-%D8%A8%D8%A7%D9%84%D9%83%D8%A7%D9%85%D9%84-%D8%A7%D9%88-%D8%A8%D9%85%D9%82%D8%AF%D9%85-5-%D9%85%D8%A8%D9%86%D9%8A-%D8%B9%D9%84%D9%8A-%D8%A7%D9%84%D8%B7%D8%B1%D8%A7%D8%B2-%D8%A7%D9%84%D9%81%D8%B1%D9%86%D8%B3%D9%8A-garden-city-ID503354865.html
شقه للبيع في قلب العاصمه الاداريه في نيو جاردن سيتي استلام فورى متشطبه بالكامل بسعر الكاش او اقساط حتي 12 سنه Garden city *,6100000,3,3,192,https://www.dubizzle.com.eg/ad/%D8%B4%D9%82%D9%87-%D9%84%D9%84%D8%A8%D9%8A%D8%B9-%D9%81%D9%8A-%D9%82%D9%84%D8%A8-%D8%A7%D9%84%D8%B9%D8%A7%D8%B5%D9%85%D9%87-%D8%A7%D9%84%D8%A7%D8%AF%D8%A7%D8%B1%D9%8A%D9%87-%D9%81%D9%8A-%D9%86%D9%8A%D9%88-%D8%AC%D8%A7%D8%B1%D8%AF%D9%86-%D8%B3%D9%8A%D8%AA%D9%8A-%D8%A7%D8%B3%D8%AA%D9%84%D8%A7%D9%85-%D9%81%D9%88%D8%B1%D9%89-%D9%85%D8%AA%D8%B4%D8%B7%D8%A8%D9%87-%D8%A8%D8%A7%D9%84%D9%83%D8%A7%D9%85%D9%84-%D8%A8%D8%B3%D8%B9%D8%B1-%D8%A7%D9%84%D9%83%D8%A7%D8%B4-%D8%A7%D9%88-%D8%A7%D9%82%D8%B3%D8%A7%D8%B7-%D8%AD%D8%AA%D9%8A-12-%D8%B3%D9%86%D9%87-garden-city-ID503182116.html
للبيع من المالك شقه  ١٢٠م مميزة بمدينة نصر – مكرم عبيد الرئيسي,3150000,2,1,120,https://www.dubizzle.com.eg/ad/%D9%84%D9%84%D8%A8%D9%8A%D8%B9-%D9%85%D9%86-%D8%A7%D9%84%D9%85%D8%A7%D9%84%D9%83-%D8%B4%D9%82%D9%87-%D9%A1%D9%A2%D9%A0%D9%85-%D9%85%D9%85%D9%8A%D8%B2%D8%A9-%D8%A8%D9%85%D8%AF%D9%8A%D9%86%D8%A9-%D9%86%D8%B5%D8%B1-%D9%85%D9%83%D8%B1%D9%85-%D8%B9%D8%A8%D9%8A%D8%AF-%D8%A7%D9%84%D8%B1%D8%A6%D9%8A%D8%B3%D9%8A-ID208272505.html
شقه للبيع في  قلب التجمع الخامس في الجولدن سكوير في كمبوند ايكون مقدم 5%  وقسط علي 10 سنوات مع خصم كاش 35% | * Icon *,4500000,3,3,158,https://www.dubizzle.com.eg/ad/%D8%B4%D9%82%D9%87-%D9%84%D9%84%D8%A8%D9%8A%D8%B9-%D9%81%D9%8A-%D9%82%D9%84%D8%A8-%D8%A7%D9%84%D8%AA%D8%AC%D9%85%D8%B9-%D8%A7%D9%84%D8%AE%D8%A7%D9%85%D8%B3-%D9%81%D9%8A-%D8%A7%D9%84%D8%AC%D9%88%D9%84%D8%AF%D9%86-%D8%B3%D9%83%D9%88%D9%8A%D8%B1-%D9%81%D9%8A-%D9%83%D9%85%D8%A8%D9%88%D9%86%D8%AF-%D8%A7%D9%8A%D9%83%D9%88%D9%86-%D9%85%D9%82%D8%AF%D9%85-5-%D9%88%D9%82%D8%B3%D8%B7-%D8%B9%D9%84%D9%8A-10-%D8%B3%D9%86%D9%88%D8%A7%D8%AA-%D9%85%D8%B9-%D8%AE%D8%B5%D9%85-%D9%83%D8%A7%D8%B4-35-icon-ID503589686.html
شقه للبيع بخصم كاش 50% بالقرب من الجولدن اسكوير والجامعه الامريكيه في كمبوند تاج سيتي بفيو مميز في التجمع الخامس| Taj city,5100000,2,2,114,https://www.dubizzle.com.eg/ad/%D8%B4%D9%82%D9%87-%D9%84%D9%84%D8%A8%D9%8A%D8%B9-%D8%A8%D8%AE%D8%B5%D9%85-%D9%83%D8%A7%D8%B4-50-%D8%A8%D8%A7%D9%84%D9%82%D8%B1%D8%A8-%D9%85%D9%86-%D8%A7%D9%84%D8%AC%D9%88%D9%84%D8%AF%D9%86-%D8%A7%D8%B3%D9%83%D9%88%D9%8A%D8%B1-%D9%88%D8%A7%D9%84%D8%AC%D8%A7%D9%85%D8%B9%D9%87-%D8%A7%D9%84%D8%A7%D9%85%D8%B1%D9%8A%D9%83%D9%8A%D9%87-%D9%81%D9%8A-%D9%83%D9%85%D8%A8%D9%88%D9%86%D8%AF-%D8%AA%D8%A7%D8%AC-%D8%B3%D9%8A%D8%AA%D9%8A-%D8%A8%D9%81%D9%8A%D9%88-%D9%85%D9%85%D9%8A%D8%B2-%D9%81%D9%8A-%D8%A7%D9%84%D8%AA%D8%AC%D9%85%D8%B9-%D8%A7%D9%84%D8%AE%D8%A7%D9%85%D8%B3-taj-city-ID503416891.html
( أستفاد بأكبر خصم ) وأقل سعرشقة لقطة للبيع في كمبوند سراي Sarai و اميز لوكيشن فـ الكمبوند عند مدخل التجمع الخامس بنص السعر,2816000,1,2,79,https://www.dubizzle.com.eg/ad/%D8%A3%D8%B3%D8%AA%D9%81%D8%A7%D8%AF-%D8%A8%D8%A3%D9%83%D8%A8%D8%B1-%D8%AE%D8%B5%D9%85-%D9%88%D8%A3%D9%82%D9%84-%D8%B3%D8%B9%D8%B1%D8%B4%D9%82%D8%A9-%D9%84%D9%82%D8%B7%D8%A9-%D9%84%D9%84%D8%A8%D9%8A%D8%B9-%D9%81%D9%8A-%D9%83%D9%85%D8%A8%D9%88%D9%86%D8%AF-%D8%B3%D8%B1%D8%A7%D9%8A-sarai-%D9%88-%D8%A7%D9%85%D9%8A%D8%B2-%D9%84%D9%88%D9%83%D9%8A%D8%B4%D9%86-%D9%81%D9%80-%D8%A7%D9%84%D9%83%D9%85%D8%A8%D9%88%D9%86%D8%AF-%D8%B9%D9%86%D8%AF-%D9%85%D8%AF%D8%AE%D9%84-%D8%A7%D9%84%D8%AA%D8%AC%D9%85%D8%B9-%D8%A7%D9%84%D8%AE%D8%A7%D9%85%D8%B3-%D8%A8%D9%86%D8%B5-%D8%A7%D9%84%D8%B3%D8%B9%D8%B1-ID503692450.html
أستفاد بالسعر القديم شقة لقطة للبيع بأقل سعر فـ اميز لوكيشن عند مدخل التجمع الخامس فـ كمبوند سراي Sarai بنص سعرها,2316000,1,2,62,https://www.dubizzle.com.eg/ad/%D8%A3%D8%B3%D8%AA%D9%81%D8%A7%D8%AF-%D8%A8%D8%A7%D9%84%D8%B3%D8%B9%D8%B1-%D8%A7%D9%84%D9%82%D8%AF%D9%8A%D9%85-%D8%B4%D9%82%D8%A9-%D9%84%D9%82%D8%B7%D8%A9-%D9%84%D9%84%D8%A8%D9%8A%D8%B9-%D8%A8%D8%A3%D9%82%D9%84-%D8%B3%D8%B9%D8%B1-%D9%81%D9%80-%D8%A7%D9%85%D9%8A%D8%B2-%D9%84%D9%88%D9%83%D9%8A%D8%B4%D9%86-%D8%B9%D9%86%D8%AF-%D9%85%D8%AF%D8%AE%D9%84-%D8%A7%D9%84%D8%AA%D8%AC%D9%85%D8%B9-%D8%A7%D9%84%D8%AE%D8%A7%D9%85%D8%B3-%D9%81%D9%80-%D9%83%D9%85%D8%A8%D9%88%D9%86%D8%AF-%D8%B3%D8%B1%D8%A7%D9%8A-sarai-%D8%A8%D9%86%D8%B5-%D8%B3%D8%B9%D8%B1%D9%87%D8%A7-ID503565362.html
شقه للبيع 3 غرف في التجمع الخامس في تاج ستي بسعر الكاش او قسط علي 12 سنه دفع بدون مقدم 0%  مع شركه مدينه مصر | القاهره الجديدة  |  taj cit,6450000,3,3,132,https://www.dubizzle.com.eg/ad/%D8%B4%D9%82%D9%87-%D9%84%D9%84%D8%A8%D9%8A%D8%B9-3-%D8%BA%D8%B1%D9%81-%D9%81%D9%8A-%D8%A7%D9%84%D8%AA%D8%AC%D9%85%D8%B9-%D8%A7%D9%84%D8%AE%D8%A7%D9%85%D8%B3-%D9%81%D9%8A-%D8%AA%D8%A7%D8%AC-%D8%B3%D8%AA%D9%8A-%D8%A8%D8%B3%D8%B9%D8%B1-%D8%A7%D9%84%D9%83%D8%A7%D8%B4-%D8%A7%D9%88-%D9%82%D8%B3%D8%B7-%D8%B9%D9%84%D9%8A-12-%D8%B3%D9%86%D9%87-%D8%AF%D9%81%D8%B9-%D8%A8%D8%AF%D9%88%D9%86-%D9%85%D9%82%D8%AF%D9%85-0-%D9%85%D8%B9-%D8%B4%D8%B1%D9%83%D9%87-%D9%85%D8%AF%D9%8A%D9%86%D9%87-%D9%85%D8%B5%D8%B1-%D8%A7%D9%84%D9%82%D8%A7%D9%87%D8%B1%D9%87-%D8%A7%D9%84%D8%AC%D8%AF%D9%8A%D8%AF%D8%A9-taj-cit-ID503338632.html
باقل سعر و اميز لوكيشين شقه 2 غرفه للبيع باقساط بكمبوند ليك فيو ريزدنيس 2 الجولدن سكوير,9705000,2,2,133,https://www.dubizzle.com.eg/ad/%D8%A8%D8%A7%D9%82%D9%84-%D8%B3%D8%B9%D8%B1-%D9%88-%D8%A7%D9%85%D9%8A%D8%B2-%D9%84%D9%88%D9%83%D9%8A%D8%B4%D9%8A%D9%86-%D8%B4%D9%82%D9%87-2-%D8%BA%D8%B1%D9%81%D9%87-%D9%84%D9%84%D8%A8%D9%8A%D8%B9-%D8%A8%D8%A7%D9%82%D8%B3%D8%A7%D8%B7-%D8%A8%D9%83%D9%85%D8%A8%D9%88%D9%86%D8%AF-%D9%84%D9%8A%D9%83-%D9%81%D9%8A%D9%88-%D8%B1%D9%8A%D8%B2%D8%AF%D9%86%D9%8A%D8%B3-2-%D8%A7%D9%84%D8%AC%D9%88%D9%84%D8%AF%D9%86-%D8%B3%D9%83%D9%88%D9%8A%D8%B1-ID503890551.html
شقة للبيع بخصم 50 % عند الدفع ف لوكيشن مميز على امتداد شارع الثوره فى ( مصر الجديدة ),4000000,3,3,156,https://www.dubizzle.com.eg/ad/%D8%B4%D9%82%D8%A9-%D9%84%D9%84%D8%A8%D9%8A%D8%B9-%D8%A8%D8%AE%D8%B5%D9%85-50-%D8%B9%D9%86%D8%AF-%D8%A7%D9%84%D8%AF%D9%81%D8%B9-%D9%81-%D9%84%D9%88%D9%83%D9%8A%D8%B4%D9%86-%D9%85%D9%85%D9%8A%D8%B2-%D8%B9%D9%84%D9%89-%D8%A7%D9%85%D8%AA%D8%AF%D8%A7%D8%AF-%D8%B4%D8%A7%D8%B1%D8%B9-%D8%A7%D9%84%D8%AB%D9%88%D8%B1%D9%87-%D9%81%D9%89-%D9%85%D8%B5%D8%B1-%D8%A7%D9%84%D8%AC%D8%AF%D9%8A%D8%AF%D8%A9-ID503761954.html
شقه مميزه للبيع بخصم 50 % فيو مميز جدا على لاند سكيب على امتداد ( التجمع الخامس ),3450000,3,3,147,https://www.dubizzle.com.eg/ad/%D8%B4%D9%82%D9%87-%D9%85%D9%85%D9%8A%D8%B2%D9%87-%D9%84%D9%84%D8%A8%D9%8A%D8%B9-%D8%A8%D8%AE%D8%B5%D9%85-50-%D9%81%D9%8A%D9%88-%D9%85%D9%85%D9%8A%D8%B2-%D8%AC%D8%AF%D8%A7-%D8%B9%D9%84%D9%89-%D9%84%D8%A7%D9%86%D8%AF-%D8%B3%D9%83%D9%8A%D8%A8-%D8%B9%D9%84%D9%89-%D8%A7%D9%85%D8%AA%D8%AF%D8%A7%D8%AF-%D8%A7%D9%84%D8%AA%D8%AC%D9%85%D8%B9-%D8%A7%D9%84%D8%AE%D8%A7%D9%85%D8%B3-ID503340516.html
شقة بأميز كومباوند في شيراتون مصر الجديدة دقائق من مول سيتي سنتر الماظة ومطار القاهرة الدولي,6800000,2,1,110,https://www.dubizzle.com.eg/ad/%D8%B4%D9%82%D8%A9-%D8%A8%D8%A3%D9%85%D9%8A%D8%B2-%D9%83%D9%88%D9%85%D8%A8%D8%A7%D9%88%D9%86%D8%AF-%D9%81%D9%8A-%D8%B4%D9%8A%D8%B1%D8%A7%D8%AA%D9%88%D9%86-%D9%85%D8%B5%D8%B1-%D8%A7%D9%84%D8%AC%D8%AF%D9%8A%D8%AF%D8%A9-%D8%AF%D9%82%D8%A7%D8%A6%D9%82-%D9%85%D9%86-%D9%85%D9%88%D9%84-%D8%B3%D9%8A%D8%AA%D9%8A-%D8%B3%D9%86%D8%AA%D8%B1-%D8%A7%D9%84%D9%85%D8%A7%D8%B8%D8%A9-%D9%88%D9%85%D8%B7%D8%A7%D8%B1-%D8%A7%D9%84%D9%82%D8%A7%D9%87%D8%B1%D8%A9-%D8%A7%D9%84%D8%AF%D9%88%D9%84%D9%8A-ID503287937.html
شقة لقطة للبيع في زهراء المعادي بسعر مش هيتكرر تاني جمب كارفور المعادي,3400000,3,3,115,https://www.dubizzle.com.eg/ad/%D8%B4%D9%82%D8%A9-%D9%84%D9%82%D8%B7%D8%A9-%D9%84%D9%84%D8%A8%D9%8A%D8%B9-%D9%81%D9%8A-%D8%B2%D9%87%D8%B1%D8%A7%D8%A1-%D8%A7%D9%84%D9%85%D8%B9%D8%A7%D8%AF%D9%8A-%D8%A8%D8%B3%D8%B9%D8%B1-%D9%85%D8%B4-%D9%87%D9%8A%D8%AA%D9%83%D8%B1%D8%B1-%D8%AA%D8%A7%D9%86%D9%8A-%D8%AC%D9%85%D8%A8-%D9%83%D8%A7%D8%B1%D9%81%D9%88%D8%B1-%D8%A7%D9%84%D9%85%D8%B9%D8%A7%D8%AF%D9%8A-ID503724644.html
شقة بافضل سعر للبيع في بيت الوطن التجمع الخامس ٣ غرف بالقسط,3700000,3,3,150,https://www.dubizzle.com.eg/ad/%D8%B4%D9%82%D8%A9-%D8%A8%D8%A7%D9%81%D8%B6%D9%84-%D8%B3%D8%B9%D8%B1-%D9%84%D9%84%D8%A8%D9%8A%D8%B9-%D9%81%D9%8A-%D8%A8%D9%8A%D8%AA-%D8%A7%D9%84%D9%88%D8%B7%D9%86-%D8%A7%D9%84%D8%AA%D8%AC%D9%85%D8%B9-%D8%A7%D9%84%D8%AE%D8%A7%D9%85%D8%B3-%D9%A3-%D8%BA%D8%B1%D9%81-%D8%A8%D8%A7%D9%84%D9%82%D8%B3%D8%B7-ID503705356.html
للصفوة شقة للبيع فى مدينتى 175م ألترالوكس فيو جاردن - B1,11500000,3,3,175,https://www.dubizzle.com.eg/ad/%D9%84%D9%84%D8%B5%D9%81%D9%88%D8%A9-%D8%B4%D9%82%D8%A9-%D9%84%D9%84%D8%A8%D9%8A%D8%B9-%D9%81%D9%89-%D9%85%D8%AF%D9%8A%D9%86%D8%AA%D9%89-175%D9%85-%D8%A3%D9%84%D8%AA%D8%B1%D8%A7%D9%84%D9%88%D9%83%D8%B3-%D9%81%D9%8A%D9%88-%D8%AC%D8%A7%D8%B1%D8%AF%D9%86-b1-ID503903031.html
شقه للبيع 250م المربع الذهبي بين عباس ومكرم - مدينة نصر                                                                                              .,8500000,4,2,250,https://www.dubizzle.com.eg/ad/%D8%B4%D9%82%D9%87-%D9%84%D9%84%D8%A8%D9%8A%D8%B9-250%D9%85-%D8%A7%D9%84%D9%85%D8%B1%D8%A8%D8%B9-%D8%A7%D9%84%D8%B0%D9%87%D8%A8%D9%8A-%D8%A8%D9%8A%D9%86-%D8%B9%D8%A8%D8%A7%D8%B3-%D9%88%D9%85%D9%83%D8%B1%D9%85-%D9%85%D8%AF%D9%8A%D9%86%D8%A9-%D9%86%D8%B5%D8%B1-ID503903043.html
شقة للبيع استلام فوري بفيو مميز بأقل من سعر السوق 3 غرف في Taj City بالقرب من مطار القاهرة الدولي وطريق السويس ريسيل,6950000,3,3,146,https://www.dubizzle.com.eg/ad/%D8%B4%D9%82%D8%A9-%D9%84%D9%84%D8%A8%D9%8A%D8%B9-%D8%A7%D8%B3%D8%AA%D9%84%D8%A7%D9%85-%D9%81%D9%88%D8%B1%D9%8A-%D8%A8%D9%81%D9%8A%D9%88-%D9%85%D9%85%D9%8A%D8%B2-%D8%A8%D8%A3%D9%82%D9%84-%D9%85%D9%86-%D8%B3%D8%B9%D8%B1-%D8%A7%D9%84%D8%B3%D9%88%D9%82-3-%D8%BA%D8%B1%D9%81-%D9%81%D9%8A-taj-city-%D8%A8%D8%A7%D9%84%D9%82%D8%B1%D8%A8-%D9%85%D9%86-%D9%85%D8%B7%D8%A7%D8%B1-%D8%A7%D9%84%D9%82%D8%A7%D9%87%D8%B1%D8%A9-%D8%A7%D9%84%D8%AF%D9%88%D9%84%D9%8A-%D9%88%D8%B7%D8%B1%D9%8A%D9%82-%D8%A7%D9%84%D8%B3%D9%88%D9%8A%D8%B3-%D8%B1%D9%8A%D8%B3%D9%8A%D9%84-ID503903040.html
Penthouse sodic villette 277 m2,28000000,5,5,277,https://www.dubizzle.com.eg/ad/penthouse-sodic-villette-277-m2-ID207965545.html
شقة 180م / متشطبة / للبيع بالتقسيط على 10 سنين امام اوبن اير مدينتي _ القاهرة شقه _,7500000,3,3,180,https://www.dubizzle.com.eg/ad/%D8%B4%D9%82%D8%A9-180%D9%85-%D9%85%D8%AA%D8%B4%D8%B7%D8%A8%D8%A9-%D9%84%D9%84%D8%A8%D9%8A%D8%B9-%D8%A8%D8%A7%D9%84%D8%AA%D9%82%D8%B3%D9%8A%D8%B7-%D8%B9%D9%84%D9%89-10-%D8%B3%D9%86%D9%8A%D9%86-%D8%A7%D9%85%D8%A7%D9%85-%D8%A7%D9%88%D8%A8%D9%86-%D8%A7%D9%8A%D8%B1-%D9%85%D8%AF%D9%8A%D9%86%D8%AA%D9%8A-_-%D8%A7%D9%84%D9%82%D8%A7%D9%87%D8%B1%D8%A9-%D8%B4%D9%82%D9%87-ID503903022.html
مساحة الشقة ١٥٧ متر في الدور الأول، عفش جديد، تكييفات، شاملة ٣ حجرات نوم، تطل على الحدائق، مطبخ مفتوح امريكاني شامل جميع المستلزمات، عدد ٢ انتريه مستو,9000000,3,3,157,https://www.dubizzle.com.eg/ad/%D9%85%D8%B3%D8%A7%D8%AD%D8%A9-%D8%A7%D9%84%D8%B4%D9%82%D8%A9-%D9%A1%D9%A5%D9%A7-%D9%85%D8%AA%D8%B1-%D9%81%D9%8A-%D8%A7%D9%84%D8%AF%D9%88%D8%B1-%D8%A7%D9%84%D8%A3%D9%88%D9%84-%D8%B9%D9%81%D8%B4-%D8%AC%D8%AF%D9%8A%D8%AF-%D8%AA%D9%83%D9%8A%D9%8A%D9%81%D8%A7%D8%AA-%D8%B4%D8%A7%D9%85%D9%84%D8%A9-%D9%A3-%D8%AD%D8%AC%D8%B1%D8%A7%D8%AA-%D9%86%D9%88%D9%85-%D8%AA%D8%B7%D9%84-%D8%B9%D9%84%D9%89-%D8%A7%D9%84%D8%AD%D8%AF%D8%A7%D8%A6%D9%82-%D9%85%D8%B7%D8%A8%D8%AE-%D9%85%D9%81%D8%AA%D9%88%D8%AD-%D8%A7%D9%85%D8%B1%D9%8A%D9%83%D8%A7%D9%86%D9%8A-%D8%B4%D8%A7%D9%85%D9%84-%D8%AC%D9%85%D9%8A%D8%B9-%D8%A7%D9%84%D9%85%D8%B3%D8%AA%D9%84%D8%B2%D9%85%D8%A7%D8%AA-%D8%B9%D8%AF%D8%AF-%D9%A2-%D8%A7%D9%86%D8%AA%D8%B1%D9%8A%D9%87-%D9%85%D8%B3%D8%AA%D9%88-ID503683059.html
شقه أرضى مع بيزمنت هديه (فيلا) فى كمباوند امام  كمباوند الجوهره وBUE,7500000,6,4,320,https://www.dubizzle.com.eg/ad/%D8%B4%D9%82%D9%87-%D8%A3%D8%B1%D8%B6%D9%89-%D9%85%D8%B9-%D8%A8%D9%8A%D8%B2%D9%85%D9%86%D8%AA-%D9%87%D8%AF%D9%8A%D9%87-%D9%81%D9%8A%D9%84%D8%A7-%D9%81%D9%89-%D9%83%D9%85%D8%A8%D8%A7%D9%88%D9%86%D8%AF-%D8%A7%D9%85%D8%A7%D9%85-%D9%83%D9%85%D8%A8%D8%A7%D9%88%D9%86%D8%AF-%D8%A7%D9%84%D8%AC%D9%88%D9%87%D8%B1%D9%87-%D9%88bue-ID203038269.html
شقة استلام فوري كومبوند المعادي هايتس,4700000,3,3,154,https://www.dubizzle.com.eg/ad/%D8%B4%D9%82%D8%A9-%D8%A7%D8%B3%D8%AA%D9%84%D8%A7%D9%85-%D9%81%D9%88%D8%B1%D9%8A-%D9%83%D9%88%D9%85%D8%A8%D9%88%D9%86%D8%AF-%D8%A7%D9%84%D9%85%D8%B9%D8%A7%D8%AF%D9%8A-%D9%87%D8%A7%D9%8A%D8%AA%D8%B3-ID503903027.html
شقة للبيع متشطبة بخصم كاش 35% فى كمبوند مايان التجمع الأول امام الرحاب و حسن علام القاهة الجديدة - Mayan compound,5590000,2,1,98,https://www.dubizzle.com.eg/ad/%D8%B4%D9%82%D8%A9-%D9%84%D9%84%D8%A8%D9%8A%D8%B9-%D9%85%D8%AA%D8%B4%D8%B7%D8%A8%D8%A9-%D8%A8%D8%AE%D8%B5%D9%85-%D9%83%D8%A7%D8%B4-35-%D9%81%D9%89-%D9%83%D9%85%D8%A8%D9%88%D9%86%D8%AF-%D9%85%D8%A7%D9%8A%D8%A7%D9%86-%D8%A7%D9%84%D8%AA%D8%AC%D9%85%D8%B9-%D8%A7%D9%84%D8%A3%D9%88%D9%84-%D8%A7%D9%85%D8%A7%D9%85-%D8%A7%D9%84%D8%B1%D8%AD%D8%A7%D8%A8-%D9%88-%D8%AD%D8%B3%D9%86-%D8%B9%D9%84%D8%A7%D9%85-%D8%A7%D9%84%D9%82%D8%A7%D9%87%D8%A9-%D8%A7%D9%84%D8%AC%D8%AF%D9%8A%D8%AF%D8%A9-mayan-compound-ID503737130.html
شقة للبيع متشطبة بالتكيفات فيو على لاجون فى كمبوند الجار الشروق جمب ( مدينتي )  قسط على 7 سنين,3650000,1,1,66,https://www.dubizzle.com.eg/ad/%D8%B4%D9%82%D8%A9-%D9%84%D9%84%D8%A8%D9%8A%D8%B9-%D9%85%D8%AA%D8%B4%D8%B7%D8%A8%D8%A9-%D8%A8%D8%A7%D9%84%D8%AA%D9%83%D9%8A%D9%81%D8%A7%D8%AA-%D9%81%D9%8A%D9%88-%D8%B9%D9%84%D9%89-%D9%84%D8%A7%D8%AC%D9%88%D9%86-%D9%81%D9%89-%D9%83%D9%85%D8%A8%D9%88%D9%86%D8%AF-%D8%A7%D9%84%D8%AC%D8%A7%D8%B1-%D8%A7%D9%84%D8%B4%D8%B1%D9%88%D9%82-%D8%AC%D9%85%D8%A8-%D9%85%D8%AF%D9%8A%D9%86%D8%AA%D9%8A-%D9%82%D8%B3%D8%B7-%D8%B9%D9%84%D9%89-7-%D8%B3%D9%86%D9%8A%D9%86-ID503592931.html
شقة للبيع فيو لاجون متشطبة فيو على حمام سباحة فى كمبوند فالورى شيراتون قسط على 4 سنين (  valore sheraton ) aljar - مصر الجديدة امام المطار,9500000,3,2,151,https://www.dubizzle.com.eg/ad/%D8%B4%D9%82%D8%A9-%D9%84%D9%84%D8%A8%D9%8A%D8%B9-%D9%81%D9%8A%D9%88-%D9%84%D8%A7%D8%AC%D9%88%D9%86-%D9%85%D8%AA%D8%B4%D8%B7%D8%A8%D8%A9-%D9%81%D9%8A%D9%88-%D8%B9%D9%84%D9%89-%D8%AD%D9%85%D8%A7%D9%85-%D8%B3%D8%A8%D8%A7%D8%AD%D8%A9-%D9%81%D9%89-%D9%83%D9%85%D8%A8%D9%88%D9%86%D8%AF-%D9%81%D8%A7%D9%84%D9%88%D8%B1%D9%89-%D8%B4%D9%8A%D8%B1%D8%A7%D8%AA%D9%88%D9%86-%D9%82%D8%B3%D8%B7-%D8%B9%D9%84%D9%89-4-%D8%B3%D9%86%D9%8A%D9%86-valore-sheraton-aljar-%D9%85%D8%B5%D8%B1-%D8%A7%D9%84%D8%AC%D8%AF%D9%8A%D8%AF%D8%A9-%D8%A7%D9%85%D8%A7%D9%85-%D8%A7%D9%84%D9%85%D8%B7%D8%A7%D8%B1-ID503294253.html
شقة للبيع بخصم ٥٠٪؜ لفترة محدودة فى كمبوند تاج سيتى امام المطار | تاج سيتي | taj city,6066000,3,2,132,https://www.dubizzle.com.eg/ad/%D8%B4%D9%82%D8%A9-%D9%84%D9%84%D8%A8%D9%8A%D8%B9-%D8%A8%D8%AE%D8%B5%D9%85-%D9%A5%D9%A0-%D9%84%D9%81%D8%AA%D8%B1%D8%A9-%D9%85%D8%AD%D8%AF%D9%88%D8%AF%D8%A9-%D9%81%D9%89-%D9%83%D9%85%D8%A8%D9%88%D9%86%D8%AF-%D8%AA%D8%A7%D8%AC-%D8%B3%D9%8A%D8%AA%D9%89-%D8%A7%D9%85%D8%A7%D9%85-%D8%A7%D9%84%D9%85%D8%B7%D8%A7%D8%B1-%D8%AA%D8%A7%D8%AC-%D8%B3%D9%8A%D8%AA%D9%8A-taj-city-ID503217230.html
روك فيرا كمبوند القاهره الجديدة,16051583,3,2,234,https://www.dubizzle.com.eg/ad/%D8%B1%D9%88%D9%83-%D9%81%D9%8A%D8%B1%D8%A7-%D9%83%D9%85%D8%A8%D9%88%D9%86%D8%AF-%D8%A7%D9%84%D9%82%D8%A7%D9%87%D8%B1%D9%87-%D8%A7%D9%84%D8%AC%D8%AF%D9%8A%D8%AF%D8%A9-ID503903024.html
شقة ارضي مع حديقة  للبيع  موقع مميز جدا بإطلالة مفتوحة و بحري في هايد بارك - Hyde park new cairo,15381500,3,3,159,https://www.dubizzle.com.eg/ad/%D8%B4%D9%82%D8%A9-%D8%A7%D8%B1%D8%B6%D9%8A-%D9%85%D8%B9-%D8%AD%D8%AF%D9%8A%D9%82%D8%A9-%D9%84%D9%84%D8%A8%D9%8A%D8%B9-%D9%85%D9%88%D9%82%D8%B9-%D9%85%D9%85%D9%8A%D8%B2-%D8%AC%D8%AF%D8%A7-%D8%A8%D8%A5%D8%B7%D9%84%D8%A7%D9%84%D8%A9-%D9%85%D9%81%D8%AA%D9%88%D8%AD%D8%A9-%D9%88-%D8%A8%D8%AD%D8%B1%D9%8A-%D9%81%D9%8A-%D9%87%D8%A7%D9%8A%D8%AF-%D8%A8%D8%A7%D8%B1%D9%83-hyde-park-new-cairo-ID503269610.html
بمقدم وتكملة أقساط شقة جاردن للبيع بأقل من سعر الشركة ريسيل 2 غرف في بلوم فيلدز Bloomfields المستقبل سيتي بجوار مدينتي وسراي,4020000,2,3,125,https://www.dubizzle.com.eg/ad/%D8%A8%D9%85%D9%82%D8%AF%D9%85-%D9%88%D8%AA%D9%83%D9%85%D9%84%D8%A9-%D8%A3%D9%82%D8%B3%D8%A7%D8%B7-%D8%B4%D9%82%D8%A9-%D8%AC%D8%A7%D8%B1%D8%AF%D9%86-%D9%84%D9%84%D8%A8%D9%8A%D8%B9-%D8%A8%D8%A3%D9%82%D9%84-%D9%85%D9%86-%D8%B3%D8%B9%D8%B1-%D8%A7%D9%84%D8%B4%D8%B1%D9%83%D8%A9-%D8%B1%D9%8A%D8%B3%D9%8A%D9%84-2-%D8%BA%D8%B1%D9%81-%D9%81%D9%8A-%D8%A8%D9%84%D9%88%D9%85-%D9%81%D9%8A%D9%84%D8%AF%D8%B2-bloomfields-%D8%A7%D9%84%D9%85%D8%B3%D8%AA%D9%82%D8%A8%D9%84-%D8%B3%D9%8A%D8%AA%D9%8A-%D8%A8%D8%AC%D9%88%D8%A7%D8%B1-%D9%85%D8%AF%D9%8A%D9%86%D8%AA%D9%8A-%D9%88%D8%B3%D8%B1%D8%A7%D9%8A-ID503902967.html
بأقل مقدم وقسط لحد 14 سنه استلم شقه 130 م 2 غرف في ماونتن فيو اى سيتي في قلب الجولدن سكوير التجمع الخامس القاهره الجديده او استفيد بخصم في حاله الكاش,6500000,2,2,130,https://www.dubizzle.com.eg/ad/%D8%A8%D8%A3%D9%82%D9%84-%D9%85%D9%82%D8%AF%D9%85-%D9%88%D9%82%D8%B3%D8%B7-%D9%84%D8%AD%D8%AF-14-%D8%B3%D9%86%D9%87-%D8%A7%D8%B3%D8%AA%D9%84%D9%85-%D8%B4%D9%82%D9%87-130-%D9%85-2-%D8%BA%D8%B1%D9%81-%D9%81%D9%8A-%D9%85%D8%A7%D9%88%D9%86%D8%AA%D9%86-%D9%81%D9%8A%D9%88-%D8%A7%D9%89-%D8%B3%D9%8A%D8%AA%D9%8A-%D9%81%D9%8A-%D9%82%D9%84%D8%A8-%D8%A7%D9%84%D8%AC%D9%88%D9%84%D8%AF%D9%86-%D8%B3%D9%83%D9%88%D9%8A%D8%B1-%D8%A7%D9%84%D8%AA%D8%AC%D9%85%D8%B9-%D8%A7%D9%84%D8%AE%D8%A7%D9%85%D8%B3-%D8%A7%D9%84%D9%82%D8%A7%D9%87%D8%B1%D9%87-%D8%A7%D9%84%D8%AC%D8%AF%D9%8A%D8%AF%D9%87-%D8%A7%D9%88-%D8%A7%D8%B3%D8%AA%D9%81%D9%8A%D8%AF-%D8%A8%D8%AE%D8%B5%D9%85-%D9%81%D9%8A-%D8%AD%D8%A7%D9%84%D9%87-%D8%A7%D9%84%D9%83%D8%A7%D8%B4-ID503895552.html
اقل من سعر السوق شقة ارضي بجاردن متشطبة في كمبوند jayd,7400000,3,3,140,https://www.dubizzle.com.eg/ad/%D8%A7%D9%82%D9%84-%D9%85%D9%86-%D8%B3%D8%B9%D8%B1-%D8%A7%D9%84%D8%B3%D9%88%D9%82-%D8%B4%D9%82%D8%A9-%D8%A7%D8%B1%D8%B6%D9%8A-%D8%A8%D8%AC%D8%A7%D8%B1%D8%AF%D9%86-%D9%85%D8%AA%D8%B4%D8%B7%D8%A8%D8%A9-%D9%81%D9%8A-%D9%83%D9%85%D8%A8%D9%88%D9%86%D8%AF-jayd-ID503862200.html
شقه 3 غرف بخصم 25% وتقسيط علي 12 سنه في كمبوند ضفاف,4100000,3,3,155,https://www.dubizzle.com.eg/ad/%D8%B4%D9%82%D9%87-3-%D8%BA%D8%B1%D9%81-%D8%A8%D8%AE%D8%B5%D9%85-25-%D9%88%D8%AA%D9%82%D8%B3%D9%8A%D8%B7-%D8%B9%D9%84%D9%8A-12-%D8%B3%D9%86%D9%87-%D9%81%D9%8A-%D9%83%D9%85%D8%A8%D9%88%D9%86%D8%AF-%D8%B6%D9%81%D8%A7%D9%81-ID503895217.html
شقة متشطبه بالكامل و تكيفات للبيع في المراسم، فيفث سكوير، القاهرة الجديدة AlMarasem Fifth Square New Cairo,13200000,3,3,170,https://www.dubizzle.com.eg/ad/%D8%B4%D9%82%D8%A9-%D9%85%D8%AA%D8%B4%D8%B7%D8%A8%D9%87-%D8%A8%D8%A7%D9%84%D9%83%D8%A7%D9%85%D9%84-%D9%88-%D8%AA%D9%83%D9%8A%D9%81%D8%A7%D8%AA-%D9%84%D9%84%D8%A8%D9%8A%D8%B9-%D9%81%D9%8A-%D8%A7%D9%84%D9%85%D8%B1%D8%A7%D8%B3%D9%85-%D9%81%D9%8A%D9%81%D8%AB-%D8%B3%D9%83%D9%88%D9%8A%D8%B1-%D8%A7%D9%84%D9%82%D8%A7%D9%87%D8%B1%D8%A9-%D8%A7%D9%84%D8%AC%D8%AF%D9%8A%D8%AF%D8%A9-almarasem-fifth-square-new-cairo-ID503895495.html
اقل سعر شقه  باحسن تشطيب و بالفرش و الجهزه في فيليچ جيت بالم هيلزvillage gate,6050000,1,1,90,https://www.dubizzle.com.eg/ad/%D8%A7%D9%82%D9%84-%D8%B3%D8%B9%D8%B1-%D8%B4%D9%82%D9%87-%D8%A8%D8%A7%D8%AD%D8%B3%D9%86-%D8%AA%D8%B4%D8%B7%D9%8A%D8%A8-%D9%88-%D8%A8%D8%A7%D9%84%D9%81%D8%B1%D8%B4-%D9%88-%D8%A7%D9%84%D8%AC%D9%87%D8%B2%D9%87-%D9%81%D9%8A-%D9%81%D9%8A%D9%84%D9%8A%DA%86-%D8%AC%D9%8A%D8%AA-%D8%A8%D8%A7%D9%84%D9%85-%D9%87%D9%8A%D9%84%D8%B2village-gate-ID503718451.html
اقل سعر شقه متشطبه الترا سوبر لوكس جاهزه للسكن فيو لاجون للبيع بتسهيلات في كمبوند ليك فيو ريزيدنس,10200000,2,2,144,https://www.dubizzle.com.eg/ad/%D8%A7%D9%82%D9%84-%D8%B3%D8%B9%D8%B1-%D8%B4%D9%82%D9%87-%D9%85%D8%AA%D8%B4%D8%B7%D8%A8%D9%87-%D8%A7%D9%84%D8%AA%D8%B1%D8%A7-%D8%B3%D9%88%D8%A8%D8%B1-%D9%84%D9%88%D9%83%D8%B3-%D8%AC%D8%A7%D9%87%D8%B2%D9%87-%D9%84%D9%84%D8%B3%D9%83%D9%86-%D9%81%D9%8A%D9%88-%D9%84%D8%A7%D8%AC%D9%88%D9%86-%D9%84%D9%84%D8%A8%D9%8A%D8%B9-%D8%A8%D8%AA%D8%B3%D9%87%D9%8A%D9%84%D8%A7%D8%AA-%D9%81%D9%8A-%D9%83%D9%85%D8%A8%D9%88%D9%86%D8%AF-%D9%84%D9%8A%D9%83-%D9%81%D9%8A%D9%88-%D8%B1%D9%8A%D8%B2%D9%8A%D8%AF%D9%86%D8%B3-ID503433677.html
للبيع شقة بنتهاوس فندقي  in  sodic villette    في اميز موقع تطل علي اللاندسكيب و واتر فيتشرز في كومبوند سوديك ڤيليت,26004884,3,3,205,https://www.dubizzle.com.eg/ad/%D9%84%D9%84%D8%A8%D9%8A%D8%B9-%D8%B4%D9%82%D8%A9-%D8%A8%D9%86%D8%AA%D9%87%D8%A7%D9%88%D8%B3-%D9%81%D9%86%D8%AF%D9%82%D9%8A-in-sodic-villette-%D9%81%D9%8A-%D8%A7%D9%85%D9%8A%D8%B2-%D9%85%D9%88%D9%82%D8%B9-%D8%AA%D8%B7%D9%84-%D8%B9%D9%84%D9%8A-%D8%A7%D9%84%D9%84%D8%A7%D9%86%D8%AF%D8%B3%D9%83%D9%8A%D8%A8-%D9%88-%D9%88%D8%A7%D8%AA%D8%B1-%D9%81%D9%8A%D8%AA%D8%B4%D8%B1%D8%B2-%D9%81%D9%8A-%D9%83%D9%88%D9%85%D8%A8%D9%88%D9%86%D8%AF-%D8%B3%D9%88%D8%AF%D9%8A%D9%83-%DA%A4%D9%8A%D9%84%D9%8A%D8%AA-ID503263372.html
بنتهاوس للبيع في سوديك ايست  sodic east  الشروق غرفتين استلام فوري يطل علي لاندسكيب بدون تشطيب سعر شامل النادي,8500000,2,3,140,https://www.dubizzle.com.eg/ad/%D8%A8%D9%86%D8%AA%D9%87%D8%A7%D9%88%D8%B3-%D9%84%D9%84%D8%A8%D9%8A%D8%B9-%D9%81%D9%8A-%D8%B3%D9%88%D8%AF%D9%8A%D9%83-%D8%A7%D9%8A%D8%B3%D8%AA-sodic-east-%D8%A7%D9%84%D8%B4%D8%B1%D9%88%D9%82-%D8%BA%D8%B1%D9%81%D8%AA%D9%8A%D9%86-%D8%A7%D8%B3%D8%AA%D9%84%D8%A7%D9%85-%D9%81%D9%88%D8%B1%D9%8A-%D9%8A%D8%B7%D9%84-%D8%B9%D9%84%D9%8A-%D9%84%D8%A7%D9%86%D8%AF%D8%B3%D9%83%D9%8A%D8%A8-%D8%A8%D8%AF%D9%88%D9%86-%D8%AA%D8%B4%D8%B7%D9%8A%D8%A8-%D8%B3%D8%B9%D8%B1-%D8%B4%D8%A7%D9%85%D9%84-%D8%A7%D9%84%D9%86%D8%A7%D8%AF%D9%8A-ID503574920.html
سكاي لوفت تشطيبات كامل مع تكيفات جاهزة للاستلام للبيع في فيفث سكوير، المراسم، القاهرة الجديدة Fifth Square Al Marasem New Cairo,11961204,2,2,134,https://www.dubizzle.com.eg/ad/%D8%B3%D9%83%D8%A7%D9%8A-%D9%84%D9%88%D9%81%D8%AA-%D8%AA%D8%B4%D8%B7%D9%8A%D8%A8%D8%A7%D8%AA-%D9%83%D8%A7%D9%85%D9%84-%D9%85%D8%B9-%D8%AA%D9%83%D9%8A%D9%81%D8%A7%D8%AA-%D8%AC%D8%A7%D9%87%D8%B2%D8%A9-%D9%84%D9%84%D8%A7%D8%B3%D8%AA%D9%84%D8%A7%D9%85-%D9%84%D9%84%D8%A8%D9%8A%D8%B9-%D9%81%D9%8A-%D9%81%D9%8A%D9%81%D8%AB-%D8%B3%D9%83%D9%88%D9%8A%D8%B1-%D8%A7%D9%84%D9%85%D8%B1%D8%A7%D8%B3%D9%85-%D8%A7%D9%84%D9%82%D8%A7%D9%87%D8%B1%D8%A9-%D8%A7%D9%84%D8%AC%D8%AF%D9%8A%D8%AF%D8%A9-fifth-square-al-marasem-new-cairo-ID503895255.html
شقة للبيع بالتقسيط في التجمع الخامس على 10 سنين في كمبوند Amara Residence,9715000,3,2,145,https://www.dubizzle.com.eg/ad/%D8%B4%D9%82%D8%A9-%D9%84%D9%84%D8%A8%D9%8A%D8%B9-%D8%A8%D8%A7%D9%84%D8%AA%D9%82%D8%B3%D9%8A%D8%B7-%D9%81%D9%8A-%D8%A7%D9%84%D8%AA%D8%AC%D9%85%D8%B9-%D8%A7%D9%84%D8%AE%D8%A7%D9%85%D8%B3-%D8%B9%D9%84%D9%89-10-%D8%B3%D9%86%D9%8A%D9%86-%D9%81%D9%8A-%D9%83%D9%85%D8%A8%D9%88%D9%86%D8%AF-amara-residence-ID503882748.html
شقة للبيع في المعادي في كومباوند وادي دجلة قسط على ١٠ سنين,7400000,2,1,115,https://www.dubizzle.com.eg/ad/%D8%B4%D9%82%D8%A9-%D9%84%D9%84%D8%A8%D9%8A%D8%B9-%D9%81%D9%8A-%D8%A7%D9%84%D9%85%D8%B9%D8%A7%D8%AF%D9%8A-%D9%81%D9%8A-%D9%83%D9%88%D9%85%D8%A8%D8%A7%D9%88%D9%86%D8%AF-%D9%88%D8%A7%D8%AF%D9%8A-%D8%AF%D8%AC%D9%84%D8%A9-%D9%82%D8%B3%D8%B7-%D8%B9%D9%84%D9%89-%D9%A1%D9%A0-%D8%B3%D9%86%D9%8A%D9%86-ID503501331.html
علي النيل غرفه فندقيه أعلى عائد استثماري بالدولار بالتقسيط و فرش والاجهزه والتكيفات اقل سعر بجوار فندق هيلتون فيو الاهرامات ديركت علي كورنيش المعادي,4360000,1,1,45,https://www.dubizzle.com.eg/ad/%D8%B9%D9%84%D9%8A-%D8%A7%D9%84%D9%86%D9%8A%D9%84-%D8%BA%D8%B1%D9%81%D9%87-%D9%81%D9%86%D8%AF%D9%82%D9%8A%D9%87-%D8%A3%D8%B9%D9%84%D9%89-%D8%B9%D8%A7%D8%A6%D8%AF-%D8%A7%D8%B3%D8%AA%D8%AB%D9%85%D8%A7%D8%B1%D9%8A-%D8%A8%D8%A7%D9%84%D8%AF%D9%88%D9%84%D8%A7%D8%B1-%D8%A8%D8%A7%D9%84%D8%AA%D9%82%D8%B3%D9%8A%D8%B7-%D9%88-%D9%81%D8%B1%D8%B4-%D9%88%D8%A7%D9%84%D8%A7%D8%AC%D9%87%D8%B2%D9%87-%D9%88%D8%A7%D9%84%D8%AA%D9%83%D9%8A%D9%81%D8%A7%D8%AA-%D8%A7%D9%82%D9%84-%D8%B3%D8%B9%D8%B1-%D8%A8%D8%AC%D9%88%D8%A7%D8%B1-%D9%81%D9%86%D8%AF%D9%82-%D9%87%D9%8A%D9%84%D8%AA%D9%88%D9%86-%D9%81%D9%8A%D9%88-%D8%A7%D9%84%D8%A7%D9%87%D8%B1%D8%A7%D9%85%D8%A7%D8%AA-%D8%AF%D9%8A%D8%B1%D9%83%D8%AA-%D8%B9%D9%84%D9%8A-%D9%83%D9%88%D8%B1%D9%86%D9%8A%D8%B4-%D8%A7%D9%84%D9%85%D8%B9%D8%A7%D8%AF%D9%8A-ID503876253.html
دوبلكس للبيع 5غرف ماستر بجاردن جاهز للمعاينه الان بالتقسيط علي 14سنه بخصم 25% مع بنك الاسكان والتعمير بجوار اكبر منطقه خدمات بالR8 ومطار العاصمه,7700000,5,5,310,https://www.dubizzle.com.eg/ad/%D8%AF%D9%88%D8%A8%D9%84%D9%83%D8%B3-%D9%84%D9%84%D8%A8%D9%8A%D8%B9-5%D8%BA%D8%B1%D9%81-%D9%85%D8%A7%D8%B3%D8%AA%D8%B1-%D8%A8%D8%AC%D8%A7%D8%B1%D8%AF%D9%86-%D8%AC%D8%A7%D9%87%D8%B2-%D9%84%D9%84%D9%85%D8%B9%D8%A7%D9%8A%D9%86%D9%87-%D8%A7%D9%84%D8%A7%D9%86-%D8%A8%D8%A7%D9%84%D8%AA%D9%82%D8%B3%D9%8A%D8%B7-%D8%B9%D9%84%D9%8A-14%D8%B3%D9%86%D9%87-%D8%A8%D8%AE%D8%B5%D9%85-25-%D9%85%D8%B9-%D8%A8%D9%86%D9%83-%D8%A7%D9%84%D8%A7%D8%B3%D9%83%D8%A7%D9%86-%D9%88%D8%A7%D9%84%D8%AA%D8%B9%D9%85%D9%8A%D8%B1-%D8%A8%D8%AC%D9%88%D8%A7%D8%B1-%D8%A7%D9%83%D8%A8%D8%B1-%D9%85%D9%86%D8%B7%D9%82%D9%87-%D8%AE%D8%AF%D9%85%D8%A7%D8%AA-%D8%A8%D8%A7%D9%84r8-%D9%88%D9%85%D8%B7%D8%A7%D8%B1-%D8%A7%D9%84%D8%B9%D8%A7%D8%B5%D9%85%D9%87-ID503900687.html
شقه للبيع استلام فوري باقل سعر في التجمع الخامس وبالتقسيط علي اطول فتره سداد في كمبوند الباتيو اورو El patio oro وبالقرب من ستون ريزيدنس التجمع الخامس,11500000,3,3,164,https://www.dubizzle.com.eg/ad/%D8%B4%D9%82%D9%87-%D9%84%D9%84%D8%A8%D9%8A%D8%B9-%D8%A7%D8%B3%D8%AA%D9%84%D8%A7%D9%85-%D9%81%D9%88%D8%B1%D9%8A-%D8%A8%D8%A7%D9%82%D9%84-%D8%B3%D8%B9%D8%B1-%D9%81%D9%8A-%D8%A7%D9%84%D8%AA%D8%AC%D9%85%D8%B9-%D8%A7%D9%84%D8%AE%D8%A7%D9%85%D8%B3-%D9%88%D8%A8%D8%A7%D9%84%D8%AA%D9%82%D8%B3%D9%8A%D8%B7-%D8%B9%D9%84%D9%8A-%D8%A7%D8%B7%D9%88%D9%84-%D9%81%D8%AA%D8%B1%D9%87-%D8%B3%D8%AF%D8%A7%D8%AF-%D9%81%D9%8A-%D9%83%D9%85%D8%A8%D9%88%D9%86%D8%AF-%D8%A7%D9%84%D8%A8%D8%A7%D8%AA%D9%8A%D9%88-%D8%A7%D9%88%D8%B1%D9%88-el-patio-oro-%D9%88%D8%A8%D8%A7%D9%84%D9%82%D8%B1%D8%A8-%D9%85%D9%86-%D8%B3%D8%AA%D9%88%D9%86-%D8%B1%D9%8A%D8%B2%D9%8A%D8%AF%D9%86%D8%B3-%D8%A7%D9%84%D8%AA%D8%AC%D9%85%D8%B9-%D8%A7%D9%84%D8%AE%D8%A7%D9%85%D8%B3-ID503897907.html
شقه للبيع ف اميز لوكيشن ب العاصمه الاداريه دقايق من فندق الماسه والمطار,5500000,3,2,146,https://www.dubizzle.com.eg/ad/%D8%B4%D9%82%D9%87-%D9%84%D9%84%D8%A8%D9%8A%D8%B9-%D9%81-%D8%A7%D9%85%D9%8A%D8%B2-%D9%84%D9%88%D9%83%D9%8A%D8%B4%D9%86-%D8%A8-%D8%A7%D9%84%D8%B9%D8%A7%D8%B5%D9%85%D9%87-%D8%A7%D9%84%D8%A7%D8%AF%D8%A7%D8%B1%D9%8A%D9%87-%D8%AF%D9%82%D8%A7%D9%8A%D9%82-%D9%85%D9%86-%D9%81%D9%86%D8%AF%D9%82-%D8%A7%D9%84%D9%85%D8%A7%D8%B3%D9%87-%D9%88%D8%A7%D9%84%D9%85%D8%B7%D8%A7%D8%B1-ID503711536.html
بالتقسيط علي اطول فترة سداد و بأقل سعر في لافيستا التجمع الخامس بكمبوند الباتيو ريفا شقه ارضي بجاردن للبيع برايم لوكيشن El Patio Riva,9000000,2,2,120,https://www.dubizzle.com.eg/ad/%D8%A8%D8%A7%D9%84%D8%AA%D9%82%D8%B3%D9%8A%D8%B7-%D8%B9%D9%84%D9%8A-%D8%A7%D8%B7%D9%88%D9%84-%D9%81%D8%AA%D8%B1%D8%A9-%D8%B3%D8%AF%D8%A7%D8%AF-%D9%88-%D8%A8%D8%A3%D9%82%D9%84-%D8%B3%D8%B9%D8%B1-%D9%81%D9%8A-%D9%84%D8%A7%D9%81%D9%8A%D8%B3%D8%AA%D8%A7-%D8%A7%D9%84%D8%AA%D8%AC%D9%85%D8%B9-%D8%A7%D9%84%D8%AE%D8%A7%D9%85%D8%B3-%D8%A8%D9%83%D9%85%D8%A8%D9%88%D9%86%D8%AF-%D8%A7%D9%84%D8%A8%D8%A7%D8%AA%D9%8A%D9%88-%D8%B1%D9%8A%D9%81%D8%A7-%D8%B4%D9%82%D9%87-%D8%A7%D8%B1%D8%B6%D9%8A-%D8%A8%D8%AC%D8%A7%D8%B1%D8%AF%D9%86-%D9%84%D9%84%D8%A8%D9%8A%D8%B9-%D8%A8%D8%B1%D8%A7%D9%8A%D9%85-%D9%84%D9%88%D9%83%D9%8A%D8%B4%D9%86-el-patio-riva-ID503244336.html
بخصم 50٪ علي الكاش استلام فوري متشطب الترا سوبر لوكس في اميز احياء العاصمة علي الطراز الفرنسي,4200000,2,2,125,https://www.dubizzle.com.eg/ad/%D8%A8%D8%AE%D8%B5%D9%85-50-%D8%B9%D9%84%D9%8A-%D8%A7%D9%84%D9%83%D8%A7%D8%B4-%D8%A7%D8%B3%D8%AA%D9%84%D8%A7%D9%85-%D9%81%D9%88%D8%B1%D9%8A-%D9%85%D8%AA%D8%B4%D8%B7%D8%A8-%D8%A7%D9%84%D8%AA%D8%B1%D8%A7-%D8%B3%D9%88%D8%A8%D8%B1-%D9%84%D9%88%D9%83%D8%B3-%D9%81%D9%8A-%D8%A7%D9%85%D9%8A%D8%B2-%D8%A7%D8%AD%D9%8A%D8%A7%D8%A1-%D8%A7%D9%84%D8%B9%D8%A7%D8%B5%D9%85%D8%A9-%D8%B9%D9%84%D9%8A-%D8%A7%D9%84%D8%B7%D8%B1%D8%A7%D8%B2-%D8%A7%D9%84%D9%81%D8%B1%D9%86%D8%B3%D9%8A-ID502843006.html
استلام فوري متشطب شقة 225م ارضي بجاردن للبيع في اميز كمبوندات العاصمة الادارية كمبوند jade park,6870000,3,3,225,https://www.dubizzle.com.eg/ad/%D8%A7%D8%B3%D8%AA%D9%84%D8%A7%D9%85-%D9%81%D9%88%D8%B1%D9%8A-%D9%85%D8%AA%D8%B4%D8%B7%D8%A8-%D8%B4%D9%82%D8%A9-225%D9%85-%D8%A7%D8%B1%D8%B6%D9%8A-%D8%A8%D8%AC%D8%A7%D8%B1%D8%AF%D9%86-%D9%84%D9%84%D8%A8%D9%8A%D8%B9-%D9%81%D9%8A-%D8%A7%D9%85%D9%8A%D8%B2-%D9%83%D9%85%D8%A8%D9%88%D9%86%D8%AF%D8%A7%D8%AA-%D8%A7%D9%84%D8%B9%D8%A7%D8%B5%D9%85%D8%A9-%D8%A7%D9%84%D8%A7%D8%AF%D8%A7%D8%B1%D9%8A%D8%A9-%D9%83%D9%85%D8%A8%D9%88%D9%86%D8%AF-jade-park-ID503529824.html
بمقدم 330 الف واقساط علي 10 سنين امتلك شقتك في قلب التجمع الخامس من الكزار,6600000,2,2,115,https://www.dubizzle.com.eg/ad/%D8%A8%D9%85%D9%82%D8%AF%D9%85-330-%D8%A7%D9%84%D9%81-%D9%88%D8%A7%D9%82%D8%B3%D8%A7%D8%B7-%D8%B9%D9%84%D9%8A-10-%D8%B3%D9%86%D9%8A%D9%86-%D8%A7%D9%85%D8%AA%D9%84%D9%83-%D8%B4%D9%82%D8%AA%D9%83-%D9%81%D9%8A-%D9%82%D9%84%D8%A8-%D8%A7%D9%84%D8%AA%D8%AC%D9%85%D8%B9-%D8%A7%D9%84%D8%AE%D8%A7%D9%85%D8%B3-%D9%85%D9%86-%D8%A7%D9%84%D9%83%D8%B2%D8%A7%D8%B1-ID502874800.html
بالتقسيط علي 10 سنين شقه متشطبه بالكامل و استلام فوري  بكمبوند متكامل الخدمات في قلب مدينة الشروق,7200000,2,2,120,https://www.dubizzle.com.eg/ad/%D8%A8%D8%A7%D9%84%D8%AA%D9%82%D8%B3%D9%8A%D8%B7-%D8%B9%D9%84%D9%8A-10-%D8%B3%D9%86%D9%8A%D9%86-%D8%B4%D9%82%D9%87-%D9%85%D8%AA%D8%B4%D8%B7%D8%A8%D9%87-%D8%A8%D8%A7%D9%84%D9%83%D8%A7%D9%85%D9%84-%D9%88-%D8%A7%D8%B3%D8%AA%D9%84%D8%A7%D9%85-%D9%81%D9%88%D8%B1%D9%8A-%D8%A8%D9%83%D9%85%D8%A8%D9%88%D9%86%D8%AF-%D9%85%D8%AA%D9%83%D8%A7%D9%85%D9%84-%D8%A7%D9%84%D8%AE%D8%AF%D9%85%D8%A7%D8%AA-%D9%81%D9%8A-%D9%82%D9%84%D8%A8-%D9%85%D8%AF%D9%8A%D9%86%D8%A9-%D8%A7%D9%84%D8%B4%D8%B1%D9%88%D9%82-ID503673086.html
بأقل سعر في الماركت شقه 3 غرف برايم لوكيشن للبيع بكمبوند لافيستا الباتيو سولا La Vista Patio Sola,9700000,3,2,160,https://www.dubizzle.com.eg/ad/%D8%A8%D8%A3%D9%82%D9%84-%D8%B3%D8%B9%D8%B1-%D9%81%D9%8A-%D8%A7%D9%84%D9%85%D8%A7%D8%B1%D9%83%D8%AA-%D8%B4%D9%82%D9%87-3-%D8%BA%D8%B1%D9%81-%D8%A8%D8%B1%D8%A7%D9%8A%D9%85-%D9%84%D9%88%D9%83%D9%8A%D8%B4%D9%86-%D9%84%D9%84%D8%A8%D9%8A%D8%B9-%D8%A8%D9%83%D9%85%D8%A8%D9%88%D9%86%D8%AF-%D9%84%D8%A7%D9%81%D9%8A%D8%B3%D8%AA%D8%A7-%D8%A7%D9%84%D8%A8%D8%A7%D8%AA%D9%8A%D9%88-%D8%B3%D9%88%D9%84%D8%A7-la-vista-patio-sola-ID503416913.html
بالتقسيط علي اطول فترة سدادامتلك مع لافيستا بأقل سعر في الماركت شقه بجاردن برايم لوكيشن بكمبوند متكامل الخدمات دايركت علي طريق السويس,7100000,2,2,120,https://www.dubizzle.com.eg/ad/%D8%A8%D8%A7%D9%84%D8%AA%D9%82%D8%B3%D9%8A%D8%B7-%D8%B9%D9%84%D9%8A-%D8%A7%D8%B7%D9%88%D9%84-%D9%81%D8%AA%D8%B1%D8%A9-%D8%B3%D8%AF%D8%A7%D8%AF%D8%A7%D9%85%D8%AA%D9%84%D9%83-%D9%85%D8%B9-%D9%84%D8%A7%D9%81%D9%8A%D8%B3%D8%AA%D8%A7-%D8%A8%D8%A3%D9%82%D9%84-%D8%B3%D8%B9%D8%B1-%D9%81%D9%8A-%D8%A7%D9%84%D9%85%D8%A7%D8%B1%D9%83%D8%AA-%D8%B4%D9%82%D9%87-%D8%A8%D8%AC%D8%A7%D8%B1%D8%AF%D9%86-%D8%A8%D8%B1%D8%A7%D9%8A%D9%85-%D9%84%D9%88%D9%83%D9%8A%D8%B4%D9%86-%D8%A8%D9%83%D9%85%D8%A8%D9%88%D9%86%D8%AF-%D9%85%D8%AA%D9%83%D8%A7%D9%85%D9%84-%D8%A7%D9%84%D8%AE%D8%AF%D9%85%D8%A7%D8%AA-%D8%AF%D8%A7%D9%8A%D8%B1%D9%83%D8%AA-%D8%B9%D9%84%D9%8A-%D8%B7%D8%B1%D9%8A%D9%82-%D8%A7%D9%84%D8%B3%D9%88%D9%8A%D8%B3-ID503142607.html
دوبلكس بجاردن للبيع استلام فوري متشطب 390 م روف 118 م برايم لوكيشن في كمبوند في الجولدن سكوير التجمع الخامس القاهره الجديده,50000000,4,4,390,https://www.dubizzle.com.eg/ad/%D8%AF%D9%88%D8%A8%D9%84%D9%83%D8%B3-%D8%A8%D8%AC%D8%A7%D8%B1%D8%AF%D9%86-%D9%84%D9%84%D8%A8%D9%8A%D8%B9-%D8%A7%D8%B3%D8%AA%D9%84%D8%A7%D9%85-%D9%81%D9%88%D8%B1%D9%8A-%D9%85%D8%AA%D8%B4%D8%B7%D8%A8-390-%D9%85-%D8%B1%D9%88%D9%81-118-%D9%85-%D8%A8%D8%B1%D8%A7%D9%8A%D9%85-%D9%84%D9%88%D9%83%D9%8A%D8%B4%D9%86-%D9%81%D9%8A-%D9%83%D9%85%D8%A8%D9%88%D9%86%D8%AF-%D9%81%D9%8A-%D8%A7%D9%84%D8%AC%D9%88%D9%84%D8%AF%D9%86-%D8%B3%D9%83%D9%88%D9%8A%D8%B1-%D8%A7%D9%84%D8%AA%D8%AC%D9%85%D8%B9-%D8%A7%D9%84%D8%AE%D8%A7%D9%85%D8%B3-%D8%A7%D9%84%D9%82%D8%A7%D9%87%D8%B1%D9%87-%D8%A7%D9%84%D8%AC%D8%AF%D9%8A%D8%AF%D9%87-ID503834234.html
شقه للبيع في كمبوند فيفث سكويرالمراسم استلام فوري متشطبه بالتكييفات تكمله اقساط,13664590,3,3,170,https://www.dubizzle.com.eg/ad/%D8%B4%D9%82%D9%87-%D9%84%D9%84%D8%A8%D9%8A%D8%B9-%D9%81%D9%8A-%D9%83%D9%85%D8%A8%D9%88%D9%86%D8%AF-%D9%81%D9%8A%D9%81%D8%AB-%D8%B3%D9%83%D9%88%D9%8A%D8%B1%D8%A7%D9%84%D9%85%D8%B1%D8%A7%D8%B3%D9%85-%D8%A7%D8%B3%D8%AA%D9%84%D8%A7%D9%85-%D9%81%D9%88%D8%B1%D9%8A-%D9%85%D8%AA%D8%B4%D8%B7%D8%A8%D9%87-%D8%A8%D8%A7%D9%84%D8%AA%D9%83%D9%8A%D9%8A%D9%81%D8%A7%D8%AA-%D8%AA%D9%83%D9%85%D9%84%D9%87-%D8%A7%D9%82%D8%B3%D8%A7%D8%B7-ID503901004.html
ستوديو للبيع بمقدم 150الف في تاج سيتي دقائق من مطار القاهرة علي طريق السويس,3810000,1,1,72,https://www.dubizzle.com.eg/ad/%D8%B3%D8%AA%D9%88%D8%AF%D9%8A%D9%88-%D9%84%D9%84%D8%A8%D9%8A%D8%B9-%D8%A8%D9%85%D9%82%D8%AF%D9%85-150%D8%A7%D9%84%D9%81-%D9%81%D9%8A-%D8%AA%D8%A7%D8%AC-%D8%B3%D9%8A%D8%AA%D9%8A-%D8%AF%D9%82%D8%A7%D8%A6%D9%82-%D9%85%D9%86-%D9%85%D8%B7%D8%A7%D8%B1-%D8%A7%D9%84%D9%82%D8%A7%D9%87%D8%B1%D8%A9-%D8%B9%D9%84%D9%8A-%D8%B7%D8%B1%D9%8A%D9%82-%D8%A7%D9%84%D8%B3%D9%88%D9%8A%D8%B3-ID503794203.html
للبيع شقة مميزه,5900000,3,3,250,https://www.dubizzle.com.eg/ad/%D9%84%D9%84%D8%A8%D9%8A%D8%B9-%D8%B4%D9%82%D8%A9-%D9%85%D9%85%D9%8A%D8%B2%D9%87-ID208645385.html
شقة للبيع 139 مترالحي التاني بيت الوطن بجاردن 130 متر استلام فوري,2650000,3,2,139,https://www.dubizzle.com.eg/ad/%D8%B4%D9%82%D8%A9-%D9%84%D9%84%D8%A8%D9%8A%D8%B9-139-%D9%85%D8%AA%D8%B1%D8%A7%D9%84%D8%AD%D9%8A-%D8%A7%D9%84%D8%AA%D8%A7%D9%86%D9%8A-%D8%A8%D9%8A%D8%AA-%D8%A7%D9%84%D9%88%D8%B7%D9%86-%D8%A8%D8%AC%D8%A7%D8%B1%D8%AF%D9%86-130-%D9%85%D8%AA%D8%B1-%D8%A7%D8%B3%D8%AA%D9%84%D8%A7%D9%85-%D9%81%D9%88%D8%B1%D9%8A-ID208582147.html
للبيع | دوبلكس فاخر بأحد أفضل مواقع كمبوند جايد,26300000,4,3,260,https://www.dubizzle.com.eg/ad/%D9%84%D9%84%D8%A8%D9%8A%D8%B9-%D8%AF%D9%88%D8%A8%D9%84%D9%83%D8%B3-%D9%81%D8%A7%D8%AE%D8%B1-%D8%A8%D8%A3%D8%AD%D8%AF-%D8%A3%D9%81%D8%B6%D9%84-%D9%85%D9%88%D8%A7%D9%82%D8%B9-%D9%83%D9%85%D8%A8%D9%88%D9%86%D8%AF-%D8%AC%D8%A7%D9%8A%D8%AF-ID503683074.html
شقة للبيع استلام فوري بفيو مميز بأقل من سعر السوق ريسيل 3 غرف في كمبوند بلوم فيلدز Bloomfields المستقبل سيتي بجوار مدينتي وسراي,4700000,3,2,149,https://www.dubizzle.com.eg/ad/%D8%B4%D9%82%D8%A9-%D9%84%D9%84%D8%A8%D9%8A%D8%B9-%D8%A7%D8%B3%D8%AA%D9%84%D8%A7%D9%85-%D9%81%D9%88%D8%B1%D9%8A-%D8%A8%D9%81%D9%8A%D9%88-%D9%85%D9%85%D9%8A%D8%B2-%D8%A8%D8%A3%D9%82%D9%84-%D9%85%D9%86-%D8%B3%D8%B9%D8%B1-%D8%A7%D9%84%D8%B3%D9%88%D9%82-%D8%B1%D9%8A%D8%B3%D9%8A%D9%84-3-%D8%BA%D8%B1%D9%81-%D9%81%D9%8A-%D9%83%D9%85%D8%A8%D9%88%D9%86%D8%AF-%D8%A8%D9%84%D9%88%D9%85-%D9%81%D9%8A%D9%84%D8%AF%D8%B2-bloomfields-%D8%A7%D9%84%D9%85%D8%B3%D8%AA%D9%82%D8%A8%D9%84-%D8%B3%D9%8A%D8%AA%D9%8A-%D8%A8%D8%AC%D9%88%D8%A7%D8%B1-%D9%85%D8%AF%D9%8A%D9%86%D8%AA%D9%8A-%D9%88%D8%B3%D8%B1%D8%A7%D9%8A-ID503900348.html
شقه للبيع في الحي الترفيهي  دور تاني علي الطريق الرئيسي بسعر ممتاز,1250000,2,1,65,https://www.dubizzle.com.eg/ad/%D8%B4%D9%82%D9%87-%D9%84%D9%84%D8%A8%D9%8A%D8%B9-%D9%81%D9%8A-%D8%A7%D9%84%D8%AD%D9%8A-%D8%A7%D9%84%D8%AA%D8%B1%D9%81%D9%8A%D9%87%D9%8A-%D8%AF%D9%88%D8%B1-%D8%AA%D8%A7%D9%86%D9%8A-%D8%B9%D9%84%D9%8A-%D8%A7%D9%84%D8%B7%D8%B1%D9%8A%D9%82-%D8%A7%D9%84%D8%B1%D8%A6%D9%8A%D8%B3%D9%8A-%D8%A8%D8%B3%D8%B9%D8%B1-%D9%85%D9%85%D8%AA%D8%A7%D8%B2-ID208331421.html
شقة ٣ غرف ديلوكس بالتكيفات,6000000,3,3,300,https://www.dubizzle.com.eg/ad/%D8%B4%D9%82%D8%A9-%D9%A3-%D8%BA%D8%B1%D9%81-%D8%AF%D9%8A%D9%84%D9%88%D9%83%D8%B3-%D8%A8%D8%A7%D9%84%D8%AA%D9%83%D9%8A%D9%81%D8%A7%D8%AA-ID208653809.html
فرصة مميزة في سوديك إيست شقة بحديقة ، تشطيب كامل واستلام فوري. مقدم  والباقي حتى نوفمبر 2027 Sodic East,8000000,2,3,125,https://www.dubizzle.com.eg/ad/%D9%81%D8%B1%D8%B5%D8%A9-%D9%85%D9%85%D9%8A%D8%B2%D8%A9-%D9%81%D9%8A-%D8%B3%D9%88%D8%AF%D9%8A%D9%83-%D8%A5%D9%8A%D8%B3%D8%AA-%D8%B4%D9%82%D8%A9-%D8%A8%D8%AD%D8%AF%D9%8A%D9%82%D8%A9-%D8%AA%D8%B4%D8%B7%D9%8A%D8%A8-%D9%83%D8%A7%D9%85%D9%84-%D9%88%D8%A7%D8%B3%D8%AA%D9%84%D8%A7%D9%85-%D9%81%D9%88%D8%B1%D9%8A-%D9%85%D9%82%D8%AF%D9%85-%D9%88%D8%A7%D9%84%D8%A8%D8%A7%D9%82%D9%8A-%D8%AD%D8%AA%D9%89-%D9%86%D9%88%D9%81%D9%85%D8%A8%D8%B1-2027-sodic-east-ID503237158.html
شقة  للبيع استلام 2026 في ماونتن فيو 1.1  بحري وقريبة من الخدمات mountain view 1.1 - new cairo,9389000,3,3,140,https://www.dubizzle.com.eg/ad/%D8%B4%D9%82%D8%A9-%D9%84%D9%84%D8%A8%D9%8A%D8%B9-%D8%A7%D8%B3%D8%AA%D9%84%D8%A7%D9%85-2026-%D9%81%D9%8A-%D9%85%D8%A7%D9%88%D9%86%D8%AA%D9%86-%D9%81%D9%8A%D9%88-11-%D8%A8%D8%AD%D8%B1%D9%8A-%D9%88%D9%82%D8%B1%D9%8A%D8%A8%D8%A9-%D9%85%D9%86-%D8%A7%D9%84%D8%AE%D8%AF%D9%85%D8%A7%D8%AA-mountain-view-11-new-cairo-ID503237240.html
شقة للبيع في water way 1 بموقع متميز جدا - تشطيب كامل فاخر - جاهزة للاستلام  - water way 1 - new cairo,17000000,2,2,174,https://www.dubizzle.com.eg/ad/%D8%B4%D9%82%D8%A9-%D9%84%D9%84%D8%A8%D9%8A%D8%B9-%D9%81%D9%8A-water-way-1-%D8%A8%D9%85%D9%88%D9%82%D8%B9-%D9%85%D8%AA%D9%85%D9%8A%D8%B2-%D8%AC%D8%AF%D8%A7-%D8%AA%D8%B4%D8%B7%D9%8A%D8%A8-%D9%83%D8%A7%D9%85%D9%84-%D9%81%D8%A7%D8%AE%D8%B1-%D8%AC%D8%A7%D9%87%D8%B2%D8%A9-%D9%84%D9%84%D8%A7%D8%B3%D8%AA%D9%84%D8%A7%D9%85-water-way-1-new-cairo-ID503193463.html
شقة للبيع 90 متر باقل سعر سوبر لوكس بجوار الخدمات والسوق القديم ومجموع البنوك والمنطقة الادارية الدور التالت متكرر في المرحلة الاولي الرحاب Phase 1,4200000,2,1,90,https://www.dubizzle.com.eg/ad/%D8%B4%D9%82%D8%A9-%D9%84%D9%84%D8%A8%D9%8A%D8%B9-90-%D9%85%D8%AA%D8%B1-%D8%A8%D8%A7%D9%82%D9%84-%D8%B3%D8%B9%D8%B1-%D8%B3%D9%88%D8%A8%D8%B1-%D9%84%D9%88%D9%83%D8%B3-%D8%A8%D8%AC%D9%88%D8%A7%D8%B1-%D8%A7%D9%84%D8%AE%D8%AF%D9%85%D8%A7%D8%AA-%D9%88%D8%A7%D9%84%D8%B3%D9%88%D9%82-%D8%A7%D9%84%D9%82%D8%AF%D9%8A%D9%85-%D9%88%D9%85%D8%AC%D9%85%D9%88%D8%B9-%D8%A7%D9%84%D8%A8%D9%86%D9%88%D9%83-%D9%88%D8%A7%D9%84%D9%85%D9%86%D8%B7%D9%82%D8%A9-%D8%A7%D9%84%D8%A7%D8%AF%D8%A7%D8%B1%D9%8A%D8%A9-%D8%A7%D9%84%D8%AF%D9%88%D8%B1-%D8%A7%D9%84%D8%AA%D8%A7%D9%84%D8%AA-%D9%85%D8%AA%D9%83%D8%B1%D8%B1-%D9%81%D9%8A-%D8%A7%D9%84%D9%85%D8%B1%D8%AD%D9%84%D8%A9-%D8%A7%D9%84%D8%A7%D9%88%D9%84%D9%8A-%D8%A7%D9%84%D8%B1%D8%AD%D8%A7%D8%A8-phase-1-ID503903018.html
فالدا فيليدج - شقة للبيع بأقساط في قلب مستقبل سيتي - 160 متر - 3 غرف نوم - الاستلام 2029 - مدينة المستقبل- Valda Village,8762602,3,3,160,https://www.dubizzle.com.eg/ad/%D9%81%D8%A7%D9%84%D8%AF%D8%A7-%D9%81%D9%8A%D9%84%D9%8A%D8%AF%D8%AC-%D8%B4%D9%82%D8%A9-%D9%84%D9%84%D8%A8%D9%8A%D8%B9-%D8%A8%D8%A3%D9%82%D8%B3%D8%A7%D8%B7-%D9%81%D9%8A-%D9%82%D9%84%D8%A8-%D9%85%D8%B3%D8%AA%D9%82%D8%A8%D9%84-%D8%B3%D9%8A%D8%AA%D9%8A-160-%D9%85%D8%AA%D8%B1-3-%D8%BA%D8%B1%D9%81-%D9%86%D9%88%D9%85-%D8%A7%D9%84%D8%A7%D8%B3%D8%AA%D9%84%D8%A7%D9%85-2029-%D9%85%D8%AF%D9%8A%D9%86%D8%A9-%D8%A7%D9%84%D9%85%D8%B3%D8%AA%D9%82%D8%A8%D9%84-valda-village-ID503163061.html
شقة نصف تشطيب للبيع - 134م - 2 غرف نوم (1 ماستر) - 2 حمام - موقع مميز وإطلالة واسعة - فالدا فيليدج- مدينة المستقبل - الدور الثاني -  Valda Village,8090000,2,2,134,https://www.dubizzle.com.eg/ad/%D8%B4%D9%82%D8%A9-%D9%86%D8%B5%D9%81-%D8%AA%D8%B4%D8%B7%D9%8A%D8%A8-%D9%84%D9%84%D8%A8%D9%8A%D8%B9-134%D9%85-2-%D8%BA%D8%B1%D9%81-%D9%86%D9%88%D9%85-1-%D9%85%D8%A7%D8%B3%D8%AA%D8%B1-2-%D8%AD%D9%85%D8%A7%D9%85-%D9%85%D9%88%D9%82%D8%B9-%D9%85%D9%85%D9%8A%D8%B2-%D9%88%D8%A5%D8%B7%D9%84%D8%A7%D9%84%D8%A9-%D9%88%D8%A7%D8%B3%D8%B9%D8%A9-%D9%81%D8%A7%D9%84%D8%AF%D8%A7-%D9%81%D9%8A%D9%84%D9%8A%D8%AF%D8%AC-%D9%85%D8%AF%D9%8A%D9%86%D8%A9-%D8%A7%D9%84%D9%85%D8%B3%D8%AA%D9%82%D8%A8%D9%84-%D8%A7%D9%84%D8%AF%D9%88%D8%B1-%D8%A7%D9%84%D8%AB%D8%A7%D9%86%D9%8A-valda-village-ID503163012.html
شقة نصف تشطيب للبيع - 206م - 4 غرف نوم + غرفة خادمة - 4 حمامات - موقع مميز وإطلالة واسعة - فالدا فيليدج - الدور الأول - موقف سيارات شامل-Valda Village,11030000,4,4,206,https://www.dubizzle.com.eg/ad/%D8%B4%D9%82%D8%A9-%D9%86%D8%B5%D9%81-%D8%AA%D8%B4%D8%B7%D9%8A%D8%A8-%D9%84%D9%84%D8%A8%D9%8A%D8%B9-206%D9%85-4-%D8%BA%D8%B1%D9%81-%D9%86%D9%88%D9%85-%D8%BA%D8%B1%D9%81%D8%A9-%D8%AE%D8%A7%D8%AF%D9%85%D8%A9-4-%D8%AD%D9%85%D8%A7%D9%85%D8%A7%D8%AA-%D9%85%D9%88%D9%82%D8%B9-%D9%85%D9%85%D9%8A%D8%B2-%D9%88%D8%A5%D8%B7%D9%84%D8%A7%D9%84%D8%A9-%D9%88%D8%A7%D8%B3%D8%B9%D8%A9-%D9%81%D8%A7%D9%84%D8%AF%D8%A7-%D9%81%D9%8A%D9%84%D9%8A%D8%AF%D8%AC-%D8%A7%D9%84%D8%AF%D9%88%D8%B1-%D8%A7%D9%84%D8%A3%D9%88%D9%84-%D9%85%D9%88%D9%82%D9%81-%D8%B3%D9%8A%D8%A7%D8%B1%D8%A7%D8%AA-%D8%B4%D8%A7%D9%85%D9%84-valda-village-ID503162995.html
شقة للبيع في ميديان ريزدنس  بالتقسيط - موقع متميز - 160 م - 3 غرف نوم - The Median residence,6144000,3,3,160,https://www.dubizzle.com.eg/ad/%D8%B4%D9%82%D8%A9-%D9%84%D9%84%D8%A8%D9%8A%D8%B9-%D9%81%D9%8A-%D9%85%D9%8A%D8%AF%D9%8A%D8%A7%D9%86-%D8%B1%D9%8A%D8%B2%D8%AF%D9%86%D8%B3-%D8%A8%D8%A7%D9%84%D8%AA%D9%82%D8%B3%D9%8A%D8%B7-%D9%85%D9%88%D9%82%D8%B9-%D9%85%D8%AA%D9%85%D9%8A%D8%B2-160-%D9%85-3-%D8%BA%D8%B1%D9%81-%D9%86%D9%88%D9%85-the-median-residence-ID503113628.html
دوبلكس للبيع بكمبوند المعادي فيو الشروق Maadi View Al shorouq  فيو مفتوح علي لاندسكيب جاهزلأستلام الفوري اقل من سعر السوق,8400000,4,4,257,https://www.dubizzle.com.eg/ad/%D8%AF%D9%88%D8%A8%D9%84%D9%83%D8%B3-%D9%84%D9%84%D8%A8%D9%8A%D8%B9-%D8%A8%D9%83%D9%85%D8%A8%D9%88%D9%86%D8%AF-%D8%A7%D9%84%D9%85%D8%B9%D8%A7%D8%AF%D9%8A-%D9%81%D9%8A%D9%88-%D8%A7%D9%84%D8%B4%D8%B1%D9%88%D9%82-maadi-view-al-shorouq-%D9%81%D9%8A%D9%88-%D9%85%D9%81%D8%AA%D9%88%D8%AD-%D8%B9%D9%84%D9%8A-%D9%84%D8%A7%D9%86%D8%AF%D8%B3%D9%83%D9%8A%D8%A8-%D8%AC%D8%A7%D9%87%D8%B2%D9%84%D8%A3%D8%B3%D8%AA%D9%84%D8%A7%D9%85-%D8%A7%D9%84%D9%81%D9%88%D8%B1%D9%8A-%D8%A7%D9%82%D9%84-%D9%85%D9%86-%D8%B3%D8%B9%D8%B1-%D8%A7%D9%84%D8%B3%D9%88%D9%82-ID503154074.html
شقة للبيع في مدينتي – B8,9852870,3,2,126,https://www.dubizzle.com.eg/ad/%D8%B4%D9%82%D8%A9-%D9%84%D9%84%D8%A8%D9%8A%D8%B9-%D9%81%D9%8A-%D9%85%D8%AF%D9%8A%D9%86%D8%AA%D9%8A-b8-ID503903014.html
شقه بمدينة البارون - للبيع من المالك مباشرة,3400000,3,2,130,https://www.dubizzle.com.eg/ad/%D8%B4%D9%82%D9%87-%D8%A8%D9%85%D8%AF%D9%8A%D9%86%D8%A9-%D8%A7%D9%84%D8%A8%D8%A7%D8%B1%D9%88%D9%86-%D9%84%D9%84%D8%A8%D9%8A%D8%B9-%D9%85%D9%86-%D8%A7%D9%84%D9%85%D8%A7%D9%84%D9%83-%D9%85%D8%A8%D8%A7%D8%B4%D8%B1%D8%A9-ID208038709.html
شقه مميزه استلام فوري دور متكرر امامي الاندلس,4500000,3,2,185,https://www.dubizzle.com.eg/ad/%D8%B4%D9%82%D9%87-%D9%85%D9%85%D9%8A%D8%B2%D9%87-%D8%A7%D8%B3%D8%AA%D9%84%D8%A7%D9%85-%D9%81%D9%88%D8%B1%D9%8A-%D8%AF%D9%88%D8%B1-%D9%85%D8%AA%D9%83%D8%B1%D8%B1-%D8%A7%D9%85%D8%A7%D9%85%D9%8A-%D8%A7%D9%84%D8%A7%D9%86%D8%AF%D9%84%D8%B3-ID503743095.html
شقة أرضي بحديقة استلام فوري للبيع و بتراس  بحري متشطبة بالكامل في البروج بجوار المركز الطبي العالمي  - Al Burouj,6400000,2,2,130,https://www.dubizzle.com.eg/ad/%D8%B4%D9%82%D8%A9-%D8%A3%D8%B1%D8%B6%D9%8A-%D8%A8%D8%AD%D8%AF%D9%8A%D9%82%D8%A9-%D8%A7%D8%B3%D8%AA%D9%84%D8%A7%D9%85-%D9%81%D9%88%D8%B1%D9%8A-%D9%84%D9%84%D8%A8%D9%8A%D8%B9-%D9%88-%D8%A8%D8%AA%D8%B1%D8%A7%D8%B3-%D8%A8%D8%AD%D8%B1%D9%8A-%D9%85%D8%AA%D8%B4%D8%B7%D8%A8%D8%A9-%D8%A8%D8%A7%D9%84%D9%83%D8%A7%D9%85%D9%84-%D9%81%D9%8A-%D8%A7%D9%84%D8%A8%D8%B1%D9%88%D8%AC-%D8%A8%D8%AC%D9%88%D8%A7%D8%B1-%D8%A7%D9%84%D9%85%D8%B1%D9%83%D8%B2-%D8%A7%D9%84%D8%B7%D8%A8%D9%8A-%D8%A7%D9%84%D8%B9%D8%A7%D9%84%D9%85%D9%8A-al-burouj-ID503669643.html
شقة 128 م AL PATIO ORO جاهز للسكن الفوري برايم لوكيشن اوبن فيو دايركت علي ليك و لاند سكيب التجمع الخامس القاهره الجديده,8000000,2,3,128,https://www.dubizzle.com.eg/ad/%D8%B4%D9%82%D8%A9-128-%D9%85-al-patio-oro-%D8%AC%D8%A7%D9%87%D8%B2-%D9%84%D9%84%D8%B3%D9%83%D9%86-%D8%A7%D9%84%D9%81%D9%88%D8%B1%D9%8A-%D8%A8%D8%B1%D8%A7%D9%8A%D9%85-%D9%84%D9%88%D9%83%D9%8A%D8%B4%D9%86-%D8%A7%D9%88%D8%A8%D9%86-%D9%81%D9%8A%D9%88-%D8%AF%D8%A7%D9%8A%D8%B1%D9%83%D8%AA-%D8%B9%D9%84%D9%8A-%D9%84%D9%8A%D9%83-%D9%88-%D9%84%D8%A7%D9%86%D8%AF-%D8%B3%D9%83%D9%8A%D8%A8-%D8%A7%D9%84%D8%AA%D8%AC%D9%85%D8%B9-%D8%A7%D9%84%D8%AE%D8%A7%D9%85%D8%B3-%D8%A7%D9%84%D9%82%D8%A7%D9%87%D8%B1%D9%87-%D8%A7%D9%84%D8%AC%D8%AF%D9%8A%D8%AF%D9%87-ID503840726.html
شقة للبيع في العاصمة الإدارية استلام فوري داخل كمبوند متكامل الخدمات,3599820,3,3,180,https://www.dubizzle.com.eg/ad/%D8%B4%D9%82%D8%A9-%D9%84%D9%84%D8%A8%D9%8A%D8%B9-%D9%81%D9%8A-%D8%A7%D9%84%D8%B9%D8%A7%D8%B5%D9%85%D8%A9-%D8%A7%D9%84%D8%A5%D8%AF%D8%A7%D8%B1%D9%8A%D8%A9-%D8%A7%D8%B3%D8%AA%D9%84%D8%A7%D9%85-%D9%81%D9%88%D8%B1%D9%8A-%D8%AF%D8%A7%D8%AE%D9%84-%D9%83%D9%85%D8%A8%D9%88%D9%86%D8%AF-%D9%85%D8%AA%D9%83%D8%A7%D9%85%D9%84-%D8%A7%D9%84%D8%AE%D8%AF%D9%85%D8%A7%D8%AA-ID503758144.html
دوبلكس مميز في قلب التجمع الخامس بالقرب من المدارس الدوليه والمستشفيات في التجمع الخامس متاح اكتر من نظام للتقسيط بمقدم 6 مليون,21829000,5,2,232,https://www.dubizzle.com.eg/ad/%D8%AF%D9%88%D8%A8%D9%84%D9%83%D8%B3-%D9%85%D9%85%D9%8A%D8%B2-%D9%81%D9%8A-%D9%82%D9%84%D8%A8-%D8%A7%D9%84%D8%AA%D8%AC%D9%85%D8%B9-%D8%A7%D9%84%D8%AE%D8%A7%D9%85%D8%B3-%D8%A8%D8%A7%D9%84%D9%82%D8%B1%D8%A8-%D9%85%D9%86-%D8%A7%D9%84%D9%85%D8%AF%D8%A7%D8%B1%D8%B3-%D8%A7%D9%84%D8%AF%D9%88%D9%84%D9%8A%D9%87-%D9%88%D8%A7%D9%84%D9%85%D8%B3%D8%AA%D8%B4%D9%81%D9%8A%D8%A7%D8%AA-%D9%81%D9%8A-%D8%A7%D9%84%D8%AA%D8%AC%D9%85%D8%B9-%D8%A7%D9%84%D8%AE%D8%A7%D9%85%D8%B3-%D9%85%D8%AA%D8%A7%D8%AD-%D8%A7%D9%83%D8%AA%D8%B1-%D9%85%D9%86-%D9%86%D8%B8%D8%A7%D9%85-%D9%84%D9%84%D8%AA%D9%82%D8%B3%D9%8A%D8%B7-%D8%A8%D9%85%D9%82%D8%AF%D9%85-6-%D9%85%D9%84%D9%8A%D9%88%D9%86-ID503895052.html
بنتهاوس في ستون ريزيدنس في قلب التجمع الخامس دقايق للجامعه الامريكيه وشارع التسعين و15 لمدينه نصر ومصر الجديده بمقدم 6 مليون مليون,18566000,3,2,275,https://www.dubizzle.com.eg/ad/%D8%A8%D9%86%D8%AA%D9%87%D8%A7%D9%88%D8%B3-%D9%81%D9%8A-%D8%B3%D8%AA%D9%88%D9%86-%D8%B1%D9%8A%D8%B2%D9%8A%D8%AF%D9%86%D8%B3-%D9%81%D9%8A-%D9%82%D9%84%D8%A8-%D8%A7%D9%84%D8%AA%D8%AC%D9%85%D8%B9-%D8%A7%D9%84%D8%AE%D8%A7%D9%85%D8%B3-%D8%AF%D9%82%D8%A7%D9%8A%D9%82-%D9%84%D9%84%D8%AC%D8%A7%D9%85%D8%B9%D9%87-%D8%A7%D9%84%D8%A7%D9%85%D8%B1%D9%8A%D9%83%D9%8A%D9%87-%D9%88%D8%B4%D8%A7%D8%B1%D8%B9-%D8%A7%D9%84%D8%AA%D8%B3%D8%B9%D9%8A%D9%86-%D9%8815-%D9%84%D9%85%D8%AF%D9%8A%D9%86%D9%87-%D9%86%D8%B5%D8%B1-%D9%88%D9%85%D8%B5%D8%B1-%D8%A7%D9%84%D8%AC%D8%AF%D9%8A%D8%AF%D9%87-%D8%A8%D9%85%D9%82%D8%AF%D9%85-6-%D9%85%D9%84%D9%8A%D9%88%D9%86-%D9%85%D9%84%D9%8A%D9%88%D9%86-ID503894468.html
شقة استلام فوري متشطبة بالكامل للبيع في كمبوند البروج,8000000,3,2,180,https://www.dubizzle.com.eg/ad/%D8%B4%D9%82%D8%A9-%D8%A7%D8%B3%D8%AA%D9%84%D8%A7%D9%85-%D9%81%D9%88%D8%B1%D9%8A-%D9%85%D8%AA%D8%B4%D8%B7%D8%A8%D8%A9-%D8%A8%D8%A7%D9%84%D9%83%D8%A7%D9%85%D9%84-%D9%84%D9%84%D8%A8%D9%8A%D8%B9-%D9%81%D9%8A-%D9%83%D9%85%D8%A8%D9%88%D9%86%D8%AF-%D8%A7%D9%84%D8%A8%D8%B1%D9%88%D8%AC-ID503882149.html
شقة ١٦٠م لقطه للبيع بكمبوند هاي سيتي باطلالة داخلية علي الكمبوند,5200000,3,3,160,https://www.dubizzle.com.eg/ad/%D8%B4%D9%82%D8%A9-%D9%A1%D9%A6%D9%A0%D9%85-%D9%84%D9%82%D8%B7%D9%87-%D9%84%D9%84%D8%A8%D9%8A%D8%B9-%D8%A8%D9%83%D9%85%D8%A8%D9%88%D9%86%D8%AF-%D9%87%D8%A7%D9%8A-%D8%B3%D9%8A%D8%AA%D9%8A-%D8%A8%D8%A7%D8%B7%D9%84%D8%A7%D9%84%D8%A9-%D8%AF%D8%A7%D8%AE%D9%84%D9%8A%D8%A9-%D8%B9%D9%84%D9%8A-%D8%A7%D9%84%D9%83%D9%85%D8%A8%D9%88%D9%86%D8%AF-ID503835637.html
بأوفر مميز شقة 156م استلام فوري بفيو جاردن الان !!,8000000,2,3,156,https://www.dubizzle.com.eg/ad/%D8%A8%D8%A3%D9%88%D9%81%D8%B1-%D9%85%D9%85%D9%8A%D8%B2-%D8%B4%D9%82%D8%A9-156%D9%85-%D8%A7%D8%B3%D8%AA%D9%84%D8%A7%D9%85-%D9%81%D9%88%D8%B1%D9%8A-%D8%A8%D9%81%D9%8A%D9%88-%D8%AC%D8%A7%D8%B1%D8%AF%D9%86-%D8%A7%D9%84%D8%A7%D9%86-ID503894617.html
بأوفر مميز شقة 133م متشطبه فيو لاجون - لفترة محدود,9501000,2,3,133,https://www.dubizzle.com.eg/ad/%D8%A8%D8%A3%D9%88%D9%81%D8%B1-%D9%85%D9%85%D9%8A%D8%B2-%D8%B4%D9%82%D8%A9-133%D9%85-%D9%85%D8%AA%D8%B4%D8%B7%D8%A8%D9%87-%D9%81%D9%8A%D9%88-%D9%84%D8%A7%D8%AC%D9%88%D9%86-%D9%84%D9%81%D8%AA%D8%B1%D8%A9-%D9%85%D8%AD%D8%AF%D9%88%D8%AF-ID503894674.html
باقل اوفر شقة 169م+جاردن 68م استلام فوري فيو مميز,10487000,3,3,169,https://www.dubizzle.com.eg/ad/%D8%A8%D8%A7%D9%82%D9%84-%D8%A7%D9%88%D9%81%D8%B1-%D8%B4%D9%82%D8%A9-169%D9%85%D8%AC%D8%A7%D8%B1%D8%AF%D9%86-68%D9%85-%D8%A7%D8%B3%D8%AA%D9%84%D8%A7%D9%85-%D9%81%D9%88%D8%B1%D9%8A-%D9%81%D9%8A%D9%88-%D9%85%D9%85%D9%8A%D8%B2-ID503894668.html
بأقل اوفر شقة 133م استلام فوري متشطبه فيولاندسكيب,8800000,2,2,133,https://www.dubizzle.com.eg/ad/%D8%A8%D8%A3%D9%82%D9%84-%D8%A7%D9%88%D9%81%D8%B1-%D8%B4%D9%82%D8%A9-133%D9%85-%D8%A7%D8%B3%D8%AA%D9%84%D8%A7%D9%85-%D9%81%D9%88%D8%B1%D9%8A-%D9%85%D8%AA%D8%B4%D8%B7%D8%A8%D9%87-%D9%81%D9%8A%D9%88%D9%84%D8%A7%D9%86%D8%AF%D8%B3%D9%83%D9%8A%D8%A8-ID503894752.html
شقه 4غرف فيو علي حديقه كبيره متشطبه بالتكييفات ريسيل من المالك في النرجس 3 فيلات - بالقاهره الجديده - بسعر لقطه,15400000,4,3,280,https://www.dubizzle.com.eg/ad/%D8%B4%D9%82%D9%87-4%D8%BA%D8%B1%D9%81-%D9%81%D9%8A%D9%88-%D8%B9%D9%84%D9%8A-%D8%AD%D8%AF%D9%8A%D9%82%D9%87-%D9%83%D8%A8%D9%8A%D8%B1%D9%87-%D9%85%D8%AA%D8%B4%D8%B7%D8%A8%D9%87-%D8%A8%D8%A7%D9%84%D8%AA%D9%83%D9%8A%D9%8A%D9%81%D8%A7%D8%AA-%D8%B1%D9%8A%D8%B3%D9%8A%D9%84-%D9%85%D9%86-%D8%A7%D9%84%D9%85%D8%A7%D9%84%D9%83-%D9%81%D9%8A-%D8%A7%D9%84%D9%86%D8%B1%D8%AC%D8%B3-3-%D9%81%D9%8A%D9%84%D8%A7%D8%AA-%D8%A8%D8%A7%D9%84%D9%82%D8%A7%D9%87%D8%B1%D9%87-%D8%A7%D9%84%D8%AC%D8%AF%D9%8A%D8%AF%D9%87-%D8%A8%D8%B3%D8%B9%D8%B1-%D9%84%D9%82%D8%B7%D9%87-ID503894824.html
شقة للبيع في STEI8HT by LMD | 172 م,23000000,3,3,172,https://www.dubizzle.com.eg/ad/%D8%B4%D9%82%D8%A9-%D9%84%D9%84%D8%A8%D9%8A%D8%B9-%D9%81%D9%8A-stei8ht-by-lmd-172-%D9%85-ID208644724.html
شقة استلام فوري للبيع في ماونتن فيو اي سيتي شاملة عضوية النادي والجراج  - Phase Club Park Mountain View iCity,7000000,3,2,169,https://www.dubizzle.com.eg/ad/%D8%B4%D9%82%D8%A9-%D8%A7%D8%B3%D8%AA%D9%84%D8%A7%D9%85-%D9%81%D9%88%D8%B1%D9%8A-%D9%84%D9%84%D8%A8%D9%8A%D8%B9-%D9%81%D9%8A-%D9%85%D8%A7%D9%88%D9%86%D8%AA%D9%86-%D9%81%D9%8A%D9%88-%D8%A7%D9%8A-%D8%B3%D9%8A%D8%AA%D9%8A-%D8%B4%D8%A7%D9%85%D9%84%D8%A9-%D8%B9%D8%B6%D9%88%D9%8A%D8%A9-%D8%A7%D9%84%D9%86%D8%A7%D8%AF%D9%8A-%D9%88%D8%A7%D9%84%D8%AC%D8%B1%D8%A7%D8%AC-phase-club-park-mountain-view-icity-ID503876680.html
شقة للبيع متشطبة بالكامل استلام فوري في مدينتى - Madinaty,5400000,2,1,106,https://www.dubizzle.com.eg/ad/%D8%B4%D9%82%D8%A9-%D9%84%D9%84%D8%A8%D9%8A%D8%B9-%D9%85%D8%AA%D8%B4%D8%B7%D8%A8%D8%A9-%D8%A8%D8%A7%D9%84%D9%83%D8%A7%D9%85%D9%84-%D8%A7%D8%B3%D8%AA%D9%84%D8%A7%D9%85-%D9%81%D9%88%D8%B1%D9%8A-%D9%81%D9%8A-%D9%85%D8%AF%D9%8A%D9%86%D8%AA%D9%89-madinaty-ID503724249.html
شقة للبيع استلام فوري في ذا ادريس ايست التجمع الخامس - وحدة كورنر بموقع مميز جدا يطل على اللاندسكيب -  The address East,8800000,3,2,145,https://www.dubizzle.com.eg/ad/%D8%B4%D9%82%D8%A9-%D9%84%D9%84%D8%A8%D9%8A%D8%B9-%D8%A7%D8%B3%D8%AA%D9%84%D8%A7%D9%85-%D9%81%D9%88%D8%B1%D9%8A-%D9%81%D9%8A-%D8%B0%D8%A7-%D8%A7%D8%AF%D8%B1%D9%8A%D8%B3-%D8%A7%D9%8A%D8%B3%D8%AA-%D8%A7%D9%84%D8%AA%D8%AC%D9%85%D8%B9-%D8%A7%D9%84%D8%AE%D8%A7%D9%85%D8%B3-%D9%88%D8%AD%D8%AF%D8%A9-%D9%83%D9%88%D8%B1%D9%86%D8%B1-%D8%A8%D9%85%D9%88%D9%82%D8%B9-%D9%85%D9%85%D9%8A%D8%B2-%D8%AC%D8%AF%D8%A7-%D9%8A%D8%B7%D9%84-%D8%B9%D9%84%D9%89-%D8%A7%D9%84%D9%84%D8%A7%D9%86%D8%AF%D8%B3%D9%83%D9%8A%D8%A8-the-address-east-ID503500944.html
شقة أرضي للبيع كورنر بأفضل سعر دور ارضي بجاردن و موقع مميز جدًا مطل مباشرة على المسبح  استلام فوري  Patio oro La vista,11200000,3,2,164,https://www.dubizzle.com.eg/ad/%D8%B4%D9%82%D8%A9-%D8%A3%D8%B1%D8%B6%D9%8A-%D9%84%D9%84%D8%A8%D9%8A%D8%B9-%D9%83%D9%88%D8%B1%D9%86%D8%B1-%D8%A8%D8%A3%D9%81%D8%B6%D9%84-%D8%B3%D8%B9%D8%B1-%D8%AF%D9%88%D8%B1-%D8%A7%D8%B1%D8%B6%D9%8A-%D8%A8%D8%AC%D8%A7%D8%B1%D8%AF%D9%86-%D9%88-%D9%85%D9%88%D9%82%D8%B9-%D9%85%D9%85%D9%8A%D8%B2-%D8%AC%D8%AF%D8%A7-%D9%85%D8%B7%D9%84-%D9%85%D8%A8%D8%A7%D8%B4%D8%B1%D8%A9-%D8%B9%D9%84%D9%89-%D8%A7%D9%84%D9%85%D8%B3%D8%A8%D8%AD-%D8%A7%D8%B3%D8%AA%D9%84%D8%A7%D9%85-%D9%81%D9%88%D8%B1%D9%8A-patio-oro-la-vista-ID503231877.html
فرصة لن تتكرر – شقة 197 م² في أفضل موقع بزهراء المعادي,4700000,3,2,197,https://www.dubizzle.com.eg/ad/%D9%81%D8%B1%D8%B5%D8%A9-%D9%84%D9%86-%D8%AA%D8%AA%D9%83%D8%B1%D8%B1-%D8%B4%D9%82%D8%A9-197-%D9%852-%D9%81%D9%8A-%D8%A3%D9%81%D8%B6%D9%84-%D9%85%D9%88%D9%82%D8%B9-%D8%A8%D8%B2%D9%87%D8%B1%D8%A7%D8%A1-%D8%A7%D9%84%D9%85%D8%B9%D8%A7%D8%AF%D9%8A-ID208644913.html
بمقدم 160 الف فقط للبيع شقة في التجمع الخامس علي محور بن زايد بجوار لافيستا والنادي الاهلي وامام سيتي جيت بقسط علي 9 سنوات.,5350000,2,2,121,https://www.dubizzle.com.eg/ad/%D8%A8%D9%85%D9%82%D8%AF%D9%85-160-%D8%A7%D9%84%D9%81-%D9%81%D9%82%D8%B7-%D9%84%D9%84%D8%A8%D9%8A%D8%B9-%D8%B4%D9%82%D8%A9-%D9%81%D9%8A-%D8%A7%D9%84%D8%AA%D8%AC%D9%85%D8%B9-%D8%A7%D9%84%D8%AE%D8%A7%D9%85%D8%B3-%D8%B9%D9%84%D9%8A-%D9%85%D8%AD%D9%88%D8%B1-%D8%A8%D9%86-%D8%B2%D8%A7%D9%8A%D8%AF-%D8%A8%D8%AC%D9%88%D8%A7%D8%B1-%D9%84%D8%A7%D9%81%D9%8A%D8%B3%D8%AA%D8%A7-%D9%88%D8%A7%D9%84%D9%86%D8%A7%D8%AF%D9%8A-%D8%A7%D9%84%D8%A7%D9%87%D9%84%D9%8A-%D9%88%D8%A7%D9%85%D8%A7%D9%85-%D8%B3%D9%8A%D8%AA%D9%8A-%D8%AC%D9%8A%D8%AA-%D8%A8%D9%82%D8%B3%D8%B7-%D8%B9%D9%84%D9%8A-9-%D8%B3%D9%86%D9%88%D8%A7%D8%AA-ID503900872.html
بمقدم 480 الف للبيع شقة في التجمع الخامس الجولدن اسكوير امام هايد بارك مباشرة وعلي شارع التسعين الجنوبي مباشر وبجوار سولانا ساويرس بقسط علي 8 سنوات.,8812886,2,2,117,https://www.dubizzle.com.eg/ad/%D8%A8%D9%85%D9%82%D8%AF%D9%85-480-%D8%A7%D9%84%D9%81-%D9%84%D9%84%D8%A8%D9%8A%D8%B9-%D8%B4%D9%82%D8%A9-%D9%81%D9%8A-%D8%A7%D9%84%D8%AA%D8%AC%D9%85%D8%B9-%D8%A7%D9%84%D8%AE%D8%A7%D9%85%D8%B3-%D8%A7%D9%84%D8%AC%D9%88%D9%84%D8%AF%D9%86-%D8%A7%D8%B3%D9%83%D9%88%D9%8A%D8%B1-%D8%A7%D9%85%D8%A7%D9%85-%D9%87%D8%A7%D9%8A%D8%AF-%D8%A8%D8%A7%D8%B1%D9%83-%D9%85%D8%A8%D8%A7%D8%B4%D8%B1%D8%A9-%D9%88%D8%B9%D9%84%D9%8A-%D8%B4%D8%A7%D8%B1%D8%B9-%D8%A7%D9%84%D8%AA%D8%B3%D8%B9%D9%8A%D9%86-%D8%A7%D9%84%D8%AC%D9%86%D9%88%D8%A8%D9%8A-%D9%85%D8%A8%D8%A7%D8%B4%D8%B1-%D9%88%D8%A8%D8%AC%D9%88%D8%A7%D8%B1-%D8%B3%D9%88%D9%84%D8%A7%D9%86%D8%A7-%D8%B3%D8%A7%D9%88%D9%8A%D8%B1%D8%B3-%D8%A8%D9%82%D8%B3%D8%B7-%D8%B9%D9%84%D9%8A-8-%D8%B3%D9%86%D9%88%D8%A7%D8%AA-ID503900715.html
شقة 3 غرف استلام فوري بلوكيشن مميز جدا بمدينة الشروق,4400000,2,3,126,https://www.dubizzle.com.eg/ad/%D8%B4%D9%82%D8%A9-3-%D8%BA%D8%B1%D9%81-%D8%A7%D8%B3%D8%AA%D9%84%D8%A7%D9%85-%D9%81%D9%88%D8%B1%D9%8A-%D8%A8%D9%84%D9%88%D9%83%D9%8A%D8%B4%D9%86-%D9%85%D9%85%D9%8A%D8%B2-%D8%AC%D8%AF%D8%A7-%D8%A8%D9%85%D8%AF%D9%8A%D9%86%D8%A9-%D8%A7%D9%84%D8%B4%D8%B1%D9%88%D9%82-ID503897824.html
"أقل سعر شقة بفيو حمام سباحة 3 غرف نوم استلام فوري للبيع في هايد بارك – التجمع الخامس – القاهرة الجديدة Hyde Park Fifth Settlement, New Cairo",9646652,3,3,168,https://www.dubizzle.com.eg/ad/%D8%A3%D9%82%D9%84-%D8%B3%D8%B9%D8%B1-%D8%B4%D9%82%D8%A9-%D8%A8%D9%81%D9%8A%D9%88-%D8%AD%D9%85%D8%A7%D9%85-%D8%B3%D8%A8%D8%A7%D8%AD%D8%A9-3-%D8%BA%D8%B1%D9%81-%D9%86%D9%88%D9%85-%D8%A7%D8%B3%D8%AA%D9%84%D8%A7%D9%85-%D9%81%D9%88%D8%B1%D9%8A-%D9%84%D9%84%D8%A8%D9%8A%D8%B9-%D9%81%D9%8A-%D9%87%D8%A7%D9%8A%D8%AF-%D8%A8%D8%A7%D8%B1%D9%83-%D8%A7%D9%84%D8%AA%D8%AC%D9%85%D8%B9-%D8%A7%D9%84%D8%AE%D8%A7%D9%85%D8%B3-%D8%A7%D9%84%D9%82%D8%A7%D9%87%D8%B1%D8%A9-%D8%A7%D9%84%D8%AC%D8%AF%D9%8A%D8%AF%D8%A9-hyde-park-fifth-settlement-new-cairo-ID503900865.html
شقة أحلامك في شيراتون  الموقع والسعر هيفاجئوك شقة مميزة فيو لاجون في شيراتون إستلام فوري بجوار مطار القاهرة بخصم 48%,13350000,3,3,170,https://www.dubizzle.com.eg/ad/%D8%B4%D9%82%D8%A9-%D8%A3%D8%AD%D9%84%D8%A7%D9%85%D9%83-%D9%81%D9%8A-%D8%B4%D9%8A%D8%B1%D8%A7%D8%AA%D9%88%D9%86-%D8%A7%D9%84%D9%85%D9%88%D9%82%D8%B9-%D9%88%D8%A7%D9%84%D8%B3%D8%B9%D8%B1-%D9%87%D9%8A%D9%81%D8%A7%D8%AC%D8%A6%D9%88%D9%83-%D8%B4%D9%82%D8%A9-%D9%85%D9%85%D9%8A%D8%B2%D8%A9-%D9%81%D9%8A%D9%88-%D9%84%D8%A7%D8%AC%D9%88%D9%86-%D9%81%D9%8A-%D8%B4%D9%8A%D8%B1%D8%A7%D8%AA%D9%88%D9%86-%D8%A5%D8%B3%D8%AA%D9%84%D8%A7%D9%85-%D9%81%D9%88%D8%B1%D9%8A-%D8%A8%D8%AC%D9%88%D8%A7%D8%B1-%D9%85%D8%B7%D8%A7%D8%B1-%D8%A7%D9%84%D9%82%D8%A7%D9%87%D8%B1%D8%A9-%D8%A8%D8%AE%D8%B5%D9%85-48-ID503900675.html
شقة بحري - ڤيو مفتوح فرصة استثمارية مميزة – لقطة في العاصمة الإدارية فيو مميز على حي السفارات اطلالة رائعة وتشطيب فاخر في العاصمة الإدارية,7238000,3,3,164,https://www.dubizzle.com.eg/ad/%D8%B4%D9%82%D8%A9-%D8%A8%D8%AD%D8%B1%D9%8A-%DA%A4%D9%8A%D9%88-%D9%85%D9%81%D8%AA%D9%88%D8%AD-%D9%81%D8%B1%D8%B5%D8%A9-%D8%A7%D8%B3%D8%AA%D8%AB%D9%85%D8%A7%D8%B1%D9%8A%D8%A9-%D9%85%D9%85%D9%8A%D8%B2%D8%A9-%D9%84%D9%82%D8%B7%D8%A9-%D9%81%D9%8A-%D8%A7%D9%84%D8%B9%D8%A7%D8%B5%D9%85%D8%A9-%D8%A7%D9%84%D8%A5%D8%AF%D8%A7%D8%B1%D9%8A%D8%A9-%D9%81%D9%8A%D9%88-%D9%85%D9%85%D9%8A%D8%B2-%D8%B9%D9%84%D9%89-%D8%AD%D9%8A-%D8%A7%D9%84%D8%B3%D9%81%D8%A7%D8%B1%D8%A7%D8%AA-%D8%A7%D8%B7%D9%84%D8%A7%D9%84%D8%A9-%D8%B1%D8%A7%D8%A6%D8%B9%D8%A9-%D9%88%D8%AA%D8%B4%D8%B7%D9%8A%D8%A8-%D9%81%D8%A7%D8%AE%D8%B1-%D9%81%D9%8A-%D8%A7%D9%84%D8%B9%D8%A7%D8%B5%D9%85%D8%A9-%D8%A7%D9%84%D8%A5%D8%AF%D8%A7%D8%B1%D9%8A%D8%A9-ID503900438.html
استلم فوري + استثمر باقوي عائد وأقل مقدم ايجاربالدولارشهري لوحده فندقيه متشبطه بالكامل من فندق انتركونتننتال fully finished بالفرش و التكيفات,3490000,1,1,35,https://www.dubizzle.com.eg/ad/%D8%A7%D8%B3%D8%AA%D9%84%D9%85-%D9%81%D9%88%D8%B1%D9%8A-%D8%A7%D8%B3%D8%AA%D8%AB%D9%85%D8%B1-%D8%A8%D8%A7%D9%82%D9%88%D9%8A-%D8%B9%D8%A7%D8%A6%D8%AF-%D9%88%D8%A3%D9%82%D9%84-%D9%85%D9%82%D8%AF%D9%85-%D8%A7%D9%8A%D8%AC%D8%A7%D8%B1%D8%A8%D8%A7%D9%84%D8%AF%D9%88%D9%84%D8%A7%D8%B1%D8%B4%D9%87%D8%B1%D9%8A-%D9%84%D9%88%D8%AD%D8%AF%D9%87-%D9%81%D9%86%D8%AF%D9%82%D9%8A%D9%87-%D9%85%D8%AA%D8%B4%D8%A8%D8%B7%D9%87-%D8%A8%D8%A7%D9%84%D9%83%D8%A7%D9%85%D9%84-%D9%85%D9%86-%D9%81%D9%86%D8%AF%D9%82-%D8%A7%D9%86%D8%AA%D8%B1%D9%83%D9%88%D9%86%D8%AA%D9%86%D9%86%D8%AA%D8%A7%D9%84-fully-finished-%D8%A8%D8%A7%D9%84%D9%81%D8%B1%D8%B4-%D9%88-%D8%A7%D9%84%D8%AA%D9%83%D9%8A%D9%81%D8%A7%D8%AA-ID503890828.html
فرصة مميزة | شقة للبيع في مدينتي B8 المساحة: 69 م² غرفتين بيع,4600000,2,1,69,https://www.dubizzle.com.eg/ad/%D9%81%D8%B1%D8%B5%D8%A9-%D9%85%D9%85%D9%8A%D8%B2%D8%A9-%D8%B4%D9%82%D8%A9-%D9%84%D9%84%D8%A8%D9%8A%D8%B9-%D9%81%D9%8A-%D9%85%D8%AF%D9%8A%D9%86%D8%AA%D9%8A-b8-%D8%A7%D9%84%D9%85%D8%B3%D8%A7%D8%AD%D8%A9-69-%D9%852-%D8%BA%D8%B1%D9%81%D8%AA%D9%8A%D9%86-%D8%A8%D9%8A%D8%B9-ID503738659.html
بنتهاوس للبيع استلام فوري بالقرب من كايرو فيستيفال سيتي في التجمع الخامس داخل كمبوند ستون ريزيدنس Stone Residence,5000000,3,3,220,https://www.dubizzle.com.eg/ad/%D8%A8%D9%86%D8%AA%D9%87%D8%A7%D9%88%D8%B3-%D9%84%D9%84%D8%A8%D9%8A%D8%B9-%D8%A7%D8%B3%D8%AA%D9%84%D8%A7%D9%85-%D9%81%D9%88%D8%B1%D9%8A-%D8%A8%D8%A7%D9%84%D9%82%D8%B1%D8%A8-%D9%85%D9%86-%D9%83%D8%A7%D9%8A%D8%B1%D9%88-%D9%81%D9%8A%D8%B3%D8%AA%D9%8A%D9%81%D8%A7%D9%84-%D8%B3%D9%8A%D8%AA%D9%8A-%D9%81%D9%8A-%D8%A7%D9%84%D8%AA%D8%AC%D9%85%D8%B9-%D8%A7%D9%84%D8%AE%D8%A7%D9%85%D8%B3-%D8%AF%D8%A7%D8%AE%D9%84-%D9%83%D9%85%D8%A8%D9%88%D9%86%D8%AF-%D8%B3%D8%AA%D9%88%D9%86-%D8%B1%D9%8A%D8%B2%D9%8A%D8%AF%D9%86%D8%B3-stone-residence-ID503867326.html
شقه للبيع استلام فوري متشطبة بالتكييفات في كمبوند فيفث سكوير التجمع الخامس Fifth Square,7200000,3,3,160,https://www.dubizzle.com.eg/ad/%D8%B4%D9%82%D9%87-%D9%84%D9%84%D8%A8%D9%8A%D8%B9-%D8%A7%D8%B3%D8%AA%D9%84%D8%A7%D9%85-%D9%81%D9%88%D8%B1%D9%8A-%D9%85%D8%AA%D8%B4%D8%B7%D8%A8%D8%A9-%D8%A8%D8%A7%D9%84%D8%AA%D9%83%D9%8A%D9%8A%D9%81%D8%A7%D8%AA-%D9%81%D9%8A-%D9%83%D9%85%D8%A8%D9%88%D9%86%D8%AF-%D9%81%D9%8A%D9%81%D8%AB-%D8%B3%D9%83%D9%88%D9%8A%D8%B1-%D8%A7%D9%84%D8%AA%D8%AC%D9%85%D8%B9-%D8%A7%D9%84%D8%AE%D8%A7%D9%85%D8%B3-fifth-square-ID503866704.html
للبيع شقه في العاصمه الاداريه بمساحه 185 متر استلام فورى تشطيب كامل بالتكيفات والمطبخ في كمبوند متكامل الخدمات,7650000,3,3,185,https://www.dubizzle.com.eg/ad/%D9%84%D9%84%D8%A8%D9%8A%D8%B9-%D8%B4%D9%82%D9%87-%D9%81%D9%8A-%D8%A7%D9%84%D8%B9%D8%A7%D8%B5%D9%85%D9%87-%D8%A7%D9%84%D8%A7%D8%AF%D8%A7%D8%B1%D9%8A%D9%87-%D8%A8%D9%85%D8%B3%D8%A7%D8%AD%D9%87-185-%D9%85%D8%AA%D8%B1-%D8%A7%D8%B3%D8%AA%D9%84%D8%A7%D9%85-%D9%81%D9%88%D8%B1%D9%89-%D8%AA%D8%B4%D8%B7%D9%8A%D8%A8-%D9%83%D8%A7%D9%85%D9%84-%D8%A8%D8%A7%D9%84%D8%AA%D9%83%D9%8A%D9%81%D8%A7%D8%AA-%D9%88%D8%A7%D9%84%D9%85%D8%B7%D8%A8%D8%AE-%D9%81%D9%8A-%D9%83%D9%85%D8%A8%D9%88%D9%86%D8%AF-%D9%85%D8%AA%D9%83%D8%A7%D9%85%D9%84-%D8%A7%D9%84%D8%AE%D8%AF%D9%85%D8%A7%D8%AA-ID503803578.html
شقه للبيع من المالك مباشره في العاصمه الاداريه 90 متر متشطبه سوبر لوكس بالتكيفات في كمبوند كابيتال واى,4510000,1,1,90,https://www.dubizzle.com.eg/ad/%D8%B4%D9%82%D9%87-%D9%84%D9%84%D8%A8%D9%8A%D8%B9-%D9%85%D9%86-%D8%A7%D9%84%D9%85%D8%A7%D9%84%D9%83-%D9%85%D8%A8%D8%A7%D8%B4%D8%B1%D9%87-%D9%81%D9%8A-%D8%A7%D9%84%D8%B9%D8%A7%D8%B5%D9%85%D9%87-%D8%A7%D9%84%D8%A7%D8%AF%D8%A7%D8%B1%D9%8A%D9%87-90-%D9%85%D8%AA%D8%B1-%D9%85%D8%AA%D8%B4%D8%B7%D8%A8%D9%87-%D8%B3%D9%88%D8%A8%D8%B1-%D9%84%D9%88%D9%83%D8%B3-%D8%A8%D8%A7%D9%84%D8%AA%D9%83%D9%8A%D9%81%D8%A7%D8%AA-%D9%81%D9%8A-%D9%83%D9%85%D8%A8%D9%88%D9%86%D8%AF-%D9%83%D8%A7%D8%A8%D9%8A%D8%AA%D8%A7%D9%84-%D9%88%D8%A7%D9%89-ID503504876.html
اقل سعر فى جرين سكوير ڤيو على اكبر لاجون موقع مميز فى المستقبل سيتى,5250000,3,3,168,https://www.dubizzle.com.eg/ad/%D8%A7%D9%82%D9%84-%D8%B3%D8%B9%D8%B1-%D9%81%D9%89-%D8%AC%D8%B1%D9%8A%D9%86-%D8%B3%D9%83%D9%88%D9%8A%D8%B1-%DA%A4%D9%8A%D9%88-%D8%B9%D9%84%D9%89-%D8%A7%D9%83%D8%A8%D8%B1-%D9%84%D8%A7%D8%AC%D9%88%D9%86-%D9%85%D9%88%D9%82%D8%B9-%D9%85%D9%85%D9%8A%D8%B2-%D9%81%D9%89-%D8%A7%D9%84%D9%85%D8%B3%D8%AA%D9%82%D8%A8%D9%84-%D8%B3%D9%8A%D8%AA%D9%89-ID503820130.html
دوبلكس ارضي بافضل سعر و افضل موقع في المشروع استلام فوري,12500000,3,3,210,https://www.dubizzle.com.eg/ad/%D8%AF%D9%88%D8%A8%D9%84%D9%83%D8%B3-%D8%A7%D8%B1%D8%B6%D9%8A-%D8%A8%D8%A7%D9%81%D8%B6%D9%84-%D8%B3%D8%B9%D8%B1-%D9%88-%D8%A7%D9%81%D8%B6%D9%84-%D9%85%D9%88%D9%82%D8%B9-%D9%81%D9%8A-%D8%A7%D9%84%D9%85%D8%B4%D8%B1%D9%88%D8%B9-%D8%A7%D8%B3%D8%AA%D9%84%D8%A7%D9%85-%D9%81%D9%88%D8%B1%D9%8A-ID503264111.html
شقة استلام فوري متشطبة بالكامل للبيع في مراسم فى جولدن سكوير التجمع الخامس داخل فيفث سكوير من المراسم بالقرب من AUC,9000000,2,2,125,https://www.dubizzle.com.eg/ad/%D8%B4%D9%82%D8%A9-%D8%A7%D8%B3%D8%AA%D9%84%D8%A7%D9%85-%D9%81%D9%88%D8%B1%D9%8A-%D9%85%D8%AA%D8%B4%D8%B7%D8%A8%D8%A9-%D8%A8%D8%A7%D9%84%D9%83%D8%A7%D9%85%D9%84-%D9%84%D9%84%D8%A8%D9%8A%D8%B9-%D9%81%D9%8A-%D9%85%D8%B1%D8%A7%D8%B3%D9%85-%D9%81%D9%89-%D8%AC%D9%88%D9%84%D8%AF%D9%86-%D8%B3%D9%83%D9%88%D9%8A%D8%B1-%D8%A7%D9%84%D8%AA%D8%AC%D9%85%D8%B9-%D8%A7%D9%84%D8%AE%D8%A7%D9%85%D8%B3-%D8%AF%D8%A7%D8%AE%D9%84-%D9%81%D9%8A%D9%81%D8%AB-%D8%B3%D9%83%D9%88%D9%8A%D8%B1-%D9%85%D9%86-%D8%A7%D9%84%D9%85%D8%B1%D8%A7%D8%B3%D9%85-%D8%A8%D8%A7%D9%84%D9%82%D8%B1%D8%A8-%D9%85%D9%86-auc-ID503669654.html
شقة استديو للبيع استلام فوري في تاچ سيتي مرحله ليك بارك - Taj city MNHD,2850000,1,1,58,https://www.dubizzle.com.eg/ad/%D8%B4%D9%82%D8%A9-%D8%A7%D8%B3%D8%AA%D8%AF%D9%8A%D9%88-%D9%84%D9%84%D8%A8%D9%8A%D8%B9-%D8%A7%D8%B3%D8%AA%D9%84%D8%A7%D9%85-%D9%81%D9%88%D8%B1%D9%8A-%D9%81%D9%8A-%D8%AA%D8%A7%DA%86-%D8%B3%D9%8A%D8%AA%D9%8A-%D9%85%D8%B1%D8%AD%D9%84%D9%87-%D9%84%D9%8A%D9%83-%D8%A8%D8%A7%D8%B1%D9%83-taj-city-mnhd-ID503386322.html
شقة للبيع تشطيب كامل مع أجهزة المطبخ  سيفورا هايتس  التجمع الخامس  القاهرة الجديدة,8400000,3,3,212,https://www.dubizzle.com.eg/ad/%D8%B4%D9%82%D8%A9-%D9%84%D9%84%D8%A8%D9%8A%D8%B9-%D8%AA%D8%B4%D8%B7%D9%8A%D8%A8-%D9%83%D8%A7%D9%85%D9%84-%D9%85%D8%B9-%D8%A3%D8%AC%D9%87%D8%B2%D8%A9-%D8%A7%D9%84%D9%85%D8%B7%D8%A8%D8%AE-%D8%B3%D9%8A%D9%81%D9%88%D8%B1%D8%A7-%D9%87%D8%A7%D9%8A%D8%AA%D8%B3-%D8%A7%D9%84%D8%AA%D8%AC%D9%85%D8%B9-%D8%A7%D9%84%D8%AE%D8%A7%D9%85%D8%B3-%D8%A7%D9%84%D9%82%D8%A7%D9%87%D8%B1%D8%A9-%D8%A7%D9%84%D8%AC%D8%AF%D9%8A%D8%AF%D8%A9-ID502268930.html
للبيع شقه 185م الشطر السادس زهراء المعادي خطوات من نادي وادي دجلة موقع مميز واجهه مميزة,5500000,3,2,185,https://www.dubizzle.com.eg/ad/%D9%84%D9%84%D8%A8%D9%8A%D8%B9-%D8%B4%D9%82%D9%87-185%D9%85-%D8%A7%D9%84%D8%B4%D8%B7%D8%B1-%D8%A7%D9%84%D8%B3%D8%A7%D8%AF%D8%B3-%D8%B2%D9%87%D8%B1%D8%A7%D8%A1-%D8%A7%D9%84%D9%85%D8%B9%D8%A7%D8%AF%D9%8A-%D8%AE%D8%B7%D9%88%D8%A7%D8%AA-%D9%85%D9%86-%D9%86%D8%A7%D8%AF%D9%8A-%D9%88%D8%A7%D8%AF%D9%8A-%D8%AF%D8%AC%D9%84%D8%A9-%D9%85%D9%88%D9%82%D8%B9-%D9%85%D9%85%D9%8A%D8%B2-%D9%88%D8%A7%D8%AC%D9%87%D9%87-%D9%85%D9%85%D9%8A%D8%B2%D8%A9-ID502714754.html
الجيزه القاهره,8500000,1,1,35,https://www.dubizzle.com.eg/ad/%D8%A7%D9%84%D8%AC%D9%8A%D8%B2%D9%87-%D8%A7%D9%84%D9%82%D8%A7%D9%87%D8%B1%D9%87-ID503903000.html
استلام فوري - شقة 170م سوبر لوكس في قلب شارع عباس العقاد,4600000,2,2,170,https://www.dubizzle.com.eg/ad/%D8%A7%D8%B3%D8%AA%D9%84%D8%A7%D9%85-%D9%81%D9%88%D8%B1%D9%8A-%D8%B4%D9%82%D8%A9-170%D9%85-%D8%B3%D9%88%D8%A8%D8%B1-%D9%84%D9%88%D9%83%D8%B3-%D9%81%D9%8A-%D9%82%D9%84%D8%A8-%D8%B4%D8%A7%D8%B1%D8%B9-%D8%B9%D8%A8%D8%A7%D8%B3-%D8%A7%D9%84%D8%B9%D9%82%D8%A7%D8%AF-ID208628098.html
تربلكس متشطبه بالكامل بتكييف ومطبخ للبيع في إيستاون سوديك، القاهرة الجديدة Eastown Sodic New Cairo,25000000,4,5,308,https://www.dubizzle.com.eg/ad/%D8%AA%D8%B1%D8%A8%D9%84%D9%83%D8%B3-%D9%85%D8%AA%D8%B4%D8%B7%D8%A8%D9%87-%D8%A8%D8%A7%D9%84%D9%83%D8%A7%D9%85%D9%84-%D8%A8%D8%AA%D9%83%D9%8A%D9%8A%D9%81-%D9%88%D9%85%D8%B7%D8%A8%D8%AE-%D9%84%D9%84%D8%A8%D9%8A%D8%B9-%D9%81%D9%8A-%D8%A5%D9%8A%D8%B3%D8%AA%D8%A7%D9%88%D9%86-%D8%B3%D9%88%D8%AF%D9%8A%D9%83-%D8%A7%D9%84%D9%82%D8%A7%D9%87%D8%B1%D8%A9-%D8%A7%D9%84%D8%AC%D8%AF%D9%8A%D8%AF%D8%A9-eastown-sodic-new-cairo-ID503902990.html
للبيع شقة المعادى الجديدة 165م تشطيب الترا سوبر لوكس بأرقى اماكن بالمعادى الجديدة بسعر مميز جدا,5200000,3,2,160,https://www.dubizzle.com.eg/ad/%D9%84%D9%84%D8%A8%D9%8A%D8%B9-%D8%B4%D9%82%D8%A9-%D8%A7%D9%84%D9%85%D8%B9%D8%A7%D8%AF%D9%89-%D8%A7%D9%84%D8%AC%D8%AF%D9%8A%D8%AF%D8%A9-165%D9%85-%D8%AA%D8%B4%D8%B7%D9%8A%D8%A8-%D8%A7%D9%84%D8%AA%D8%B1%D8%A7-%D8%B3%D9%88%D8%A8%D8%B1-%D9%84%D9%88%D9%83%D8%B3-%D8%A8%D8%A3%D8%B1%D9%82%D9%89-%D8%A7%D9%85%D8%A7%D9%83%D9%86-%D8%A8%D8%A7%D9%84%D9%85%D8%B9%D8%A7%D8%AF%D9%89-%D8%A7%D9%84%D8%AC%D8%AF%D9%8A%D8%AF%D8%A9-%D8%A8%D8%B3%D8%B9%D8%B1-%D9%85%D9%85%D9%8A%D8%B2-%D8%AC%D8%AF%D8%A7-ID503751898.html
للبيع شقة 160م المعادي الشطر الثالث من نيركو موقع مميز واجهه مميزة سوبر لوكس,5350000,3,2,160,https://www.dubizzle.com.eg/ad/%D9%84%D9%84%D8%A8%D9%8A%D8%B9-%D8%B4%D9%82%D8%A9-160%D9%85-%D8%A7%D9%84%D9%85%D8%B9%D8%A7%D8%AF%D9%8A-%D8%A7%D9%84%D8%B4%D8%B7%D8%B1-%D8%A7%D9%84%D8%AB%D8%A7%D9%84%D8%AB-%D9%85%D9%86-%D9%86%D9%8A%D8%B1%D9%83%D9%88-%D9%85%D9%88%D9%82%D8%B9-%D9%85%D9%85%D9%8A%D8%B2-%D9%88%D8%A7%D8%AC%D9%87%D9%87-%D9%85%D9%85%D9%8A%D8%B2%D8%A9-%D8%B3%D9%88%D8%A8%D8%B1-%D9%84%D9%88%D9%83%D8%B3-ID503754444.html
شقة للبيع 108 متر فيو جاردن موقع مميز تشطيبات خاصة قرب السوق القديم وجميع الخدمات والفود كورت في المرحلة التانية الرحاب 1 Al Rehab 1,6000000,3,2,108,https://www.dubizzle.com.eg/ad/%D8%B4%D9%82%D8%A9-%D9%84%D9%84%D8%A8%D9%8A%D8%B9-108-%D9%85%D8%AA%D8%B1-%D9%81%D9%8A%D9%88-%D8%AC%D8%A7%D8%B1%D8%AF%D9%86-%D9%85%D9%88%D9%82%D8%B9-%D9%85%D9%85%D9%8A%D8%B2-%D8%AA%D8%B4%D8%B7%D9%8A%D8%A8%D8%A7%D8%AA-%D8%AE%D8%A7%D8%B5%D8%A9-%D9%82%D8%B1%D8%A8-%D8%A7%D9%84%D8%B3%D9%88%D9%82-%D8%A7%D9%84%D9%82%D8%AF%D9%8A%D9%85-%D9%88%D8%AC%D9%85%D9%8A%D8%B9-%D8%A7%D9%84%D8%AE%D8%AF%D9%85%D8%A7%D8%AA-%D9%88%D8%A7%D9%84%D9%81%D9%88%D8%AF-%D9%83%D9%88%D8%B1%D8%AA-%D9%81%D9%8A-%D8%A7%D9%84%D9%85%D8%B1%D8%AD%D9%84%D8%A9-%D8%A7%D9%84%D8%AA%D8%A7%D9%86%D9%8A%D8%A9-%D8%A7%D9%84%D8%B1%D8%AD%D8%A7%D8%A8-1-al-rehab-1-ID503902978.html
للبيع على وجه السرعة شقة مميزة مساحة 182م زهراء المعادي الشطر الثالث عشر موقع مميز,4750000,3,2,182,https://www.dubizzle.com.eg/ad/%D9%84%D9%84%D8%A8%D9%8A%D8%B9-%D8%B9%D9%84%D9%89-%D9%88%D8%AC%D9%87-%D8%A7%D9%84%D8%B3%D8%B1%D8%B9%D8%A9-%D8%B4%D9%82%D8%A9-%D9%85%D9%85%D9%8A%D8%B2%D8%A9-%D9%85%D8%B3%D8%A7%D8%AD%D8%A9-182%D9%85-%D8%B2%D9%87%D8%B1%D8%A7%D8%A1-%D8%A7%D9%84%D9%85%D8%B9%D8%A7%D8%AF%D9%8A-%D8%A7%D9%84%D8%B4%D8%B7%D8%B1-%D8%A7%D9%84%D8%AB%D8%A7%D9%84%D8%AB-%D8%B9%D8%B4%D8%B1-%D9%85%D9%88%D9%82%D8%B9-%D9%85%D9%85%D9%8A%D8%B2-ID503754531.html
للبيع شقة بزهراء المعادى الشطر الثالث oخطوات من نادي وادي دجلة 130م تشطيب سوبر لوكس بموقع متميز,3600000,2,2,130,https://www.dubizzle.com.eg/ad/%D9%84%D9%84%D8%A8%D9%8A%D8%B9-%D8%B4%D9%82%D8%A9-%D8%A8%D8%B2%D9%87%D8%B1%D8%A7%D8%A1-%D8%A7%D9%84%D9%85%D8%B9%D8%A7%D8%AF%D9%89-%D8%A7%D9%84%D8%B4%D8%B7%D8%B1-%D8%A7%D9%84%D8%AB%D8%A7%D9%84%D8%AB-o%D8%AE%D8%B7%D9%88%D8%A7%D8%AA-%D9%85%D9%86-%D9%86%D8%A7%D8%AF%D9%8A-%D9%88%D8%A7%D8%AF%D9%8A-%D8%AF%D8%AC%D9%84%D8%A9-130%D9%85-%D8%AA%D8%B4%D8%B7%D9%8A%D8%A8-%D8%B3%D9%88%D8%A8%D8%B1-%D9%84%D9%88%D9%83%D8%B3-%D8%A8%D9%85%D9%88%D9%82%D8%B9-%D9%85%D8%AA%D9%85%D9%8A%D8%B2-ID503753342.html
اقل سعر من الماركت ب 500 الف شقة بجاردن 3 نوم لسرعة البيع متشطبة بالكامل بالتكيفات وغرفة ناني استلام فوري كمبوند فيفث سكوير المراسم التجمع الخامس,13900000,3,3,195,https://www.dubizzle.com.eg/ad/%D8%A7%D9%82%D9%84-%D8%B3%D8%B9%D8%B1-%D9%85%D9%86-%D8%A7%D9%84%D9%85%D8%A7%D8%B1%D9%83%D8%AA-%D8%A8-500-%D8%A7%D9%84%D9%81-%D8%B4%D9%82%D8%A9-%D8%A8%D8%AC%D8%A7%D8%B1%D8%AF%D9%86-3-%D9%86%D9%88%D9%85-%D9%84%D8%B3%D8%B1%D8%B9%D8%A9-%D8%A7%D9%84%D8%A8%D9%8A%D8%B9-%D9%85%D8%AA%D8%B4%D8%B7%D8%A8%D8%A9-%D8%A8%D8%A7%D9%84%D9%83%D8%A7%D9%85%D9%84-%D8%A8%D8%A7%D9%84%D8%AA%D9%83%D9%8A%D9%81%D8%A7%D8%AA-%D9%88%D8%BA%D8%B1%D9%81%D8%A9-%D9%86%D8%A7%D9%86%D9%8A-%D8%A7%D8%B3%D8%AA%D9%84%D8%A7%D9%85-%D9%81%D9%88%D8%B1%D9%8A-%D9%83%D9%85%D8%A8%D9%88%D9%86%D8%AF-%D9%81%D9%8A%D9%81%D8%AB-%D8%B3%D9%83%D9%88%D9%8A%D8%B1-%D8%A7%D9%84%D9%85%D8%B1%D8%A7%D8%B3%D9%85-%D8%A7%D9%84%D8%AA%D8%AC%D9%85%D8%B9-%D8%A7%D9%84%D8%AE%D8%A7%D9%85%D8%B3-ID503641176.html
شقه للبيع في ماونتن فيو اي سيتي التجمع الخامس موقع متميز و اقل من سعر السوق,6500000,3,2,165,https://www.dubizzle.com.eg/ad/%D8%B4%D9%82%D9%87-%D9%84%D9%84%D8%A8%D9%8A%D8%B9-%D9%81%D9%8A-%D9%85%D8%A7%D9%88%D9%86%D8%AA%D9%86-%D9%81%D9%8A%D9%88-%D8%A7%D9%8A-%D8%B3%D9%8A%D8%AA%D9%8A-%D8%A7%D9%84%D8%AA%D8%AC%D9%85%D8%B9-%D8%A7%D9%84%D8%AE%D8%A7%D9%85%D8%B3-%D9%85%D9%88%D9%82%D8%B9-%D9%85%D8%AA%D9%85%D9%8A%D8%B2-%D9%88-%D8%A7%D9%82%D9%84-%D9%85%D9%86-%D8%B3%D8%B9%D8%B1-%D8%A7%D9%84%D8%B3%D9%88%D9%82-ID503742763.html
شقه للبيع ( 155م - كورنر - بحري صريح ) Double View - موقع مميز جدا ( 3 غرف Garden View ) سور ف سور مع مدينتي مباشره + دقايق من مطار القاهره,5150000,3,2,155,https://www.dubizzle.com.eg/ad/%D8%B4%D9%82%D9%87-%D9%84%D9%84%D8%A8%D9%8A%D8%B9-155%D9%85-%D9%83%D9%88%D8%B1%D9%86%D8%B1-%D8%A8%D8%AD%D8%B1%D9%8A-%D8%B5%D8%B1%D9%8A%D8%AD-double-view-%D9%85%D9%88%D9%82%D8%B9-%D9%85%D9%85%D9%8A%D8%B2-%D8%AC%D8%AF%D8%A7-3-%D8%BA%D8%B1%D9%81-garden-view-%D8%B3%D9%88%D8%B1-%D9%81-%D8%B3%D9%88%D8%B1-%D9%85%D8%B9-%D9%85%D8%AF%D9%8A%D9%86%D8%AA%D9%8A-%D9%85%D8%A8%D8%A7%D8%B4%D8%B1%D9%87-%D8%AF%D9%82%D8%A7%D9%8A%D9%82-%D9%85%D9%86-%D9%85%D8%B7%D8%A7%D8%B1-%D8%A7%D9%84%D9%82%D8%A7%D9%87%D8%B1%D9%87-ID503894727.html
للبيع بأقل من سعر الشركة | دوبلكس بجاردن [285]م استلام فوري في كمبوند  The Icon Gardens | التجمع الخامس بجوار AUC,6825000,5,5,285,https://www.dubizzle.com.eg/ad/%D9%84%D9%84%D8%A8%D9%8A%D8%B9-%D8%A8%D8%A3%D9%82%D9%84-%D9%85%D9%86-%D8%B3%D8%B9%D8%B1-%D8%A7%D9%84%D8%B4%D8%B1%D9%83%D8%A9-%D8%AF%D9%88%D8%A8%D9%84%D9%83%D8%B3-%D8%A8%D8%AC%D8%A7%D8%B1%D8%AF%D9%86-285%D9%85-%D8%A7%D8%B3%D8%AA%D9%84%D8%A7%D9%85-%D9%81%D9%88%D8%B1%D9%8A-%D9%81%D9%8A-%D9%83%D9%85%D8%A8%D9%88%D9%86%D8%AF-the-icon-gardens-%D8%A7%D9%84%D8%AA%D8%AC%D9%85%D8%B9-%D8%A7%D9%84%D8%AE%D8%A7%D9%85%D8%B3-%D8%A8%D8%AC%D9%88%D8%A7%D8%B1-auc-ID503893213.html
شقة أرضي بجاردن برايم لوكيشن امام مطار القاهرة دقايق من مصر الجديدة بفيو لاندسكيب بحري بالكامل,5000000,2,2,115,https://www.dubizzle.com.eg/ad/%D8%B4%D9%82%D8%A9-%D8%A3%D8%B1%D8%B6%D9%8A-%D8%A8%D8%AC%D8%A7%D8%B1%D8%AF%D9%86-%D8%A8%D8%B1%D8%A7%D9%8A%D9%85-%D9%84%D9%88%D9%83%D9%8A%D8%B4%D9%86-%D8%A7%D9%85%D8%A7%D9%85-%D9%85%D8%B7%D8%A7%D8%B1-%D8%A7%D9%84%D9%82%D8%A7%D9%87%D8%B1%D8%A9-%D8%AF%D9%82%D8%A7%D9%8A%D9%82-%D9%85%D9%86-%D9%85%D8%B5%D8%B1-%D8%A7%D9%84%D8%AC%D8%AF%D9%8A%D8%AF%D8%A9-%D8%A8%D9%81%D9%8A%D9%88-%D9%84%D8%A7%D9%86%D8%AF%D8%B3%D9%83%D9%8A%D8%A8-%D8%A8%D8%AD%D8%B1%D9%8A-%D8%A8%D8%A7%D9%84%D9%83%D8%A7%D9%85%D9%84-ID503894333.html
أقل سعر شقة 211 متر-3 غرف نوم-نصف تشطيب-ايستاون القاهرة الجديدة,14000000,3,3,211,https://www.dubizzle.com.eg/ad/%D8%A3%D9%82%D9%84-%D8%B3%D8%B9%D8%B1-%D8%B4%D9%82%D8%A9-211-%D9%85%D8%AA%D8%B1-3-%D8%BA%D8%B1%D9%81-%D9%86%D9%88%D9%85-%D9%86%D8%B5%D9%81-%D8%AA%D8%B4%D8%B7%D9%8A%D8%A8-%D8%A7%D9%8A%D8%B3%D8%AA%D8%A7%D9%88%D9%86-%D8%A7%D9%84%D9%82%D8%A7%D9%87%D8%B1%D8%A9-%D8%A7%D9%84%D8%AC%D8%AF%D9%8A%D8%AF%D8%A9-ID503891203.html
للبيع بنتهاوس بموقع مميز في فيليت سوديك  بنتهاوس موقع مميز  مساحة المباني: 286 م² مساحة الروف: 145 م² 4 غرف نوم 4 حمامات غرفة مربية,19000000,4,4,286,https://www.dubizzle.com.eg/ad/%D9%84%D9%84%D8%A8%D9%8A%D8%B9-%D8%A8%D9%86%D8%AA%D9%87%D8%A7%D9%88%D8%B3-%D8%A8%D9%85%D9%88%D9%82%D8%B9-%D9%85%D9%85%D9%8A%D8%B2-%D9%81%D9%8A-%D9%81%D9%8A%D9%84%D9%8A%D8%AA-%D8%B3%D9%88%D8%AF%D9%8A%D9%83-%D8%A8%D9%86%D8%AA%D9%87%D8%A7%D9%88%D8%B3-%D9%85%D9%88%D9%82%D8%B9-%D9%85%D9%85%D9%8A%D8%B2-%D9%85%D8%B3%D8%A7%D8%AD%D8%A9-%D8%A7%D9%84%D9%85%D8%A8%D8%A7%D9%86%D9%8A-286-%D9%852-%D9%85%D8%B3%D8%A7%D8%AD%D8%A9-%D8%A7%D9%84%D8%B1%D9%88%D9%81-145-%D9%852-4-%D8%BA%D8%B1%D9%81-%D9%86%D9%88%D9%85-4-%D8%AD%D9%85%D8%A7%D9%85%D8%A7%D8%AA-%D8%BA%D8%B1%D9%81%D8%A9-%D9%85%D8%B1%D8%A8%D9%8A%D8%A9-ID503885886.html
اخر شقة استلام فوري بكمبوند سكني في لوكيشن مميز خلف واتر واي و 10 دقائق من فندق دوسيت,4700000,2,2,120,https://www.dubizzle.com.eg/ad/%D8%A7%D8%AE%D8%B1-%D8%B4%D9%82%D8%A9-%D8%A7%D8%B3%D8%AA%D9%84%D8%A7%D9%85-%D9%81%D9%88%D8%B1%D9%8A-%D8%A8%D9%83%D9%85%D8%A8%D9%88%D9%86%D8%AF-%D8%B3%D9%83%D9%86%D9%8A-%D9%81%D9%8A-%D9%84%D9%88%D9%83%D9%8A%D8%B4%D9%86-%D9%85%D9%85%D9%8A%D8%B2-%D8%AE%D9%84%D9%81-%D9%88%D8%A7%D8%AA%D8%B1-%D9%88%D8%A7%D9%8A-%D9%88-10-%D8%AF%D9%82%D8%A7%D8%A6%D9%82-%D9%85%D9%86-%D9%81%D9%86%D8%AF%D9%82-%D8%AF%D9%88%D8%B3%D9%8A%D8%AA-ID502912281.html
شقه استلام فوري متشطبه بالكامل في كمبوند هايد بارك التجمع الخامس,14000000,3,3,207,https://www.dubizzle.com.eg/ad/%D8%B4%D9%82%D9%87-%D8%A7%D8%B3%D8%AA%D9%84%D8%A7%D9%85-%D9%81%D9%88%D8%B1%D9%8A-%D9%85%D8%AA%D8%B4%D8%B7%D8%A8%D9%87-%D8%A8%D8%A7%D9%84%D9%83%D8%A7%D9%85%D9%84-%D9%81%D9%8A-%D9%83%D9%85%D8%A8%D9%88%D9%86%D8%AF-%D9%87%D8%A7%D9%8A%D8%AF-%D8%A8%D8%A7%D8%B1%D9%83-%D8%A7%D9%84%D8%AA%D8%AC%D9%85%D8%B9-%D8%A7%D9%84%D8%AE%D8%A7%D9%85%D8%B3-ID503891529.html
شقة بموقع متميز امام كمبوند هايد بارك وعلى التسعين الجنوبي مباشرة والجامعة الأمريكية بفيو رائع على لاندسكيب في التجمع الخامس,3200000,3,2,138,https://www.dubizzle.com.eg/ad/%D8%B4%D9%82%D8%A9-%D8%A8%D9%85%D9%88%D9%82%D8%B9-%D9%85%D8%AA%D9%85%D9%8A%D8%B2-%D8%A7%D9%85%D8%A7%D9%85-%D9%83%D9%85%D8%A8%D9%88%D9%86%D8%AF-%D9%87%D8%A7%D9%8A%D8%AF-%D8%A8%D8%A7%D8%B1%D9%83-%D9%88%D8%B9%D9%84%D9%89-%D8%A7%D9%84%D8%AA%D8%B3%D8%B9%D9%8A%D9%86-%D8%A7%D9%84%D8%AC%D9%86%D9%88%D8%A8%D9%8A-%D9%85%D8%A8%D8%A7%D8%B4%D8%B1%D8%A9-%D9%88%D8%A7%D9%84%D8%AC%D8%A7%D9%85%D8%B9%D8%A9-%D8%A7%D9%84%D8%A3%D9%85%D8%B1%D9%8A%D9%83%D9%8A%D8%A9-%D8%A8%D9%81%D9%8A%D9%88-%D8%B1%D8%A7%D8%A6%D8%B9-%D8%B9%D9%84%D9%89-%D9%84%D8%A7%D9%86%D8%AF%D8%B3%D9%83%D9%8A%D8%A8-%D9%81%D9%8A-%D8%A7%D9%84%D8%AA%D8%AC%D9%85%D8%B9-%D8%A7%D9%84%D8%AE%D8%A7%D9%85%D8%B3-ID503820371.html
شقة لقطة بحري بالكامل للبيع في اميز لوكيشن بفيو مفتوح في كمبوند تاج سيتي,5300000,3,2,145,https://www.dubizzle.com.eg/ad/%D8%B4%D9%82%D8%A9-%D9%84%D9%82%D8%B7%D8%A9-%D8%A8%D8%AD%D8%B1%D9%8A-%D8%A8%D8%A7%D9%84%D9%83%D8%A7%D9%85%D9%84-%D9%84%D9%84%D8%A8%D9%8A%D8%B9-%D9%81%D9%8A-%D8%A7%D9%85%D9%8A%D8%B2-%D9%84%D9%88%D9%83%D9%8A%D8%B4%D9%86-%D8%A8%D9%81%D9%8A%D9%88-%D9%85%D9%81%D8%AA%D9%88%D8%AD-%D9%81%D9%8A-%D9%83%D9%85%D8%A8%D9%88%D9%86%D8%AF-%D8%AA%D8%A7%D8%AC-%D8%B3%D9%8A%D8%AA%D9%8A-ID503699506.html
شقة لقطة للبيع في ماونتن فيو اي سيتي التجمع الخامس موقع مميز اقل من سعر السوق بمقدم و اقساط  MOUNTIAN VIEW I ICTY,5952693,3,3,155,https://www.dubizzle.com.eg/ad/%D8%B4%D9%82%D8%A9-%D9%84%D9%82%D8%B7%D8%A9-%D9%84%D9%84%D8%A8%D9%8A%D8%B9-%D9%81%D9%8A-%D9%85%D8%A7%D9%88%D9%86%D8%AA%D9%86-%D9%81%D9%8A%D9%88-%D8%A7%D9%8A-%D8%B3%D9%8A%D8%AA%D9%8A-%D8%A7%D9%84%D8%AA%D8%AC%D9%85%D8%B9-%D8%A7%D9%84%D8%AE%D8%A7%D9%85%D8%B3-%D9%85%D9%88%D9%82%D8%B9-%D9%85%D9%85%D9%8A%D8%B2-%D8%A7%D9%82%D9%84-%D9%85%D9%86-%D8%B3%D8%B9%D8%B1-%D8%A7%D9%84%D8%B3%D9%88%D9%82-%D8%A8%D9%85%D9%82%D8%AF%D9%85-%D9%88-%D8%A7%D9%82%D8%B3%D8%A7%D8%B7-mountian-view-i-icty-ID503893533.html
مدينتى شقه للبيع 136 متر ارضى بدون حديقه فى الb10,8000000,3,2,136,https://www.dubizzle.com.eg/ad/%D9%85%D8%AF%D9%8A%D9%86%D8%AA%D9%89-%D8%B4%D9%82%D9%87-%D9%84%D9%84%D8%A8%D9%8A%D8%B9-136-%D9%85%D8%AA%D8%B1-%D8%A7%D8%B1%D8%B6%D9%89-%D8%A8%D8%AF%D9%88%D9%86-%D8%AD%D8%AF%D9%8A%D9%82%D9%87-%D9%81%D9%89-%D8%A7%D9%84b10-ID503036021.html
شقة للبيع في مدينتي 325 م  بالفرش والأجهزة والتكيفات يعني جاهزة للسكن الفوري,23500000,4,4,325,https://www.dubizzle.com.eg/ad/%D8%B4%D9%82%D8%A9-%D9%84%D9%84%D8%A8%D9%8A%D8%B9-%D9%81%D9%8A-%D9%85%D8%AF%D9%8A%D9%86%D8%AA%D9%8A-325-%D9%85-%D8%A8%D8%A7%D9%84%D9%81%D8%B1%D8%B4-%D9%88%D8%A7%D9%84%D8%A3%D8%AC%D9%87%D8%B2%D8%A9-%D9%88%D8%A7%D9%84%D8%AA%D9%83%D9%8A%D9%81%D8%A7%D8%AA-%D9%8A%D8%B9%D9%86%D9%8A-%D8%AC%D8%A7%D9%87%D8%B2%D8%A9-%D9%84%D9%84%D8%B3%D9%83%D9%86-%D8%A7%D9%84%D9%81%D9%88%D8%B1%D9%8A-ID503899334.html
شقة فندقية للبيع باعلي عائد سنوي يصل الي 22% بالفرش و الأجهزة استلام قريب جاهز للمعاينة بالتقسيط علي اطول فترة سداد علي كورنيش النيل بجوار هيلتون,3000000,1,1,72,https://www.dubizzle.com.eg/ad/%D8%B4%D9%82%D8%A9-%D9%81%D9%86%D8%AF%D9%82%D9%8A%D8%A9-%D9%84%D9%84%D8%A8%D9%8A%D8%B9-%D8%A8%D8%A7%D8%B9%D9%84%D9%8A-%D8%B9%D8%A7%D8%A6%D8%AF-%D8%B3%D9%86%D9%88%D9%8A-%D9%8A%D8%B5%D9%84-%D8%A7%D9%84%D9%8A-22-%D8%A8%D8%A7%D9%84%D9%81%D8%B1%D8%B4-%D9%88-%D8%A7%D9%84%D8%A3%D8%AC%D9%87%D8%B2%D8%A9-%D8%A7%D8%B3%D8%AA%D9%84%D8%A7%D9%85-%D9%82%D8%B1%D9%8A%D8%A8-%D8%AC%D8%A7%D9%87%D8%B2-%D9%84%D9%84%D9%85%D8%B9%D8%A7%D9%8A%D9%86%D8%A9-%D8%A8%D8%A7%D9%84%D8%AA%D9%82%D8%B3%D9%8A%D8%B7-%D8%B9%D9%84%D9%8A-%D8%A7%D8%B7%D9%88%D9%84-%D9%81%D8%AA%D8%B1%D8%A9-%D8%B3%D8%AF%D8%A7%D8%AF-%D8%B9%D9%84%D9%8A-%D9%83%D9%88%D8%B1%D9%86%D9%8A%D8%B4-%D8%A7%D9%84%D9%86%D9%8A%D9%84-%D8%A8%D8%AC%D9%88%D8%A7%D8%B1-%D9%87%D9%8A%D9%84%D8%AA%D9%88%D9%86-ID503650910.html
شقة جاردن استلام فوري بفيو مميز بأقل من سعر السوق ريسيل 3 غرف في كمبوند بلوم فيلدز Bloomfields المستقبل سيتي بجوار مدينتي وسراي,5150000,3,2,149,https://www.dubizzle.com.eg/ad/%D8%B4%D9%82%D8%A9-%D8%AC%D8%A7%D8%B1%D8%AF%D9%86-%D8%A7%D8%B3%D8%AA%D9%84%D8%A7%D9%85-%D9%81%D9%88%D8%B1%D9%8A-%D8%A8%D9%81%D9%8A%D9%88-%D9%85%D9%85%D9%8A%D8%B2-%D8%A8%D8%A3%D9%82%D9%84-%D9%85%D9%86-%D8%B3%D8%B9%D8%B1-%D8%A7%D9%84%D8%B3%D9%88%D9%82-%D8%B1%D9%8A%D8%B3%D9%8A%D9%84-3-%D8%BA%D8%B1%D9%81-%D9%81%D9%8A-%D9%83%D9%85%D8%A8%D9%88%D9%86%D8%AF-%D8%A8%D9%84%D9%88%D9%85-%D9%81%D9%8A%D9%84%D8%AF%D8%B2-bloomfields-%D8%A7%D9%84%D9%85%D8%B3%D8%AA%D9%82%D8%A8%D9%84-%D8%B3%D9%8A%D8%AA%D9%8A-%D8%A8%D8%AC%D9%88%D8%A7%D8%B1-%D9%85%D8%AF%D9%8A%D9%86%D8%AA%D9%8A-%D9%88%D8%B3%D8%B1%D8%A7%D9%8A-ID503900599.html
شقه 200 متر لقطه للبيع بمدينتي بسعر تجاري لسرعه البيع في 2 b,9000000,3,3,200,https://www.dubizzle.com.eg/ad/%D8%B4%D9%82%D9%87-200-%D9%85%D8%AA%D8%B1-%D9%84%D9%82%D8%B7%D9%87-%D9%84%D9%84%D8%A8%D9%8A%D8%B9-%D8%A8%D9%85%D8%AF%D9%8A%D9%86%D8%AA%D9%8A-%D8%A8%D8%B3%D8%B9%D8%B1-%D8%AA%D8%AC%D8%A7%D8%B1%D9%8A-%D9%84%D8%B3%D8%B1%D8%B9%D9%87-%D8%A7%D9%84%D8%A8%D9%8A%D8%B9-%D9%81%D9%8A-2-b-ID503900554.html
فرصة للبيع لأصحاب المساحات الكبيره 285 م تشطيبات حديثة جاهزه علي السكن فوورا قرب النادي الاهلي امتداد حسن المأمون,8500000,4,4,285,https://www.dubizzle.com.eg/ad/%D9%81%D8%B1%D8%B5%D8%A9-%D9%84%D9%84%D8%A8%D9%8A%D8%B9-%D9%84%D8%A3%D8%B5%D8%AD%D8%A7%D8%A8-%D8%A7%D9%84%D9%85%D8%B3%D8%A7%D8%AD%D8%A7%D8%AA-%D8%A7%D9%84%D9%83%D8%A8%D9%8A%D8%B1%D9%87-285-%D9%85-%D8%AA%D8%B4%D8%B7%D9%8A%D8%A8%D8%A7%D8%AA-%D8%AD%D8%AF%D9%8A%D8%AB%D8%A9-%D8%AC%D8%A7%D9%87%D8%B2%D9%87-%D8%B9%D9%84%D9%8A-%D8%A7%D9%84%D8%B3%D9%83%D9%86-%D9%81%D9%88%D9%88%D8%B1%D8%A7-%D9%82%D8%B1%D8%A8-%D8%A7%D9%84%D9%86%D8%A7%D8%AF%D9%8A-%D8%A7%D9%84%D8%A7%D9%87%D9%84%D9%8A-%D8%A7%D9%85%D8%AA%D8%AF%D8%A7%D8%AF-%D8%AD%D8%B3%D9%86-%D8%A7%D9%84%D9%85%D8%A3%D9%85%D9%88%D9%86-ID503878913.html
شقه في اميز كمبوند في الشروق ((البروج)) متشطبه واستلام فوري بمجرد دفع المقدم فقط واقساط لاطول فتره سداد بدون فوايد الكمبوند امام المركز الطبي العالمي.,14000000,3,3,182,https://www.dubizzle.com.eg/ad/%D8%B4%D9%82%D9%87-%D9%81%D9%8A-%D8%A7%D9%85%D9%8A%D8%B2-%D9%83%D9%85%D8%A8%D9%88%D9%86%D8%AF-%D9%81%D9%8A-%D8%A7%D9%84%D8%B4%D8%B1%D9%88%D9%82-%D8%A7%D9%84%D8%A8%D8%B1%D9%88%D8%AC-%D9%85%D8%AA%D8%B4%D8%B7%D8%A8%D9%87-%D9%88%D8%A7%D8%B3%D8%AA%D9%84%D8%A7%D9%85-%D9%81%D9%88%D8%B1%D9%8A-%D8%A8%D9%85%D8%AC%D8%B1%D8%AF-%D8%AF%D9%81%D8%B9-%D8%A7%D9%84%D9%85%D9%82%D8%AF%D9%85-%D9%81%D9%82%D8%B7-%D9%88%D8%A7%D9%82%D8%B3%D8%A7%D8%B7-%D9%84%D8%A7%D8%B7%D9%88%D9%84-%D9%81%D8%AA%D8%B1%D9%87-%D8%B3%D8%AF%D8%A7%D8%AF-%D8%A8%D8%AF%D9%88%D9%86-%D9%81%D9%88%D8%A7%D9%8A%D8%AF-%D8%A7%D9%84%D9%83%D9%85%D8%A8%D9%88%D9%86%D8%AF-%D8%A7%D9%85%D8%A7%D9%85-%D8%A7%D9%84%D9%85%D8%B1%D9%83%D8%B2-%D8%A7%D9%84%D8%B7%D8%A8%D9%8A-%D8%A7%D9%84%D8%B9%D8%A7%D9%84%D9%85%D9%8A-ID503837359.html
شقة للبيع في دار مصر (القرنفل) – التجمع الأول | 130 متر نموذج A بموقع مميز,5700000,3,3,210,https://www.dubizzle.com.eg/ad/%D8%B4%D9%82%D8%A9-%D9%84%D9%84%D8%A8%D9%8A%D8%B9-%D9%81%D9%8A-%D8%AF%D8%A7%D8%B1-%D9%85%D8%B5%D8%B1-%D8%A7%D9%84%D9%82%D8%B1%D9%86%D9%81%D9%84-%D8%A7%D9%84%D8%AA%D8%AC%D9%85%D8%B9-%D8%A7%D9%84%D8%A3%D9%88%D9%84-130-%D9%85%D8%AA%D8%B1-%D9%86%D9%85%D9%88%D8%B0%D8%AC-a-%D8%A8%D9%85%D9%88%D9%82%D8%B9-%D9%85%D9%85%D9%8A%D8%B2-ID503812245.html
شقه للبيع 100م قرب سيتي ستارز عمارات الامداد والتموين مدينة نصر,2800000,2,1,100,https://www.dubizzle.com.eg/ad/%D8%B4%D9%82%D9%87-%D9%84%D9%84%D8%A8%D9%8A%D8%B9-100%D9%85-%D9%82%D8%B1%D8%A8-%D8%B3%D9%8A%D8%AA%D9%8A-%D8%B3%D8%AA%D8%A7%D8%B1%D8%B2-%D8%B9%D9%85%D8%A7%D8%B1%D8%A7%D8%AA-%D8%A7%D9%84%D8%A7%D9%85%D8%AF%D8%A7%D8%AF-%D9%88%D8%A7%D9%84%D8%AA%D9%85%D9%88%D9%8A%D9%86-%D9%85%D8%AF%D9%8A%D9%86%D8%A9-%D9%86%D8%B5%D8%B1-ID503892100.html
شقة مميزه للبيع في مدينة نصر-المربع الذهبي – بين مكرم وعباس لو بتدور على سكن راقي في مكان مميز تواصل معانا حصة ارض – مسجله شهر عقاري,6300000,3,2,220,https://www.dubizzle.com.eg/ad/%D8%B4%D9%82%D8%A9-%D9%85%D9%85%D9%8A%D8%B2%D9%87-%D9%84%D9%84%D8%A8%D9%8A%D8%B9-%D9%81%D9%8A-%D9%85%D8%AF%D9%8A%D9%86%D8%A9-%D9%86%D8%B5%D8%B1-%D8%A7%D9%84%D9%85%D8%B1%D8%A8%D8%B9-%D8%A7%D9%84%D8%B0%D9%87%D8%A8%D9%8A-%D8%A8%D9%8A%D9%86-%D9%85%D9%83%D8%B1%D9%85-%D9%88%D8%B9%D8%A8%D8%A7%D8%B3-%D9%84%D9%88-%D8%A8%D8%AA%D8%AF%D9%88%D8%B1-%D8%B9%D9%84%D9%89-%D8%B3%D9%83%D9%86-%D8%B1%D8%A7%D9%82%D9%8A-%D9%81%D9%8A-%D9%85%D9%83%D8%A7%D9%86-%D9%85%D9%85%D9%8A%D8%B2-%D8%AA%D9%88%D8%A7%D8%B5%D9%84-%D9%85%D8%B9%D8%A7%D9%86%D8%A7-%D8%AD%D8%B5%D8%A9-%D8%A7%D8%B1%D8%B6-%D9%85%D8%B3%D8%AC%D9%84%D9%87-%D8%B4%D9%87%D8%B1-%D8%B9%D9%82%D8%A7%D8%B1%D9%8A-ID503887127.html
للبيع ١٣١ متر وايد جاردن فيو مدينتى,6750000,3,2,131,https://www.dubizzle.com.eg/ad/%D9%84%D9%84%D8%A8%D9%8A%D8%B9-%D9%A1%D9%A3%D9%A1-%D9%85%D8%AA%D8%B1-%D9%88%D8%A7%D9%8A%D8%AF-%D8%AC%D8%A7%D8%B1%D8%AF%D9%86-%D9%81%D9%8A%D9%88-%D9%85%D8%AF%D9%8A%D9%86%D8%AA%D9%89-ID503900676.html
المنطقة التاسعة – خلف مدرسة المنهل – مدينة نصر,6500000,3,2,235,https://www.dubizzle.com.eg/ad/%D8%A7%D9%84%D9%85%D9%86%D8%B7%D9%82%D8%A9-%D8%A7%D9%84%D8%AA%D8%A7%D8%B3%D8%B9%D8%A9-%D8%AE%D9%84%D9%81-%D9%85%D8%AF%D8%B1%D8%B3%D8%A9-%D8%A7%D9%84%D9%85%D9%86%D9%87%D9%84-%D9%85%D8%AF%D9%8A%D9%86%D8%A9-%D9%86%D8%B5%D8%B1-ID503897956.html
المربع الذهبي – متفرع من أحمد فخري – مدينة نصر,5500000,3,3,200,https://www.dubizzle.com.eg/ad/%D8%A7%D9%84%D9%85%D8%B1%D8%A8%D8%B9-%D8%A7%D9%84%D8%B0%D9%87%D8%A8%D9%8A-%D9%85%D8%AA%D9%81%D8%B1%D8%B9-%D9%85%D9%86-%D8%A3%D8%AD%D9%85%D8%AF-%D9%81%D8%AE%D8%B1%D9%8A-%D9%85%D8%AF%D9%8A%D9%86%D8%A9-%D9%86%D8%B5%D8%B1-ID503896870.html
للبيع شقه 140م امام الخدمات وفي قلب مدينتي بالـ B3,7100000,3,2,140,https://www.dubizzle.com.eg/ad/%D9%84%D9%84%D8%A8%D9%8A%D8%B9-%D8%B4%D9%82%D9%87-140%D9%85-%D8%A7%D9%85%D8%A7%D9%85-%D8%A7%D9%84%D8%AE%D8%AF%D9%85%D8%A7%D8%AA-%D9%88%D9%81%D9%8A-%D9%82%D9%84%D8%A8-%D9%85%D8%AF%D9%8A%D9%86%D8%AA%D9%8A-%D8%A8%D8%A7%D9%84%D9%80-b3-ID503878549.html
امتلك افضل شقه 250م علي كبر وايد جاردن في مدينتي امام الخدمات B1,15500000,4,4,250,https://www.dubizzle.com.eg/ad/%D8%A7%D9%85%D8%AA%D9%84%D9%83-%D8%A7%D9%81%D8%B6%D9%84-%D8%B4%D9%82%D9%87-250%D9%85-%D8%B9%D9%84%D9%8A-%D9%83%D8%A8%D8%B1-%D9%88%D8%A7%D9%8A%D8%AF-%D8%AC%D8%A7%D8%B1%D8%AF%D9%86-%D9%81%D9%8A-%D9%85%D8%AF%D9%8A%D9%86%D8%AA%D9%8A-%D8%A7%D9%85%D8%A7%D9%85-%D8%A7%D9%84%D8%AE%D8%AF%D9%85%D8%A7%D8%AA-b1-ID503877665.html
أرضي بجاردن مميزه مفروشة وجاهزة للسكن أو الاستثمار,7500000,3,2,106,https://www.dubizzle.com.eg/ad/%D8%A3%D8%B1%D8%B6%D9%8A-%D8%A8%D8%AC%D8%A7%D8%B1%D8%AF%D9%86-%D9%85%D9%85%D9%8A%D8%B2%D9%87-%D9%85%D9%81%D8%B1%D9%88%D8%B4%D8%A9-%D9%88%D8%AC%D8%A7%D9%87%D8%B2%D8%A9-%D9%84%D9%84%D8%B3%D9%83%D9%86-%D8%A3%D9%88-%D8%A7%D9%84%D8%A7%D8%B3%D8%AA%D8%AB%D9%85%D8%A7%D8%B1-ID503883030.html
شقة دور ثاني  129م2  تشطيب كامل و إطلالة على المناظر الطبيعية  بدون مقدم ونظام أقساط مؤجلة في سوديك إيستفيل هليوبليس الجديدة,18514000,2,2,129,https://www.dubizzle.com.eg/ad/%D8%B4%D9%82%D8%A9-%D8%AF%D9%88%D8%B1-%D8%AB%D8%A7%D9%86%D9%8A-129%D9%852-%D8%AA%D8%B4%D8%B7%D9%8A%D8%A8-%D9%83%D8%A7%D9%85%D9%84-%D9%88-%D8%A5%D8%B7%D9%84%D8%A7%D9%84%D8%A9-%D8%B9%D9%84%D9%89-%D8%A7%D9%84%D9%85%D9%86%D8%A7%D8%B8%D8%B1-%D8%A7%D9%84%D8%B7%D8%A8%D9%8A%D8%B9%D9%8A%D8%A9-%D8%A8%D8%AF%D9%88%D9%86-%D9%85%D9%82%D8%AF%D9%85-%D9%88%D9%86%D8%B8%D8%A7%D9%85-%D8%A3%D9%82%D8%B3%D8%A7%D8%B7-%D9%85%D8%A4%D8%AC%D9%84%D8%A9-%D9%81%D9%8A-%D8%B3%D9%88%D8%AF%D9%8A%D9%83-%D8%A5%D9%8A%D8%B3%D8%AA%D9%81%D9%8A%D9%84-%D9%87%D9%84%D9%8A%D9%88%D8%A8%D9%84%D9%8A%D8%B3-%D8%A7%D9%84%D8%AC%D8%AF%D9%8A%D8%AF%D8%A9-ID503825565.html
شقه للبيع مدينتي80  فيو وايد جاردن B14بجوارماركت بيت الجمله,6800000,2,1,80,https://www.dubizzle.com.eg/ad/%D8%B4%D9%82%D9%87-%D9%84%D9%84%D8%A8%D9%8A%D8%B9-%D9%85%D8%AF%D9%8A%D9%86%D8%AA%D9%8A80-%D9%81%D9%8A%D9%88-%D9%88%D8%A7%D9%8A%D8%AF-%D8%AC%D8%A7%D8%B1%D8%AF%D9%86-b14%D8%A8%D8%AC%D9%88%D8%A7%D8%B1%D9%85%D8%A7%D8%B1%D9%83%D8%AA-%D8%A8%D9%8A%D8%AA-%D8%A7%D9%84%D8%AC%D9%85%D9%84%D9%87-ID503883082.html
شقه للبيع بمدينتي 200 متر  في افضل مراحل B10,11000000,4,3,200,https://www.dubizzle.com.eg/ad/%D8%B4%D9%82%D9%87-%D9%84%D9%84%D8%A8%D9%8A%D8%B9-%D8%A8%D9%85%D8%AF%D9%8A%D9%86%D8%AA%D9%8A-200-%D9%85%D8%AA%D8%B1-%D9%81%D9%8A-%D8%A7%D9%81%D8%B6%D9%84-%D9%85%D8%B1%D8%A7%D8%AD%D9%84-b10-ID503877273.html
امتلك شقتك بأجمل مراحل مدينتي وبموقع استراتيجي B8,12500000,3,3,207,https://www.dubizzle.com.eg/ad/%D8%A7%D9%85%D8%AA%D9%84%D9%83-%D8%B4%D9%82%D8%AA%D9%83-%D8%A8%D8%A3%D8%AC%D9%85%D9%84-%D9%85%D8%B1%D8%A7%D8%AD%D9%84-%D9%85%D8%AF%D9%8A%D9%86%D8%AA%D9%8A-%D9%88%D8%A8%D9%85%D9%88%D9%82%D8%B9-%D8%A7%D8%B3%D8%AA%D8%B1%D8%A7%D8%AA%D9%8A%D8%AC%D9%8A-b8-ID503889288.html
عقد قديم استلام فوري باقل من الماركت ب 500 الف 3 نوم بالتكيفات برايم لوكيشن فيو مفتوح ف  فيفث سكوير المراسم التجمع الخامس  Fifth Squar Almarasem,9350000,3,2,160,https://www.dubizzle.com.eg/ad/%D8%B9%D9%82%D8%AF-%D9%82%D8%AF%D9%8A%D9%85-%D8%A7%D8%B3%D8%AA%D9%84%D8%A7%D9%85-%D9%81%D9%88%D8%B1%D9%8A-%D8%A8%D8%A7%D9%82%D9%84-%D9%85%D9%86-%D8%A7%D9%84%D9%85%D8%A7%D8%B1%D9%83%D8%AA-%D8%A8-500-%D8%A7%D9%84%D9%81-3-%D9%86%D9%88%D9%85-%D8%A8%D8%A7%D9%84%D8%AA%D9%83%D9%8A%D9%81%D8%A7%D8%AA-%D8%A8%D8%B1%D8%A7%D9%8A%D9%85-%D9%84%D9%88%D9%83%D9%8A%D8%B4%D9%86-%D9%81%D9%8A%D9%88-%D9%85%D9%81%D8%AA%D9%88%D8%AD-%D9%81-%D9%81%D9%8A%D9%81%D8%AB-%D8%B3%D9%83%D9%88%D9%8A%D8%B1-%D8%A7%D9%84%D9%85%D8%B1%D8%A7%D8%B3%D9%85-%D8%A7%D9%84%D8%AA%D8%AC%D9%85%D8%B9-%D8%A7%D9%84%D8%AE%D8%A7%D9%85%D8%B3-fifth-squar-almarasem-ID503576491.html
بالفرش و التكييفات اقل سعر شقة دبل فيو في اميز مرحلة سنتر فيل في هايد بارك التجمع الخامس القاهرة الجديدة,9000000,2,3,130,https://www.dubizzle.com.eg/ad/%D8%A8%D8%A7%D9%84%D9%81%D8%B1%D8%B4-%D9%88-%D8%A7%D9%84%D8%AA%D9%83%D9%8A%D9%8A%D9%81%D8%A7%D8%AA-%D8%A7%D9%82%D9%84-%D8%B3%D8%B9%D8%B1-%D8%B4%D9%82%D8%A9-%D8%AF%D8%A8%D9%84-%D9%81%D9%8A%D9%88-%D9%81%D9%8A-%D8%A7%D9%85%D9%8A%D8%B2-%D9%85%D8%B1%D8%AD%D9%84%D8%A9-%D8%B3%D9%86%D8%AA%D8%B1-%D9%81%D9%8A%D9%84-%D9%81%D9%8A-%D9%87%D8%A7%D9%8A%D8%AF-%D8%A8%D8%A7%D8%B1%D9%83-%D8%A7%D9%84%D8%AA%D8%AC%D9%85%D8%B9-%D8%A7%D9%84%D8%AE%D8%A7%D9%85%D8%B3-%D8%A7%D9%84%D9%82%D8%A7%D9%87%D8%B1%D8%A9-%D8%A7%D9%84%D8%AC%D8%AF%D9%8A%D8%AF%D8%A9-ID503457738.html
اقل سعر بنتهاوس 170م 3 غرف استلام فوري تشطيب كامل بالتكييفات برايم لوكيشن فيو مباشر علي لاند سكيب في المراسم فيفث سكوير التجمع الخامس القاهرة الجديدة,10800000,3,3,170,https://www.dubizzle.com.eg/ad/%D8%A7%D9%82%D9%84-%D8%B3%D8%B9%D8%B1-%D8%A8%D9%86%D8%AA%D9%87%D8%A7%D9%88%D8%B3-170%D9%85-3-%D8%BA%D8%B1%D9%81-%D8%A7%D8%B3%D8%AA%D9%84%D8%A7%D9%85-%D9%81%D9%88%D8%B1%D9%8A-%D8%AA%D8%B4%D8%B7%D9%8A%D8%A8-%D9%83%D8%A7%D9%85%D9%84-%D8%A8%D8%A7%D9%84%D8%AA%D9%83%D9%8A%D9%8A%D9%81%D8%A7%D8%AA-%D8%A8%D8%B1%D8%A7%D9%8A%D9%85-%D9%84%D9%88%D9%83%D9%8A%D8%B4%D9%86-%D9%81%D9%8A%D9%88-%D9%85%D8%A8%D8%A7%D8%B4%D8%B1-%D8%B9%D9%84%D9%8A-%D9%84%D8%A7%D9%86%D8%AF-%D8%B3%D9%83%D9%8A%D8%A8-%D9%81%D9%8A-%D8%A7%D9%84%D9%85%D8%B1%D8%A7%D8%B3%D9%85-%D9%81%D9%8A%D9%81%D8%AB-%D8%B3%D9%83%D9%88%D9%8A%D8%B1-%D8%A7%D9%84%D8%AA%D8%AC%D9%85%D8%B9-%D8%A7%D9%84%D8%AE%D8%A7%D9%85%D8%B3-%D8%A7%D9%84%D9%82%D8%A7%D9%87%D8%B1%D8%A9-%D8%A7%D9%84%D8%AC%D8%AF%D9%8A%D8%AF%D8%A9-ID503646722.html
شقه غرفتين بأفضل View على الـ Park وبالتقسيط علي 10 سنين في القاهرة الجديده علي طريق السويس بالقرب من مدينتي و هايد بارك التجمع  وبالم هيلز,8790000,2,2,128,https://www.dubizzle.com.eg/ad/%D8%B4%D9%82%D9%87-%D8%BA%D8%B1%D9%81%D8%AA%D9%8A%D9%86-%D8%A8%D8%A3%D9%81%D8%B6%D9%84-view-%D8%B9%D9%84%D9%89-%D8%A7%D9%84%D9%80-park-%D9%88%D8%A8%D8%A7%D9%84%D8%AA%D9%82%D8%B3%D9%8A%D8%B7-%D8%B9%D9%84%D9%8A-10-%D8%B3%D9%86%D9%8A%D9%86-%D9%81%D9%8A-%D8%A7%D9%84%D9%82%D8%A7%D9%87%D8%B1%D8%A9-%D8%A7%D9%84%D8%AC%D8%AF%D9%8A%D8%AF%D9%87-%D8%B9%D9%84%D9%8A-%D8%B7%D8%B1%D9%8A%D9%82-%D8%A7%D9%84%D8%B3%D9%88%D9%8A%D8%B3-%D8%A8%D8%A7%D9%84%D9%82%D8%B1%D8%A8-%D9%85%D9%86-%D9%85%D8%AF%D9%8A%D9%86%D8%AA%D9%8A-%D9%88-%D9%87%D8%A7%D9%8A%D8%AF-%D8%A8%D8%A7%D8%B1%D9%83-%D8%A7%D9%84%D8%AA%D8%AC%D9%85%D8%B9-%D9%88%D8%A8%D8%A7%D9%84%D9%85-%D9%87%D9%8A%D9%84%D8%B2-ID503901043.html
لسرعه البيع شقة للبيع بمقدم وتكملة أقساط بفيو لاندسكيب بأقل من سعر الشركة ريسيل 3 غرف في بلوم فيلدز Bloomfields المستقبل سيتي بجوار مدينتي وسراي,4700000,3,3,165,https://www.dubizzle.com.eg/ad/%D9%84%D8%B3%D8%B1%D8%B9%D9%87-%D8%A7%D9%84%D8%A8%D9%8A%D8%B9-%D8%B4%D9%82%D8%A9-%D9%84%D9%84%D8%A8%D9%8A%D8%B9-%D8%A8%D9%85%D9%82%D8%AF%D9%85-%D9%88%D8%AA%D9%83%D9%85%D9%84%D8%A9-%D8%A3%D9%82%D8%B3%D8%A7%D8%B7-%D8%A8%D9%81%D9%8A%D9%88-%D9%84%D8%A7%D9%86%D8%AF%D8%B3%D9%83%D9%8A%D8%A8-%D8%A8%D8%A3%D9%82%D9%84-%D9%85%D9%86-%D8%B3%D8%B9%D8%B1-%D8%A7%D9%84%D8%B4%D8%B1%D9%83%D8%A9-%D8%B1%D9%8A%D8%B3%D9%8A%D9%84-3-%D8%BA%D8%B1%D9%81-%D9%81%D9%8A-%D8%A8%D9%84%D9%88%D9%85-%D9%81%D9%8A%D9%84%D8%AF%D8%B2-bloomfields-%D8%A7%D9%84%D9%85%D8%B3%D8%AA%D9%82%D8%A8%D9%84-%D8%B3%D9%8A%D8%AA%D9%8A-%D8%A8%D8%AC%D9%88%D8%A7%D8%B1-%D9%85%D8%AF%D9%8A%D9%86%D8%AA%D9%8A-%D9%88%D8%B3%D8%B1%D8%A7%D9%8A-ID503902959.html
عدد محدود من الوحدات بالتقسيط علي 10 سنين شقه للبيع غرفتين بفيو علي Park في تاج سيتي التجمع امام المطار دقائق من مدينه نصر و مصر الجديده في القاهره,8900000,2,2,128,https://www.dubizzle.com.eg/ad/%D8%B9%D8%AF%D8%AF-%D9%85%D8%AD%D8%AF%D9%88%D8%AF-%D9%85%D9%86-%D8%A7%D9%84%D9%88%D8%AD%D8%AF%D8%A7%D8%AA-%D8%A8%D8%A7%D9%84%D8%AA%D9%82%D8%B3%D9%8A%D8%B7-%D8%B9%D9%84%D9%8A-10-%D8%B3%D9%86%D9%8A%D9%86-%D8%B4%D9%82%D9%87-%D9%84%D9%84%D8%A8%D9%8A%D8%B9-%D8%BA%D8%B1%D9%81%D8%AA%D9%8A%D9%86-%D8%A8%D9%81%D9%8A%D9%88-%D8%B9%D9%84%D9%8A-park-%D9%81%D9%8A-%D8%AA%D8%A7%D8%AC-%D8%B3%D9%8A%D8%AA%D9%8A-%D8%A7%D9%84%D8%AA%D8%AC%D9%85%D8%B9-%D8%A7%D9%85%D8%A7%D9%85-%D8%A7%D9%84%D9%85%D8%B7%D8%A7%D8%B1-%D8%AF%D9%82%D8%A7%D8%A6%D9%82-%D9%85%D9%86-%D9%85%D8%AF%D9%8A%D9%86%D9%87-%D9%86%D8%B5%D8%B1-%D9%88-%D9%85%D8%B5%D8%B1-%D8%A7%D9%84%D8%AC%D8%AF%D9%8A%D8%AF%D9%87-%D9%81%D9%8A-%D8%A7%D9%84%D9%82%D8%A7%D9%87%D8%B1%D9%87-ID503901030.html
شقة للبيع بتشطيب الترا سوبر لوكس في كمبوند هايد بارك من ارقي الكمبوندات في التجمع الخامس على شارع التسعين الجنوبي مباشرة قريب من كمبوند ميفيدا,7500000,1,2,100,https://www.dubizzle.com.eg/ad/%D8%B4%D9%82%D8%A9-%D9%84%D9%84%D8%A8%D9%8A%D8%B9-%D8%A8%D8%AA%D8%B4%D8%B7%D9%8A%D8%A8-%D8%A7%D9%84%D8%AA%D8%B1%D8%A7-%D8%B3%D9%88%D8%A8%D8%B1-%D9%84%D9%88%D9%83%D8%B3-%D9%81%D9%8A-%D9%83%D9%85%D8%A8%D9%88%D9%86%D8%AF-%D9%87%D8%A7%D9%8A%D8%AF-%D8%A8%D8%A7%D8%B1%D9%83-%D9%85%D9%86-%D8%A7%D8%B1%D9%82%D9%8A-%D8%A7%D9%84%D9%83%D9%85%D8%A8%D9%88%D9%86%D8%AF%D8%A7%D8%AA-%D9%81%D9%8A-%D8%A7%D9%84%D8%AA%D8%AC%D9%85%D8%B9-%D8%A7%D9%84%D8%AE%D8%A7%D9%85%D8%B3-%D8%B9%D9%84%D9%89-%D8%B4%D8%A7%D8%B1%D8%B9-%D8%A7%D9%84%D8%AA%D8%B3%D8%B9%D9%8A%D9%86-%D8%A7%D9%84%D8%AC%D9%86%D9%88%D8%A8%D9%8A-%D9%85%D8%A8%D8%A7%D8%B4%D8%B1%D8%A9-%D9%82%D8%B1%D9%8A%D8%A8-%D9%85%D9%86-%D9%83%D9%85%D8%A8%D9%88%D9%86%D8%AF-%D9%85%D9%8A%D9%81%D9%8A%D8%AF%D8%A7-ID503749075.html
شقه للبيع في ماونتن فيو اي سيتي التجمع الخامس موقع متميز و اقل من سعر السوق,6100000,3,2,140,https://www.dubizzle.com.eg/ad/%D8%B4%D9%82%D9%87-%D9%84%D9%84%D8%A8%D9%8A%D8%B9-%D9%81%D9%8A-%D9%85%D8%A7%D9%88%D9%86%D8%AA%D9%86-%D9%81%D9%8A%D9%88-%D8%A7%D9%8A-%D8%B3%D9%8A%D8%AA%D9%8A-%D8%A7%D9%84%D8%AA%D8%AC%D9%85%D8%B9-%D8%A7%D9%84%D8%AE%D8%A7%D9%85%D8%B3-%D9%85%D9%88%D9%82%D8%B9-%D9%85%D8%AA%D9%85%D9%8A%D8%B2-%D9%88-%D8%A7%D9%82%D9%84-%D9%85%D9%86-%D8%B3%D8%B9%D8%B1-%D8%A7%D9%84%D8%B3%D9%88%D9%82-ID503742678.html
شقة متشطبة للبيع في ماونتن فيو اي سيتي التجمع الخامس موقع متميز استلام فوري اقل من سعر السوق,7600000,3,3,165,https://www.dubizzle.com.eg/ad/%D8%B4%D9%82%D8%A9-%D9%85%D8%AA%D8%B4%D8%B7%D8%A8%D8%A9-%D9%84%D9%84%D8%A8%D9%8A%D8%B9-%D9%81%D9%8A-%D9%85%D8%A7%D9%88%D9%86%D8%AA%D9%86-%D9%81%D9%8A%D9%88-%D8%A7%D9%8A-%D8%B3%D9%8A%D8%AA%D9%8A-%D8%A7%D9%84%D8%AA%D8%AC%D9%85%D8%B9-%D8%A7%D9%84%D8%AE%D8%A7%D9%85%D8%B3-%D9%85%D9%88%D9%82%D8%B9-%D9%85%D8%AA%D9%85%D9%8A%D8%B2-%D8%A7%D8%B3%D8%AA%D9%84%D8%A7%D9%85-%D9%81%D9%88%D8%B1%D9%8A-%D8%A7%D9%82%D9%84-%D9%85%D9%86-%D8%B3%D8%B9%D8%B1-%D8%A7%D9%84%D8%B3%D9%88%D9%82-ID503739067.html
شقة للبيع في المنيل  شارع المتحف,6000000,3,2,170,https://www.dubizzle.com.eg/ad/%D8%B4%D9%82%D8%A9-%D9%84%D9%84%D8%A8%D9%8A%D8%B9-%D9%81%D9%8A-%D8%A7%D9%84%D9%85%D9%86%D9%8A%D9%84-%D8%B4%D8%A7%D8%B1%D8%B9-%D8%A7%D9%84%D9%85%D8%AA%D8%AD%D9%81-ID208648330.html
شقة للبيع,1900000,3,1,110,https://www.dubizzle.com.eg/ad/%D8%B4%D9%82%D8%A9-%D9%84%D9%84%D8%A8%D9%8A%D8%B9-ID208614967.html
شقة للبيع امتداد شارع الطيران في مدينة نصر ٢١٠ م² .,6000000,3,3,210,https://www.dubizzle.com.eg/ad/%D8%B4%D9%82%D8%A9-%D9%84%D9%84%D8%A8%D9%8A%D8%B9-%D8%A7%D9%85%D8%AA%D8%AF%D8%A7%D8%AF-%D8%B4%D8%A7%D8%B1%D8%B9-%D8%A7%D9%84%D8%B7%D9%8A%D8%B1%D8%A7%D9%86-%D9%81%D9%8A-%D9%85%D8%AF%D9%8A%D9%86%D8%A9-%D9%86%D8%B5%D8%B1-%D9%A2%D9%A1%D9%A0-%D9%852-ID208566311.html
شقة ارضي بحديقة متشطبة للبيع في ماونتن فيو اي سيتي التجمع الخامس موقع متميز جدا بمقدم و اقساط اقل من سعر السوق,9460000,3,3,165,https://www.dubizzle.com.eg/ad/%D8%B4%D9%82%D8%A9-%D8%A7%D8%B1%D8%B6%D9%8A-%D8%A8%D8%AD%D8%AF%D9%8A%D9%82%D8%A9-%D9%85%D8%AA%D8%B4%D8%B7%D8%A8%D8%A9-%D9%84%D9%84%D8%A8%D9%8A%D8%B9-%D9%81%D9%8A-%D9%85%D8%A7%D9%88%D9%86%D8%AA%D9%86-%D9%81%D9%8A%D9%88-%D8%A7%D9%8A-%D8%B3%D9%8A%D8%AA%D9%8A-%D8%A7%D9%84%D8%AA%D8%AC%D9%85%D8%B9-%D8%A7%D9%84%D8%AE%D8%A7%D9%85%D8%B3-%D9%85%D9%88%D9%82%D8%B9-%D9%85%D8%AA%D9%85%D9%8A%D8%B2-%D8%AC%D8%AF%D8%A7-%D8%A8%D9%85%D9%82%D8%AF%D9%85-%D9%88-%D8%A7%D9%82%D8%B3%D8%A7%D8%B7-%D8%A7%D9%82%D9%84-%D9%85%D9%86-%D8%B3%D8%B9%D8%B1-%D8%A7%D9%84%D8%B3%D9%88%D9%82-ID503739061.html
شقتك شقتين امتلك شقة مع استوديو مستقل في R8,6389100,4,2,229,https://www.dubizzle.com.eg/ad/%D8%B4%D9%82%D8%AA%D9%83-%D8%B4%D9%82%D8%AA%D9%8A%D9%86-%D8%A7%D9%85%D8%AA%D9%84%D9%83-%D8%B4%D9%82%D8%A9-%D9%85%D8%B9-%D8%A7%D8%B3%D8%AA%D9%88%D8%AF%D9%8A%D9%88-%D9%85%D8%B3%D8%AA%D9%82%D9%84-%D9%81%D9%8A-r8-ID503837549.html
شقة للبيع في جاليريا موون فالي بسعر مميز - بحديقة,7500000,2,2,130,https://www.dubizzle.com.eg/ad/%D8%B4%D9%82%D8%A9-%D9%84%D9%84%D8%A8%D9%8A%D8%B9-%D9%81%D9%8A-%D8%AC%D8%A7%D9%84%D9%8A%D8%B1%D9%8A%D8%A7-%D9%85%D9%88%D9%88%D9%86-%D9%81%D8%A7%D9%84%D9%8A-%D8%A8%D8%B3%D8%B9%D8%B1-%D9%85%D9%85%D9%8A%D8%B2-%D8%A8%D8%AD%D8%AF%D9%8A%D9%82%D8%A9-ID503892027.html
شقة للبيع في Uptown Cairo | استلام فوري | متشطبة بالكامل | تكييفات | دور أرضي بموقع مميز,17000000,2,2,165,https://www.dubizzle.com.eg/ad/%D8%B4%D9%82%D8%A9-%D9%84%D9%84%D8%A8%D9%8A%D8%B9-%D9%81%D9%8A-uptown-cairo-%D8%A7%D8%B3%D8%AA%D9%84%D8%A7%D9%85-%D9%81%D9%88%D8%B1%D9%8A-%D9%85%D8%AA%D8%B4%D8%B7%D8%A8%D8%A9-%D8%A8%D8%A7%D9%84%D9%83%D8%A7%D9%85%D9%84-%D8%AA%D9%83%D9%8A%D9%8A%D9%81%D8%A7%D8%AA-%D8%AF%D9%88%D8%B1-%D8%A3%D8%B1%D8%B6%D9%8A-%D8%A8%D9%85%D9%88%D9%82%D8%B9-%D9%85%D9%85%D9%8A%D8%B2-ID503893453.html
خصم عالكاش 40% شقه للبيع استلام فورى فى كمبوند روك فيرا بالتجمع الخامس ومتاح دفع 15% مقدم وتقسيط باقى المبلغ على 10 سنوات,9515000,4,4,234,https://www.dubizzle.com.eg/ad/%D8%AE%D8%B5%D9%85-%D8%B9%D8%A7%D9%84%D9%83%D8%A7%D8%B4-40-%D8%B4%D9%82%D9%87-%D9%84%D9%84%D8%A8%D9%8A%D8%B9-%D8%A7%D8%B3%D8%AA%D9%84%D8%A7%D9%85-%D9%81%D9%88%D8%B1%D9%89-%D9%81%D9%89-%D9%83%D9%85%D8%A8%D9%88%D9%86%D8%AF-%D8%B1%D9%88%D9%83-%D9%81%D9%8A%D8%B1%D8%A7-%D8%A8%D8%A7%D9%84%D8%AA%D8%AC%D9%85%D8%B9-%D8%A7%D9%84%D8%AE%D8%A7%D9%85%D8%B3-%D9%88%D9%85%D8%AA%D8%A7%D8%AD-%D8%AF%D9%81%D8%B9-15-%D9%85%D9%82%D8%AF%D9%85-%D9%88%D8%AA%D9%82%D8%B3%D9%8A%D8%B7-%D8%A8%D8%A7%D9%82%D9%89-%D8%A7%D9%84%D9%85%D8%A8%D9%84%D8%BA-%D8%B9%D9%84%D9%89-10-%D8%B3%D9%86%D9%88%D8%A7%D8%AA-ID503674642.html
اخر شقه متشطبه لقطه في palm hills new cairo باقل سعر جاهزه للمعاينه,8000000,2,2,114,https://www.dubizzle.com.eg/ad/%D8%A7%D8%AE%D8%B1-%D8%B4%D9%82%D9%87-%D9%85%D8%AA%D8%B4%D8%B7%D8%A8%D9%87-%D9%84%D9%82%D8%B7%D9%87-%D9%81%D9%8A-palm-hills-new-cairo-%D8%A8%D8%A7%D9%82%D9%84-%D8%B3%D8%B9%D8%B1-%D8%AC%D8%A7%D9%87%D8%B2%D9%87-%D9%84%D9%84%D9%85%D8%B9%D8%A7%D9%8A%D9%86%D9%87-ID503444130.html
دوبلكس للبيع في The Icon Gardens | استلام فوري | أقل من سعر الشركة بـ 2.5 مليون | أقساط حتى 5 سنوات,6825000,5,5,285,https://www.dubizzle.com.eg/ad/%D8%AF%D9%88%D8%A8%D9%84%D9%83%D8%B3-%D9%84%D9%84%D8%A8%D9%8A%D8%B9-%D9%81%D9%8A-the-icon-gardens-%D8%A7%D8%B3%D8%AA%D9%84%D8%A7%D9%85-%D9%81%D9%88%D8%B1%D9%8A-%D8%A3%D9%82%D9%84-%D9%85%D9%86-%D8%B3%D8%B9%D8%B1-%D8%A7%D9%84%D8%B4%D8%B1%D9%83%D8%A9-%D8%A8%D9%80-25-%D9%85%D9%84%D9%8A%D9%88%D9%86-%D8%A3%D9%82%D8%B3%D8%A7%D8%B7-%D8%AD%D8%AA%D9%89-5-%D8%B3%D9%86%D9%88%D8%A7%D8%AA-ID503893138.html
شقة للبيع 165 متر استلام فوري  متشطبة في كمبوند ذا سكوير في التجمع الخامس the square compound 5th settlement new cairo,7800000,3,2,165,https://www.dubizzle.com.eg/ad/%D8%B4%D9%82%D8%A9-%D9%84%D9%84%D8%A8%D9%8A%D8%B9-165-%D9%85%D8%AA%D8%B1-%D8%A7%D8%B3%D8%AA%D9%84%D8%A7%D9%85-%D9%81%D9%88%D8%B1%D9%8A-%D9%85%D8%AA%D8%B4%D8%B7%D8%A8%D8%A9-%D9%81%D9%8A-%D9%83%D9%85%D8%A8%D9%88%D9%86%D8%AF-%D8%B0%D8%A7-%D8%B3%D9%83%D9%88%D9%8A%D8%B1-%D9%81%D9%8A-%D8%A7%D9%84%D8%AA%D8%AC%D9%85%D8%B9-%D8%A7%D9%84%D8%AE%D8%A7%D9%85%D8%B3-the-square-compound-5th-settlement-new-cairo-ID503892747.html
شقة 135م تشطيبات خاصة فيو جاردن للبيع بارقي مراحل مدينتي B2,7000000,3,2,135,https://www.dubizzle.com.eg/ad/%D8%B4%D9%82%D8%A9-135%D9%85-%D8%AA%D8%B4%D8%B7%D9%8A%D8%A8%D8%A7%D8%AA-%D8%AE%D8%A7%D8%B5%D8%A9-%D9%81%D9%8A%D9%88-%D8%AC%D8%A7%D8%B1%D8%AF%D9%86-%D9%84%D9%84%D8%A8%D9%8A%D8%B9-%D8%A8%D8%A7%D8%B1%D9%82%D9%8A-%D9%85%D8%B1%D8%A7%D8%AD%D9%84-%D9%85%D8%AF%D9%8A%D9%86%D8%AA%D9%8A-b2-ID503892216.html
شقة فى مدينة بدر,1380000,3,2,154,https://www.dubizzle.com.eg/ad/%D8%B4%D9%82%D8%A9-%D9%81%D9%89-%D9%85%D8%AF%D9%8A%D9%86%D8%A9-%D8%A8%D8%AF%D8%B1-ID503870013.html
شقه للبيع في هايد بارك التجمع الخامس متشطبه بالكامل باقل سعر في السوق,13500000,3,3,176,https://www.dubizzle.com.eg/ad/%D8%B4%D9%82%D9%87-%D9%84%D9%84%D8%A8%D9%8A%D8%B9-%D9%81%D9%8A-%D9%87%D8%A7%D9%8A%D8%AF-%D8%A8%D8%A7%D8%B1%D9%83-%D8%A7%D9%84%D8%AA%D8%AC%D9%85%D8%B9-%D8%A7%D9%84%D8%AE%D8%A7%D9%85%D8%B3-%D9%85%D8%AA%D8%B4%D8%B7%D8%A8%D9%87-%D8%A8%D8%A7%D9%84%D9%83%D8%A7%D9%85%D9%84-%D8%A8%D8%A7%D9%82%D9%84-%D8%B3%D8%B9%D8%B1-%D9%81%D9%8A-%D8%A7%D9%84%D8%B3%D9%88%D9%82-ID503890411.html
شقه للبيع بجاردن في ميفيدا التجمع الخامس مفروش بالكامل استلام فوري,17000000,2,2,168,https://www.dubizzle.com.eg/ad/%D8%B4%D9%82%D9%87-%D9%84%D9%84%D8%A8%D9%8A%D8%B9-%D8%A8%D8%AC%D8%A7%D8%B1%D8%AF%D9%86-%D9%81%D9%8A-%D9%85%D9%8A%D9%81%D9%8A%D8%AF%D8%A7-%D8%A7%D9%84%D8%AA%D8%AC%D9%85%D8%B9-%D8%A7%D9%84%D8%AE%D8%A7%D9%85%D8%B3-%D9%85%D9%81%D8%B1%D9%88%D8%B4-%D8%A8%D8%A7%D9%84%D9%83%D8%A7%D9%85%D9%84-%D8%A7%D8%B3%D8%AA%D9%84%D8%A7%D9%85-%D9%81%D9%88%D8%B1%D9%8A-ID502929447.html
امتلك بسعر لقطه ستوديو للبيع Studio في كمبوند سراي بجوار مدينتي وبالقرب من التجمع الخامس Sarai,1884000,1,1,49,https://www.dubizzle.com.eg/ad/%D8%A7%D9%85%D8%AA%D9%84%D9%83-%D8%A8%D8%B3%D8%B9%D8%B1-%D9%84%D9%82%D8%B7%D9%87-%D8%B3%D8%AA%D9%88%D8%AF%D9%8A%D9%88-%D9%84%D9%84%D8%A8%D9%8A%D8%B9-studio-%D9%81%D9%8A-%D9%83%D9%85%D8%A8%D9%88%D9%86%D8%AF-%D8%B3%D8%B1%D8%A7%D9%8A-%D8%A8%D8%AC%D9%88%D8%A7%D8%B1-%D9%85%D8%AF%D9%8A%D9%86%D8%AA%D9%8A-%D9%88%D8%A8%D8%A7%D9%84%D9%82%D8%B1%D8%A8-%D9%85%D9%86-%D8%A7%D9%84%D8%AA%D8%AC%D9%85%D8%B9-%D8%A7%D9%84%D8%AE%D8%A7%D9%85%D8%B3-sarai-ID503898745.html
century compound apartment,6600000,3,3,191,https://www.dubizzle.com.eg/ad/century-compound-apartment-ID208642244.html
تقسيط علي 12 سنة بأقل سعر شقة للبيع في كمبوند تاج سيتي Taj City امام المطار,4942000,2,2,116,https://www.dubizzle.com.eg/ad/%D8%AA%D9%82%D8%B3%D9%8A%D8%B7-%D8%B9%D9%84%D9%8A-12-%D8%B3%D9%86%D8%A9-%D8%A8%D8%A3%D9%82%D9%84-%D8%B3%D8%B9%D8%B1-%D8%B4%D9%82%D8%A9-%D9%84%D9%84%D8%A8%D9%8A%D8%B9-%D9%81%D9%8A-%D9%83%D9%85%D8%A8%D9%88%D9%86%D8%AF-%D8%AA%D8%A7%D8%AC-%D8%B3%D9%8A%D8%AA%D9%8A-taj-city-%D8%A7%D9%85%D8%A7%D9%85-%D8%A7%D9%84%D9%85%D8%B7%D8%A7%D8%B1-ID503265460.html
شقة للبيع بالتجمع الخامس البنفسج عمارات 7  دقيقتين  التسعين الشمالي   بجوار محور محمد نجيب 220م لوكس اول سكن,6300000,3,3,220,https://www.dubizzle.com.eg/ad/%D8%B4%D9%82%D8%A9-%D9%84%D9%84%D8%A8%D9%8A%D8%B9-%D8%A8%D8%A7%D9%84%D8%AA%D8%AC%D9%85%D8%B9-%D8%A7%D9%84%D8%AE%D8%A7%D9%85%D8%B3-%D8%A7%D9%84%D8%A8%D9%86%D9%81%D8%B3%D8%AC-%D8%B9%D9%85%D8%A7%D8%B1%D8%A7%D8%AA-7-%D8%AF%D9%82%D9%8A%D9%82%D8%AA%D9%8A%D9%86-%D8%A7%D9%84%D8%AA%D8%B3%D8%B9%D9%8A%D9%86-%D8%A7%D9%84%D8%B4%D9%85%D8%A7%D9%84%D9%8A-%D8%A8%D8%AC%D9%88%D8%A7%D8%B1-%D9%85%D8%AD%D9%88%D8%B1-%D9%85%D8%AD%D9%85%D8%AF-%D9%86%D8%AC%D9%8A%D8%A8-220%D9%85-%D9%84%D9%88%D9%83%D8%B3-%D8%A7%D9%88%D9%84-%D8%B3%D9%83%D9%86-ID503133960.html
شقة للبيع فى بلومفيلدز مستقبل سيتى Bloomfields Mostakbal city فى موقع متميز فيو مزدوج وفيو على حديقة كبيرة بحري جاهزة على الاستلام الفورى,7500000,3,3,230,https://www.dubizzle.com.eg/ad/%D8%B4%D9%82%D8%A9-%D9%84%D9%84%D8%A8%D9%8A%D8%B9-%D9%81%D9%89-%D8%A8%D9%84%D9%88%D9%85%D9%81%D9%8A%D9%84%D8%AF%D8%B2-%D9%85%D8%B3%D8%AA%D9%82%D8%A8%D9%84-%D8%B3%D9%8A%D8%AA%D9%89-bloomfields-mostakbal-city-%D9%81%D9%89-%D9%85%D9%88%D9%82%D8%B9-%D9%85%D8%AA%D9%85%D9%8A%D8%B2-%D9%81%D9%8A%D9%88-%D9%85%D8%B2%D8%AF%D9%88%D8%AC-%D9%88%D9%81%D9%8A%D9%88-%D8%B9%D9%84%D9%89-%D8%AD%D8%AF%D9%8A%D9%82%D8%A9-%D9%83%D8%A8%D9%8A%D8%B1%D8%A9-%D8%A8%D8%AD%D8%B1%D9%8A-%D8%AC%D8%A7%D9%87%D8%B2%D8%A9-%D8%B9%D9%84%D9%89-%D8%A7%D9%84%D8%A7%D8%B3%D8%AA%D9%84%D8%A7%D9%85-%D8%A7%D9%84%D9%81%D9%88%D8%B1%D9%89-ID503209340.html
للبيع ٥٦م مدينتى B12 لقطه مدينتى,2500000,1,1,56,https://www.dubizzle.com.eg/ad/%D9%84%D9%84%D8%A8%D9%8A%D8%B9-%D9%A5%D9%A6%D9%85-%D9%85%D8%AF%D9%8A%D9%86%D8%AA%D9%89-b12-%D9%84%D9%82%D8%B7%D9%87-%D9%85%D8%AF%D9%8A%D9%86%D8%AA%D9%89-ID503900552.html
امتلك شقة تشطيب ألترا سوبر لوكس بالتكيفات في كمبوند الجار شيراتون Al-Jar Sheraton في مصر الجديدة بجوار سيتي سنتر ألماظه  على امتداد شارع الثورة,3000000,3,2,150,https://www.dubizzle.com.eg/ad/%D8%A7%D9%85%D8%AA%D9%84%D9%83-%D8%B4%D9%82%D8%A9-%D8%AA%D8%B4%D8%B7%D9%8A%D8%A8-%D8%A3%D9%84%D8%AA%D8%B1%D8%A7-%D8%B3%D9%88%D8%A8%D8%B1-%D9%84%D9%88%D9%83%D8%B3-%D8%A8%D8%A7%D9%84%D8%AA%D9%83%D9%8A%D9%81%D8%A7%D8%AA-%D9%81%D9%8A-%D9%83%D9%85%D8%A8%D9%88%D9%86%D8%AF-%D8%A7%D9%84%D8%AC%D8%A7%D8%B1-%D8%B4%D9%8A%D8%B1%D8%A7%D8%AA%D9%88%D9%86-al-jar-sheraton-%D9%81%D9%8A-%D9%85%D8%B5%D8%B1-%D8%A7%D9%84%D8%AC%D8%AF%D9%8A%D8%AF%D8%A9-%D8%A8%D8%AC%D9%88%D8%A7%D8%B1-%D8%B3%D9%8A%D8%AA%D9%8A-%D8%B3%D9%86%D8%AA%D8%B1-%D8%A3%D9%84%D9%85%D8%A7%D8%B8%D9%87-%D8%B9%D9%84%D9%89-%D8%A7%D9%85%D8%AA%D8%AF%D8%A7%D8%AF-%D8%B4%D8%A7%D8%B1%D8%B9-%D8%A7%D9%84%D8%AB%D9%88%D8%B1%D8%A9-ID503040302.html
أميز شقه في مدينتي 183 متر نموذج 300 بال b3,9300000,3,3,183,https://www.dubizzle.com.eg/ad/%D8%A3%D9%85%D9%8A%D8%B2-%D8%B4%D9%82%D9%87-%D9%81%D9%8A-%D9%85%D8%AF%D9%8A%D9%86%D8%AA%D9%8A-183-%D9%85%D8%AA%D8%B1-%D9%86%D9%85%D9%88%D8%B0%D8%AC-300-%D8%A8%D8%A7%D9%84-b3-ID503873861.html
شقة ١٠٠ متر اول سكن تشطيب سوبر لوكس بجوار مترو هشام بركات,1100000,2,1,100,https://www.dubizzle.com.eg/ad/%D8%B4%D9%82%D8%A9-%D9%A1%D9%A0%D9%A0-%D9%85%D8%AA%D8%B1-%D8%A7%D9%88%D9%84-%D8%B3%D9%83%D9%86-%D8%AA%D8%B4%D8%B7%D9%8A%D8%A8-%D8%B3%D9%88%D8%A8%D8%B1-%D9%84%D9%88%D9%83%D8%B3-%D8%A8%D8%AC%D9%88%D8%A7%D8%B1-%D9%85%D8%AA%D8%B1%D9%88-%D9%87%D8%B4%D8%A7%D9%85-%D8%A8%D8%B1%D9%83%D8%A7%D8%AA-ID205978740.html
شقه 176م باقل سعر في هايد بارك التجمع الخامس بجوار ميفيدا open view landscape جاهزه للمعاينه والاستلام,16883000,3,2,176,https://www.dubizzle.com.eg/ad/%D8%B4%D9%82%D9%87-176%D9%85-%D8%A8%D8%A7%D9%82%D9%84-%D8%B3%D8%B9%D8%B1-%D9%81%D9%8A-%D9%87%D8%A7%D9%8A%D8%AF-%D8%A8%D8%A7%D8%B1%D9%83-%D8%A7%D9%84%D8%AA%D8%AC%D9%85%D8%B9-%D8%A7%D9%84%D8%AE%D8%A7%D9%85%D8%B3-%D8%A8%D8%AC%D9%88%D8%A7%D8%B1-%D9%85%D9%8A%D9%81%D9%8A%D8%AF%D8%A7-open-view-landscape-%D8%AC%D8%A7%D9%87%D8%B2%D9%87-%D9%84%D9%84%D9%85%D8%B9%D8%A7%D9%8A%D9%86%D9%87-%D9%88%D8%A7%D9%84%D8%A7%D8%B3%D8%AA%D9%84%D8%A7%D9%85-ID503899300.html
بنتهاوس ريسيل باقل سعر في ازاد التجمع الخامس بجوار الجامعه الامريكيه-بتكمله اقساط بدون فوايد open view landscape,23300000,3,3,195,https://www.dubizzle.com.eg/ad/%D8%A8%D9%86%D8%AA%D9%87%D8%A7%D9%88%D8%B3-%D8%B1%D9%8A%D8%B3%D9%8A%D9%84-%D8%A8%D8%A7%D9%82%D9%84-%D8%B3%D8%B9%D8%B1-%D9%81%D9%8A-%D8%A7%D8%B2%D8%A7%D8%AF-%D8%A7%D9%84%D8%AA%D8%AC%D9%85%D8%B9-%D8%A7%D9%84%D8%AE%D8%A7%D9%85%D8%B3-%D8%A8%D8%AC%D9%88%D8%A7%D8%B1-%D8%A7%D9%84%D8%AC%D8%A7%D9%85%D8%B9%D9%87-%D8%A7%D9%84%D8%A7%D9%85%D8%B1%D9%8A%D9%83%D9%8A%D9%87-%D8%A8%D8%AA%D9%83%D9%85%D9%84%D9%87-%D8%A7%D9%82%D8%B3%D8%A7%D8%B7-%D8%A8%D8%AF%D9%88%D9%86-%D9%81%D9%88%D8%A7%D9%8A%D8%AF-open-view-landscape-ID503899128.html
شقة 166م (3غرف) دايركت امام المطار بخصم 50% على الكاااش وقسط ع 12سنه,5500000,3,2,166,https://www.dubizzle.com.eg/ad/%D8%B4%D9%82%D8%A9-166%D9%85-3%D8%BA%D8%B1%D9%81-%D8%AF%D8%A7%D9%8A%D8%B1%D9%83%D8%AA-%D8%A7%D9%85%D8%A7%D9%85-%D8%A7%D9%84%D9%85%D8%B7%D8%A7%D8%B1-%D8%A8%D8%AE%D8%B5%D9%85-50-%D8%B9%D9%84%D9%89-%D8%A7%D9%84%D9%83%D8%A7%D8%A7%D8%A7%D8%B4-%D9%88%D9%82%D8%B3%D8%B7-%D8%B9-12%D8%B3%D9%86%D9%87-ID503549410.html
دوبلكس للبيع برووف خاص بسعر خيالي فى التجمع امام فندق كمبنيسكي فى taj city,7600000,4,3,224,https://www.dubizzle.com.eg/ad/%D8%AF%D9%88%D8%A8%D9%84%D9%83%D8%B3-%D9%84%D9%84%D8%A8%D9%8A%D8%B9-%D8%A8%D8%B1%D9%88%D9%88%D9%81-%D8%AE%D8%A7%D8%B5-%D8%A8%D8%B3%D8%B9%D8%B1-%D8%AE%D9%8A%D8%A7%D9%84%D9%8A-%D9%81%D9%89-%D8%A7%D9%84%D8%AA%D8%AC%D9%85%D8%B9-%D8%A7%D9%85%D8%A7%D9%85-%D9%81%D9%86%D8%AF%D9%82-%D9%83%D9%85%D8%A8%D9%86%D9%8A%D8%B3%D9%83%D9%8A-%D9%81%D9%89-taj-city-ID503540382.html
للبيع شقه متشطبه في ليك فيو ريزيدنس 142م  لوكيشن مميز,10200000,2,2,143,https://www.dubizzle.com.eg/ad/%D9%84%D9%84%D8%A8%D9%8A%D8%B9-%D8%B4%D9%82%D9%87-%D9%85%D8%AA%D8%B4%D8%B7%D8%A8%D9%87-%D9%81%D9%8A-%D9%84%D9%8A%D9%83-%D9%81%D9%8A%D9%88-%D8%B1%D9%8A%D8%B2%D9%8A%D8%AF%D9%86%D8%B3-142%D9%85-%D9%84%D9%88%D9%83%D9%8A%D8%B4%D9%86-%D9%85%D9%85%D9%8A%D8%B2-ID503848261.html
شقة 3غرف بحديقة 99م بدون مقدم واقساط حتى 12 سنة في مرحلة أورجامي تاج سيتى على طريق السويس مباشرة,17800000,3,3,168,https://www.dubizzle.com.eg/ad/%D8%B4%D9%82%D8%A9-3%D8%BA%D8%B1%D9%81-%D8%A8%D8%AD%D8%AF%D9%8A%D9%82%D8%A9-99%D9%85-%D8%A8%D8%AF%D9%88%D9%86-%D9%85%D9%82%D8%AF%D9%85-%D9%88%D8%A7%D9%82%D8%B3%D8%A7%D8%B7-%D8%AD%D8%AA%D9%89-12-%D8%B3%D9%86%D8%A9-%D9%81%D9%8A-%D9%85%D8%B1%D8%AD%D9%84%D8%A9-%D8%A3%D9%88%D8%B1%D8%AC%D8%A7%D9%85%D9%8A-%D8%AA%D8%A7%D8%AC-%D8%B3%D9%8A%D8%AA%D9%89-%D8%B9%D9%84%D9%89-%D8%B7%D8%B1%D9%8A%D9%82-%D8%A7%D9%84%D8%B3%D9%88%D9%8A%D8%B3-%D9%85%D8%A8%D8%A7%D8%B4%D8%B1%D8%A9-ID503338149.html
شقة ريسيل بأقل سعر بالماركت استلام فوري/ فيو مسطحات مائية ولاندسكيب في الباتيو أورو لافيستا,10300000,3,2,164,https://www.dubizzle.com.eg/ad/%D8%B4%D9%82%D8%A9-%D8%B1%D9%8A%D8%B3%D9%8A%D9%84-%D8%A8%D8%A3%D9%82%D9%84-%D8%B3%D8%B9%D8%B1-%D8%A8%D8%A7%D9%84%D9%85%D8%A7%D8%B1%D9%83%D8%AA-%D8%A7%D8%B3%D8%AA%D9%84%D8%A7%D9%85-%D9%81%D9%88%D8%B1%D9%8A-%D9%81%D9%8A%D9%88-%D9%85%D8%B3%D8%B7%D8%AD%D8%A7%D8%AA-%D9%85%D8%A7%D8%A6%D9%8A%D8%A9-%D9%88%D9%84%D8%A7%D9%86%D8%AF%D8%B3%D9%83%D9%8A%D8%A8-%D9%81%D9%8A-%D8%A7%D9%84%D8%A8%D8%A7%D8%AA%D9%8A%D9%88-%D8%A3%D9%88%D8%B1%D9%88-%D9%84%D8%A7%D9%81%D9%8A%D8%B3%D8%AA%D8%A7-ID503517238.html
شقه 3 غرف استلام فوري جاهزه للسكن برايم لوكيشن بسعر لقطه ريسيل بسعر اقل من سعر الشركه في كمبوند سراي سور بسور مدينتي,6000000,3,3,169,https://www.dubizzle.com.eg/ad/%D8%B4%D9%82%D9%87-3-%D8%BA%D8%B1%D9%81-%D8%A7%D8%B3%D8%AA%D9%84%D8%A7%D9%85-%D9%81%D9%88%D8%B1%D9%8A-%D8%AC%D8%A7%D9%87%D8%B2%D9%87-%D9%84%D9%84%D8%B3%D9%83%D9%86-%D8%A8%D8%B1%D8%A7%D9%8A%D9%85-%D9%84%D9%88%D9%83%D9%8A%D8%B4%D9%86-%D8%A8%D8%B3%D8%B9%D8%B1-%D9%84%D9%82%D8%B7%D9%87-%D8%B1%D9%8A%D8%B3%D9%8A%D9%84-%D8%A8%D8%B3%D8%B9%D8%B1-%D8%A7%D9%82%D9%84-%D9%85%D9%86-%D8%B3%D8%B9%D8%B1-%D8%A7%D9%84%D8%B4%D8%B1%D9%83%D9%87-%D9%81%D9%8A-%D9%83%D9%85%D8%A8%D9%88%D9%86%D8%AF-%D8%B3%D8%B1%D8%A7%D9%8A-%D8%B3%D9%88%D8%B1-%D8%A8%D8%B3%D9%88%D8%B1-%D9%85%D8%AF%D9%8A%D9%86%D8%AA%D9%8A-ID503899542.html
شقة للبيع بخصم40% بجوار كمبوند ميفيدا التجمع الخامس تشطيب 80% استلام قريب في ارقي كمبوند في التجمع في جولدن سكوير Regents square,6720000,2,2,108,https://www.dubizzle.com.eg/ad/%D8%B4%D9%82%D8%A9-%D9%84%D9%84%D8%A8%D9%8A%D8%B9-%D8%A8%D8%AE%D8%B5%D9%8540-%D8%A8%D8%AC%D9%88%D8%A7%D8%B1-%D9%83%D9%85%D8%A8%D9%88%D9%86%D8%AF-%D9%85%D9%8A%D9%81%D9%8A%D8%AF%D8%A7-%D8%A7%D9%84%D8%AA%D8%AC%D9%85%D8%B9-%D8%A7%D9%84%D8%AE%D8%A7%D9%85%D8%B3-%D8%AA%D8%B4%D8%B7%D9%8A%D8%A8-80-%D8%A7%D8%B3%D8%AA%D9%84%D8%A7%D9%85-%D9%82%D8%B1%D9%8A%D8%A8-%D9%81%D9%8A-%D8%A7%D8%B1%D9%82%D9%8A-%D9%83%D9%85%D8%A8%D9%88%D9%86%D8%AF-%D9%81%D9%8A-%D8%A7%D9%84%D8%AA%D8%AC%D9%85%D8%B9-%D9%81%D9%8A-%D8%AC%D9%88%D9%84%D8%AF%D9%86-%D8%B3%D9%83%D9%88%D9%8A%D8%B1-regents-square-ID503900232.html
شقة متشطبة بالكامل بخصم 26% و تقسيط علي اطول فترة سداد في تلال ايست التجمع الخامس الجولدن سكوير Telal East,7036000,2,2,119,https://www.dubizzle.com.eg/ad/%D8%B4%D9%82%D8%A9-%D9%85%D8%AA%D8%B4%D8%B7%D8%A8%D8%A9-%D8%A8%D8%A7%D9%84%D9%83%D8%A7%D9%85%D9%84-%D8%A8%D8%AE%D8%B5%D9%85-26-%D9%88-%D8%AA%D9%82%D8%B3%D9%8A%D8%B7-%D8%B9%D9%84%D9%8A-%D8%A7%D8%B7%D9%88%D9%84-%D9%81%D8%AA%D8%B1%D8%A9-%D8%B3%D8%AF%D8%A7%D8%AF-%D9%81%D9%8A-%D8%AA%D9%84%D8%A7%D9%84-%D8%A7%D9%8A%D8%B3%D8%AA-%D8%A7%D9%84%D8%AA%D8%AC%D9%85%D8%B9-%D8%A7%D9%84%D8%AE%D8%A7%D9%85%D8%B3-%D8%A7%D9%84%D8%AC%D9%88%D9%84%D8%AF%D9%86-%D8%B3%D9%83%D9%88%D9%8A%D8%B1-telal-east-ID503900214.html
شقه مميزه للبيع كمبوند تاون ريزيدنس أمام هايد بارك على التسعين الجنوبى مباشره ألترا سوبر لوكس  اول سكن اول استخدام,5500000,3,2,168,https://www.dubizzle.com.eg/ad/%D8%B4%D9%82%D9%87-%D9%85%D9%85%D9%8A%D8%B2%D9%87-%D9%84%D9%84%D8%A8%D9%8A%D8%B9-%D9%83%D9%85%D8%A8%D9%88%D9%86%D8%AF-%D8%AA%D8%A7%D9%88%D9%86-%D8%B1%D9%8A%D8%B2%D9%8A%D8%AF%D9%86%D8%B3-%D8%A3%D9%85%D8%A7%D9%85-%D9%87%D8%A7%D9%8A%D8%AF-%D8%A8%D8%A7%D8%B1%D9%83-%D8%B9%D9%84%D9%89-%D8%A7%D9%84%D8%AA%D8%B3%D8%B9%D9%8A%D9%86-%D8%A7%D9%84%D8%AC%D9%86%D9%88%D8%A8%D9%89-%D9%85%D8%A8%D8%A7%D8%B4%D8%B1%D9%87-%D8%A3%D9%84%D8%AA%D8%B1%D8%A7-%D8%B3%D9%88%D8%A8%D8%B1-%D9%84%D9%88%D9%83%D8%B3-%D8%A7%D9%88%D9%84-%D8%B3%D9%83%D9%86-%D8%A7%D9%88%D9%84-%D8%A7%D8%B3%D8%AA%D8%AE%D8%AF%D8%A7%D9%85-ID503211064.html
شقة للبيع في فيفث سكوير المراسم – إطلالة مميزة | Fifth Square – Al Marasem فرصة مميزة لامتلاك شقة داخل Fifth Square by Al Marasem، بموقع مميز وإطلالة,11500000,3,2,160,https://www.dubizzle.com.eg/ad/%D8%B4%D9%82%D8%A9-%D9%84%D9%84%D8%A8%D9%8A%D8%B9-%D9%81%D9%8A-%D9%81%D9%8A%D9%81%D8%AB-%D8%B3%D9%83%D9%88%D9%8A%D8%B1-%D8%A7%D9%84%D9%85%D8%B1%D8%A7%D8%B3%D9%85-%D8%A5%D8%B7%D9%84%D8%A7%D9%84%D8%A9-%D9%85%D9%85%D9%8A%D8%B2%D8%A9-fifth-square-al-marasem-%D9%81%D8%B1%D8%B5%D8%A9-%D9%85%D9%85%D9%8A%D8%B2%D8%A9-%D9%84%D8%A7%D9%85%D8%AA%D9%84%D8%A7%D9%83-%D8%B4%D9%82%D8%A9-%D8%AF%D8%A7%D8%AE%D9%84-fifth-square-by-al-marasem-%D8%A8%D9%85%D9%88%D9%82%D8%B9-%D9%85%D9%85%D9%8A%D8%B2-%D9%88%D8%A5%D8%B7%D9%84%D8%A7%D9%84%D8%A9-ID503902952.html
شقه للبيع في ماونتن فيو اي سيتي التجمع الخامس  اقل من سعر السوق و بمقدم و اقساط,6180000,3,3,140,https://www.dubizzle.com.eg/ad/%D8%B4%D9%82%D9%87-%D9%84%D9%84%D8%A8%D9%8A%D8%B9-%D9%81%D9%8A-%D9%85%D8%A7%D9%88%D9%86%D8%AA%D9%86-%D9%81%D9%8A%D9%88-%D8%A7%D9%8A-%D8%B3%D9%8A%D8%AA%D9%8A-%D8%A7%D9%84%D8%AA%D8%AC%D9%85%D8%B9-%D8%A7%D9%84%D8%AE%D8%A7%D9%85%D8%B3-%D8%A7%D9%82%D9%84-%D9%85%D9%86-%D8%B3%D8%B9%D8%B1-%D8%A7%D9%84%D8%B3%D9%88%D9%82-%D9%88-%D8%A8%D9%85%D9%82%D8%AF%D9%85-%D9%88-%D8%A7%D9%82%D8%B3%D8%A7%D8%B7-ID503584503.html
شقة فى ماونتن ڤيو هايد بارك mountain view hyde park  فيو على مساحات خضراء واسعة,15275000,3,5,275,https://www.dubizzle.com.eg/ad/%D8%B4%D9%82%D8%A9-%D9%81%D9%89-%D9%85%D8%A7%D9%88%D9%86%D8%AA%D9%86-%DA%A4%D9%8A%D9%88-%D9%87%D8%A7%D9%8A%D8%AF-%D8%A8%D8%A7%D8%B1%D9%83-mountain-view-hyde-park-%D9%81%D9%8A%D9%88-%D8%B9%D9%84%D9%89-%D9%85%D8%B3%D8%A7%D8%AD%D8%A7%D8%AA-%D8%AE%D8%B6%D8%B1%D8%A7%D8%A1-%D9%88%D8%A7%D8%B3%D8%B9%D8%A9-ID503902943.html
شقه استلام فوري بفيو مميز في ذا فيلدج بالم هيلز التجمع الخامس بجوار جولدن سكوير وشارع التسعين للبيع in The Village Compound Palm Hills New Cairo,7500000,2,2,150,https://www.dubizzle.com.eg/ad/%D8%B4%D9%82%D9%87-%D8%A7%D8%B3%D8%AA%D9%84%D8%A7%D9%85-%D9%81%D9%88%D8%B1%D9%8A-%D8%A8%D9%81%D9%8A%D9%88-%D9%85%D9%85%D9%8A%D8%B2-%D9%81%D9%8A-%D8%B0%D8%A7-%D9%81%D9%8A%D9%84%D8%AF%D8%AC-%D8%A8%D8%A7%D9%84%D9%85-%D9%87%D9%8A%D9%84%D8%B2-%D8%A7%D9%84%D8%AA%D8%AC%D9%85%D8%B9-%D8%A7%D9%84%D8%AE%D8%A7%D9%85%D8%B3-%D8%A8%D8%AC%D9%88%D8%A7%D8%B1-%D8%AC%D9%88%D9%84%D8%AF%D9%86-%D8%B3%D9%83%D9%88%D9%8A%D8%B1-%D9%88%D8%B4%D8%A7%D8%B1%D8%B9-%D8%A7%D9%84%D8%AA%D8%B3%D8%B9%D9%8A%D9%86-%D9%84%D9%84%D8%A8%D9%8A%D8%B9-in-the-village-compound-palm-hills-new-cairo-ID503902942.html
لهواة المساحات الكبيره شقه 240 متر في شمال الرحاب تاني نمره من يوسف السباعي فيو مميز,8385000,3,4,240,https://www.dubizzle.com.eg/ad/%D9%84%D9%87%D9%88%D8%A7%D8%A9-%D8%A7%D9%84%D9%85%D8%B3%D8%A7%D8%AD%D8%A7%D8%AA-%D8%A7%D9%84%D9%83%D8%A8%D9%8A%D8%B1%D9%87-%D8%B4%D9%82%D9%87-240-%D9%85%D8%AA%D8%B1-%D9%81%D9%8A-%D8%B4%D9%85%D8%A7%D9%84-%D8%A7%D9%84%D8%B1%D8%AD%D8%A7%D8%A8-%D8%AA%D8%A7%D9%86%D9%8A-%D9%86%D9%85%D8%B1%D9%87-%D9%85%D9%86-%D9%8A%D9%88%D8%B3%D9%81-%D8%A7%D9%84%D8%B3%D8%A8%D8%A7%D8%B9%D9%8A-%D9%81%D9%8A%D9%88-%D9%85%D9%85%D9%8A%D8%B2-ID503902938.html
بنتهاوس للبيع في ماونتن فيو هايد بارك القاهرة الجديدة Mountain View Hyde Park New Cairo,9500000,2,3,166,https://www.dubizzle.com.eg/ad/%D8%A8%D9%86%D8%AA%D9%87%D8%A7%D9%88%D8%B3-%D9%84%D9%84%D8%A8%D9%8A%D8%B9-%D9%81%D9%8A-%D9%85%D8%A7%D9%88%D9%86%D8%AA%D9%86-%D9%81%D9%8A%D9%88-%D9%87%D8%A7%D9%8A%D8%AF-%D8%A8%D8%A7%D8%B1%D9%83-%D8%A7%D9%84%D9%82%D8%A7%D9%87%D8%B1%D8%A9-%D8%A7%D9%84%D8%AC%D8%AF%D9%8A%D8%AF%D8%A9-mountain-view-hyde-park-new-cairo-ID503902936.html
شقه للبيع بمحور طه حسين النزهه الجديده,6000000,3,1,180,https://www.dubizzle.com.eg/ad/%D8%B4%D9%82%D9%87-%D9%84%D9%84%D8%A8%D9%8A%D8%B9-%D8%A8%D9%85%D8%AD%D9%88%D8%B1-%D8%B7%D9%87-%D8%AD%D8%B3%D9%8A%D9%86-%D8%A7%D9%84%D9%86%D8%B2%D9%87%D9%87-%D8%A7%D9%84%D8%AC%D8%AF%D9%8A%D8%AF%D9%87-ID208417265.html
شقه للبيع 160م في مدينه نصر عمارات رابعه الاستثماري تطل علي طريق النصر اول عباس حصه في الارض فيو مفتوح,4000000,3,2,160,https://www.dubizzle.com.eg/ad/%D8%B4%D9%82%D9%87-%D9%84%D9%84%D8%A8%D9%8A%D8%B9-160%D9%85-%D9%81%D9%8A-%D9%85%D8%AF%D9%8A%D9%86%D9%87-%D9%86%D8%B5%D8%B1-%D8%B9%D9%85%D8%A7%D8%B1%D8%A7%D8%AA-%D8%B1%D8%A7%D8%A8%D8%B9%D9%87-%D8%A7%D9%84%D8%A7%D8%B3%D8%AA%D8%AB%D9%85%D8%A7%D8%B1%D9%8A-%D8%AA%D8%B7%D9%84-%D8%B9%D9%84%D9%8A-%D8%B7%D8%B1%D9%8A%D9%82-%D8%A7%D9%84%D9%86%D8%B5%D8%B1-%D8%A7%D9%88%D9%84-%D8%B9%D8%A8%D8%A7%D8%B3-%D8%AD%D8%B5%D9%87-%D9%81%D9%8A-%D8%A7%D9%84%D8%A7%D8%B1%D8%B6-%D9%81%D9%8A%D9%88-%D9%85%D9%81%D8%AA%D9%88%D8%AD-ID503902934.html
بنتهاوس تشطيب كامل مع مطبخ وتكييف للبيع في ماونتن فيو هايد بارك القاهرة الجديدة Mountain View Hyde Park New Cairo,11500000,2,3,166,https://www.dubizzle.com.eg/ad/%D8%A8%D9%86%D8%AA%D9%87%D8%A7%D9%88%D8%B3-%D8%AA%D8%B4%D8%B7%D9%8A%D8%A8-%D9%83%D8%A7%D9%85%D9%84-%D9%85%D8%B9-%D9%85%D8%B7%D8%A8%D8%AE-%D9%88%D8%AA%D9%83%D9%8A%D9%8A%D9%81-%D9%84%D9%84%D8%A8%D9%8A%D8%B9-%D9%81%D9%8A-%D9%85%D8%A7%D9%88%D9%86%D8%AA%D9%86-%D9%81%D9%8A%D9%88-%D9%87%D8%A7%D9%8A%D8%AF-%D8%A8%D8%A7%D8%B1%D9%83-%D8%A7%D9%84%D9%82%D8%A7%D9%87%D8%B1%D8%A9-%D8%A7%D9%84%D8%AC%D8%AF%D9%8A%D8%AF%D8%A9-mountain-view-hyde-park-new-cairo-ID503902933.html
شقة في شمال الرحاب بحري صريح اوبن فيو154 متر مع حديقه 116 متر,4713000,3,3,154,https://www.dubizzle.com.eg/ad/%D8%B4%D9%82%D8%A9-%D9%81%D9%8A-%D8%B4%D9%85%D8%A7%D9%84-%D8%A7%D9%84%D8%B1%D8%AD%D8%A7%D8%A8-%D8%A8%D8%AD%D8%B1%D9%8A-%D8%B5%D8%B1%D9%8A%D8%AD-%D8%A7%D9%88%D8%A8%D9%86-%D9%81%D9%8A%D9%88154-%D9%85%D8%AA%D8%B1-%D9%85%D8%B9-%D8%AD%D8%AF%D9%8A%D9%82%D9%87-116-%D9%85%D8%AA%D8%B1-ID503902930.html
دور رابع مبني 3شقق للبيع بجاردينيا هايتس ٣,5000000,7,4,450,https://www.dubizzle.com.eg/ad/%D8%AF%D9%88%D8%B1-%D8%B1%D8%A7%D8%A8%D8%B9-%D9%85%D8%A8%D9%86%D9%8A-3%D8%B4%D9%82%D9%82-%D9%84%D9%84%D8%A8%D9%8A%D8%B9-%D8%A8%D8%AC%D8%A7%D8%B1%D8%AF%D9%8A%D9%86%D9%8A%D8%A7-%D9%87%D8%A7%D9%8A%D8%AA%D8%B3-%D9%A3-ID503902927.html
شقة للبيع بافضل سعر بكمبوند مفيدا,20000000,3,3,202,https://www.dubizzle.com.eg/ad/%D8%B4%D9%82%D8%A9-%D9%84%D9%84%D8%A8%D9%8A%D8%B9-%D8%A8%D8%A7%D9%81%D8%B6%D9%84-%D8%B3%D8%B9%D8%B1-%D8%A8%D9%83%D9%85%D8%A8%D9%88%D9%86%D8%AF-%D9%85%D9%81%D9%8A%D8%AF%D8%A7-ID503748150.html
شقة للبيع بافضل فيو بكمبوند تاج سيتي,6000000,2,2,110,https://www.dubizzle.com.eg/ad/%D8%B4%D9%82%D8%A9-%D9%84%D9%84%D8%A8%D9%8A%D8%B9-%D8%A8%D8%A7%D9%81%D8%B6%D9%84-%D9%81%D9%8A%D9%88-%D8%A8%D9%83%D9%85%D8%A8%D9%88%D9%86%D8%AF-%D8%AA%D8%A7%D8%AC-%D8%B3%D9%8A%D8%AA%D9%8A-ID503308531.html
بنتهاوس للبيع بافضل سعر بكمبوند سوديك فيليت,22000000,4,4,286,https://www.dubizzle.com.eg/ad/%D8%A8%D9%86%D8%AA%D9%87%D8%A7%D9%88%D8%B3-%D9%84%D9%84%D8%A8%D9%8A%D8%B9-%D8%A8%D8%A7%D9%81%D8%B6%D9%84-%D8%B3%D8%B9%D8%B1-%D8%A8%D9%83%D9%85%D8%A8%D9%88%D9%86%D8%AF-%D8%B3%D9%88%D8%AF%D9%8A%D9%83-%D9%81%D9%8A%D9%84%D9%8A%D8%AA-ID503747659.html
بنتهاوس رووف استلام فوري لوكيشن مميز فيو بانوراما للبيع بكمبوند ليك فيو ريزيدنس  Lake View Residence,26000000,3,3,266,https://www.dubizzle.com.eg/ad/%D8%A8%D9%86%D8%AA%D9%87%D8%A7%D9%88%D8%B3-%D8%B1%D9%88%D9%88%D9%81-%D8%A7%D8%B3%D8%AA%D9%84%D8%A7%D9%85-%D9%81%D9%88%D8%B1%D9%8A-%D9%84%D9%88%D9%83%D9%8A%D8%B4%D9%86-%D9%85%D9%85%D9%8A%D8%B2-%D9%81%D9%8A%D9%88-%D8%A8%D8%A7%D9%86%D9%88%D8%B1%D8%A7%D9%85%D8%A7-%D9%84%D9%84%D8%A8%D9%8A%D8%B9-%D8%A8%D9%83%D9%85%D8%A8%D9%88%D9%86%D8%AF-%D9%84%D9%8A%D9%83-%D9%81%D9%8A%D9%88-%D8%B1%D9%8A%D8%B2%D9%8A%D8%AF%D9%86%D8%B3-lake-view-residence-ID502723196.html
شقة 3غرف بدون مقدم واقساط  12 سنة فيو مميزعلى طريق السويس مباشرة في تاج سيتى مرحلة اورجامي,12900000,3,2,132,https://www.dubizzle.com.eg/ad/%D8%B4%D9%82%D8%A9-3%D8%BA%D8%B1%D9%81-%D8%A8%D8%AF%D9%88%D9%86-%D9%85%D9%82%D8%AF%D9%85-%D9%88%D8%A7%D9%82%D8%B3%D8%A7%D8%B7-12-%D8%B3%D9%86%D8%A9-%D9%81%D9%8A%D9%88-%D9%85%D9%85%D9%8A%D8%B2%D8%B9%D9%84%D9%89-%D8%B7%D8%B1%D9%8A%D9%82-%D8%A7%D9%84%D8%B3%D9%88%D9%8A%D8%B3-%D9%85%D8%A8%D8%A7%D8%B4%D8%B1%D8%A9-%D9%81%D9%8A-%D8%AA%D8%A7%D8%AC-%D8%B3%D9%8A%D8%AA%D9%89-%D9%85%D8%B1%D8%AD%D9%84%D8%A9-%D8%A7%D9%88%D8%B1%D8%AC%D8%A7%D9%85%D9%8A-ID503338281.html
شقة متشطبة استلام فوري بكمبوند صبور لافينير Laviner فيو مفتوح بحري - المستقبل سيتي,6500000,3,3,160,https://www.dubizzle.com.eg/ad/%D8%B4%D9%82%D8%A9-%D9%85%D8%AA%D8%B4%D8%B7%D8%A8%D8%A9-%D8%A7%D8%B3%D8%AA%D9%84%D8%A7%D9%85-%D9%81%D9%88%D8%B1%D9%8A-%D8%A8%D9%83%D9%85%D8%A8%D9%88%D9%86%D8%AF-%D8%B5%D8%A8%D9%88%D8%B1-%D9%84%D8%A7%D9%81%D9%8A%D9%86%D9%8A%D8%B1-laviner-%D9%81%D9%8A%D9%88-%D9%85%D9%81%D8%AA%D9%88%D8%AD-%D8%A8%D8%AD%D8%B1%D9%8A-%D8%A7%D9%84%D9%85%D8%B3%D8%AA%D9%82%D8%A8%D9%84-%D8%B3%D9%8A%D8%AA%D9%8A-ID503882926.html
اقل من سعر السوق اميز موقع بحري تشطيب خاص بسعر مميز و امكانية تقسيط - في باتيو أورو القاهره الجديده  Patio oro compound,10000000,3,3,164,https://www.dubizzle.com.eg/ad/%D8%A7%D9%82%D9%84-%D9%85%D9%86-%D8%B3%D8%B9%D8%B1-%D8%A7%D9%84%D8%B3%D9%88%D9%82-%D8%A7%D9%85%D9%8A%D8%B2-%D9%85%D9%88%D9%82%D8%B9-%D8%A8%D8%AD%D8%B1%D9%8A-%D8%AA%D8%B4%D8%B7%D9%8A%D8%A8-%D8%AE%D8%A7%D8%B5-%D8%A8%D8%B3%D8%B9%D8%B1-%D9%85%D9%85%D9%8A%D8%B2-%D9%88-%D8%A7%D9%85%D9%83%D8%A7%D9%86%D9%8A%D8%A9-%D8%AA%D9%82%D8%B3%D9%8A%D8%B7-%D9%81%D9%8A-%D8%A8%D8%A7%D8%AA%D9%8A%D9%88-%D8%A3%D9%88%D8%B1%D9%88-%D8%A7%D9%84%D9%82%D8%A7%D9%87%D8%B1%D9%87-%D8%A7%D9%84%D8%AC%D8%AF%D9%8A%D8%AF%D9%87-patio-oro-compound-ID502579279.html
للبيع بنتهاوس مع روف 130 بانورامي مفتوح علي pool & park بخصم هائل  علي طريق السويس مباشرة بالقرب من الباتيو سولا وبجوار The spine مدينتي دقائق من Auc,17500000,4,3,210,https://www.dubizzle.com.eg/ad/%D9%84%D9%84%D8%A8%D9%8A%D8%B9-%D8%A8%D9%86%D8%AA%D9%87%D8%A7%D9%88%D8%B3-%D9%85%D8%B9-%D8%B1%D9%88%D9%81-130-%D8%A8%D8%A7%D9%86%D9%88%D8%B1%D8%A7%D9%85%D9%8A-%D9%85%D9%81%D8%AA%D9%88%D8%AD-%D8%B9%D9%84%D9%8A-pool-park-%D8%A8%D8%AE%D8%B5%D9%85-%D9%87%D8%A7%D8%A6%D9%84-%D8%B9%D9%84%D9%8A-%D8%B7%D8%B1%D9%8A%D9%82-%D8%A7%D9%84%D8%B3%D9%88%D9%8A%D8%B3-%D9%85%D8%A8%D8%A7%D8%B4%D8%B1%D8%A9-%D8%A8%D8%A7%D9%84%D9%82%D8%B1%D8%A8-%D9%85%D9%86-%D8%A7%D9%84%D8%A8%D8%A7%D8%AA%D9%8A%D9%88-%D8%B3%D9%88%D9%84%D8%A7-%D9%88%D8%A8%D8%AC%D9%88%D8%A7%D8%B1-the-spine-%D9%85%D8%AF%D9%8A%D9%86%D8%AA%D9%8A-%D8%AF%D9%82%D8%A7%D8%A6%D9%82-%D9%85%D9%86-auc-ID503871831.html
شقة للبيع ريسيل بسعر لقطة في كمبوند ازاد التجمع الخامس استلام فوري,14400000,3,3,171,https://www.dubizzle.com.eg/ad/%D8%B4%D9%82%D8%A9-%D9%84%D9%84%D8%A8%D9%8A%D8%B9-%D8%B1%D9%8A%D8%B3%D9%8A%D9%84-%D8%A8%D8%B3%D8%B9%D8%B1-%D9%84%D9%82%D8%B7%D8%A9-%D9%81%D9%8A-%D9%83%D9%85%D8%A8%D9%88%D9%86%D8%AF-%D8%A7%D8%B2%D8%A7%D8%AF-%D8%A7%D9%84%D8%AA%D8%AC%D9%85%D8%B9-%D8%A7%D9%84%D8%AE%D8%A7%D9%85%D8%B3-%D8%A7%D8%B3%D8%AA%D9%84%D8%A7%D9%85-%D9%81%D9%88%D8%B1%D9%8A-ID503891441.html
للبيع شقه مميزه جداا بكمبوند هايد بارك بالتجمع الخامس بالقرب من الجامعه الامريكي بمقدم 5% فقط,13000000,3,3,129,https://www.dubizzle.com.eg/ad/%D9%84%D9%84%D8%A8%D9%8A%D8%B9-%D8%B4%D9%82%D9%87-%D9%85%D9%85%D9%8A%D8%B2%D9%87-%D8%AC%D8%AF%D8%A7%D8%A7-%D8%A8%D9%83%D9%85%D8%A8%D9%88%D9%86%D8%AF-%D9%87%D8%A7%D9%8A%D8%AF-%D8%A8%D8%A7%D8%B1%D9%83-%D8%A8%D8%A7%D9%84%D8%AA%D8%AC%D9%85%D8%B9-%D8%A7%D9%84%D8%AE%D8%A7%D9%85%D8%B3-%D8%A8%D8%A7%D9%84%D9%82%D8%B1%D8%A8-%D9%85%D9%86-%D8%A7%D9%84%D8%AC%D8%A7%D9%85%D8%B9%D9%87-%D8%A7%D9%84%D8%A7%D9%85%D8%B1%D9%8A%D9%83%D9%8A-%D8%A8%D9%85%D9%82%D8%AF%D9%85-5-%D9%81%D9%82%D8%B7-ID503372699.html
عقد قديم وفيو دايركت على النادى وباقل سعر ف الماركت شقة استلام فوري 3 غرف برايم لوكيشن على فيو مفتوح دايركت ع اللاند سكيب مرحلة Club park ف ماونتن فيو,6600000,3,3,170,https://www.dubizzle.com.eg/ad/%D8%B9%D9%82%D8%AF-%D9%82%D8%AF%D9%8A%D9%85-%D9%88%D9%81%D9%8A%D9%88-%D8%AF%D8%A7%D9%8A%D8%B1%D9%83%D8%AA-%D8%B9%D9%84%D9%89-%D8%A7%D9%84%D9%86%D8%A7%D8%AF%D9%89-%D9%88%D8%A8%D8%A7%D9%82%D9%84-%D8%B3%D8%B9%D8%B1-%D9%81-%D8%A7%D9%84%D9%85%D8%A7%D8%B1%D9%83%D8%AA-%D8%B4%D9%82%D8%A9-%D8%A7%D8%B3%D8%AA%D9%84%D8%A7%D9%85-%D9%81%D9%88%D8%B1%D9%8A-3-%D8%BA%D8%B1%D9%81-%D8%A8%D8%B1%D8%A7%D9%8A%D9%85-%D9%84%D9%88%D9%83%D9%8A%D8%B4%D9%86-%D8%B9%D9%84%D9%89-%D9%81%D9%8A%D9%88-%D9%85%D9%81%D8%AA%D9%88%D8%AD-%D8%AF%D8%A7%D9%8A%D8%B1%D9%83%D8%AA-%D8%B9-%D8%A7%D9%84%D9%84%D8%A7%D9%86%D8%AF-%D8%B3%D9%83%D9%8A%D8%A8-%D9%85%D8%B1%D8%AD%D9%84%D8%A9-club-park-%D9%81-%D9%85%D8%A7%D9%88%D9%86%D8%AA%D9%86-%D9%81%D9%8A%D9%88-ID502962037.html
شقة مميزة للبيع في هايد بارك القاهرة الجديدة Hyde Park New Cairo نيو سنترفيل، جاردن خاصة وموقع متميز,18000000,3,3,241,https://www.dubizzle.com.eg/ad/%D8%B4%D9%82%D8%A9-%D9%85%D9%85%D9%8A%D8%B2%D8%A9-%D9%84%D9%84%D8%A8%D9%8A%D8%B9-%D9%81%D9%8A-%D9%87%D8%A7%D9%8A%D8%AF-%D8%A8%D8%A7%D8%B1%D9%83-%D8%A7%D9%84%D9%82%D8%A7%D9%87%D8%B1%D8%A9-%D8%A7%D9%84%D8%AC%D8%AF%D9%8A%D8%AF%D8%A9-hyde-park-new-cairo-%D9%86%D9%8A%D9%88-%D8%B3%D9%86%D8%AA%D8%B1%D9%81%D9%8A%D9%84-%D8%AC%D8%A7%D8%B1%D8%AF%D9%86-%D8%AE%D8%A7%D8%B5%D8%A9-%D9%88%D9%85%D9%88%D9%82%D8%B9-%D9%85%D8%AA%D9%85%D9%8A%D8%B2-ID503806140.html
إذا كنت تبحث عن شقة تجمع  بين الموقع المميز و العصري وأنظمة السداد مرنه ف فرصتك معانا تمتلك شقتك في أحد أفضل مواقع العاصمة الإدارية الجديدة.,4026880,3,3,143,https://www.dubizzle.com.eg/ad/%D8%A5%D8%B0%D8%A7-%D9%83%D9%86%D8%AA-%D8%AA%D8%A8%D8%AD%D8%AB-%D8%B9%D9%86-%D8%B4%D9%82%D8%A9-%D8%AA%D8%AC%D9%85%D8%B9-%D8%A8%D9%8A%D9%86-%D8%A7%D9%84%D9%85%D9%88%D9%82%D8%B9-%D8%A7%D9%84%D9%85%D9%85%D9%8A%D8%B2-%D9%88-%D8%A7%D9%84%D8%B9%D8%B5%D8%B1%D9%8A-%D9%88%D8%A3%D9%86%D8%B8%D9%85%D8%A9-%D8%A7%D9%84%D8%B3%D8%AF%D8%A7%D8%AF-%D9%85%D8%B1%D9%86%D9%87-%D9%81-%D9%81%D8%B1%D8%B5%D8%AA%D9%83-%D9%85%D8%B9%D8%A7%D9%86%D8%A7-%D8%AA%D9%85%D8%AA%D9%84%D9%83-%D8%B4%D9%82%D8%AA%D9%83-%D9%81%D9%8A-%D8%A3%D8%AD%D8%AF-%D8%A3%D9%81%D8%B6%D9%84-%D9%85%D9%88%D8%A7%D9%82%D8%B9-%D8%A7%D9%84%D8%B9%D8%A7%D8%B5%D9%85%D8%A9-%D8%A7%D9%84%D8%A5%D8%AF%D8%A7%D8%B1%D9%8A%D8%A9-%D8%A7%D9%84%D8%AC%D8%AF%D9%8A%D8%AF%D8%A9-ID503891038.html
شقة 104م غرفتين وتصلح 3 غرف بالـ R8 العاصمة الإدارية على المحور المركزي مباشرة بأطلالة علي أكبر لاجون، بمقدم 335 الف وقسط شهري 25 الف على 10 سنين,3350000,2,2,104,https://www.dubizzle.com.eg/ad/%D8%B4%D9%82%D8%A9-104%D9%85-%D8%BA%D8%B1%D9%81%D8%AA%D9%8A%D9%86-%D9%88%D8%AA%D8%B5%D9%84%D8%AD-3-%D8%BA%D8%B1%D9%81-%D8%A8%D8%A7%D9%84%D9%80-r8-%D8%A7%D9%84%D8%B9%D8%A7%D8%B5%D9%85%D8%A9-%D8%A7%D9%84%D8%A5%D8%AF%D8%A7%D8%B1%D9%8A%D8%A9-%D8%B9%D9%84%D9%89-%D8%A7%D9%84%D9%85%D8%AD%D9%88%D8%B1-%D8%A7%D9%84%D9%85%D8%B1%D9%83%D8%B2%D9%8A-%D9%85%D8%A8%D8%A7%D8%B4%D8%B1%D8%A9-%D8%A8%D8%A3%D8%B7%D9%84%D8%A7%D9%84%D8%A9-%D8%B9%D9%84%D9%8A-%D8%A3%D9%83%D8%A8%D8%B1-%D9%84%D8%A7%D8%AC%D9%88%D9%86-%D8%A8%D9%85%D9%82%D8%AF%D9%85-335-%D8%A7%D9%84%D9%81-%D9%88%D9%82%D8%B3%D8%B7-%D8%B4%D9%87%D8%B1%D9%8A-25-%D8%A7%D9%84%D9%81-%D8%B9%D9%84%D9%89-10-%D8%B3%D9%86%D9%8A%D9%86-ID503879835.html
بأقل نسبة تحميل و اعلي انشائات و خصم يصل الي 20% امتلك شقة غرفتين متشطبة في كومباوند راقي علي اعلي تبة في التجمع السادس و مباشرة علي الدائري الاوسطي,6200000,2,2,109,https://www.dubizzle.com.eg/ad/%D8%A8%D8%A3%D9%82%D9%84-%D9%86%D8%B3%D8%A8%D8%A9-%D8%AA%D8%AD%D9%85%D9%8A%D9%84-%D9%88-%D8%A7%D8%B9%D9%84%D9%8A-%D8%A7%D9%86%D8%B4%D8%A7%D8%A6%D8%A7%D8%AA-%D9%88-%D8%AE%D8%B5%D9%85-%D9%8A%D8%B5%D9%84-%D8%A7%D9%84%D9%8A-20-%D8%A7%D9%85%D8%AA%D9%84%D9%83-%D8%B4%D9%82%D8%A9-%D8%BA%D8%B1%D9%81%D8%AA%D9%8A%D9%86-%D9%85%D8%AA%D8%B4%D8%B7%D8%A8%D8%A9-%D9%81%D9%8A-%D9%83%D9%88%D9%85%D8%A8%D8%A7%D9%88%D9%86%D8%AF-%D8%B1%D8%A7%D9%82%D9%8A-%D8%B9%D9%84%D9%8A-%D8%A7%D8%B9%D9%84%D9%8A-%D8%AA%D8%A8%D8%A9-%D9%81%D9%8A-%D8%A7%D9%84%D8%AA%D8%AC%D9%85%D8%B9-%D8%A7%D9%84%D8%B3%D8%A7%D8%AF%D8%B3-%D9%88-%D9%85%D8%A8%D8%A7%D8%B4%D8%B1%D8%A9-%D8%B9%D9%84%D9%8A-%D8%A7%D9%84%D8%AF%D8%A7%D8%A6%D8%B1%D9%8A-%D8%A7%D9%84%D8%A7%D9%88%D8%B3%D8%B7%D9%8A-ID503864390.html
اسكن عالنيل او استثمر بعائد مادي مضمون في كورنيش المعادي بأطلالة خيالية بجوار فندق هيلتون في قلب القاهرة بالقرب من وسط البلد و الدقي و الزمالك,7833150,1,1,33,https://www.dubizzle.com.eg/ad/%D8%A7%D8%B3%D9%83%D9%86-%D8%B9%D8%A7%D9%84%D9%86%D9%8A%D9%84-%D8%A7%D9%88-%D8%A7%D8%B3%D8%AA%D8%AB%D9%85%D8%B1-%D8%A8%D8%B9%D8%A7%D8%A6%D8%AF-%D9%85%D8%A7%D8%AF%D9%8A-%D9%85%D8%B6%D9%85%D9%88%D9%86-%D9%81%D9%8A-%D9%83%D9%88%D8%B1%D9%86%D9%8A%D8%B4-%D8%A7%D9%84%D9%85%D8%B9%D8%A7%D8%AF%D9%8A-%D8%A8%D8%A3%D8%B7%D9%84%D8%A7%D9%84%D8%A9-%D8%AE%D9%8A%D8%A7%D9%84%D9%8A%D8%A9-%D8%A8%D8%AC%D9%88%D8%A7%D8%B1-%D9%81%D9%86%D8%AF%D9%82-%D9%87%D9%8A%D9%84%D8%AA%D9%88%D9%86-%D9%81%D9%8A-%D9%82%D9%84%D8%A8-%D8%A7%D9%84%D9%82%D8%A7%D9%87%D8%B1%D8%A9-%D8%A8%D8%A7%D9%84%D9%82%D8%B1%D8%A8-%D9%85%D9%86-%D9%88%D8%B3%D8%B7-%D8%A7%D9%84%D8%A8%D9%84%D8%AF-%D9%88-%D8%A7%D9%84%D8%AF%D9%82%D9%8A-%D9%88-%D8%A7%D9%84%D8%B2%D9%85%D8%A7%D9%84%D9%83-ID503773217.html
شقة فالشروق للبيع جاهزة للمعاينة دلوقتي متشطبة بالكامل في (مايان)عند مدخل الشروق 2 و امام اوبن اير مول و مدينتي .,3380000,2,2,90,https://www.dubizzle.com.eg/ad/%D8%B4%D9%82%D8%A9-%D9%81%D8%A7%D9%84%D8%B4%D8%B1%D9%88%D9%82-%D9%84%D9%84%D8%A8%D9%8A%D8%B9-%D8%AC%D8%A7%D9%87%D8%B2%D8%A9-%D9%84%D9%84%D9%85%D8%B9%D8%A7%D9%8A%D9%86%D8%A9-%D8%AF%D9%84%D9%88%D9%82%D8%AA%D9%8A-%D9%85%D8%AA%D8%B4%D8%B7%D8%A8%D8%A9-%D8%A8%D8%A7%D9%84%D9%83%D8%A7%D9%85%D9%84-%D9%81%D9%8A-%D9%85%D8%A7%D9%8A%D8%A7%D9%86%D8%B9%D9%86%D8%AF-%D9%85%D8%AF%D8%AE%D9%84-%D8%A7%D9%84%D8%B4%D8%B1%D9%88%D9%82-2-%D9%88-%D8%A7%D9%85%D8%A7%D9%85-%D8%A7%D9%88%D8%A8%D9%86-%D8%A7%D9%8A%D8%B1-%D9%85%D9%88%D9%84-%D9%88-%D9%85%D8%AF%D9%8A%D9%86%D8%AA%D9%8A-ID503752124.html
شقة غرفتين بمقدم 116 الف وقسط يصل الي 29 الف لمدة 10 سنوات في كومباوند متميز بالتجمع تاني نمرة من التسعين الجنوبي من شركة بسابقة اعمال علي ارض الواقع,3880000,2,2,105,https://www.dubizzle.com.eg/ad/%D8%B4%D9%82%D8%A9-%D8%BA%D8%B1%D9%81%D8%AA%D9%8A%D9%86-%D8%A8%D9%85%D9%82%D8%AF%D9%85-116-%D8%A7%D9%84%D9%81-%D9%88%D9%82%D8%B3%D8%B7-%D9%8A%D8%B5%D9%84-%D8%A7%D9%84%D9%8A-29-%D8%A7%D9%84%D9%81-%D9%84%D9%85%D8%AF%D8%A9-10-%D8%B3%D9%86%D9%88%D8%A7%D8%AA-%D9%81%D9%8A-%D9%83%D9%88%D9%85%D8%A8%D8%A7%D9%88%D9%86%D8%AF-%D9%85%D8%AA%D9%85%D9%8A%D8%B2-%D8%A8%D8%A7%D9%84%D8%AA%D8%AC%D9%85%D8%B9-%D8%AA%D8%A7%D9%86%D9%8A-%D9%86%D9%85%D8%B1%D8%A9-%D9%85%D9%86-%D8%A7%D9%84%D8%AA%D8%B3%D8%B9%D9%8A%D9%86-%D8%A7%D9%84%D8%AC%D9%86%D9%88%D8%A8%D9%8A-%D9%85%D9%86-%D8%B4%D8%B1%D9%83%D8%A9-%D8%A8%D8%B3%D8%A7%D8%A8%D9%82%D8%A9-%D8%A7%D8%B9%D9%85%D8%A7%D9%84-%D8%B9%D9%84%D9%8A-%D8%A7%D8%B1%D8%B6-%D8%A7%D9%84%D9%88%D8%A7%D9%82%D8%B9-ID503892915.html
شقة 185م فندقية متشطبة بالتكييفات والمطبخ للبيع الفوري بمقدم5% وبسعر لقطة في ارقى واميز كمبوند في العاصمة الادارية,7700000,3,3,185,https://www.dubizzle.com.eg/ad/%D8%B4%D9%82%D8%A9-185%D9%85-%D9%81%D9%86%D8%AF%D9%82%D9%8A%D8%A9-%D9%85%D8%AA%D8%B4%D8%B7%D8%A8%D8%A9-%D8%A8%D8%A7%D9%84%D8%AA%D9%83%D9%8A%D9%8A%D9%81%D8%A7%D8%AA-%D9%88%D8%A7%D9%84%D9%85%D8%B7%D8%A8%D8%AE-%D9%84%D9%84%D8%A8%D9%8A%D8%B9-%D8%A7%D9%84%D9%81%D9%88%D8%B1%D9%8A-%D8%A8%D9%85%D9%82%D8%AF%D9%855-%D9%88%D8%A8%D8%B3%D8%B9%D8%B1-%D9%84%D9%82%D8%B7%D8%A9-%D9%81%D9%8A-%D8%A7%D8%B1%D9%82%D9%89-%D9%88%D8%A7%D9%85%D9%8A%D8%B2-%D9%83%D9%85%D8%A8%D9%88%D9%86%D8%AF-%D9%81%D9%8A-%D8%A7%D9%84%D8%B9%D8%A7%D8%B5%D9%85%D8%A9-%D8%A7%D9%84%D8%A7%D8%AF%D8%A7%D8%B1%D9%8A%D8%A9-ID503833571.html
أفضل فرصة للتملك بأقل مقدم وأطول فترة سداد | لفترة محدودة | افضل سعر اليوم,4735230,3,2,149,https://www.dubizzle.com.eg/ad/%D8%A3%D9%81%D8%B6%D9%84-%D9%81%D8%B1%D8%B5%D8%A9-%D9%84%D9%84%D8%AA%D9%85%D9%84%D9%83-%D8%A8%D8%A3%D9%82%D9%84-%D9%85%D9%82%D8%AF%D9%85-%D9%88%D8%A3%D8%B7%D9%88%D9%84-%D9%81%D8%AA%D8%B1%D8%A9-%D8%B3%D8%AF%D8%A7%D8%AF-%D9%84%D9%81%D8%AA%D8%B1%D8%A9-%D9%85%D8%AD%D8%AF%D9%88%D8%AF%D8%A9-%D8%A7%D9%81%D8%B6%D9%84-%D8%B3%D8%B9%D8%B1-%D8%A7%D9%84%D9%8A%D9%88%D9%85-ID503900152.html
شقه للبيع 164م استلام فورى متشطبه بالكامل الترا سوبر لوكس بفيو مميز فى التجمع الخامس ارقى مجتمع سكنى فى القاهرة الجديدة,2500000,1,1,64,https://www.dubizzle.com.eg/ad/%D8%B4%D9%82%D9%87-%D9%84%D9%84%D8%A8%D9%8A%D8%B9-164%D9%85-%D8%A7%D8%B3%D8%AA%D9%84%D8%A7%D9%85-%D9%81%D9%88%D8%B1%D9%89-%D9%85%D8%AA%D8%B4%D8%B7%D8%A8%D9%87-%D8%A8%D8%A7%D9%84%D9%83%D8%A7%D9%85%D9%84-%D8%A7%D9%84%D8%AA%D8%B1%D8%A7-%D8%B3%D9%88%D8%A8%D8%B1-%D9%84%D9%88%D9%83%D8%B3-%D8%A8%D9%81%D9%8A%D9%88-%D9%85%D9%85%D9%8A%D8%B2-%D9%81%D9%89-%D8%A7%D9%84%D8%AA%D8%AC%D9%85%D8%B9-%D8%A7%D9%84%D8%AE%D8%A7%D9%85%D8%B3-%D8%A7%D8%B1%D9%82%D9%89-%D9%85%D8%AC%D8%AA%D9%85%D8%B9-%D8%B3%D9%83%D9%86%D9%89-%D9%81%D9%89-%D8%A7%D9%84%D9%82%D8%A7%D9%87%D8%B1%D8%A9-%D8%A7%D9%84%D8%AC%D8%AF%D9%8A%D8%AF%D8%A9-ID503879671.html
شقة للبيع في القاهره الجديد على طريق السويس جنب مدينتي داخل كموند سراى فيو مميز على لاند سكيب وخصم كبير على الكاش,1600000,1,1,52,https://www.dubizzle.com.eg/ad/%D8%B4%D9%82%D8%A9-%D9%84%D9%84%D8%A8%D9%8A%D8%B9-%D9%81%D9%8A-%D8%A7%D9%84%D9%82%D8%A7%D9%87%D8%B1%D9%87-%D8%A7%D9%84%D8%AC%D8%AF%D9%8A%D8%AF-%D8%B9%D9%84%D9%89-%D8%B7%D8%B1%D9%8A%D9%82-%D8%A7%D9%84%D8%B3%D9%88%D9%8A%D8%B3-%D8%AC%D9%86%D8%A8-%D9%85%D8%AF%D9%8A%D9%86%D8%AA%D9%8A-%D8%AF%D8%A7%D8%AE%D9%84-%D9%83%D9%85%D9%88%D9%86%D8%AF-%D8%B3%D8%B1%D8%A7%D9%89-%D9%81%D9%8A%D9%88-%D9%85%D9%85%D9%8A%D8%B2-%D8%B9%D9%84%D9%89-%D9%84%D8%A7%D9%86%D8%AF-%D8%B3%D9%83%D9%8A%D8%A8-%D9%88%D8%AE%D8%B5%D9%85-%D9%83%D8%A8%D9%8A%D8%B1-%D8%B9%D9%84%D9%89-%D8%A7%D9%84%D9%83%D8%A7%D8%B4-ID503878581.html
شقة للبيع في فيلات البنفسج ٨ - من المالك مباشرة-جاردن فيو,6250000,3,2,250,https://www.dubizzle.com.eg/ad/%D8%B4%D9%82%D8%A9-%D9%84%D9%84%D8%A8%D9%8A%D8%B9-%D9%81%D9%8A-%D9%81%D9%8A%D9%84%D8%A7%D8%AA-%D8%A7%D9%84%D8%A8%D9%86%D9%81%D8%B3%D8%AC-%D9%A8-%D9%85%D9%86-%D8%A7%D9%84%D9%85%D8%A7%D9%84%D9%83-%D9%85%D8%A8%D8%A7%D8%B4%D8%B1%D8%A9-%D8%AC%D8%A7%D8%B1%D8%AF%D9%86-%D9%81%D9%8A%D9%88-ID503695780.html
شقة للبيع من المالك دور تالت في البنفسج ١١ امام waterway,6250000,2,2,225,https://www.dubizzle.com.eg/ad/%D8%B4%D9%82%D8%A9-%D9%84%D9%84%D8%A8%D9%8A%D8%B9-%D9%85%D9%86-%D8%A7%D9%84%D9%85%D8%A7%D9%84%D9%83-%D8%AF%D9%88%D8%B1-%D8%AA%D8%A7%D9%84%D8%AA-%D9%81%D9%8A-%D8%A7%D9%84%D8%A8%D9%86%D9%81%D8%B3%D8%AC-%D9%A1%D9%A1-%D8%A7%D9%85%D8%A7%D9%85-waterway-ID503899529.html
دوبلكس للبيع في كومباوند الدبلوماسيين من المالك التجمع الخامس القاهرة الجديدة,9750000,5,4,470,https://www.dubizzle.com.eg/ad/%D8%AF%D9%88%D8%A8%D9%84%D9%83%D8%B3-%D9%84%D9%84%D8%A8%D9%8A%D8%B9-%D9%81%D9%8A-%D9%83%D9%88%D9%85%D8%A8%D8%A7%D9%88%D9%86%D8%AF-%D8%A7%D9%84%D8%AF%D8%A8%D9%84%D9%88%D9%85%D8%A7%D8%B3%D9%8A%D9%8A%D9%86-%D9%85%D9%86-%D8%A7%D9%84%D9%85%D8%A7%D9%84%D9%83-%D8%A7%D9%84%D8%AA%D8%AC%D9%85%D8%B9-%D8%A7%D9%84%D8%AE%D8%A7%D9%85%D8%B3-%D8%A7%D9%84%D9%82%D8%A7%D9%87%D8%B1%D8%A9-%D8%A7%D9%84%D8%AC%D8%AF%D9%8A%D8%AF%D8%A9-ID503865844.html
شقة بيع فى الرحاب البيع شامل المطبخ بالقرب من مول 2 وجيت واى فيو جاردن,5200000,2,1,90,https://www.dubizzle.com.eg/ad/%D8%B4%D9%82%D8%A9-%D8%A8%D9%8A%D8%B9-%D9%81%D9%89-%D8%A7%D9%84%D8%B1%D8%AD%D8%A7%D8%A8-%D8%A7%D9%84%D8%A8%D9%8A%D8%B9-%D8%B4%D8%A7%D9%85%D9%84-%D8%A7%D9%84%D9%85%D8%B7%D8%A8%D8%AE-%D8%A8%D8%A7%D9%84%D9%82%D8%B1%D8%A8-%D9%85%D9%86-%D9%85%D9%88%D9%84-2-%D9%88%D8%AC%D9%8A%D8%AA-%D9%88%D8%A7%D9%89-%D9%81%D9%8A%D9%88-%D8%AC%D8%A7%D8%B1%D8%AF%D9%86-ID503868745.html
استلام فوري في كمبوند نيو جاردن سيتي العاصمة الإدارية شقة 135 متر متشطبة بالكامل الترا مودرن في أميز لوكيشن بالعاصمة الادارية,4900000,2,2,135,https://www.dubizzle.com.eg/ad/%D8%A7%D8%B3%D8%AA%D9%84%D8%A7%D9%85-%D9%81%D9%88%D8%B1%D9%8A-%D9%81%D9%8A-%D9%83%D9%85%D8%A8%D9%88%D9%86%D8%AF-%D9%86%D9%8A%D9%88-%D8%AC%D8%A7%D8%B1%D8%AF%D9%86-%D8%B3%D9%8A%D8%AA%D9%8A-%D8%A7%D9%84%D8%B9%D8%A7%D8%B5%D9%85%D8%A9-%D8%A7%D9%84%D8%A5%D8%AF%D8%A7%D8%B1%D9%8A%D8%A9-%D8%B4%D9%82%D8%A9-135-%D9%85%D8%AA%D8%B1-%D9%85%D8%AA%D8%B4%D8%B7%D8%A8%D8%A9-%D8%A8%D8%A7%D9%84%D9%83%D8%A7%D9%85%D9%84-%D8%A7%D9%84%D8%AA%D8%B1%D8%A7-%D9%85%D9%88%D8%AF%D8%B1%D9%86-%D9%81%D9%8A-%D8%A3%D9%85%D9%8A%D8%B2-%D9%84%D9%88%D9%83%D9%8A%D8%B4%D9%86-%D8%A8%D8%A7%D9%84%D8%B9%D8%A7%D8%B5%D9%85%D8%A9-%D8%A7%D9%84%D8%A7%D8%AF%D8%A7%D8%B1%D9%8A%D8%A9-ID503900049.html
للبيع بسعر لقططه شقه 94متر في سيليا العاصمه اللاداريه فيو جاردن استلام فوري متشطبه,4000000,2,1,94,https://www.dubizzle.com.eg/ad/%D9%84%D9%84%D8%A8%D9%8A%D8%B9-%D8%A8%D8%B3%D8%B9%D8%B1-%D9%84%D9%82%D8%B7%D8%B7%D9%87-%D8%B4%D9%82%D9%87-94%D9%85%D8%AA%D8%B1-%D9%81%D9%8A-%D8%B3%D9%8A%D9%84%D9%8A%D8%A7-%D8%A7%D9%84%D8%B9%D8%A7%D8%B5%D9%85%D9%87-%D8%A7%D9%84%D9%84%D8%A7%D8%AF%D8%A7%D8%B1%D9%8A%D9%87-%D9%81%D9%8A%D9%88-%D8%AC%D8%A7%D8%B1%D8%AF%D9%86-%D8%A7%D8%B3%D8%AA%D9%84%D8%A7%D9%85-%D9%81%D9%88%D8%B1%D9%8A-%D9%85%D8%AA%D8%B4%D8%B7%D8%A8%D9%87-ID503729015.html
مركز المدينه امام الجامعه الفرنسيه بجوار شيل اوت و سعودي ماركت و مدرسه النيل و بنك مصر و برج الاطباء و جميع الخدمات موقع حيوي,5520000,3,2,240,https://www.dubizzle.com.eg/ad/%D9%85%D8%B1%D9%83%D8%B2-%D8%A7%D9%84%D9%85%D8%AF%D9%8A%D9%86%D9%87-%D8%A7%D9%85%D8%A7%D9%85-%D8%A7%D9%84%D8%AC%D8%A7%D9%85%D8%B9%D9%87-%D8%A7%D9%84%D9%81%D8%B1%D9%86%D8%B3%D9%8A%D9%87-%D8%A8%D8%AC%D9%88%D8%A7%D8%B1-%D8%B4%D9%8A%D9%84-%D8%A7%D9%88%D8%AA-%D9%88-%D8%B3%D8%B9%D9%88%D8%AF%D9%8A-%D9%85%D8%A7%D8%B1%D9%83%D8%AA-%D9%88-%D9%85%D8%AF%D8%B1%D8%B3%D9%87-%D8%A7%D9%84%D9%86%D9%8A%D9%84-%D9%88-%D8%A8%D9%86%D9%83-%D9%85%D8%B5%D8%B1-%D9%88-%D8%A8%D8%B1%D8%AC-%D8%A7%D9%84%D8%A7%D8%B7%D8%A8%D8%A7%D8%A1-%D9%88-%D8%AC%D9%85%D9%8A%D8%B9-%D8%A7%D9%84%D8%AE%D8%AF%D9%85%D8%A7%D8%AA-%D9%85%D9%88%D9%82%D8%B9-%D8%AD%D9%8A%D9%88%D9%8A-ID503899961.html
للبيع استديو استلام فوري جاهز للسكن برايم لوكيشن اوبن فيو في ماونتن فيو اي سيتي التجمع الخامس القاهرة الجديدة Mountain View i City Fifth Settlement Ne,3900000,1,1,70,https://www.dubizzle.com.eg/ad/%D9%84%D9%84%D8%A8%D9%8A%D8%B9-%D8%A7%D8%B3%D8%AA%D8%AF%D9%8A%D9%88-%D8%A7%D8%B3%D8%AA%D9%84%D8%A7%D9%85-%D9%81%D9%88%D8%B1%D9%8A-%D8%AC%D8%A7%D9%87%D8%B2-%D9%84%D9%84%D8%B3%D9%83%D9%86-%D8%A8%D8%B1%D8%A7%D9%8A%D9%85-%D9%84%D9%88%D9%83%D9%8A%D8%B4%D9%86-%D8%A7%D9%88%D8%A8%D9%86-%D9%81%D9%8A%D9%88-%D9%81%D9%8A-%D9%85%D8%A7%D9%88%D9%86%D8%AA%D9%86-%D9%81%D9%8A%D9%88-%D8%A7%D9%8A-%D8%B3%D9%8A%D8%AA%D9%8A-%D8%A7%D9%84%D8%AA%D8%AC%D9%85%D8%B9-%D8%A7%D9%84%D8%AE%D8%A7%D9%85%D8%B3-%D8%A7%D9%84%D9%82%D8%A7%D9%87%D8%B1%D8%A9-%D8%A7%D9%84%D8%AC%D8%AF%D9%8A%D8%AF%D8%A9-mountain-view-i-city-fifth-settlement-ne-ID503728892.html
شقة كورنرصريح 3 نوم ع Club Park 165 في كومباند ماونتن فيو اي سيتي التجمع الخامس القاهرة الجديدة Mountain View i City Compound Fifth Settleme,6350000,3,3,165,https://www.dubizzle.com.eg/ad/%D8%B4%D9%82%D8%A9-%D9%83%D9%88%D8%B1%D9%86%D8%B1%D8%B5%D8%B1%D9%8A%D8%AD-3-%D9%86%D9%88%D9%85-%D8%B9-club-park-165-%D9%81%D9%8A-%D9%83%D9%88%D9%85%D8%A8%D8%A7%D9%86%D8%AF-%D9%85%D8%A7%D9%88%D9%86%D8%AA%D9%86-%D9%81%D9%8A%D9%88-%D8%A7%D9%8A-%D8%B3%D9%8A%D8%AA%D9%8A-%D8%A7%D9%84%D8%AA%D8%AC%D9%85%D8%B9-%D8%A7%D9%84%D8%AE%D8%A7%D9%85%D8%B3-%D8%A7%D9%84%D9%82%D8%A7%D9%87%D8%B1%D8%A9-%D8%A7%D9%84%D8%AC%D8%AF%D9%8A%D8%AF%D8%A9-mountain-view-i-city-compound-fifth-settleme-ID503726792.html
شقة للبيع ع فيو Club house باقل سعر كاش بالماركت جاهز للسكن كومباند ماونتن فيو اي سيتي التجمع الخامس القاهرة الجديدة Mountain View i City Compound Fif,6750000,3,3,175,https://www.dubizzle.com.eg/ad/%D8%B4%D9%82%D8%A9-%D9%84%D9%84%D8%A8%D9%8A%D8%B9-%D8%B9-%D9%81%D9%8A%D9%88-club-house-%D8%A8%D8%A7%D9%82%D9%84-%D8%B3%D8%B9%D8%B1-%D9%83%D8%A7%D8%B4-%D8%A8%D8%A7%D9%84%D9%85%D8%A7%D8%B1%D9%83%D8%AA-%D8%AC%D8%A7%D9%87%D8%B2-%D9%84%D9%84%D8%B3%D9%83%D9%86-%D9%83%D9%88%D9%85%D8%A8%D8%A7%D9%86%D8%AF-%D9%85%D8%A7%D9%88%D9%86%D8%AA%D9%86-%D9%81%D9%8A%D9%88-%D8%A7%D9%8A-%D8%B3%D9%8A%D8%AA%D9%8A-%D8%A7%D9%84%D8%AA%D8%AC%D9%85%D8%B9-%D8%A7%D9%84%D8%AE%D8%A7%D9%85%D8%B3-%D8%A7%D9%84%D9%82%D8%A7%D9%87%D8%B1%D8%A9-%D8%A7%D9%84%D8%AC%D8%AF%D9%8A%D8%AF%D8%A9-mountain-view-i-city-compound-fif-ID503698579.html
شقة 3 غرفة  استلام فوري في كومبوند ساكن وعايش بالعاصمة الادارية,6653000,3,3,182,https://www.dubizzle.com.eg/ad/%D8%B4%D9%82%D8%A9-3-%D8%BA%D8%B1%D9%81%D8%A9-%D8%A7%D8%B3%D8%AA%D9%84%D8%A7%D9%85-%D9%81%D9%88%D8%B1%D9%8A-%D9%81%D9%8A-%D9%83%D9%88%D9%85%D8%A8%D9%88%D9%86%D8%AF-%D8%B3%D8%A7%D9%83%D9%86-%D9%88%D8%B9%D8%A7%D9%8A%D8%B4-%D8%A8%D8%A7%D9%84%D8%B9%D8%A7%D8%B5%D9%85%D8%A9-%D8%A7%D9%84%D8%A7%D8%AF%D8%A7%D8%B1%D9%8A%D8%A9-ID503898556.html
فرصتك تمتلك دوبلكس 227م بجاردن خاصة في التجمع السادس، قريب من الجامعة الأمريكية وشارع التسعين، في لوكيشن مميز وتقسيط مريح يناسبك!,9938000,4,4,227,https://www.dubizzle.com.eg/ad/%D9%81%D8%B1%D8%B5%D8%AA%D9%83-%D8%AA%D9%85%D8%AA%D9%84%D9%83-%D8%AF%D9%88%D8%A8%D9%84%D9%83%D8%B3-227%D9%85-%D8%A8%D8%AC%D8%A7%D8%B1%D8%AF%D9%86-%D8%AE%D8%A7%D8%B5%D8%A9-%D9%81%D9%8A-%D8%A7%D9%84%D8%AA%D8%AC%D9%85%D8%B9-%D8%A7%D9%84%D8%B3%D8%A7%D8%AF%D8%B3-%D9%82%D8%B1%D9%8A%D8%A8-%D9%85%D9%86-%D8%A7%D9%84%D8%AC%D8%A7%D9%85%D8%B9%D8%A9-%D8%A7%D9%84%D8%A3%D9%85%D8%B1%D9%8A%D9%83%D9%8A%D8%A9-%D9%88%D8%B4%D8%A7%D8%B1%D8%B9-%D8%A7%D9%84%D8%AA%D8%B3%D8%B9%D9%8A%D9%86-%D9%81%D9%8A-%D9%84%D9%88%D9%83%D9%8A%D8%B4%D9%86-%D9%85%D9%85%D9%8A%D8%B2-%D9%88%D8%AA%D9%82%D8%B3%D9%8A%D8%B7-%D9%85%D8%B1%D9%8A%D8%AD-%D9%8A%D9%86%D8%A7%D8%B3%D8%A8%D9%83-ID503902921.html
بنتهاوس  للبيع في ماونتن فيو هايد بارك  Mountain view Hyde Park جاهز للاستلام بتشطيب ألترا سوبر لوكس في موقع مميز جدًا على حمام السباحة,11200000,3,3,166,https://www.dubizzle.com.eg/ad/%D8%A8%D9%86%D8%AA%D9%87%D8%A7%D9%88%D8%B3-%D9%84%D9%84%D8%A8%D9%8A%D8%B9-%D9%81%D9%8A-%D9%85%D8%A7%D9%88%D9%86%D8%AA%D9%86-%D9%81%D9%8A%D9%88-%D9%87%D8%A7%D9%8A%D8%AF-%D8%A8%D8%A7%D8%B1%D9%83-mountain-view-hyde-park-%D8%AC%D8%A7%D9%87%D8%B2-%D9%84%D9%84%D8%A7%D8%B3%D8%AA%D9%84%D8%A7%D9%85-%D8%A8%D8%AA%D8%B4%D8%B7%D9%8A%D8%A8-%D8%A3%D9%84%D8%AA%D8%B1%D8%A7-%D8%B3%D9%88%D8%A8%D8%B1-%D9%84%D9%88%D9%83%D8%B3-%D9%81%D9%8A-%D9%85%D9%88%D9%82%D8%B9-%D9%85%D9%85%D9%8A%D8%B2-%D8%AC%D8%AF%D8%A7-%D8%B9%D9%84%D9%89-%D8%AD%D9%85%D8%A7%D9%85-%D8%A7%D9%84%D8%B3%D8%A8%D8%A7%D8%AD%D8%A9-ID503902920.html
للبيع في بريفادو مدينتى شقة 147 متر فيو شارع,10500000,3,2,147,https://www.dubizzle.com.eg/ad/%D9%84%D9%84%D8%A8%D9%8A%D8%B9-%D9%81%D9%8A-%D8%A8%D8%B1%D9%8A%D9%81%D8%A7%D8%AF%D9%88-%D9%85%D8%AF%D9%8A%D9%86%D8%AA%D9%89-%D8%B4%D9%82%D8%A9-147-%D9%85%D8%AA%D8%B1-%D9%81%D9%8A%D9%88-%D8%B4%D8%A7%D8%B1%D8%B9-ID503902919.html
عرض علي شقة 150 متر مع 73 متر جاردن في شمال الرحاب استلام فوري علي شارع رئيسي لوكيشن مميز,4680000,3,3,150,https://www.dubizzle.com.eg/ad/%D8%B9%D8%B1%D8%B6-%D8%B9%D9%84%D9%8A-%D8%B4%D9%82%D8%A9-150-%D9%85%D8%AA%D8%B1-%D9%85%D8%B9-73-%D9%85%D8%AA%D8%B1-%D8%AC%D8%A7%D8%B1%D8%AF%D9%86-%D9%81%D9%8A-%D8%B4%D9%85%D8%A7%D9%84-%D8%A7%D9%84%D8%B1%D8%AD%D8%A7%D8%A8-%D8%A7%D8%B3%D8%AA%D9%84%D8%A7%D9%85-%D9%81%D9%88%D8%B1%D9%8A-%D8%B9%D9%84%D9%8A-%D8%B4%D8%A7%D8%B1%D8%B9-%D8%B1%D8%A6%D9%8A%D8%B3%D9%8A-%D9%84%D9%88%D9%83%D9%8A%D8%B4%D9%86-%D9%85%D9%85%D9%8A%D8%B2-ID503665387.html
شقه للبيع بماونتن ڤيو اليڤا,7000000,3,3,165,https://www.dubizzle.com.eg/ad/%D8%B4%D9%82%D9%87-%D9%84%D9%84%D8%A8%D9%8A%D8%B9-%D8%A8%D9%85%D8%A7%D9%88%D9%86%D8%AA%D9%86-%DA%A4%D9%8A%D9%88-%D8%A7%D9%84%D9%8A%DA%A4%D8%A7-ID208653519.html
شقه بجاردن ريسيل فوري بالفرش والتكيفات في تاج سيتي امام بوابه 2 مطار القاهره باقل سعر في الكمبوند جاهزه للسكن,7950000,2,1,111,https://www.dubizzle.com.eg/ad/%D8%B4%D9%82%D9%87-%D8%A8%D8%AC%D8%A7%D8%B1%D8%AF%D9%86-%D8%B1%D9%8A%D8%B3%D9%8A%D9%84-%D9%81%D9%88%D8%B1%D9%8A-%D8%A8%D8%A7%D9%84%D9%81%D8%B1%D8%B4-%D9%88%D8%A7%D9%84%D8%AA%D9%83%D9%8A%D9%81%D8%A7%D8%AA-%D9%81%D9%8A-%D8%AA%D8%A7%D8%AC-%D8%B3%D9%8A%D8%AA%D9%8A-%D8%A7%D9%85%D8%A7%D9%85-%D8%A8%D9%88%D8%A7%D8%A8%D9%87-2-%D9%85%D8%B7%D8%A7%D8%B1-%D8%A7%D9%84%D9%82%D8%A7%D9%87%D8%B1%D9%87-%D8%A8%D8%A7%D9%82%D9%84-%D8%B3%D8%B9%D8%B1-%D9%81%D9%8A-%D8%A7%D9%84%D9%83%D9%85%D8%A8%D9%88%D9%86%D8%AF-%D8%AC%D8%A7%D9%87%D8%B2%D9%87-%D9%84%D9%84%D8%B3%D9%83%D9%86-ID503446373.html
سعر اقل من السوق بنتهاوس فى ماونتن ڤيو هايد بارك mountain view hyde park  ڤيو علي اكبر برك  استلام فوري موقع مميز,8700000,2,2,166,https://www.dubizzle.com.eg/ad/%D8%B3%D8%B9%D8%B1-%D8%A7%D9%82%D9%84-%D9%85%D9%86-%D8%A7%D9%84%D8%B3%D9%88%D9%82-%D8%A8%D9%86%D8%AA%D9%87%D8%A7%D9%88%D8%B3-%D9%81%D9%89-%D9%85%D8%A7%D9%88%D9%86%D8%AA%D9%86-%DA%A4%D9%8A%D9%88-%D9%87%D8%A7%D9%8A%D8%AF-%D8%A8%D8%A7%D8%B1%D9%83-mountain-view-hyde-park-%DA%A4%D9%8A%D9%88-%D8%B9%D9%84%D9%8A-%D8%A7%D9%83%D8%A8%D8%B1-%D8%A8%D8%B1%D9%83-%D8%A7%D8%B3%D8%AA%D9%84%D8%A7%D9%85-%D9%81%D9%88%D8%B1%D9%8A-%D9%85%D9%88%D9%82%D8%B9-%D9%85%D9%85%D9%8A%D8%B2-ID503902915.html
شقه للبيع بكمبوند الاشرافيه,5200000,3,1,130,https://www.dubizzle.com.eg/ad/%D8%B4%D9%82%D9%87-%D9%84%D9%84%D8%A8%D9%8A%D8%B9-%D8%A8%D9%83%D9%85%D8%A8%D9%88%D9%86%D8%AF-%D8%A7%D9%84%D8%A7%D8%B4%D8%B1%D8%A7%D9%81%D9%8A%D9%87-ID208635875.html
دوبلكس للبيع بافضل سعر بكمبوند جرين سكوير,11500000,3,3,200,https://www.dubizzle.com.eg/ad/%D8%AF%D9%88%D8%A8%D9%84%D9%83%D8%B3-%D9%84%D9%84%D8%A8%D9%8A%D8%B9-%D8%A8%D8%A7%D9%81%D8%B6%D9%84-%D8%B3%D8%B9%D8%B1-%D8%A8%D9%83%D9%85%D8%A8%D9%88%D9%86%D8%AF-%D8%AC%D8%B1%D9%8A%D9%86-%D8%B3%D9%83%D9%88%D9%8A%D8%B1-ID503592953.html
باقل مقدم واقساط بدون اي فوايد شقه 165م ماونتن فيو اي سيتي-MV PARK التجمع الخامس prime location جاهزه للمعاينه والاستلام,6785000,3,3,165,https://www.dubizzle.com.eg/ad/%D8%A8%D8%A7%D9%82%D9%84-%D9%85%D9%82%D8%AF%D9%85-%D9%88%D8%A7%D9%82%D8%B3%D8%A7%D8%B7-%D8%A8%D8%AF%D9%88%D9%86-%D8%A7%D9%8A-%D9%81%D9%88%D8%A7%D9%8A%D8%AF-%D8%B4%D9%82%D9%87-165%D9%85-%D9%85%D8%A7%D9%88%D9%86%D8%AA%D9%86-%D9%81%D9%8A%D9%88-%D8%A7%D9%8A-%D8%B3%D9%8A%D8%AA%D9%8A-mv-park-%D8%A7%D9%84%D8%AA%D8%AC%D9%85%D8%B9-%D8%A7%D9%84%D8%AE%D8%A7%D9%85%D8%B3-prime-location-%D8%AC%D8%A7%D9%87%D8%B2%D9%87-%D9%84%D9%84%D9%85%D8%B9%D8%A7%D9%8A%D9%86%D9%87-%D9%88%D8%A7%D9%84%D8%A7%D8%B3%D8%AA%D9%84%D8%A7%D9%85-ID503434846.html
شقة ريسيل 3غرف Ultra Super Luxury ماونتن فيو هايدبارك باقل سعر في الماركت باقل سعر لسرعه البيع-prime location,10800000,3,2,161,https://www.dubizzle.com.eg/ad/%D8%B4%D9%82%D8%A9-%D8%B1%D9%8A%D8%B3%D9%8A%D9%84-3%D8%BA%D8%B1%D9%81-ultra-super-luxury-%D9%85%D8%A7%D9%88%D9%86%D8%AA%D9%86-%D9%81%D9%8A%D9%88-%D9%87%D8%A7%D9%8A%D8%AF%D8%A8%D8%A7%D8%B1%D9%83-%D8%A8%D8%A7%D9%82%D9%84-%D8%B3%D8%B9%D8%B1-%D9%81%D9%8A-%D8%A7%D9%84%D9%85%D8%A7%D8%B1%D9%83%D8%AA-%D8%A8%D8%A7%D9%82%D9%84-%D8%B3%D8%B9%D8%B1-%D9%84%D8%B3%D8%B1%D8%B9%D9%87-%D8%A7%D9%84%D8%A8%D9%8A%D8%B9-prime-location-ID503014605.html
شقة من المالك مباشرة في التجمع الخامس,11000000,3,2,165,https://www.dubizzle.com.eg/ad/%D8%B4%D9%82%D8%A9-%D9%85%D9%86-%D8%A7%D9%84%D9%85%D8%A7%D9%84%D9%83-%D9%85%D8%A8%D8%A7%D8%B4%D8%B1%D8%A9-%D9%81%D9%8A-%D8%A7%D9%84%D8%AA%D8%AC%D9%85%D8%B9-%D8%A7%D9%84%D8%AE%D8%A7%D9%85%D8%B3-ID206784093.html
شقة 155م بإطلالة مفتوحة في منطقة R8 السكنية المتميزة، بالقرب من المحور المركزي وحي السفارات، وتقسيط حتى 12 سنة.,4834000,3,3,155,https://www.dubizzle.com.eg/ad/%D8%B4%D9%82%D8%A9-155%D9%85-%D8%A8%D8%A5%D8%B7%D9%84%D8%A7%D9%84%D8%A9-%D9%85%D9%81%D8%AA%D9%88%D8%AD%D8%A9-%D9%81%D9%8A-%D9%85%D9%86%D8%B7%D9%82%D8%A9-r8-%D8%A7%D9%84%D8%B3%D9%83%D9%86%D9%8A%D8%A9-%D8%A7%D9%84%D9%85%D8%AA%D9%85%D9%8A%D8%B2%D8%A9-%D8%A8%D8%A7%D9%84%D9%82%D8%B1%D8%A8-%D9%85%D9%86-%D8%A7%D9%84%D9%85%D8%AD%D9%88%D8%B1-%D8%A7%D9%84%D9%85%D8%B1%D9%83%D8%B2%D9%8A-%D9%88%D8%AD%D9%8A-%D8%A7%D9%84%D8%B3%D9%81%D8%A7%D8%B1%D8%A7%D8%AA-%D9%88%D8%AA%D9%82%D8%B3%D9%8A%D8%B7-%D8%AD%D8%AA%D9%89-12-%D8%B3%D9%86%D8%A9-ID503890954.html
شقة دابل فيو جاهزة للاستلام للبيع في ماونتن فيو آي سيتي القاهرة الجديدة Mountain View iCity New Cairo,5300000,3,3,165,https://www.dubizzle.com.eg/ad/%D8%B4%D9%82%D8%A9-%D8%AF%D8%A7%D8%A8%D9%84-%D9%81%D9%8A%D9%88-%D8%AC%D8%A7%D9%87%D8%B2%D8%A9-%D9%84%D9%84%D8%A7%D8%B3%D8%AA%D9%84%D8%A7%D9%85-%D9%84%D9%84%D8%A8%D9%8A%D8%B9-%D9%81%D9%8A-%D9%85%D8%A7%D9%88%D9%86%D8%AA%D9%86-%D9%81%D9%8A%D9%88-%D8%A2%D9%8A-%D8%B3%D9%8A%D8%AA%D9%8A-%D8%A7%D9%84%D9%82%D8%A7%D9%87%D8%B1%D8%A9-%D8%A7%D9%84%D8%AC%D8%AF%D9%8A%D8%AF%D8%A9-mountain-view-icity-new-cairo-ID503890851.html
شقة ارضي بجاردن في تاج سيتي مرحلة تاج سلطان متشطبة بالكامل ( ريسيل ),7000000,2,2,110,https://www.dubizzle.com.eg/ad/%D8%B4%D9%82%D8%A9-%D8%A7%D8%B1%D8%B6%D9%8A-%D8%A8%D8%AC%D8%A7%D8%B1%D8%AF%D9%86-%D9%81%D9%8A-%D8%AA%D8%A7%D8%AC-%D8%B3%D9%8A%D8%AA%D9%8A-%D9%85%D8%B1%D8%AD%D9%84%D8%A9-%D8%AA%D8%A7%D8%AC-%D8%B3%D9%84%D8%B7%D8%A7%D9%86-%D9%85%D8%AA%D8%B4%D8%B7%D8%A8%D8%A9-%D8%A8%D8%A7%D9%84%D9%83%D8%A7%D9%85%D9%84-%D8%B1%D9%8A%D8%B3%D9%8A%D9%84-ID503890609.html
بقسط شهري 13 الف فقط تقدر تمتملك شقة في كمبوند سراي وتقسط على 12 سنة,4000000,3,2,135,https://www.dubizzle.com.eg/ad/%D8%A8%D9%82%D8%B3%D8%B7-%D8%B4%D9%87%D8%B1%D9%8A-13-%D8%A7%D9%84%D9%81-%D9%81%D9%82%D8%B7-%D8%AA%D9%82%D8%AF%D8%B1-%D8%AA%D9%85%D8%AA%D9%85%D9%84%D9%83-%D8%B4%D9%82%D8%A9-%D9%81%D9%8A-%D9%83%D9%85%D8%A8%D9%88%D9%86%D8%AF-%D8%B3%D8%B1%D8%A7%D9%8A-%D9%88%D8%AA%D9%82%D8%B3%D8%B7-%D8%B9%D9%84%D9%89-12-%D8%B3%D9%86%D8%A9-ID503698559.html
بأرخص سعر شقة 175م استلام فوري متشطبه الترا سوبر لوكس بلتكييفات - بفيو مميز ع البارك,8500000,3,3,175,https://www.dubizzle.com.eg/ad/%D8%A8%D8%A3%D8%B1%D8%AE%D8%B5-%D8%B3%D8%B9%D8%B1-%D8%B4%D9%82%D8%A9-175%D9%85-%D8%A7%D8%B3%D8%AA%D9%84%D8%A7%D9%85-%D9%81%D9%88%D8%B1%D9%8A-%D9%85%D8%AA%D8%B4%D8%B7%D8%A8%D9%87-%D8%A7%D9%84%D8%AA%D8%B1%D8%A7-%D8%B3%D9%88%D8%A8%D8%B1-%D9%84%D9%88%D9%83%D8%B3-%D8%A8%D9%84%D8%AA%D9%83%D9%8A%D9%8A%D9%81%D8%A7%D8%AA-%D8%A8%D9%81%D9%8A%D9%88-%D9%85%D9%85%D9%8A%D8%B2-%D8%B9-%D8%A7%D9%84%D8%A8%D8%A7%D8%B1%D9%83-ID503883834.html
بأرخص سعر شقة 165م استلام فوري موقع مميز فيو ع جاردن - باقل سعر في الماركت,7000000,3,3,165,https://www.dubizzle.com.eg/ad/%D8%A8%D8%A3%D8%B1%D8%AE%D8%B5-%D8%B3%D8%B9%D8%B1-%D8%B4%D9%82%D8%A9-165%D9%85-%D8%A7%D8%B3%D8%AA%D9%84%D8%A7%D9%85-%D9%81%D9%88%D8%B1%D9%8A-%D9%85%D9%88%D9%82%D8%B9-%D9%85%D9%85%D9%8A%D8%B2-%D9%81%D9%8A%D9%88-%D8%B9-%D8%AC%D8%A7%D8%B1%D8%AF%D9%86-%D8%A8%D8%A7%D9%82%D9%84-%D8%B3%D8%B9%D8%B1-%D9%81%D9%8A-%D8%A7%D9%84%D9%85%D8%A7%D8%B1%D9%83%D8%AA-ID503884784.html
بأرخص سعر شقة 170م استلام فوري موقع مميز جداا 3غرف بفيو مفتوح لفترة محدوده,6500000,3,3,170,https://www.dubizzle.com.eg/ad/%D8%A8%D8%A3%D8%B1%D8%AE%D8%B5-%D8%B3%D8%B9%D8%B1-%D8%B4%D9%82%D8%A9-170%D9%85-%D8%A7%D8%B3%D8%AA%D9%84%D8%A7%D9%85-%D9%81%D9%88%D8%B1%D9%8A-%D9%85%D9%88%D9%82%D8%B9-%D9%85%D9%85%D9%8A%D8%B2-%D8%AC%D8%AF%D8%A7%D8%A7-3%D8%BA%D8%B1%D9%81-%D8%A8%D9%81%D9%8A%D9%88-%D9%85%D9%81%D8%AA%D9%88%D8%AD-%D9%84%D9%81%D8%AA%D8%B1%D8%A9-%D9%85%D8%AD%D8%AF%D9%88%D8%AF%D9%87-ID503888513.html
فرصه استثماريه شقه باحسن فيو علي النادي مباشره بأقل من سعر الماركت في Mountain View iCity  بجوار  Palm Hills New Cairo,6600000,3,3,170,https://www.dubizzle.com.eg/ad/%D9%81%D8%B1%D8%B5%D9%87-%D8%A7%D8%B3%D8%AA%D8%AB%D9%85%D8%A7%D8%B1%D9%8A%D9%87-%D8%B4%D9%82%D9%87-%D8%A8%D8%A7%D8%AD%D8%B3%D9%86-%D9%81%D9%8A%D9%88-%D8%B9%D9%84%D9%8A-%D8%A7%D9%84%D9%86%D8%A7%D8%AF%D9%8A-%D9%85%D8%A8%D8%A7%D8%B4%D8%B1%D9%87-%D8%A8%D8%A3%D9%82%D9%84-%D9%85%D9%86-%D8%B3%D8%B9%D8%B1-%D8%A7%D9%84%D9%85%D8%A7%D8%B1%D9%83%D8%AA-%D9%81%D9%8A-mountain-view-icity-%D8%A8%D8%AC%D9%88%D8%A7%D8%B1-palm-hills-new-cairo-ID503849290.html
شقة بموقع مميز للبيع في ماونتن فيو آي سيتي القاهرة الجديدة Mountain View iCity New Cairo,6642739,3,3,165,https://www.dubizzle.com.eg/ad/%D8%B4%D9%82%D8%A9-%D8%A8%D9%85%D9%88%D9%82%D8%B9-%D9%85%D9%85%D9%8A%D8%B2-%D9%84%D9%84%D8%A8%D9%8A%D8%B9-%D9%81%D9%8A-%D9%85%D8%A7%D9%88%D9%86%D8%AA%D9%86-%D9%81%D9%8A%D9%88-%D8%A2%D9%8A-%D8%B3%D9%8A%D8%AA%D9%8A-%D8%A7%D9%84%D9%82%D8%A7%D9%87%D8%B1%D8%A9-%D8%A7%D9%84%D8%AC%D8%AF%D9%8A%D8%AF%D8%A9-mountain-view-icity-new-cairo-ID503890097.html
شقة تشطيب كامل للبيع في ماونتن فيو آي سيتي القاهرة الجديدة Mountain View iCity New Cairo,5500000,2,2,125,https://www.dubizzle.com.eg/ad/%D8%B4%D9%82%D8%A9-%D8%AA%D8%B4%D8%B7%D9%8A%D8%A8-%D9%83%D8%A7%D9%85%D9%84-%D9%84%D9%84%D8%A8%D9%8A%D8%B9-%D9%81%D9%8A-%D9%85%D8%A7%D9%88%D9%86%D8%AA%D9%86-%D9%81%D9%8A%D9%88-%D8%A2%D9%8A-%D8%B3%D9%8A%D8%AA%D9%8A-%D8%A7%D9%84%D9%82%D8%A7%D9%87%D8%B1%D8%A9-%D8%A7%D9%84%D8%AC%D8%AF%D9%8A%D8%AF%D8%A9-mountain-view-icity-new-cairo-ID503890015.html
شقه 168متر جاردن 169متر لوكيشن مميز اقل سعر فى السوق جاهزه للاستلام بلوم فيلدز مستقبل سيتى بجوار مدينتى و هاب تاون حسن علام Bloomfield's,6889000,3,3,168,https://www.dubizzle.com.eg/ad/%D8%B4%D9%82%D9%87-168%D9%85%D8%AA%D8%B1-%D8%AC%D8%A7%D8%B1%D8%AF%D9%86-169%D9%85%D8%AA%D8%B1-%D9%84%D9%88%D9%83%D9%8A%D8%B4%D9%86-%D9%85%D9%85%D9%8A%D8%B2-%D8%A7%D9%82%D9%84-%D8%B3%D8%B9%D8%B1-%D9%81%D9%89-%D8%A7%D9%84%D8%B3%D9%88%D9%82-%D8%AC%D8%A7%D9%87%D8%B2%D9%87-%D9%84%D9%84%D8%A7%D8%B3%D8%AA%D9%84%D8%A7%D9%85-%D8%A8%D9%84%D9%88%D9%85-%D9%81%D9%8A%D9%84%D8%AF%D8%B2-%D9%85%D8%B3%D8%AA%D9%82%D8%A8%D9%84-%D8%B3%D9%8A%D8%AA%D9%89-%D8%A8%D8%AC%D9%88%D8%A7%D8%B1-%D9%85%D8%AF%D9%8A%D9%86%D8%AA%D9%89-%D9%88-%D9%87%D8%A7%D8%A8-%D8%AA%D8%A7%D9%88%D9%86-%D8%AD%D8%B3%D9%86-%D8%B9%D9%84%D8%A7%D9%85-bloomfields-ID503895794.html
اخر شقة كورنر بتشطيب ( Luxury )  للبيع بخصم 64% في قلب نيوهليوبوليس في كمبوند ( طلالة ) من شركة مدينة مصر + اقساط حتي 15 سنة,4550000,3,3,131,https://www.dubizzle.com.eg/ad/%D8%A7%D8%AE%D8%B1-%D8%B4%D9%82%D8%A9-%D9%83%D9%88%D8%B1%D9%86%D8%B1-%D8%A8%D8%AA%D8%B4%D8%B7%D9%8A%D8%A8-luxury-%D9%84%D9%84%D8%A8%D9%8A%D8%B9-%D8%A8%D8%AE%D8%B5%D9%85-64-%D9%81%D9%8A-%D9%82%D9%84%D8%A8-%D9%86%D9%8A%D9%88%D9%87%D9%84%D9%8A%D9%88%D8%A8%D9%88%D9%84%D9%8A%D8%B3-%D9%81%D9%8A-%D9%83%D9%85%D8%A8%D9%88%D9%86%D8%AF-%D8%B7%D9%84%D8%A7%D9%84%D8%A9-%D9%85%D9%86-%D8%B4%D8%B1%D9%83%D8%A9-%D9%85%D8%AF%D9%8A%D9%86%D8%A9-%D9%85%D8%B5%D8%B1-%D8%A7%D9%82%D8%B3%D8%A7%D8%B7-%D8%AD%D8%AA%D9%8A-15-%D8%B3%D9%86%D8%A9-ID503894960.html
افضل سعر شقه استلام 2026 مع تقسيط في Hyde Park هايد بارك التجمع الخامس تطل علي لاندسكيب  نصف تشطيب مرحله جرينز,12330000,3,3,147,https://www.dubizzle.com.eg/ad/%D8%A7%D9%81%D8%B6%D9%84-%D8%B3%D8%B9%D8%B1-%D8%B4%D9%82%D9%87-%D8%A7%D8%B3%D8%AA%D9%84%D8%A7%D9%85-2026-%D9%85%D8%B9-%D8%AA%D9%82%D8%B3%D9%8A%D8%B7-%D9%81%D9%8A-hyde-park-%D9%87%D8%A7%D9%8A%D8%AF-%D8%A8%D8%A7%D8%B1%D9%83-%D8%A7%D9%84%D8%AA%D8%AC%D9%85%D8%B9-%D8%A7%D9%84%D8%AE%D8%A7%D9%85%D8%B3-%D8%AA%D8%B7%D9%84-%D8%B9%D9%84%D9%8A-%D9%84%D8%A7%D9%86%D8%AF%D8%B3%D9%83%D9%8A%D8%A8-%D9%86%D8%B5%D9%81-%D8%AA%D8%B4%D8%B7%D9%8A%D8%A8-%D9%85%D8%B1%D8%AD%D9%84%D9%87-%D8%AC%D8%B1%D9%8A%D9%86%D8%B2-ID503612448.html
شقة نصف تشطيب في Greens Hyde Park التجمع الخامس بإطلالة على البحيرات واللاندسكيب استلام 2026 بالتقسيط,10630000,2,3,113,https://www.dubizzle.com.eg/ad/%D8%B4%D9%82%D8%A9-%D9%86%D8%B5%D9%81-%D8%AA%D8%B4%D8%B7%D9%8A%D8%A8-%D9%81%D9%8A-greens-hyde-park-%D8%A7%D9%84%D8%AA%D8%AC%D9%85%D8%B9-%D8%A7%D9%84%D8%AE%D8%A7%D9%85%D8%B3-%D8%A8%D8%A5%D8%B7%D9%84%D8%A7%D9%84%D8%A9-%D8%B9%D9%84%D9%89-%D8%A7%D9%84%D8%A8%D8%AD%D9%8A%D8%B1%D8%A7%D8%AA-%D9%88%D8%A7%D9%84%D9%84%D8%A7%D9%86%D8%AF%D8%B3%D9%83%D9%8A%D8%A8-%D8%A7%D8%B3%D8%AA%D9%84%D8%A7%D9%85-2026-%D8%A8%D8%A7%D9%84%D8%AA%D9%82%D8%B3%D9%8A%D8%B7-ID503602106.html
شقة ارضي بحديقه في سراي Sarai  موقع مميز يطل على مساحات خضراء بمقدم و اقساط استلام سنه,6792000,2,2,113,https://www.dubizzle.com.eg/ad/%D8%B4%D9%82%D8%A9-%D8%A7%D8%B1%D8%B6%D9%8A-%D8%A8%D8%AD%D8%AF%D9%8A%D9%82%D9%87-%D9%81%D9%8A-%D8%B3%D8%B1%D8%A7%D9%8A-sarai-%D9%85%D9%88%D9%82%D8%B9-%D9%85%D9%85%D9%8A%D8%B2-%D9%8A%D8%B7%D9%84-%D8%B9%D9%84%D9%89-%D9%85%D8%B3%D8%A7%D8%AD%D8%A7%D8%AA-%D8%AE%D8%B6%D8%B1%D8%A7%D8%A1-%D8%A8%D9%85%D9%82%D8%AF%D9%85-%D9%88-%D8%A7%D9%82%D8%B3%D8%A7%D8%B7-%D8%A7%D8%B3%D8%AA%D9%84%D8%A7%D9%85-%D8%B3%D9%86%D9%87-ID503404698.html
شقه لقطه للبيع في القاهره الجديده  شمال الرحاب التجمع الاول بالتقسيط خطوات للسوق الشرقي,5000000,3,2,150,https://www.dubizzle.com.eg/ad/%D8%B4%D9%82%D9%87-%D9%84%D9%82%D8%B7%D9%87-%D9%84%D9%84%D8%A8%D9%8A%D8%B9-%D9%81%D9%8A-%D8%A7%D9%84%D9%82%D8%A7%D9%87%D8%B1%D9%87-%D8%A7%D9%84%D8%AC%D8%AF%D9%8A%D8%AF%D9%87-%D8%B4%D9%85%D8%A7%D9%84-%D8%A7%D9%84%D8%B1%D8%AD%D8%A7%D8%A8-%D8%A7%D9%84%D8%AA%D8%AC%D9%85%D8%B9-%D8%A7%D9%84%D8%A7%D9%88%D9%84-%D8%A8%D8%A7%D9%84%D8%AA%D9%82%D8%B3%D9%8A%D8%B7-%D8%AE%D8%B7%D9%88%D8%A7%D8%AA-%D9%84%D9%84%D8%B3%D9%88%D9%82-%D8%A7%D9%84%D8%B4%D8%B1%D9%82%D9%8A-ID503885366.html
"شقة 3غرف في كومباوند راقي في التجمع السادس سور في سور مع لافيستا مساحة 159م بمقدم يبدا من 178 الف وقسط يصل الي44,000 شهريا من شركة بسابقة اعمال واقعية",5960000,3,3,159,https://www.dubizzle.com.eg/ad/%D8%B4%D9%82%D8%A9-3%D8%BA%D8%B1%D9%81-%D9%81%D9%8A-%D9%83%D9%88%D9%85%D8%A8%D8%A7%D9%88%D9%86%D8%AF-%D8%B1%D8%A7%D9%82%D9%8A-%D9%81%D9%8A-%D8%A7%D9%84%D8%AA%D8%AC%D9%85%D8%B9-%D8%A7%D9%84%D8%B3%D8%A7%D8%AF%D8%B3-%D8%B3%D9%88%D8%B1-%D9%81%D9%8A-%D8%B3%D9%88%D8%B1-%D9%85%D8%B9-%D9%84%D8%A7%D9%81%D9%8A%D8%B3%D8%AA%D8%A7-%D9%85%D8%B3%D8%A7%D8%AD%D8%A9-159%D9%85-%D8%A8%D9%85%D9%82%D8%AF%D9%85-%D9%8A%D8%A8%D8%AF%D8%A7-%D9%85%D9%86-178-%D8%A7%D9%84%D9%81-%D9%88%D9%82%D8%B3%D8%B7-%D9%8A%D8%B5%D9%84-%D8%A7%D9%84%D9%8A44000-%D8%B4%D9%87%D8%B1%D9%8A%D8%A7-%D9%85%D9%86-%D8%B4%D8%B1%D9%83%D8%A9-%D8%A8%D8%B3%D8%A7%D8%A8%D9%82%D8%A9-%D8%A7%D8%B9%D9%85%D8%A7%D9%84-%D9%88%D8%A7%D9%82%D8%B9%D9%8A%D8%A9-ID503786655.html
بأرخص سعر في التجمع السادس امتلك شقة غرفتين 105م بأطلالة علي مساحات خضراء و بحيرات من مطور عقاري بسابقة اعمال علي ارض الواقع و بقسط يصل الي 10 سنوات,3900000,2,2,105,https://www.dubizzle.com.eg/ad/%D8%A8%D8%A3%D8%B1%D8%AE%D8%B5-%D8%B3%D8%B9%D8%B1-%D9%81%D9%8A-%D8%A7%D9%84%D8%AA%D8%AC%D9%85%D8%B9-%D8%A7%D9%84%D8%B3%D8%A7%D8%AF%D8%B3-%D8%A7%D9%85%D8%AA%D9%84%D9%83-%D8%B4%D9%82%D8%A9-%D8%BA%D8%B1%D9%81%D8%AA%D9%8A%D9%86-105%D9%85-%D8%A8%D8%A3%D8%B7%D9%84%D8%A7%D9%84%D8%A9-%D8%B9%D9%84%D9%8A-%D9%85%D8%B3%D8%A7%D8%AD%D8%A7%D8%AA-%D8%AE%D8%B6%D8%B1%D8%A7%D8%A1-%D9%88-%D8%A8%D8%AD%D9%8A%D8%B1%D8%A7%D8%AA-%D9%85%D9%86-%D9%85%D8%B7%D9%88%D8%B1-%D8%B9%D9%82%D8%A7%D8%B1%D9%8A-%D8%A8%D8%B3%D8%A7%D8%A8%D9%82%D8%A9-%D8%A7%D8%B9%D9%85%D8%A7%D9%84-%D8%B9%D9%84%D9%8A-%D8%A7%D8%B1%D8%B6-%D8%A7%D9%84%D9%88%D8%A7%D9%82%D8%B9-%D9%88-%D8%A8%D9%82%D8%B3%D8%B7-%D9%8A%D8%B5%D9%84-%D8%A7%D9%84%D9%8A-10-%D8%B3%D9%86%D9%88%D8%A7%D8%AA-ID503786634.html
"بمقدم يبدا من 91.000 و قسط شهري يصل الي 25,000 امتلك شقة 75م في كومباوند راقي سور في سور مع لافيستا في التجمع السادس من مطور عقاري بسابقة اعمال واقعية",3000000,1,1,75,https://www.dubizzle.com.eg/ad/%D8%A8%D9%85%D9%82%D8%AF%D9%85-%D9%8A%D8%A8%D8%AF%D8%A7-%D9%85%D9%86-91000-%D9%88-%D9%82%D8%B3%D8%B7-%D8%B4%D9%87%D8%B1%D9%8A-%D9%8A%D8%B5%D9%84-%D8%A7%D9%84%D9%8A-25000-%D8%A7%D9%85%D8%AA%D9%84%D9%83-%D8%B4%D9%82%D8%A9-75%D9%85-%D9%81%D9%8A-%D9%83%D9%88%D9%85%D8%A8%D8%A7%D9%88%D9%86%D8%AF-%D8%B1%D8%A7%D9%82%D9%8A-%D8%B3%D9%88%D8%B1-%D9%81%D9%8A-%D8%B3%D9%88%D8%B1-%D9%85%D8%B9-%D9%84%D8%A7%D9%81%D9%8A%D8%B3%D8%AA%D8%A7-%D9%81%D9%8A-%D8%A7%D9%84%D8%AA%D8%AC%D9%85%D8%B9-%D8%A7%D9%84%D8%B3%D8%A7%D8%AF%D8%B3-%D9%85%D9%86-%D9%85%D8%B7%D9%88%D8%B1-%D8%B9%D9%82%D8%A7%D8%B1%D9%8A-%D8%A8%D8%B3%D8%A7%D8%A8%D9%82%D8%A9-%D8%A7%D8%B9%D9%85%D8%A7%D9%84-%D9%88%D8%A7%D9%82%D8%B9%D9%8A%D8%A9-ID503786628.html
شقة 119 متر بجاردن للبيع في مدينتي B8 فيو جاردن,8000000,3,3,119,https://www.dubizzle.com.eg/ad/%D8%B4%D9%82%D8%A9-119-%D9%85%D8%AA%D8%B1-%D8%A8%D8%AC%D8%A7%D8%B1%D8%AF%D9%86-%D9%84%D9%84%D8%A8%D9%8A%D8%B9-%D9%81%D9%8A-%D9%85%D8%AF%D9%8A%D9%86%D8%AA%D9%8A-b8-%D9%81%D9%8A%D9%88-%D8%AC%D8%A7%D8%B1%D8%AF%D9%86-ID503897577.html
شقة لقطة 165 متر للبيع في مدينتي B12 فيو جاردن,8500000,3,2,165,https://www.dubizzle.com.eg/ad/%D8%B4%D9%82%D8%A9-%D9%84%D9%82%D8%B7%D8%A9-165-%D9%85%D8%AA%D8%B1-%D9%84%D9%84%D8%A8%D9%8A%D8%B9-%D9%81%D9%8A-%D9%85%D8%AF%D9%8A%D9%86%D8%AA%D9%8A-b12-%D9%81%D9%8A%D9%88-%D8%AC%D8%A7%D8%B1%D8%AF%D9%86-ID503896588.html
شقة 3 غرف للبيع أرضي بحديقة واسعة في 90 أفينيو - تشطيب كامل بالتكييفات,13000000,3,2,167,https://www.dubizzle.com.eg/ad/%D8%B4%D9%82%D8%A9-3-%D8%BA%D8%B1%D9%81-%D9%84%D9%84%D8%A8%D9%8A%D8%B9-%D8%A3%D8%B1%D8%B6%D9%8A-%D8%A8%D8%AD%D8%AF%D9%8A%D9%82%D8%A9-%D9%88%D8%A7%D8%B3%D8%B9%D8%A9-%D9%81%D9%8A-90-%D8%A3%D9%81%D9%8A%D9%86%D9%8A%D9%88-%D8%AA%D8%B4%D8%B7%D9%8A%D8%A8-%D9%83%D8%A7%D9%85%D9%84-%D8%A8%D8%A7%D9%84%D8%AA%D9%83%D9%8A%D9%8A%D9%81%D8%A7%D8%AA-ID503405642.html
ستوديو ب جاردن لقطة بمقدم 57 الف في كمبوند سراي Sarai بجوار مدينتي,1730000,1,1,38,https://www.dubizzle.com.eg/ad/%D8%B3%D8%AA%D9%88%D8%AF%D9%8A%D9%88-%D8%A8-%D8%AC%D8%A7%D8%B1%D8%AF%D9%86-%D9%84%D9%82%D8%B7%D8%A9-%D8%A8%D9%85%D9%82%D8%AF%D9%85-57-%D8%A7%D9%84%D9%81-%D9%81%D9%8A-%D9%83%D9%85%D8%A8%D9%88%D9%86%D8%AF-%D8%B3%D8%B1%D8%A7%D9%8A-sarai-%D8%A8%D8%AC%D9%88%D8%A7%D8%B1-%D9%85%D8%AF%D9%8A%D9%86%D8%AA%D9%8A-ID503899745.html
شقة للبيع في كمبوند أكاسيا – التجمع الخامس | تشطيب Ultra Super Lux | موقع استثنائي  إذا كنت تبحث عن شقة جاهزة للسكن داخل كمبوند راقٍ يجمع بين الهدو,8000000,3,3,168,https://www.dubizzle.com.eg/ad/%D8%B4%D9%82%D8%A9-%D9%84%D9%84%D8%A8%D9%8A%D8%B9-%D9%81%D9%8A-%D9%83%D9%85%D8%A8%D9%88%D9%86%D8%AF-%D8%A3%D9%83%D8%A7%D8%B3%D9%8A%D8%A7-%D8%A7%D9%84%D8%AA%D8%AC%D9%85%D8%B9-%D8%A7%D9%84%D8%AE%D8%A7%D9%85%D8%B3-%D8%AA%D8%B4%D8%B7%D9%8A%D8%A8-ultra-super-lux-%D9%85%D9%88%D9%82%D8%B9-%D8%A7%D8%B3%D8%AA%D8%AB%D9%86%D8%A7%D8%A6%D9%8A-%D8%A5%D8%B0%D8%A7-%D9%83%D9%86%D8%AA-%D8%AA%D8%A8%D8%AD%D8%AB-%D8%B9%D9%86-%D8%B4%D9%82%D8%A9-%D8%AC%D8%A7%D9%87%D8%B2%D8%A9-%D9%84%D9%84%D8%B3%D9%83%D9%86-%D8%AF%D8%A7%D8%AE%D9%84-%D9%83%D9%85%D8%A8%D9%88%D9%86%D8%AF-%D8%B1%D8%A7%D9%82-%D9%8A%D8%AC%D9%85%D8%B9-%D8%A8%D9%8A%D9%86-%D8%A7%D9%84%D9%87%D8%AF%D9%88-ID503893165.html
للبيع شقه أرضي بحديقه خاصه بجوار مترو ماركت والخدمات مباشره,7200000,3,2,124,https://www.dubizzle.com.eg/ad/%D9%84%D9%84%D8%A8%D9%8A%D8%B9-%D8%B4%D9%82%D9%87-%D8%A3%D8%B1%D8%B6%D9%8A-%D8%A8%D8%AD%D8%AF%D9%8A%D9%82%D9%87-%D8%AE%D8%A7%D8%B5%D9%87-%D8%A8%D8%AC%D9%88%D8%A7%D8%B1-%D9%85%D8%AA%D8%B1%D9%88-%D9%85%D8%A7%D8%B1%D9%83%D8%AA-%D9%88%D8%A7%D9%84%D8%AE%D8%AF%D9%85%D8%A7%D8%AA-%D9%85%D8%A8%D8%A7%D8%B4%D8%B1%D9%87-ID503899652.html
شقة للبيع في العبور 212 متر واجهة على شارع الجامعة، عمارة كورنر في الحي التاسع بمدينة العبور، والغاز الطبيعي متوفر.,4500000,3,2,212,https://www.dubizzle.com.eg/ad/%D8%B4%D9%82%D8%A9-%D9%84%D9%84%D8%A8%D9%8A%D8%B9-%D9%81%D9%8A-%D8%A7%D9%84%D8%B9%D8%A8%D9%88%D8%B1-212-%D9%85%D8%AA%D8%B1-%D9%88%D8%A7%D8%AC%D9%87%D8%A9-%D8%B9%D9%84%D9%89-%D8%B4%D8%A7%D8%B1%D8%B9-%D8%A7%D9%84%D8%AC%D8%A7%D9%85%D8%B9%D8%A9-%D8%B9%D9%85%D8%A7%D8%B1%D8%A9-%D9%83%D9%88%D8%B1%D9%86%D8%B1-%D9%81%D9%8A-%D8%A7%D9%84%D8%AD%D9%8A-%D8%A7%D9%84%D8%AA%D8%A7%D8%B3%D8%B9-%D8%A8%D9%85%D8%AF%D9%8A%D9%86%D8%A9-%D8%A7%D9%84%D8%B9%D8%A8%D9%88%D8%B1-%D9%88%D8%A7%D9%84%D8%BA%D8%A7%D8%B2-%D8%A7%D9%84%D8%B7%D8%A8%D9%8A%D8%B9%D9%8A-%D9%85%D8%AA%D9%88%D9%81%D8%B1-ID503896693.html
استوديو للبيع استلام فوري في كمبوند سراي علي طريق السويس,2100000,1,2,59,https://www.dubizzle.com.eg/ad/%D8%A7%D8%B3%D8%AA%D9%88%D8%AF%D9%8A%D9%88-%D9%84%D9%84%D8%A8%D9%8A%D8%B9-%D8%A7%D8%B3%D8%AA%D9%84%D8%A7%D9%85-%D9%81%D9%88%D8%B1%D9%8A-%D9%81%D9%8A-%D9%83%D9%85%D8%A8%D9%88%D9%86%D8%AF-%D8%B3%D8%B1%D8%A7%D9%8A-%D8%B9%D9%84%D9%8A-%D8%B7%D8%B1%D9%8A%D9%82-%D8%A7%D9%84%D8%B3%D9%88%D9%8A%D8%B3-ID503889417.html
استلام فوري بفيو landscape شقه متشطبه للبيع اقساط 10 سنين  في ميان الشروق دقائق من البروج و الباتيو و بالقرب من مدينتي و سوديك ايست و تالالا و سراي,5720000,3,2,161,https://www.dubizzle.com.eg/ad/%D8%A7%D8%B3%D8%AA%D9%84%D8%A7%D9%85-%D9%81%D9%88%D8%B1%D9%8A-%D8%A8%D9%81%D9%8A%D9%88-landscape-%D8%B4%D9%82%D9%87-%D9%85%D8%AA%D8%B4%D8%B7%D8%A8%D9%87-%D9%84%D9%84%D8%A8%D9%8A%D8%B9-%D8%A7%D9%82%D8%B3%D8%A7%D8%B7-10-%D8%B3%D9%86%D9%8A%D9%86-%D9%81%D9%8A-%D9%85%D9%8A%D8%A7%D9%86-%D8%A7%D9%84%D8%B4%D8%B1%D9%88%D9%82-%D8%AF%D9%82%D8%A7%D8%A6%D9%82-%D9%85%D9%86-%D8%A7%D9%84%D8%A8%D8%B1%D9%88%D8%AC-%D9%88-%D8%A7%D9%84%D8%A8%D8%A7%D8%AA%D9%8A%D9%88-%D9%88-%D8%A8%D8%A7%D9%84%D9%82%D8%B1%D8%A8-%D9%85%D9%86-%D9%85%D8%AF%D9%8A%D9%86%D8%AA%D9%8A-%D9%88-%D8%B3%D9%88%D8%AF%D9%8A%D9%83-%D8%A7%D9%8A%D8%B3%D8%AA-%D9%88-%D8%AA%D8%A7%D9%84%D8%A7%D9%84%D8%A7-%D9%88-%D8%B3%D8%B1%D8%A7%D9%8A-ID503736506.html
شقه جاهزه للسكن متشطبه تشطيب كامل بحري دور اول في باتيو كازا الشروق  تطل على مساحات خضراء Patio casa,8200000,3,3,165,https://www.dubizzle.com.eg/ad/%D8%B4%D9%82%D9%87-%D8%AC%D8%A7%D9%87%D8%B2%D9%87-%D9%84%D9%84%D8%B3%D9%83%D9%86-%D9%85%D8%AA%D8%B4%D8%B7%D8%A8%D9%87-%D8%AA%D8%B4%D8%B7%D9%8A%D8%A8-%D9%83%D8%A7%D9%85%D9%84-%D8%A8%D8%AD%D8%B1%D9%8A-%D8%AF%D9%88%D8%B1-%D8%A7%D9%88%D9%84-%D9%81%D9%8A-%D8%A8%D8%A7%D8%AA%D9%8A%D9%88-%D9%83%D8%A7%D8%B2%D8%A7-%D8%A7%D9%84%D8%B4%D8%B1%D9%88%D9%82-%D8%AA%D8%B7%D9%84-%D8%B9%D9%84%D9%89-%D9%85%D8%B3%D8%A7%D8%AD%D8%A7%D8%AA-%D8%AE%D8%B6%D8%B1%D8%A7%D8%A1-patio-casa-ID503164923.html
شقه ارضي بحديقه استلام فوري متشطبه تشطيب كامل اول سكن مشروع مكتمل الخدمات سينما و مولات في ديستريكت فايف مراكز District 5,15000000,3,3,160,https://www.dubizzle.com.eg/ad/%D8%B4%D9%82%D9%87-%D8%A7%D8%B1%D8%B6%D9%8A-%D8%A8%D8%AD%D8%AF%D9%8A%D9%82%D9%87-%D8%A7%D8%B3%D8%AA%D9%84%D8%A7%D9%85-%D9%81%D9%88%D8%B1%D9%8A-%D9%85%D8%AA%D8%B4%D8%B7%D8%A8%D9%87-%D8%AA%D8%B4%D8%B7%D9%8A%D8%A8-%D9%83%D8%A7%D9%85%D9%84-%D8%A7%D9%88%D9%84-%D8%B3%D9%83%D9%86-%D9%85%D8%B4%D8%B1%D9%88%D8%B9-%D9%85%D9%83%D8%AA%D9%85%D9%84-%D8%A7%D9%84%D8%AE%D8%AF%D9%85%D8%A7%D8%AA-%D8%B3%D9%8A%D9%86%D9%85%D8%A7-%D9%88-%D9%85%D9%88%D9%84%D8%A7%D8%AA-%D9%81%D9%8A-%D8%AF%D9%8A%D8%B3%D8%AA%D8%B1%D9%8A%D9%83%D8%AA-%D9%81%D8%A7%D9%8A%D9%81-%D9%85%D8%B1%D8%A7%D9%83%D8%B2-district-5-ID503186509.html
شقه للبيع جاهزه للمعاينه بخصم كبير متشطبه و بالتقسيط علي اطول فتره سداد في في كمبوند مايان Mayan الشروق امام مدينتي وبجوار حسن علام,5000000,3,2,141,https://www.dubizzle.com.eg/ad/%D8%B4%D9%82%D9%87-%D9%84%D9%84%D8%A8%D9%8A%D8%B9-%D8%AC%D8%A7%D9%87%D8%B2%D9%87-%D9%84%D9%84%D9%85%D8%B9%D8%A7%D9%8A%D9%86%D9%87-%D8%A8%D8%AE%D8%B5%D9%85-%D9%83%D8%A8%D9%8A%D8%B1-%D9%85%D8%AA%D8%B4%D8%B7%D8%A8%D9%87-%D9%88-%D8%A8%D8%A7%D9%84%D8%AA%D9%82%D8%B3%D9%8A%D8%B7-%D8%B9%D9%84%D9%8A-%D8%A7%D8%B7%D9%88%D9%84-%D9%81%D8%AA%D8%B1%D9%87-%D8%B3%D8%AF%D8%A7%D8%AF-%D9%81%D9%8A-%D9%81%D9%8A-%D9%83%D9%85%D8%A8%D9%88%D9%86%D8%AF-%D9%85%D8%A7%D9%8A%D8%A7%D9%86-mayan-%D8%A7%D9%84%D8%B4%D8%B1%D9%88%D9%82-%D8%A7%D9%85%D8%A7%D9%85-%D9%85%D8%AF%D9%8A%D9%86%D8%AA%D9%8A-%D9%88%D8%A8%D8%AC%D9%88%D8%A7%D8%B1-%D8%AD%D8%B3%D9%86-%D8%B9%D9%84%D8%A7%D9%85-ID503746361.html
بيت العمر بحديقة خاصة ضخمة 185م وشقة 170م في كمبوند طلالة بتخفيض قوي 64% كاش,7282246,3,2,171,https://www.dubizzle.com.eg/ad/%D8%A8%D9%8A%D8%AA-%D8%A7%D9%84%D8%B9%D9%85%D8%B1-%D8%A8%D8%AD%D8%AF%D9%8A%D9%82%D8%A9-%D8%AE%D8%A7%D8%B5%D8%A9-%D8%B6%D8%AE%D9%85%D8%A9-185%D9%85-%D9%88%D8%B4%D9%82%D8%A9-170%D9%85-%D9%81%D9%8A-%D9%83%D9%85%D8%A8%D9%88%D9%86%D8%AF-%D8%B7%D9%84%D8%A7%D9%84%D8%A9-%D8%A8%D8%AA%D8%AE%D9%81%D9%8A%D8%B6-%D9%82%D9%88%D9%8A-64-%D9%83%D8%A7%D8%B4-ID503902909.html
شقه للبيع بالنزهه الجديده مباني 2011,3650000,3,2,160,https://www.dubizzle.com.eg/ad/%D8%B4%D9%82%D9%87-%D9%84%D9%84%D8%A8%D9%8A%D8%B9-%D8%A8%D8%A7%D9%84%D9%86%D8%B2%D9%87%D9%87-%D8%A7%D9%84%D8%AC%D8%AF%D9%8A%D8%AF%D9%87-%D9%85%D8%A8%D8%A7%D9%86%D9%8A-2011-ID208635392.html
شقه 3 غرف بحري وفيو لاند سكيب بقسط شهري 25الف في اميز لوكيشن في ال R8,3460180,3,2,139,https://www.dubizzle.com.eg/ad/%D8%B4%D9%82%D9%87-3-%D8%BA%D8%B1%D9%81-%D8%A8%D8%AD%D8%B1%D9%8A-%D9%88%D9%81%D9%8A%D9%88-%D9%84%D8%A7%D9%86%D8%AF-%D8%B3%D9%83%D9%8A%D8%A8-%D8%A8%D9%82%D8%B3%D8%B7-%D8%B4%D9%87%D8%B1%D9%8A-25%D8%A7%D9%84%D9%81-%D9%81%D9%8A-%D8%A7%D9%85%D9%8A%D8%B2-%D9%84%D9%88%D9%83%D9%8A%D8%B4%D9%86-%D9%81%D9%8A-%D8%A7%D9%84-r8-ID503902902.html
شقة للبيع في مدينة نصر الحي الثامن,6500000,4,2,200,https://www.dubizzle.com.eg/ad/%D8%B4%D9%82%D8%A9-%D9%84%D9%84%D8%A8%D9%8A%D8%B9-%D9%81%D9%8A-%D9%85%D8%AF%D9%8A%D9%86%D8%A9-%D9%86%D8%B5%D8%B1-%D8%A7%D9%84%D8%AD%D9%8A-%D8%A7%D9%84%D8%AB%D8%A7%D9%85%D9%86-ID208653615.html
شقة للبيع بافضل سعر بكمبوند كبيتال جاردنز,6500000,3,2,168,https://www.dubizzle.com.eg/ad/%D8%B4%D9%82%D8%A9-%D9%84%D9%84%D8%A8%D9%8A%D8%B9-%D8%A8%D8%A7%D9%81%D8%B6%D9%84-%D8%B3%D8%B9%D8%B1-%D8%A8%D9%83%D9%85%D8%A8%D9%88%D9%86%D8%AF-%D9%83%D8%A8%D9%8A%D8%AA%D8%A7%D9%84-%D8%AC%D8%A7%D8%B1%D8%AF%D9%86%D8%B2-ID503593550.html
شقة للبيع بافضل تشطيب بكمبوند جايد,8300000,3,2,170,https://www.dubizzle.com.eg/ad/%D8%B4%D9%82%D8%A9-%D9%84%D9%84%D8%A8%D9%8A%D8%B9-%D8%A8%D8%A7%D9%81%D8%B6%D9%84-%D8%AA%D8%B4%D8%B7%D9%8A%D8%A8-%D8%A8%D9%83%D9%85%D8%A8%D9%88%D9%86%D8%AF-%D8%AC%D8%A7%D9%8A%D8%AF-ID503593324.html
شقة للبيع فيو جاردن جاهزة للسكن البيع شامل المطبخ والتكييفات دور متكرر 238 متر في الرحاب 1 - المرحلة الرابعة - القاهرة الجديدة Al Rehab 1 - Phase 4,13500000,3,3,238,https://www.dubizzle.com.eg/ad/%D8%B4%D9%82%D8%A9-%D9%84%D9%84%D8%A8%D9%8A%D8%B9-%D9%81%D9%8A%D9%88-%D8%AC%D8%A7%D8%B1%D8%AF%D9%86-%D8%AC%D8%A7%D9%87%D8%B2%D8%A9-%D9%84%D9%84%D8%B3%D9%83%D9%86-%D8%A7%D9%84%D8%A8%D9%8A%D8%B9-%D8%B4%D8%A7%D9%85%D9%84-%D8%A7%D9%84%D9%85%D8%B7%D8%A8%D8%AE-%D9%88%D8%A7%D9%84%D8%AA%D9%83%D9%8A%D9%8A%D9%81%D8%A7%D8%AA-%D8%AF%D9%88%D8%B1-%D9%85%D8%AA%D9%83%D8%B1%D8%B1-238-%D9%85%D8%AA%D8%B1-%D9%81%D9%8A-%D8%A7%D9%84%D8%B1%D8%AD%D8%A7%D8%A8-1-%D8%A7%D9%84%D9%85%D8%B1%D8%AD%D9%84%D8%A9-%D8%A7%D9%84%D8%B1%D8%A7%D8%A8%D8%B9%D8%A9-%D8%A7%D9%84%D9%82%D8%A7%D9%87%D8%B1%D8%A9-%D8%A7%D9%84%D8%AC%D8%AF%D9%8A%D8%AF%D8%A9-al-rehab-1-phase-4-ID503499919.html
بنتهاوس للبيع في كمبوند كابيتال جاردنز حدائق العاصمة 171م+روف 149م,4100000,4,4,171,https://www.dubizzle.com.eg/ad/%D8%A8%D9%86%D8%AA%D9%87%D8%A7%D9%88%D8%B3-%D9%84%D9%84%D8%A8%D9%8A%D8%B9-%D9%81%D9%8A-%D9%83%D9%85%D8%A8%D9%88%D9%86%D8%AF-%D9%83%D8%A7%D8%A8%D9%8A%D8%AA%D8%A7%D9%84-%D8%AC%D8%A7%D8%B1%D8%AF%D9%86%D8%B2-%D8%AD%D8%AF%D8%A7%D8%A6%D9%82-%D8%A7%D9%84%D8%B9%D8%A7%D8%B5%D9%85%D8%A9-171%D9%85%D8%B1%D9%88%D9%81-149%D9%85-ID207720425.html
شقة للبيع بجاردن خاصة جاهزة للسكن سعر لقطة فيو جاردن معاينات سهلة في الرحاب 1 - المرحلة الخامسة الجديدة - القاهرة الجديدة Al Rehab 1 - New Phase 5,15000000,3,3,235,https://www.dubizzle.com.eg/ad/%D8%B4%D9%82%D8%A9-%D9%84%D9%84%D8%A8%D9%8A%D8%B9-%D8%A8%D8%AC%D8%A7%D8%B1%D8%AF%D9%86-%D8%AE%D8%A7%D8%B5%D8%A9-%D8%AC%D8%A7%D9%87%D8%B2%D8%A9-%D9%84%D9%84%D8%B3%D9%83%D9%86-%D8%B3%D8%B9%D8%B1-%D9%84%D9%82%D8%B7%D8%A9-%D9%81%D9%8A%D9%88-%D8%AC%D8%A7%D8%B1%D8%AF%D9%86-%D9%85%D8%B9%D8%A7%D9%8A%D9%86%D8%A7%D8%AA-%D8%B3%D9%87%D9%84%D8%A9-%D9%81%D9%8A-%D8%A7%D9%84%D8%B1%D8%AD%D8%A7%D8%A8-1-%D8%A7%D9%84%D9%85%D8%B1%D8%AD%D9%84%D8%A9-%D8%A7%D9%84%D8%AE%D8%A7%D9%85%D8%B3%D8%A9-%D8%A7%D9%84%D8%AC%D8%AF%D9%8A%D8%AF%D8%A9-%D8%A7%D9%84%D9%82%D8%A7%D9%87%D8%B1%D8%A9-%D8%A7%D9%84%D8%AC%D8%AF%D9%8A%D8%AF%D8%A9-al-rehab-1-new-phase-5-ID503158859.html
شقة للبيع بافضل سعر بكمبوند ازاد,12000000,3,3,136,https://www.dubizzle.com.eg/ad/%D8%B4%D9%82%D8%A9-%D9%84%D9%84%D8%A8%D9%8A%D8%B9-%D8%A8%D8%A7%D9%81%D8%B6%D9%84-%D8%B3%D8%B9%D8%B1-%D8%A8%D9%83%D9%85%D8%A8%D9%88%D9%86%D8%AF-%D8%A7%D8%B2%D8%A7%D8%AF-ID503752089.html
شقة ألترا سوبر لوكس 210 م² بالحي السابع – مدينة الشروق,6000000,3,2,210,https://www.dubizzle.com.eg/ad/%D8%B4%D9%82%D8%A9-%D8%A3%D9%84%D8%AA%D8%B1%D8%A7-%D8%B3%D9%88%D8%A8%D8%B1-%D9%84%D9%88%D9%83%D8%B3-210-%D9%852-%D8%A8%D8%A7%D9%84%D8%AD%D9%8A-%D8%A7%D9%84%D8%B3%D8%A7%D8%A8%D8%B9-%D9%85%D8%AF%D9%8A%D9%86%D8%A9-%D8%A7%D9%84%D8%B4%D8%B1%D9%88%D9%82-ID208643752.html
بسعر شامل التشطيب-اقل توتال في ماونتن فيو اي سيتي شقه 165م-ريسيل فوري بافضل تقسيمه جاهزه للسكن,7600000,3,3,165,https://www.dubizzle.com.eg/ad/%D8%A8%D8%B3%D8%B9%D8%B1-%D8%B4%D8%A7%D9%85%D9%84-%D8%A7%D9%84%D8%AA%D8%B4%D8%B7%D9%8A%D8%A8-%D8%A7%D9%82%D9%84-%D8%AA%D9%88%D8%AA%D8%A7%D9%84-%D9%81%D9%8A-%D9%85%D8%A7%D9%88%D9%86%D8%AA%D9%86-%D9%81%D9%8A%D9%88-%D8%A7%D9%8A-%D8%B3%D9%8A%D8%AA%D9%8A-%D8%B4%D9%82%D9%87-165%D9%85-%D8%B1%D9%8A%D8%B3%D9%8A%D9%84-%D9%81%D9%88%D8%B1%D9%8A-%D8%A8%D8%A7%D9%81%D8%B6%D9%84-%D8%AA%D9%82%D8%B3%D9%8A%D9%85%D9%87-%D8%AC%D8%A7%D9%87%D8%B2%D9%87-%D9%84%D9%84%D8%B3%D9%83%D9%86-ID503592450.html
اقل سعر شقه 200م كورنر في بلوم فيلدز المستقبل سيتي بتقسيمه مميزه واقل توتال ف الماركت جاهزه المعاينه والاستلام,8000000,4,3,200,https://www.dubizzle.com.eg/ad/%D8%A7%D9%82%D9%84-%D8%B3%D8%B9%D8%B1-%D8%B4%D9%82%D9%87-200%D9%85-%D9%83%D9%88%D8%B1%D9%86%D8%B1-%D9%81%D9%8A-%D8%A8%D9%84%D9%88%D9%85-%D9%81%D9%8A%D9%84%D8%AF%D8%B2-%D8%A7%D9%84%D9%85%D8%B3%D8%AA%D9%82%D8%A8%D9%84-%D8%B3%D9%8A%D8%AA%D9%8A-%D8%A8%D8%AA%D9%82%D8%B3%D9%8A%D9%85%D9%87-%D9%85%D9%85%D9%8A%D8%B2%D9%87-%D9%88%D8%A7%D9%82%D9%84-%D8%AA%D9%88%D8%AA%D8%A7%D9%84-%D9%81-%D8%A7%D9%84%D9%85%D8%A7%D8%B1%D9%83%D8%AA-%D8%AC%D8%A7%D9%87%D8%B2%D9%87-%D8%A7%D9%84%D9%85%D8%B9%D8%A7%D9%8A%D9%86%D9%87-%D9%88%D8%A7%D9%84%D8%A7%D8%B3%D8%AA%D9%84%D8%A7%D9%85-ID503591886.html
شقة تشطيب كامل  أقل من سعر الماركت للبيع في ماونتن فيو آي سيتي القاهرة الجديدة Mountain View iCity New Cairo,7150000,3,3,165,https://www.dubizzle.com.eg/ad/%D8%B4%D9%82%D8%A9-%D8%AA%D8%B4%D8%B7%D9%8A%D8%A8-%D9%83%D8%A7%D9%85%D9%84-%D8%A3%D9%82%D9%84-%D9%85%D9%86-%D8%B3%D8%B9%D8%B1-%D8%A7%D9%84%D9%85%D8%A7%D8%B1%D9%83%D8%AA-%D9%84%D9%84%D8%A8%D9%8A%D8%B9-%D9%81%D9%8A-%D9%85%D8%A7%D9%88%D9%86%D8%AA%D9%86-%D9%81%D9%8A%D9%88-%D8%A2%D9%8A-%D8%B3%D9%8A%D8%AA%D9%8A-%D8%A7%D9%84%D9%82%D8%A7%D9%87%D8%B1%D8%A9-%D8%A7%D9%84%D8%AC%D8%AF%D9%8A%D8%AF%D8%A9-mountain-view-icity-new-cairo-ID503889954.html
باقل سعر سكاي لوفت 155م + 110م رووف للبيع في ماونتن فيو اي سيتي القاهرة الجديدة Mountain View ICity New Cairo,8600000,3,3,155,https://www.dubizzle.com.eg/ad/%D8%A8%D8%A7%D9%82%D9%84-%D8%B3%D8%B9%D8%B1-%D8%B3%D9%83%D8%A7%D9%8A-%D9%84%D9%88%D9%81%D8%AA-155%D9%85-110%D9%85-%D8%B1%D9%88%D9%88%D9%81-%D9%84%D9%84%D8%A8%D9%8A%D8%B9-%D9%81%D9%8A-%D9%85%D8%A7%D9%88%D9%86%D8%AA%D9%86-%D9%81%D9%8A%D9%88-%D8%A7%D9%8A-%D8%B3%D9%8A%D8%AA%D9%8A-%D8%A7%D9%84%D9%82%D8%A7%D9%87%D8%B1%D8%A9-%D8%A7%D9%84%D8%AC%D8%AF%D9%8A%D8%AF%D8%A9-mountain-view-icity-new-cairo-ID503889710.html
شقة 250 م للبيع,10000000,3,3,250,https://www.dubizzle.com.eg/ad/%D8%B4%D9%82%D8%A9-250-%D9%85-%D9%84%D9%84%D8%A8%D9%8A%D8%B9-ID208631543.html
شقه للبيع في جاليريا مون فالي متشطبه  الترا سوبر لوكس بالتكييفات,8500000,3,2,156,https://www.dubizzle.com.eg/ad/%D8%B4%D9%82%D9%87-%D9%84%D9%84%D8%A8%D9%8A%D8%B9-%D9%81%D9%8A-%D8%AC%D8%A7%D9%84%D9%8A%D8%B1%D9%8A%D8%A7-%D9%85%D9%88%D9%86-%D9%81%D8%A7%D9%84%D9%8A-%D9%85%D8%AA%D8%B4%D8%B7%D8%A8%D9%87-%D8%A7%D9%84%D8%AA%D8%B1%D8%A7-%D8%B3%D9%88%D8%A8%D8%B1-%D9%84%D9%88%D9%83%D8%B3-%D8%A8%D8%A7%D9%84%D8%AA%D9%83%D9%8A%D9%8A%D9%81%D8%A7%D8%AA-ID503348047.html
شقه للبيع ١٤١م علي اكبر وايد جاردن,6900000,3,2,141,https://www.dubizzle.com.eg/ad/%D8%B4%D9%82%D9%87-%D9%84%D9%84%D8%A8%D9%8A%D8%B9-%D9%A1%D9%A4%D9%A1%D9%85-%D8%B9%D9%84%D9%8A-%D8%A7%D9%83%D8%A8%D8%B1-%D9%88%D8%A7%D9%8A%D8%AF-%D8%AC%D8%A7%D8%B1%D8%AF%D9%86-ID503888780.html
اخر شقة استلام فورى للبيع بالسعر القديم  جاهزة على السكن فى التجمع الخامس بالقرب من اهم المحاور الرئيسية,9800000,2,2,140,https://www.dubizzle.com.eg/ad/%D8%A7%D8%AE%D8%B1-%D8%B4%D9%82%D8%A9-%D8%A7%D8%B3%D8%AA%D9%84%D8%A7%D9%85-%D9%81%D9%88%D8%B1%D9%89-%D9%84%D9%84%D8%A8%D9%8A%D8%B9-%D8%A8%D8%A7%D9%84%D8%B3%D8%B9%D8%B1-%D8%A7%D9%84%D9%82%D8%AF%D9%8A%D9%85-%D8%AC%D8%A7%D9%87%D8%B2%D8%A9-%D8%B9%D9%84%D9%89-%D8%A7%D9%84%D8%B3%D9%83%D9%86-%D9%81%D9%89-%D8%A7%D9%84%D8%AA%D8%AC%D9%85%D8%B9-%D8%A7%D9%84%D8%AE%D8%A7%D9%85%D8%B3-%D8%A8%D8%A7%D9%84%D9%82%D8%B1%D8%A8-%D9%85%D9%86-%D8%A7%D9%87%D9%85-%D8%A7%D9%84%D9%85%D8%AD%D8%A7%D9%88%D8%B1-%D8%A7%D9%84%D8%B1%D8%A6%D9%8A%D8%B3%D9%8A%D8%A9-ID503888577.html
شقة استلام فوري متشطبة بالكامل للبيع في مدينتي المرحلةB6 بإطلالة مفتوحة وموقع مميز - Madinaty phase B6,4700000,2,1,86,https://www.dubizzle.com.eg/ad/%D8%B4%D9%82%D8%A9-%D8%A7%D8%B3%D8%AA%D9%84%D8%A7%D9%85-%D9%81%D9%88%D8%B1%D9%8A-%D9%85%D8%AA%D8%B4%D8%B7%D8%A8%D8%A9-%D8%A8%D8%A7%D9%84%D9%83%D8%A7%D9%85%D9%84-%D9%84%D9%84%D8%A8%D9%8A%D8%B9-%D9%81%D9%8A-%D9%85%D8%AF%D9%8A%D9%86%D8%AA%D9%8A-%D8%A7%D9%84%D9%85%D8%B1%D8%AD%D9%84%D8%A9b6-%D8%A8%D8%A5%D8%B7%D9%84%D8%A7%D9%84%D8%A9-%D9%85%D9%81%D8%AA%D9%88%D8%AD%D8%A9-%D9%88%D9%85%D9%88%D9%82%D8%B9-%D9%85%D9%85%D9%8A%D8%B2-madinaty-phase-b6-ID503530067.html
افضل تقسيمة وباقل من سعر الماركت ب 300 الف استلام فورى شقة 3 غرف نوم فيو مفتوح للبيع فى كمبوند هايد بارك التجمع الخامس Hyde Park New Cairo,9900000,3,3,191,https://www.dubizzle.com.eg/ad/%D8%A7%D9%81%D8%B6%D9%84-%D8%AA%D9%82%D8%B3%D9%8A%D9%85%D8%A9-%D9%88%D8%A8%D8%A7%D9%82%D9%84-%D9%85%D9%86-%D8%B3%D8%B9%D8%B1-%D8%A7%D9%84%D9%85%D8%A7%D8%B1%D9%83%D8%AA-%D8%A8-300-%D8%A7%D9%84%D9%81-%D8%A7%D8%B3%D8%AA%D9%84%D8%A7%D9%85-%D9%81%D9%88%D8%B1%D9%89-%D8%B4%D9%82%D8%A9-3-%D8%BA%D8%B1%D9%81-%D9%86%D9%88%D9%85-%D9%81%D9%8A%D9%88-%D9%85%D9%81%D8%AA%D9%88%D8%AD-%D9%84%D9%84%D8%A8%D9%8A%D8%B9-%D9%81%D9%89-%D9%83%D9%85%D8%A8%D9%88%D9%86%D8%AF-%D9%87%D8%A7%D9%8A%D8%AF-%D8%A8%D8%A7%D8%B1%D9%83-%D8%A7%D9%84%D8%AA%D8%AC%D9%85%D8%B9-%D8%A7%D9%84%D8%AE%D8%A7%D9%85%D8%B3-hyde-park-new-cairo-ID503464726.html
شقة في شارع محمد النادي,4600000,3,2,200,https://www.dubizzle.com.eg/ad/%D8%B4%D9%82%D8%A9-%D9%81%D9%8A-%D8%B4%D8%A7%D8%B1%D8%B9-%D9%85%D8%AD%D9%85%D8%AF-%D8%A7%D9%84%D9%86%D8%A7%D8%AF%D9%8A-ID208627980.html
شقه بجاردن للبيع بخصم 35% | كومباوند The icon بجوار الجامعه الامريكيه | فيو مميز مفتوح علي لاندسكيب | التجمع الخامس | القاهرة الجديدة,6173000,3,3,162,https://www.dubizzle.com.eg/ad/%D8%B4%D9%82%D9%87-%D8%A8%D8%AC%D8%A7%D8%B1%D8%AF%D9%86-%D9%84%D9%84%D8%A8%D9%8A%D8%B9-%D8%A8%D8%AE%D8%B5%D9%85-35-%D9%83%D9%88%D9%85%D8%A8%D8%A7%D9%88%D9%86%D8%AF-the-icon-%D8%A8%D8%AC%D9%88%D8%A7%D8%B1-%D8%A7%D9%84%D8%AC%D8%A7%D9%85%D8%B9%D9%87-%D8%A7%D9%84%D8%A7%D9%85%D8%B1%D9%8A%D9%83%D9%8A%D9%87-%D9%81%D9%8A%D9%88-%D9%85%D9%85%D9%8A%D8%B2-%D9%85%D9%81%D8%AA%D9%88%D8%AD-%D8%B9%D9%84%D9%8A-%D9%84%D8%A7%D9%86%D8%AF%D8%B3%D9%83%D9%8A%D8%A8-%D8%A7%D9%84%D8%AA%D8%AC%D9%85%D8%B9-%D8%A7%D9%84%D8%AE%D8%A7%D9%85%D8%B3-%D8%A7%D9%84%D9%82%D8%A7%D9%87%D8%B1%D8%A9-%D8%A7%D9%84%D8%AC%D8%AF%D9%8A%D8%AF%D8%A9-ID503884776.html
شقة للبيع جاهزة للاستلام الفوري في كمبوند الباتيو أورو,9500000,3,2,164,https://www.dubizzle.com.eg/ad/%D8%B4%D9%82%D8%A9-%D9%84%D9%84%D8%A8%D9%8A%D8%B9-%D8%AC%D8%A7%D9%87%D8%B2%D8%A9-%D9%84%D9%84%D8%A7%D8%B3%D8%AA%D9%84%D8%A7%D9%85-%D8%A7%D9%84%D9%81%D9%88%D8%B1%D9%8A-%D9%81%D9%8A-%D9%83%D9%85%D8%A8%D9%88%D9%86%D8%AF-%D8%A7%D9%84%D8%A8%D8%A7%D8%AA%D9%8A%D9%88-%D8%A3%D9%88%D8%B1%D9%88-ID502918137.html
استوديو للبيع في Sarai سراي مدينة المستقبل موقع مميز جدًا بإطلالة على الممرات المائية والمساحات الخضراء نصف تشطيب مرحلة إيلان Elan,3407742,1,1,79,https://www.dubizzle.com.eg/ad/%D8%A7%D8%B3%D8%AA%D9%88%D8%AF%D9%8A%D9%88-%D9%84%D9%84%D8%A8%D9%8A%D8%B9-%D9%81%D9%8A-sarai-%D8%B3%D8%B1%D8%A7%D9%8A-%D9%85%D8%AF%D9%8A%D9%86%D8%A9-%D8%A7%D9%84%D9%85%D8%B3%D8%AA%D9%82%D8%A8%D9%84-%D9%85%D9%88%D9%82%D8%B9-%D9%85%D9%85%D9%8A%D8%B2-%D8%AC%D8%AF%D8%A7-%D8%A8%D8%A5%D8%B7%D9%84%D8%A7%D9%84%D8%A9-%D8%B9%D9%84%D9%89-%D8%A7%D9%84%D9%85%D9%85%D8%B1%D8%A7%D8%AA-%D8%A7%D9%84%D9%85%D8%A7%D8%A6%D9%8A%D8%A9-%D9%88%D8%A7%D9%84%D9%85%D8%B3%D8%A7%D8%AD%D8%A7%D8%AA-%D8%A7%D9%84%D8%AE%D8%B6%D8%B1%D8%A7%D8%A1-%D9%86%D8%B5%D9%81-%D8%AA%D8%B4%D8%B7%D9%8A%D8%A8-%D9%85%D8%B1%D8%AD%D9%84%D8%A9-%D8%A5%D9%8A%D9%84%D8%A7%D9%86-elan-ID500865238.html
شقه جاهزة للاستلام للبيع في جرين سكوير المستقبل الأهلي صبور Green Square Mostakbal City Al Ahly Sabbour,4200000,2,2,135,https://www.dubizzle.com.eg/ad/%D8%B4%D9%82%D9%87-%D8%AC%D8%A7%D9%87%D8%B2%D8%A9-%D9%84%D9%84%D8%A7%D8%B3%D8%AA%D9%84%D8%A7%D9%85-%D9%84%D9%84%D8%A8%D9%8A%D8%B9-%D9%81%D9%8A-%D8%AC%D8%B1%D9%8A%D9%86-%D8%B3%D9%83%D9%88%D9%8A%D8%B1-%D8%A7%D9%84%D9%85%D8%B3%D8%AA%D9%82%D8%A8%D9%84-%D8%A7%D9%84%D8%A3%D9%87%D9%84%D9%8A-%D8%B5%D8%A8%D9%88%D8%B1-green-square-mostakbal-city-al-ahly-sabbour-ID503899686.html
شقة لفترة محدودة للبيع باكبرخصم علي الكاش ( ومتاح تقسيط الكاش علي سنة ) - متشطبة -  في جاردن سيتي في اميز احياء العاصمة الادارية,5611000,2,2,155,https://www.dubizzle.com.eg/ad/%D8%B4%D9%82%D8%A9-%D9%84%D9%81%D8%AA%D8%B1%D8%A9-%D9%85%D8%AD%D8%AF%D9%88%D8%AF%D8%A9-%D9%84%D9%84%D8%A8%D9%8A%D8%B9-%D8%A8%D8%A7%D9%83%D8%A8%D8%B1%D8%AE%D8%B5%D9%85-%D8%B9%D9%84%D9%8A-%D8%A7%D9%84%D9%83%D8%A7%D8%B4-%D9%88%D9%85%D8%AA%D8%A7%D8%AD-%D8%AA%D9%82%D8%B3%D9%8A%D8%B7-%D8%A7%D9%84%D9%83%D8%A7%D8%B4-%D8%B9%D9%84%D9%8A-%D8%B3%D9%86%D8%A9-%D9%85%D8%AA%D8%B4%D8%B7%D8%A8%D8%A9-%D9%81%D9%8A-%D8%AC%D8%A7%D8%B1%D8%AF%D9%86-%D8%B3%D9%8A%D8%AA%D9%8A-%D9%81%D9%8A-%D8%A7%D9%85%D9%8A%D8%B2-%D8%A7%D8%AD%D9%8A%D8%A7%D8%A1-%D8%A7%D9%84%D8%B9%D8%A7%D8%B5%D9%85%D8%A9-%D8%A7%D9%84%D8%A7%D8%AF%D8%A7%D8%B1%D9%8A%D8%A9-ID503896944.html
لقطة في ميفيدا بلو فيوز 137م + حديقة 75م اول سكن شقة للبيع اعمار ريسيل,18300000,2,2,137,https://www.dubizzle.com.eg/ad/%D9%84%D9%82%D8%B7%D8%A9-%D9%81%D9%8A-%D9%85%D9%8A%D9%81%D9%8A%D8%AF%D8%A7-%D8%A8%D9%84%D9%88-%D9%81%D9%8A%D9%88%D8%B2-137%D9%85-%D8%AD%D8%AF%D9%8A%D9%82%D8%A9-75%D9%85-%D8%A7%D9%88%D9%84-%D8%B3%D9%83%D9%86-%D8%B4%D9%82%D8%A9-%D9%84%D9%84%D8%A8%D9%8A%D8%B9-%D8%A7%D8%B9%D9%85%D8%A7%D8%B1-%D8%B1%D9%8A%D8%B3%D9%8A%D9%84-ID503878398.html
بسعر لقطة شقة 214 متر موقع مميز استلام فوري متشطب للبيع في ميفيدا اعمار ريسيل,26500000,3,3,214,https://www.dubizzle.com.eg/ad/%D8%A8%D8%B3%D8%B9%D8%B1-%D9%84%D9%82%D8%B7%D8%A9-%D8%B4%D9%82%D8%A9-214-%D9%85%D8%AA%D8%B1-%D9%85%D9%88%D9%82%D8%B9-%D9%85%D9%85%D9%8A%D8%B2-%D8%A7%D8%B3%D8%AA%D9%84%D8%A7%D9%85-%D9%81%D9%88%D8%B1%D9%8A-%D9%85%D8%AA%D8%B4%D8%B7%D8%A8-%D9%84%D9%84%D8%A8%D9%8A%D8%B9-%D9%81%D9%8A-%D9%85%D9%8A%D9%81%D9%8A%D8%AF%D8%A7-%D8%A7%D8%B9%D9%85%D8%A7%D8%B1-%D8%B1%D9%8A%D8%B3%D9%8A%D9%84-ID503877850.html
أقل سعر شقة 214 متر استلام فوري متشطبة في ميفيدا للبيع اعمار الجولدن سكوير,25500000,3,3,214,https://www.dubizzle.com.eg/ad/%D8%A3%D9%82%D9%84-%D8%B3%D8%B9%D8%B1-%D8%B4%D9%82%D8%A9-214-%D9%85%D8%AA%D8%B1-%D8%A7%D8%B3%D8%AA%D9%84%D8%A7%D9%85-%D9%81%D9%88%D8%B1%D9%8A-%D9%85%D8%AA%D8%B4%D8%B7%D8%A8%D8%A9-%D9%81%D9%8A-%D9%85%D9%8A%D9%81%D9%8A%D8%AF%D8%A7-%D9%84%D9%84%D8%A8%D9%8A%D8%B9-%D8%A7%D8%B9%D9%85%D8%A7%D8%B1-%D8%A7%D9%84%D8%AC%D9%88%D9%84%D8%AF%D9%86-%D8%B3%D9%83%D9%88%D9%8A%D8%B1-ID503877549.html
ستوديو لقطة للبيع فيو لاند سكيب باحسن موقع في نيو جاردن سيتي - بالعاصمة الادارية وباقل سعر في الماركت,3535000,1,1,90,https://www.dubizzle.com.eg/ad/%D8%B3%D8%AA%D9%88%D8%AF%D9%8A%D9%88-%D9%84%D9%82%D8%B7%D8%A9-%D9%84%D9%84%D8%A8%D9%8A%D8%B9-%D9%81%D9%8A%D9%88-%D9%84%D8%A7%D9%86%D8%AF-%D8%B3%D9%83%D9%8A%D8%A8-%D8%A8%D8%A7%D8%AD%D8%B3%D9%86-%D9%85%D9%88%D9%82%D8%B9-%D9%81%D9%8A-%D9%86%D9%8A%D9%88-%D8%AC%D8%A7%D8%B1%D8%AF%D9%86-%D8%B3%D9%8A%D8%AA%D9%8A-%D8%A8%D8%A7%D9%84%D8%B9%D8%A7%D8%B5%D9%85%D8%A9-%D8%A7%D9%84%D8%A7%D8%AF%D8%A7%D8%B1%D9%8A%D8%A9-%D9%88%D8%A8%D8%A7%D9%82%D9%84-%D8%B3%D8%B9%D8%B1-%D9%81%D9%8A-%D8%A7%D9%84%D9%85%D8%A7%D8%B1%D9%83%D8%AA-ID503897592.html
ميفيدا كريسنت 205م+ حديقة 120م متشطبة مع 5 تكييفات أستلام فوري للبيع Mivida Crescent,27000000,3,3,205,https://www.dubizzle.com.eg/ad/%D9%85%D9%8A%D9%81%D9%8A%D8%AF%D8%A7-%D9%83%D8%B1%D9%8A%D8%B3%D9%86%D8%AA-205%D9%85-%D8%AD%D8%AF%D9%8A%D9%82%D8%A9-120%D9%85-%D9%85%D8%AA%D8%B4%D8%B7%D8%A8%D8%A9-%D9%85%D8%B9-5-%D8%AA%D9%83%D9%8A%D9%8A%D9%81%D8%A7%D8%AA-%D8%A3%D8%B3%D8%AA%D9%84%D8%A7%D9%85-%D9%81%D9%88%D8%B1%D9%8A-%D9%84%D9%84%D8%A8%D9%8A%D8%B9-mivida-crescent-ID503886307.html
بسعر لقطة 200م متشطبة بالتكييفات والمطبخ فيو مفتوح للبيع في ميفيدا اعمار ريسيل,18200000,3,3,200,https://www.dubizzle.com.eg/ad/%D8%A8%D8%B3%D8%B9%D8%B1-%D9%84%D9%82%D8%B7%D8%A9-200%D9%85-%D9%85%D8%AA%D8%B4%D8%B7%D8%A8%D8%A9-%D8%A8%D8%A7%D9%84%D8%AA%D9%83%D9%8A%D9%8A%D9%81%D8%A7%D8%AA-%D9%88%D8%A7%D9%84%D9%85%D8%B7%D8%A8%D8%AE-%D9%81%D9%8A%D9%88-%D9%85%D9%81%D8%AA%D9%88%D8%AD-%D9%84%D9%84%D8%A8%D9%8A%D8%B9-%D9%81%D9%8A-%D9%85%D9%8A%D9%81%D9%8A%D8%AF%D8%A7-%D8%A7%D8%B9%D9%85%D8%A7%D8%B1-%D8%B1%D9%8A%D8%B3%D9%8A%D9%84-ID503879964.html
للبيع اقل سعر استوديو ريسيل من المالك مباشرة,3200000,1,1,64,https://www.dubizzle.com.eg/ad/%D9%84%D9%84%D8%A8%D9%8A%D8%B9-%D8%A7%D9%82%D9%84-%D8%B3%D8%B9%D8%B1-%D8%A7%D8%B3%D8%AA%D9%88%D8%AF%D9%8A%D9%88-%D8%B1%D9%8A%D8%B3%D9%8A%D9%84-%D9%85%D9%86-%D8%A7%D9%84%D9%85%D8%A7%D9%84%D9%83-%D9%85%D8%A8%D8%A7%D8%B4%D8%B1%D8%A9-ID503879148.html
باطلالة خيالية شقة متشطبة بالكامل للبيع في سيتي جيت التجمع - القاهرة الجديدة,12500000,2,2,124,https://www.dubizzle.com.eg/ad/%D8%A8%D8%A7%D8%B7%D9%84%D8%A7%D9%84%D8%A9-%D8%AE%D9%8A%D8%A7%D9%84%D9%8A%D8%A9-%D8%B4%D9%82%D8%A9-%D9%85%D8%AA%D8%B4%D8%B7%D8%A8%D8%A9-%D8%A8%D8%A7%D9%84%D9%83%D8%A7%D9%85%D9%84-%D9%84%D9%84%D8%A8%D9%8A%D8%B9-%D9%81%D9%8A-%D8%B3%D9%8A%D8%AA%D9%8A-%D8%AC%D9%8A%D8%AA-%D8%A7%D9%84%D8%AA%D8%AC%D9%85%D8%B9-%D8%A7%D9%84%D9%82%D8%A7%D9%87%D8%B1%D8%A9-%D8%A7%D9%84%D8%AC%D8%AF%D9%8A%D8%AF%D8%A9-ID503317517.html
شقة ١٦٥ متر متشطبة بحري تطل على مساحات خضراء في كمبوند ذا سكوير الأهلي صبور,8000000,3,3,165,https://www.dubizzle.com.eg/ad/%D8%B4%D9%82%D8%A9-%D9%A1%D9%A6%D9%A5-%D9%85%D8%AA%D8%B1-%D9%85%D8%AA%D8%B4%D8%B7%D8%A8%D8%A9-%D8%A8%D8%AD%D8%B1%D9%8A-%D8%AA%D8%B7%D9%84-%D8%B9%D9%84%D9%89-%D9%85%D8%B3%D8%A7%D8%AD%D8%A7%D8%AA-%D8%AE%D8%B6%D8%B1%D8%A7%D8%A1-%D9%81%D9%8A-%D9%83%D9%85%D8%A8%D9%88%D9%86%D8%AF-%D8%B0%D8%A7-%D8%B3%D9%83%D9%88%D9%8A%D8%B1-%D8%A7%D9%84%D8%A3%D9%87%D9%84%D9%8A-%D8%B5%D8%A8%D9%88%D8%B1-ID502703547.html
شقة - 3 غرف نوم - تشطيب كامل بالتكييفات - موقع متميز جدا - في كمبوند زيد ايست - نيو كايرو,10580000,3,3,166,https://www.dubizzle.com.eg/ad/%D8%B4%D9%82%D8%A9-3-%D8%BA%D8%B1%D9%81-%D9%86%D9%88%D9%85-%D8%AA%D8%B4%D8%B7%D9%8A%D8%A8-%D9%83%D8%A7%D9%85%D9%84-%D8%A8%D8%A7%D9%84%D8%AA%D9%83%D9%8A%D9%8A%D9%81%D8%A7%D8%AA-%D9%85%D9%88%D9%82%D8%B9-%D9%85%D8%AA%D9%85%D9%8A%D8%B2-%D8%AC%D8%AF%D8%A7-%D9%81%D9%8A-%D9%83%D9%85%D8%A8%D9%88%D9%86%D8%AF-%D8%B2%D9%8A%D8%AF-%D8%A7%D9%8A%D8%B3%D8%AA-%D9%86%D9%8A%D9%88-%D9%83%D8%A7%D9%8A%D8%B1%D9%88-ID501831290.html
امتلك شقة بسعر لقطة في كمبوند جاهز بخصم الكاش بالعاصمة الادارية بافضل استثمار - بالقرب من فندق الماسة,5513000,2,2,175,https://www.dubizzle.com.eg/ad/%D8%A7%D9%85%D8%AA%D9%84%D9%83-%D8%B4%D9%82%D8%A9-%D8%A8%D8%B3%D8%B9%D8%B1-%D9%84%D9%82%D8%B7%D8%A9-%D9%81%D9%8A-%D9%83%D9%85%D8%A8%D9%88%D9%86%D8%AF-%D8%AC%D8%A7%D9%87%D8%B2-%D8%A8%D8%AE%D8%B5%D9%85-%D8%A7%D9%84%D9%83%D8%A7%D8%B4-%D8%A8%D8%A7%D9%84%D8%B9%D8%A7%D8%B5%D9%85%D8%A9-%D8%A7%D9%84%D8%A7%D8%AF%D8%A7%D8%B1%D9%8A%D8%A9-%D8%A8%D8%A7%D9%81%D8%B6%D9%84-%D8%A7%D8%B3%D8%AA%D8%AB%D9%85%D8%A7%D8%B1-%D8%A8%D8%A7%D9%84%D9%82%D8%B1%D8%A8-%D9%85%D9%86-%D9%81%D9%86%D8%AF%D9%82-%D8%A7%D9%84%D9%85%D8%A7%D8%B3%D8%A9-ID503895737.html
للبيع اقل سعر استوديو في كمبوند Sarai استلام فوري,2150000,1,1,60,https://www.dubizzle.com.eg/ad/%D9%84%D9%84%D8%A8%D9%8A%D8%B9-%D8%A7%D9%82%D9%84-%D8%B3%D8%B9%D8%B1-%D8%A7%D8%B3%D8%AA%D9%88%D8%AF%D9%8A%D9%88-%D9%81%D9%8A-%D9%83%D9%85%D8%A8%D9%88%D9%86%D8%AF-sarai-%D8%A7%D8%B3%D8%AA%D9%84%D8%A7%D9%85-%D9%81%D9%88%D8%B1%D9%8A-ID503889315.html
أقل سعر شقة 3 غرف  استلام فوري في تاج سلطان أميز مرحلة في تاج سيتي للبيع,7500000,3,2,145,https://www.dubizzle.com.eg/ad/%D8%A3%D9%82%D9%84-%D8%B3%D8%B9%D8%B1-%D8%B4%D9%82%D8%A9-3-%D8%BA%D8%B1%D9%81-%D8%A7%D8%B3%D8%AA%D9%84%D8%A7%D9%85-%D9%81%D9%88%D8%B1%D9%8A-%D9%81%D9%8A-%D8%AA%D8%A7%D8%AC-%D8%B3%D9%84%D8%B7%D8%A7%D9%86-%D8%A3%D9%85%D9%8A%D8%B2-%D9%85%D8%B1%D8%AD%D9%84%D8%A9-%D9%81%D9%8A-%D8%AA%D8%A7%D8%AC-%D8%B3%D9%8A%D8%AA%D9%8A-%D9%84%D9%84%D8%A8%D9%8A%D8%B9-ID503887665.html
شقه للبيع فى كمباوند وان قطاميه  ١٩٠م نصف تشطيب فيو مميز على اكبر جاردن,4600000,3,3,190,https://www.dubizzle.com.eg/ad/%D8%B4%D9%82%D9%87-%D9%84%D9%84%D8%A8%D9%8A%D8%B9-%D9%81%D9%89-%D9%83%D9%85%D8%A8%D8%A7%D9%88%D9%86%D8%AF-%D9%88%D8%A7%D9%86-%D9%82%D8%B7%D8%A7%D9%85%D9%8A%D9%87-%D9%A1%D9%A9%D9%A0%D9%85-%D9%86%D8%B5%D9%81-%D8%AA%D8%B4%D8%B7%D9%8A%D8%A8-%D9%81%D9%8A%D9%88-%D9%85%D9%85%D9%8A%D8%B2-%D8%B9%D9%84%D9%89-%D8%A7%D9%83%D8%A8%D8%B1-%D8%AC%D8%A7%D8%B1%D8%AF%D9%86-ID503865200.html
شقة ٢٠٠ متر استلام فوري  متشطبة تشطيب فاخرعلى ڤيو في شرق الاكاديمية في التجمع الأول اقل من سعر السوق East The academy,8000000,3,2,200,https://www.dubizzle.com.eg/ad/%D8%B4%D9%82%D8%A9-%D9%A2%D9%A0%D9%A0-%D9%85%D8%AA%D8%B1-%D8%A7%D8%B3%D8%AA%D9%84%D8%A7%D9%85-%D9%81%D9%88%D8%B1%D9%8A-%D9%85%D8%AA%D8%B4%D8%B7%D8%A8%D8%A9-%D8%AA%D8%B4%D8%B7%D9%8A%D8%A8-%D9%81%D8%A7%D8%AE%D8%B1%D8%B9%D9%84%D9%89-%DA%A4%D9%8A%D9%88-%D9%81%D9%8A-%D8%B4%D8%B1%D9%82-%D8%A7%D9%84%D8%A7%D9%83%D8%A7%D8%AF%D9%8A%D9%85%D9%8A%D8%A9-%D9%81%D9%8A-%D8%A7%D9%84%D8%AA%D8%AC%D9%85%D8%B9-%D8%A7%D9%84%D8%A3%D9%88%D9%84-%D8%A7%D9%82%D9%84-%D9%85%D9%86-%D8%B3%D8%B9%D8%B1-%D8%A7%D9%84%D8%B3%D9%88%D9%82-east-the-academy-ID502871088.html
بنتهاوس في التجمع متشطب بفيو لاجون و حمام السباحه و اللاند سكيب اول سكن,17000000,4,3,360,https://www.dubizzle.com.eg/ad/%D8%A8%D9%86%D8%AA%D9%87%D8%A7%D9%88%D8%B3-%D9%81%D9%8A-%D8%A7%D9%84%D8%AA%D8%AC%D9%85%D8%B9-%D9%85%D8%AA%D8%B4%D8%B7%D8%A8-%D8%A8%D9%81%D9%8A%D9%88-%D9%84%D8%A7%D8%AC%D9%88%D9%86-%D9%88-%D8%AD%D9%85%D8%A7%D9%85-%D8%A7%D9%84%D8%B3%D8%A8%D8%A7%D8%AD%D9%87-%D9%88-%D8%A7%D9%84%D9%84%D8%A7%D9%86%D8%AF-%D8%B3%D9%83%D9%8A%D8%A8-%D8%A7%D9%88%D9%84-%D8%B3%D9%83%D9%86-ID502721395.html
شقة للبيع بافضل سعر بكمبوند هاب تاون,6000000,2,1,102,https://www.dubizzle.com.eg/ad/%D8%B4%D9%82%D8%A9-%D9%84%D9%84%D8%A8%D9%8A%D8%B9-%D8%A8%D8%A7%D9%81%D8%B6%D9%84-%D8%B3%D8%B9%D8%B1-%D8%A8%D9%83%D9%85%D8%A8%D9%88%D9%86%D8%AF-%D9%87%D8%A7%D8%A8-%D8%AA%D8%A7%D9%88%D9%86-ID503576827.html
للبيع باقل سعر شقه ريسيل استلام فوري  open view landscape-pool في الباتيو اورو بتقسيمه مميزه جاهزه للمعاينه والاستلام,8000000,2,2,128,https://www.dubizzle.com.eg/ad/%D9%84%D9%84%D8%A8%D9%8A%D8%B9-%D8%A8%D8%A7%D9%82%D9%84-%D8%B3%D8%B9%D8%B1-%D8%B4%D9%82%D9%87-%D8%B1%D9%8A%D8%B3%D9%8A%D9%84-%D8%A7%D8%B3%D8%AA%D9%84%D8%A7%D9%85-%D9%81%D9%88%D8%B1%D9%8A-open-view-landscape-pool-%D9%81%D9%8A-%D8%A7%D9%84%D8%A8%D8%A7%D8%AA%D9%8A%D9%88-%D8%A7%D9%88%D8%B1%D9%88-%D8%A8%D8%AA%D9%82%D8%B3%D9%8A%D9%85%D9%87-%D9%85%D9%85%D9%8A%D8%B2%D9%87-%D8%AC%D8%A7%D9%87%D8%B2%D9%87-%D9%84%D9%84%D9%85%D8%B9%D8%A7%D9%8A%D9%86%D9%87-%D9%88%D8%A7%D9%84%D8%A7%D8%B3%D8%AA%D9%84%D8%A7%D9%85-ID503502667.html
للبيع باقل اوفر ف الماركت شقه 160م تشطيب كامل بالتكيفات-المراسم فيفث سكوير view clubhouse جاهزه للمعاينه والسكن,9300000,3,2,160,https://www.dubizzle.com.eg/ad/%D9%84%D9%84%D8%A8%D9%8A%D8%B9-%D8%A8%D8%A7%D9%82%D9%84-%D8%A7%D9%88%D9%81%D8%B1-%D9%81-%D8%A7%D9%84%D9%85%D8%A7%D8%B1%D9%83%D8%AA-%D8%B4%D9%82%D9%87-160%D9%85-%D8%AA%D8%B4%D8%B7%D9%8A%D8%A8-%D9%83%D8%A7%D9%85%D9%84-%D8%A8%D8%A7%D9%84%D8%AA%D9%83%D9%8A%D9%81%D8%A7%D8%AA-%D8%A7%D9%84%D9%85%D8%B1%D8%A7%D8%B3%D9%85-%D9%81%D9%8A%D9%81%D8%AB-%D8%B3%D9%83%D9%88%D9%8A%D8%B1-view-clubhouse-%D8%AC%D8%A7%D9%87%D8%B2%D9%87-%D9%84%D9%84%D9%85%D8%B9%D8%A7%D9%8A%D9%86%D9%87-%D9%88%D8%A7%D9%84%D8%B3%D9%83%D9%86-ID503441956.html
شقة للبيع 290 متر بتقسيم اللاسلكي – المعادي | تشطيب راقٍ | دور كامل,7000000,4,3,290,https://www.dubizzle.com.eg/ad/%D8%B4%D9%82%D8%A9-%D9%84%D9%84%D8%A8%D9%8A%D8%B9-290-%D9%85%D8%AA%D8%B1-%D8%A8%D8%AA%D9%82%D8%B3%D9%8A%D9%85-%D8%A7%D9%84%D9%84%D8%A7%D8%B3%D9%84%D9%83%D9%8A-%D8%A7%D9%84%D9%85%D8%B9%D8%A7%D8%AF%D9%8A-%D8%AA%D8%B4%D8%B7%D9%8A%D8%A8-%D8%B1%D8%A7%D9%82-%D8%AF%D9%88%D8%B1-%D9%83%D8%A7%D9%85%D9%84-ID503902896.html
للبيع في مدينتي قسط بأوفر لقطه شقه 165 م في b12 دور اول غير مجروحه نهائيا فيو وايد جاردن صريح طلعت مصطفي استلام في خلال في خلال 3 شهور افضل 165 متر,7400000,3,3,165,https://www.dubizzle.com.eg/ad/%D9%84%D9%84%D8%A8%D9%8A%D8%B9-%D9%81%D9%8A-%D9%85%D8%AF%D9%8A%D9%86%D8%AA%D9%8A-%D9%82%D8%B3%D8%B7-%D8%A8%D8%A3%D9%88%D9%81%D8%B1-%D9%84%D9%82%D8%B7%D9%87-%D8%B4%D9%82%D9%87-165-%D9%85-%D9%81%D9%8A-b12-%D8%AF%D9%88%D8%B1-%D8%A7%D9%88%D9%84-%D8%BA%D9%8A%D8%B1-%D9%85%D8%AC%D8%B1%D9%88%D8%AD%D9%87-%D9%86%D9%87%D8%A7%D8%A6%D9%8A%D8%A7-%D9%81%D9%8A%D9%88-%D9%88%D8%A7%D9%8A%D8%AF-%D8%AC%D8%A7%D8%B1%D8%AF%D9%86-%D8%B5%D8%B1%D9%8A%D8%AD-%D8%B7%D9%84%D8%B9%D8%AA-%D9%85%D8%B5%D8%B7%D9%81%D9%8A-%D8%A7%D8%B3%D8%AA%D9%84%D8%A7%D9%85-%D9%81%D9%8A-%D8%AE%D9%84%D8%A7%D9%84-%D9%81%D9%8A-%D8%AE%D9%84%D8%A7%D9%84-3-%D8%B4%D9%87%D9%88%D8%B1-%D8%A7%D9%81%D8%B6%D9%84-165-%D9%85%D8%AA%D8%B1-ID503902895.html
للبيع بسعر مناسب شقه 133م فالرحاب مرحله خامسه,6450000,3,2,133,https://www.dubizzle.com.eg/ad/%D9%84%D9%84%D8%A8%D9%8A%D8%B9-%D8%A8%D8%B3%D8%B9%D8%B1-%D9%85%D9%86%D8%A7%D8%B3%D8%A8-%D8%B4%D9%82%D9%87-133%D9%85-%D9%81%D8%A7%D9%84%D8%B1%D8%AD%D8%A7%D8%A8-%D9%85%D8%B1%D8%AD%D9%84%D9%87-%D8%AE%D8%A7%D9%85%D8%B3%D9%87-ID503902892.html
اسكن بأسلوب حياة مختلف شقة 167م في تاج سيتي بسعر كاش بعد الخصم 50% لن يتكرر,6875980,3,2,167,https://www.dubizzle.com.eg/ad/%D8%A7%D8%B3%D9%83%D9%86-%D8%A8%D8%A3%D8%B3%D9%84%D9%88%D8%A8-%D8%AD%D9%8A%D8%A7%D8%A9-%D9%85%D8%AE%D8%AA%D9%84%D9%81-%D8%B4%D9%82%D8%A9-167%D9%85-%D9%81%D9%8A-%D8%AA%D8%A7%D8%AC-%D8%B3%D9%8A%D8%AA%D9%8A-%D8%A8%D8%B3%D8%B9%D8%B1-%D9%83%D8%A7%D8%B4-%D8%A8%D8%B9%D8%AF-%D8%A7%D9%84%D8%AE%D8%B5%D9%85-50-%D9%84%D9%86-%D9%8A%D8%AA%D9%83%D8%B1%D8%B1-ID503902891.html
ارخص استديو بحديقه فالمرحله الخامسه الرحاب,4200000,1,1,60,https://www.dubizzle.com.eg/ad/%D8%A7%D8%B1%D8%AE%D8%B5-%D8%A7%D8%B3%D8%AA%D8%AF%D9%8A%D9%88-%D8%A8%D8%AD%D8%AF%D9%8A%D9%82%D9%87-%D9%81%D8%A7%D9%84%D9%85%D8%B1%D8%AD%D9%84%D9%87-%D8%A7%D9%84%D8%AE%D8%A7%D9%85%D8%B3%D9%87-%D8%A7%D9%84%D8%B1%D8%AD%D8%A7%D8%A8-ID503902889.html
شقة للبيع فيو جاردن تشطيبات المالك سوبر لوكس جاهزة للسكن الدور الثاني في الرحاب 1 - المرحلة الرابعة - القاهرة الجديدة Al Rehab 1 - Phase 4 - New Cairo,10250000,3,3,200,https://www.dubizzle.com.eg/ad/%D8%B4%D9%82%D8%A9-%D9%84%D9%84%D8%A8%D9%8A%D8%B9-%D9%81%D9%8A%D9%88-%D8%AC%D8%A7%D8%B1%D8%AF%D9%86-%D8%AA%D8%B4%D8%B7%D9%8A%D8%A8%D8%A7%D8%AA-%D8%A7%D9%84%D9%85%D8%A7%D9%84%D9%83-%D8%B3%D9%88%D8%A8%D8%B1-%D9%84%D9%88%D9%83%D8%B3-%D8%AC%D8%A7%D9%87%D8%B2%D8%A9-%D9%84%D9%84%D8%B3%D9%83%D9%86-%D8%A7%D9%84%D8%AF%D9%88%D8%B1-%D8%A7%D9%84%D8%AB%D8%A7%D9%86%D9%8A-%D9%81%D9%8A-%D8%A7%D9%84%D8%B1%D8%AD%D8%A7%D8%A8-1-%D8%A7%D9%84%D9%85%D8%B1%D8%AD%D9%84%D8%A9-%D8%A7%D9%84%D8%B1%D8%A7%D8%A8%D8%B9%D8%A9-%D8%A7%D9%84%D9%82%D8%A7%D9%87%D8%B1%D8%A9-%D8%A7%D9%84%D8%AC%D8%AF%D9%8A%D8%AF%D8%A9-al-rehab-1-phase-4-new-cairo-ID503184933.html
بنتهاوس للبيع فى ماونتن ڤيو هايد بارك  mountain view hyde park فى موقع مميز على فيو مزدوج جاهزة للاستلام الفورى,8700000,2,2,166,https://www.dubizzle.com.eg/ad/%D8%A8%D9%86%D8%AA%D9%87%D8%A7%D9%88%D8%B3-%D9%84%D9%84%D8%A8%D9%8A%D8%B9-%D9%81%D9%89-%D9%85%D8%A7%D9%88%D9%86%D8%AA%D9%86-%DA%A4%D9%8A%D9%88-%D9%87%D8%A7%D9%8A%D8%AF-%D8%A8%D8%A7%D8%B1%D9%83-mountain-view-hyde-park-%D9%81%D9%89-%D9%85%D9%88%D9%82%D8%B9-%D9%85%D9%85%D9%8A%D8%B2-%D8%B9%D9%84%D9%89-%D9%81%D9%8A%D9%88-%D9%85%D8%B2%D8%AF%D9%88%D8%AC-%D8%AC%D8%A7%D9%87%D8%B2%D8%A9-%D9%84%D9%84%D8%A7%D8%B3%D8%AA%D9%84%D8%A7%D9%85-%D8%A7%D9%84%D9%81%D9%88%D8%B1%D9%89-ID503902884.html
استثمر صح في مساحة 155م تاج سيتي واكسب خصم 50% كاش فوراً مع إطلالة بانورامية ساحرة,6342970,3,2,155,https://www.dubizzle.com.eg/ad/%D8%A7%D8%B3%D8%AA%D8%AB%D9%85%D8%B1-%D8%B5%D8%AD-%D9%81%D9%8A-%D9%85%D8%B3%D8%A7%D8%AD%D8%A9-155%D9%85-%D8%AA%D8%A7%D8%AC-%D8%B3%D9%8A%D8%AA%D9%8A-%D9%88%D8%A7%D9%83%D8%B3%D8%A8-%D8%AE%D8%B5%D9%85-50-%D9%83%D8%A7%D8%B4-%D9%81%D9%88%D8%B1%D8%A7-%D9%85%D8%B9-%D8%A5%D8%B7%D9%84%D8%A7%D9%84%D8%A9-%D8%A8%D8%A7%D9%86%D9%88%D8%B1%D8%A7%D9%85%D9%8A%D8%A9-%D8%B3%D8%A7%D8%AD%D8%B1%D8%A9-ID503902882.html
بنتهاوس متشطب الترا سوبر لوكس للبيع بأقل سعر في الماركت بمليون جنيه استلام فوري فيو لاجون ولاندسكيب في المراسم فيفث سكوير Fifth Square ريسيل,18980000,3,4,292,https://www.dubizzle.com.eg/ad/%D8%A8%D9%86%D8%AA%D9%87%D8%A7%D9%88%D8%B3-%D9%85%D8%AA%D8%B4%D8%B7%D8%A8-%D8%A7%D9%84%D8%AA%D8%B1%D8%A7-%D8%B3%D9%88%D8%A8%D8%B1-%D9%84%D9%88%D9%83%D8%B3-%D9%84%D9%84%D8%A8%D9%8A%D8%B9-%D8%A8%D8%A3%D9%82%D9%84-%D8%B3%D8%B9%D8%B1-%D9%81%D9%8A-%D8%A7%D9%84%D9%85%D8%A7%D8%B1%D9%83%D8%AA-%D8%A8%D9%85%D9%84%D9%8A%D9%88%D9%86-%D8%AC%D9%86%D9%8A%D9%87-%D8%A7%D8%B3%D8%AA%D9%84%D8%A7%D9%85-%D9%81%D9%88%D8%B1%D9%8A-%D9%81%D9%8A%D9%88-%D9%84%D8%A7%D8%AC%D9%88%D9%86-%D9%88%D9%84%D8%A7%D9%86%D8%AF%D8%B3%D9%83%D9%8A%D8%A8-%D9%81%D9%8A-%D8%A7%D9%84%D9%85%D8%B1%D8%A7%D8%B3%D9%85-%D9%81%D9%8A%D9%81%D8%AB-%D8%B3%D9%83%D9%88%D9%8A%D8%B1-fifth-square-%D8%B1%D9%8A%D8%B3%D9%8A%D9%84-ID503892838.html
شقه للبيع بجاردن 180متر 3 غرف بخصم 23% و متشطبه بالكامل في كمبوند البروج ALBUROJ بالتقسيط على 6 سنين,9000000,3,2,180,https://www.dubizzle.com.eg/ad/%D8%B4%D9%82%D9%87-%D9%84%D9%84%D8%A8%D9%8A%D8%B9-%D8%A8%D8%AC%D8%A7%D8%B1%D8%AF%D9%86-180%D9%85%D8%AA%D8%B1-3-%D8%BA%D8%B1%D9%81-%D8%A8%D8%AE%D8%B5%D9%85-23-%D9%88-%D9%85%D8%AA%D8%B4%D8%B7%D8%A8%D9%87-%D8%A8%D8%A7%D9%84%D9%83%D8%A7%D9%85%D9%84-%D9%81%D9%8A-%D9%83%D9%85%D8%A8%D9%88%D9%86%D8%AF-%D8%A7%D9%84%D8%A8%D8%B1%D9%88%D8%AC-alburoj-%D8%A8%D8%A7%D9%84%D8%AA%D9%82%D8%B3%D9%8A%D8%B7-%D8%B9%D9%84%D9%89-6-%D8%B3%D9%86%D9%8A%D9%86-ID503645599.html
للبيع في مدينتي كاش بسعر لقطه فرصه للسكن او الاستثمار شقه 103م في b8 تشطيب فندقي فيو جاردن وبارك قريبه جدا من الخدمات دقايق للساوث بارك وال all season,5950000,2,1,102,https://www.dubizzle.com.eg/ad/%D9%84%D9%84%D8%A8%D9%8A%D8%B9-%D9%81%D9%8A-%D9%85%D8%AF%D9%8A%D9%86%D8%AA%D9%8A-%D9%83%D8%A7%D8%B4-%D8%A8%D8%B3%D8%B9%D8%B1-%D9%84%D9%82%D8%B7%D9%87-%D9%81%D8%B1%D8%B5%D9%87-%D9%84%D9%84%D8%B3%D9%83%D9%86-%D8%A7%D9%88-%D8%A7%D9%84%D8%A7%D8%B3%D8%AA%D8%AB%D9%85%D8%A7%D8%B1-%D8%B4%D9%82%D9%87-103%D9%85-%D9%81%D9%8A-b8-%D8%AA%D8%B4%D8%B7%D9%8A%D8%A8-%D9%81%D9%86%D8%AF%D9%82%D9%8A-%D9%81%D9%8A%D9%88-%D8%AC%D8%A7%D8%B1%D8%AF%D9%86-%D9%88%D8%A8%D8%A7%D8%B1%D9%83-%D9%82%D8%B1%D9%8A%D8%A8%D9%87-%D8%AC%D8%AF%D8%A7-%D9%85%D9%86-%D8%A7%D9%84%D8%AE%D8%AF%D9%85%D8%A7%D8%AA-%D8%AF%D9%82%D8%A7%D9%8A%D9%82-%D9%84%D9%84%D8%B3%D8%A7%D9%88%D8%AB-%D8%A8%D8%A7%D8%B1%D9%83-%D9%88%D8%A7%D9%84-all-season-ID503902875.html
استلام فوري شقة متشطبة بالتقسيط علي 12 سنة في قلب العاصمة الادارية في كمبوند نيو جاردن سيتي,4900000,2,2,135,https://www.dubizzle.com.eg/ad/%D8%A7%D8%B3%D8%AA%D9%84%D8%A7%D9%85-%D9%81%D9%88%D8%B1%D9%8A-%D8%B4%D9%82%D8%A9-%D9%85%D8%AA%D8%B4%D8%B7%D8%A8%D8%A9-%D8%A8%D8%A7%D9%84%D8%AA%D9%82%D8%B3%D9%8A%D8%B7-%D8%B9%D9%84%D9%8A-12-%D8%B3%D9%86%D8%A9-%D9%81%D9%8A-%D9%82%D9%84%D8%A8-%D8%A7%D9%84%D8%B9%D8%A7%D8%B5%D9%85%D8%A9-%D8%A7%D9%84%D8%A7%D8%AF%D8%A7%D8%B1%D9%8A%D8%A9-%D9%81%D9%8A-%D9%83%D9%85%D8%A8%D9%88%D9%86%D8%AF-%D9%86%D9%8A%D9%88-%D8%AC%D8%A7%D8%B1%D8%AF%D9%86-%D8%B3%D9%8A%D8%AA%D9%8A-ID503335959.html
للبيع شقة فندقية هاي سوبر لوكس مع ادارة تشغيل فندقية أمام مدينتي مباشرة علي طريق مصر اسماعيلية الشروق,7500000,3,3,151,https://www.dubizzle.com.eg/ad/%D9%84%D9%84%D8%A8%D9%8A%D8%B9-%D8%B4%D9%82%D8%A9-%D9%81%D9%86%D8%AF%D9%82%D9%8A%D8%A9-%D9%87%D8%A7%D9%8A-%D8%B3%D9%88%D8%A8%D8%B1-%D9%84%D9%88%D9%83%D8%B3-%D9%85%D8%B9-%D8%A7%D8%AF%D8%A7%D8%B1%D8%A9-%D8%AA%D8%B4%D8%BA%D9%8A%D9%84-%D9%81%D9%86%D8%AF%D9%82%D9%8A%D8%A9-%D8%A3%D9%85%D8%A7%D9%85-%D9%85%D8%AF%D9%8A%D9%86%D8%AA%D9%8A-%D9%85%D8%A8%D8%A7%D8%B4%D8%B1%D8%A9-%D8%B9%D9%84%D9%8A-%D8%B7%D8%B1%D9%8A%D9%82-%D9%85%D8%B5%D8%B1-%D8%A7%D8%B3%D9%85%D8%A7%D8%B9%D9%8A%D9%84%D9%8A%D8%A9-%D8%A7%D9%84%D8%B4%D8%B1%D9%88%D9%82-ID503267146.html
شقه للبيع في ماونتن ڤيو ALIVA City القاهرة الجديدة,7370000,2,2,130,https://www.dubizzle.com.eg/ad/%D8%B4%D9%82%D9%87-%D9%84%D9%84%D8%A8%D9%8A%D8%B9-%D9%81%D9%8A-%D9%85%D8%A7%D9%88%D9%86%D8%AA%D9%86-%DA%A4%D9%8A%D9%88-aliva-city-%D8%A7%D9%84%D9%82%D8%A7%D9%87%D8%B1%D8%A9-%D8%A7%D9%84%D8%AC%D8%AF%D9%8A%D8%AF%D8%A9-ID208627190.html
شقة فاخرة للبيع في جاليريا مون فالي بإطلالة مباشرة على حمام السباحة الدور الثاني نصف مفروشة بتشطيبات فاخرة ومطبخ أمريكي وغرفة ملابس وجراج ومخزن,14000000,3,2,200,https://www.dubizzle.com.eg/ad/%D8%B4%D9%82%D8%A9-%D9%81%D8%A7%D8%AE%D8%B1%D8%A9-%D9%84%D9%84%D8%A8%D9%8A%D8%B9-%D9%81%D9%8A-%D8%AC%D8%A7%D9%84%D9%8A%D8%B1%D9%8A%D8%A7-%D9%85%D9%88%D9%86-%D9%81%D8%A7%D9%84%D9%8A-%D8%A8%D8%A5%D8%B7%D9%84%D8%A7%D9%84%D8%A9-%D9%85%D8%A8%D8%A7%D8%B4%D8%B1%D8%A9-%D8%B9%D9%84%D9%89-%D8%AD%D9%85%D8%A7%D9%85-%D8%A7%D9%84%D8%B3%D8%A8%D8%A7%D8%AD%D8%A9-%D8%A7%D9%84%D8%AF%D9%88%D8%B1-%D8%A7%D9%84%D8%AB%D8%A7%D9%86%D9%8A-%D9%86%D8%B5%D9%81-%D9%85%D9%81%D8%B1%D9%88%D8%B4%D8%A9-%D8%A8%D8%AA%D8%B4%D8%B7%D9%8A%D8%A8%D8%A7%D8%AA-%D9%81%D8%A7%D8%AE%D8%B1%D8%A9-%D9%88%D9%85%D8%B7%D8%A8%D8%AE-%D8%A3%D9%85%D8%B1%D9%8A%D9%83%D9%8A-%D9%88%D8%BA%D8%B1%D9%81%D8%A9-%D9%85%D9%84%D8%A7%D8%A8%D8%B3-%D9%88%D8%AC%D8%B1%D8%A7%D8%AC-%D9%88%D9%85%D8%AE%D8%B2%D9%86-ID503864257.html
شقة مفروشة بمساحة ٢٨٠ متر مربع بإطلالة مفتوحة في منطقة النرجس، القاهرة الجديدة، مع مطبخ وأجهزة إلكترونية، تقع في الطابق الثاني، وتضم ٣ غرف نوم و٣ حمام,15800000,3,3,280,https://www.dubizzle.com.eg/ad/%D8%B4%D9%82%D8%A9-%D9%85%D9%81%D8%B1%D9%88%D8%B4%D8%A9-%D8%A8%D9%85%D8%B3%D8%A7%D8%AD%D8%A9-%D9%A2%D9%A8%D9%A0-%D9%85%D8%AA%D8%B1-%D9%85%D8%B1%D8%A8%D8%B9-%D8%A8%D8%A5%D8%B7%D9%84%D8%A7%D9%84%D8%A9-%D9%85%D9%81%D8%AA%D9%88%D8%AD%D8%A9-%D9%81%D9%8A-%D9%85%D9%86%D8%B7%D9%82%D8%A9-%D8%A7%D9%84%D9%86%D8%B1%D8%AC%D8%B3-%D8%A7%D9%84%D9%82%D8%A7%D9%87%D8%B1%D8%A9-%D8%A7%D9%84%D8%AC%D8%AF%D9%8A%D8%AF%D8%A9-%D9%85%D8%B9-%D9%85%D8%B7%D8%A8%D8%AE-%D9%88%D8%A3%D8%AC%D9%87%D8%B2%D8%A9-%D8%A5%D9%84%D9%83%D8%AA%D8%B1%D9%88%D9%86%D9%8A%D8%A9-%D8%AA%D9%82%D8%B9-%D9%81%D9%8A-%D8%A7%D9%84%D8%B7%D8%A7%D8%A8%D9%82-%D8%A7%D9%84%D8%AB%D8%A7%D9%86%D9%8A-%D9%88%D8%AA%D8%B6%D9%85-%D9%A3-%D8%BA%D8%B1%D9%81-%D9%86%D9%88%D9%85-%D9%88%D9%A3-%D8%AD%D9%85%D8%A7%D9%85-ID503597030.html
للبيع شقة مميزة في هايد بارك القاهرة الجديدة بمساحة 160 متر، 3 غرف نوم، تشطيب كامل، مطبخ وتكييفات ومكان باركينج بسعر مميز قابل للتفاوض,10400000,3,2,160,https://www.dubizzle.com.eg/ad/%D9%84%D9%84%D8%A8%D9%8A%D8%B9-%D8%B4%D9%82%D8%A9-%D9%85%D9%85%D9%8A%D8%B2%D8%A9-%D9%81%D9%8A-%D9%87%D8%A7%D9%8A%D8%AF-%D8%A8%D8%A7%D8%B1%D9%83-%D8%A7%D9%84%D9%82%D8%A7%D9%87%D8%B1%D8%A9-%D8%A7%D9%84%D8%AC%D8%AF%D9%8A%D8%AF%D8%A9-%D8%A8%D9%85%D8%B3%D8%A7%D8%AD%D8%A9-160-%D9%85%D8%AA%D8%B1-3-%D8%BA%D8%B1%D9%81-%D9%86%D9%88%D9%85-%D8%AA%D8%B4%D8%B7%D9%8A%D8%A8-%D9%83%D8%A7%D9%85%D9%84-%D9%85%D8%B7%D8%A8%D8%AE-%D9%88%D8%AA%D9%83%D9%8A%D9%8A%D9%81%D8%A7%D8%AA-%D9%88%D9%85%D9%83%D8%A7%D9%86-%D8%A8%D8%A7%D8%B1%D9%83%D9%8A%D9%86%D8%AC-%D8%A8%D8%B3%D8%B9%D8%B1-%D9%85%D9%85%D9%8A%D8%B2-%D9%82%D8%A7%D8%A8%D9%84-%D9%84%D9%84%D8%AA%D9%81%D8%A7%D9%88%D8%B6-ID503514443.html
شقه متشطبه بالكامل بالمكيفات و المطبخ في ايست تاون ريزيدن من سوديك - القاهره الجديده,12000000,2,2,156,https://www.dubizzle.com.eg/ad/%D8%B4%D9%82%D9%87-%D9%85%D8%AA%D8%B4%D8%B7%D8%A8%D9%87-%D8%A8%D8%A7%D9%84%D9%83%D8%A7%D9%85%D9%84-%D8%A8%D8%A7%D9%84%D9%85%D9%83%D9%8A%D9%81%D8%A7%D8%AA-%D9%88-%D8%A7%D9%84%D9%85%D8%B7%D8%A8%D8%AE-%D9%81%D9%8A-%D8%A7%D9%8A%D8%B3%D8%AA-%D8%AA%D8%A7%D9%88%D9%86-%D8%B1%D9%8A%D8%B2%D9%8A%D8%AF%D9%86-%D9%85%D9%86-%D8%B3%D9%88%D8%AF%D9%8A%D9%83-%D8%A7%D9%84%D9%82%D8%A7%D9%87%D8%B1%D9%87-%D8%A7%D9%84%D8%AC%D8%AF%D9%8A%D8%AF%D9%87-ID503347954.html
شقه ارضي بحديقه للبيع في الباتيو اورو التجمع الخامس موقع متميز و اقل من سعر السوق EL Patio ORO,8200000,2,2,120,https://www.dubizzle.com.eg/ad/%D8%B4%D9%82%D9%87-%D8%A7%D8%B1%D8%B6%D9%8A-%D8%A8%D8%AD%D8%AF%D9%8A%D9%82%D9%87-%D9%84%D9%84%D8%A8%D9%8A%D8%B9-%D9%81%D9%8A-%D8%A7%D9%84%D8%A8%D8%A7%D8%AA%D9%8A%D9%88-%D8%A7%D9%88%D8%B1%D9%88-%D8%A7%D9%84%D8%AA%D8%AC%D9%85%D8%B9-%D8%A7%D9%84%D8%AE%D8%A7%D9%85%D8%B3-%D9%85%D9%88%D9%82%D8%B9-%D9%85%D8%AA%D9%85%D9%8A%D8%B2-%D9%88-%D8%A7%D9%82%D9%84-%D9%85%D9%86-%D8%B3%D8%B9%D8%B1-%D8%A7%D9%84%D8%B3%D9%88%D9%82-el-patio-oro-ID503880572.html
استلام فوري جاهز للمعاينه كمبوند IL Bosco علي بن زايد الجنوبي اوبن فيو برج ايقوني ونهر اخضر,6578758,2,3,131,https://www.dubizzle.com.eg/ad/%D8%A7%D8%B3%D8%AA%D9%84%D8%A7%D9%85-%D9%81%D9%88%D8%B1%D9%8A-%D8%AC%D8%A7%D9%87%D8%B2-%D9%84%D9%84%D9%85%D8%B9%D8%A7%D9%8A%D9%86%D9%87-%D9%83%D9%85%D8%A8%D9%88%D9%86%D8%AF-il-bosco-%D8%B9%D9%84%D9%8A-%D8%A8%D9%86-%D8%B2%D8%A7%D9%8A%D8%AF-%D8%A7%D9%84%D8%AC%D9%86%D9%88%D8%A8%D9%8A-%D8%A7%D9%88%D8%A8%D9%86-%D9%81%D9%8A%D9%88-%D8%A8%D8%B1%D8%AC-%D8%A7%D9%8A%D9%82%D9%88%D9%86%D9%8A-%D9%88%D9%86%D9%87%D8%B1-%D8%A7%D8%AE%D8%B6%D8%B1-ID503888079.html
شقة للبيع بتشطيب المالك استلام فورى في ميفيدا التجمع الخامس,19200000,3,2,186,https://www.dubizzle.com.eg/ad/%D8%B4%D9%82%D8%A9-%D9%84%D9%84%D8%A8%D9%8A%D8%B9-%D8%A8%D8%AA%D8%B4%D8%B7%D9%8A%D8%A8-%D8%A7%D9%84%D9%85%D8%A7%D9%84%D9%83-%D8%A7%D8%B3%D8%AA%D9%84%D8%A7%D9%85-%D9%81%D9%88%D8%B1%D9%89-%D9%81%D9%8A-%D9%85%D9%8A%D9%81%D9%8A%D8%AF%D8%A7-%D8%A7%D9%84%D8%AA%D8%AC%D9%85%D8%B9-%D8%A7%D9%84%D8%AE%D8%A7%D9%85%D8%B3-ID503741887.html
أقل سعر ميزونيت كورنر متشطب بالكامل حمام سباحه خاص  4 غرف نوم بجاردن 170 م فيولاندسكيب للبيع في هايد بارك التجمع الخامس القاهرة الجديدة Hyde Park – Fi,17000000,4,3,255,https://www.dubizzle.com.eg/ad/%D8%A3%D9%82%D9%84-%D8%B3%D8%B9%D8%B1-%D9%85%D9%8A%D8%B2%D9%88%D9%86%D9%8A%D8%AA-%D9%83%D9%88%D8%B1%D9%86%D8%B1-%D9%85%D8%AA%D8%B4%D8%B7%D8%A8-%D8%A8%D8%A7%D9%84%D9%83%D8%A7%D9%85%D9%84-%D8%AD%D9%85%D8%A7%D9%85-%D8%B3%D8%A8%D8%A7%D8%AD%D9%87-%D8%AE%D8%A7%D8%B5-4-%D8%BA%D8%B1%D9%81-%D9%86%D9%88%D9%85-%D8%A8%D8%AC%D8%A7%D8%B1%D8%AF%D9%86-170-%D9%85-%D9%81%D9%8A%D9%88%D9%84%D8%A7%D9%86%D8%AF%D8%B3%D9%83%D9%8A%D8%A8-%D9%84%D9%84%D8%A8%D9%8A%D8%B9-%D9%81%D9%8A-%D9%87%D8%A7%D9%8A%D8%AF-%D8%A8%D8%A7%D8%B1%D9%83-%D8%A7%D9%84%D8%AA%D8%AC%D9%85%D8%B9-%D8%A7%D9%84%D8%AE%D8%A7%D9%85%D8%B3-%D8%A7%D9%84%D9%82%D8%A7%D9%87%D8%B1%D8%A9-%D8%A7%D9%84%D8%AC%D8%AF%D9%8A%D8%AF%D8%A9-hyde-park-fi-ID503899610.html
ريسيل بسعر لقطة 176 متر فيو حمام سباحة استلام 2027 شقة للبيع في سوان ليك ريزيدنس حسن علام في التجمع الخامس,14474100,2,3,176,https://www.dubizzle.com.eg/ad/%D8%B1%D9%8A%D8%B3%D9%8A%D9%84-%D8%A8%D8%B3%D8%B9%D8%B1-%D9%84%D9%82%D8%B7%D8%A9-176-%D9%85%D8%AA%D8%B1-%D9%81%D9%8A%D9%88-%D8%AD%D9%85%D8%A7%D9%85-%D8%B3%D8%A8%D8%A7%D8%AD%D8%A9-%D8%A7%D8%B3%D8%AA%D9%84%D8%A7%D9%85-2027-%D8%B4%D9%82%D8%A9-%D9%84%D9%84%D8%A8%D9%8A%D8%B9-%D9%81%D9%8A-%D8%B3%D9%88%D8%A7%D9%86-%D9%84%D9%8A%D9%83-%D8%B1%D9%8A%D8%B2%D9%8A%D8%AF%D9%86%D8%B3-%D8%AD%D8%B3%D9%86-%D8%B9%D9%84%D8%A7%D9%85-%D9%81%D9%8A-%D8%A7%D9%84%D8%AA%D8%AC%D9%85%D8%B9-%D8%A7%D9%84%D8%AE%D8%A7%D9%85%D8%B3-ID503897774.html
شقة ريسيل 252 متر فيو مفتوح على الفيلات استلام فوري للبيع في سوان ليك ريزيدنس التجمع الخامس,23000000,3,4,252,https://www.dubizzle.com.eg/ad/%D8%B4%D9%82%D8%A9-%D8%B1%D9%8A%D8%B3%D9%8A%D9%84-252-%D9%85%D8%AA%D8%B1-%D9%81%D9%8A%D9%88-%D9%85%D9%81%D8%AA%D9%88%D8%AD-%D8%B9%D9%84%D9%89-%D8%A7%D9%84%D9%81%D9%8A%D9%84%D8%A7%D8%AA-%D8%A7%D8%B3%D8%AA%D9%84%D8%A7%D9%85-%D9%81%D9%88%D8%B1%D9%8A-%D9%84%D9%84%D8%A8%D9%8A%D8%B9-%D9%81%D9%8A-%D8%B3%D9%88%D8%A7%D9%86-%D9%84%D9%8A%D9%83-%D8%B1%D9%8A%D8%B2%D9%8A%D8%AF%D9%86%D8%B3-%D8%A7%D9%84%D8%AA%D8%AC%D9%85%D8%B9-%D8%A7%D9%84%D8%AE%D8%A7%D9%85%D8%B3-ID503893907.html
استلم شقتك  متشطبه بخصم الكاش فى ارقي كمبوند Jade Park بالقرب من النهر الاخضر - بالعاصمة الادارية,4001000,1,1,127,https://www.dubizzle.com.eg/ad/%D8%A7%D8%B3%D8%AA%D9%84%D9%85-%D8%B4%D9%82%D8%AA%D9%83-%D9%85%D8%AA%D8%B4%D8%B7%D8%A8%D9%87-%D8%A8%D8%AE%D8%B5%D9%85-%D8%A7%D9%84%D9%83%D8%A7%D8%B4-%D9%81%D9%89-%D8%A7%D8%B1%D9%82%D9%8A-%D9%83%D9%85%D8%A8%D9%88%D9%86%D8%AF-jade-park-%D8%A8%D8%A7%D9%84%D9%82%D8%B1%D8%A8-%D9%85%D9%86-%D8%A7%D9%84%D9%86%D9%87%D8%B1-%D8%A7%D9%84%D8%A7%D8%AE%D8%B6%D8%B1-%D8%A8%D8%A7%D9%84%D8%B9%D8%A7%D8%B5%D9%85%D8%A9-%D8%A7%D9%84%D8%A7%D8%AF%D8%A7%D8%B1%D9%8A%D8%A9-ID503895820.html
شقه للبيع فى كمباوند وان قطاميه١٧٣ م الترا لوكس فيو مفتوح,6100000,3,3,173,https://www.dubizzle.com.eg/ad/%D8%B4%D9%82%D9%87-%D9%84%D9%84%D8%A8%D9%8A%D8%B9-%D9%81%D9%89-%D9%83%D9%85%D8%A8%D8%A7%D9%88%D9%86%D8%AF-%D9%88%D8%A7%D9%86-%D9%82%D8%B7%D8%A7%D9%85%D9%8A%D9%87%D9%A1%D9%A7%D9%A3-%D9%85-%D8%A7%D9%84%D8%AA%D8%B1%D8%A7-%D9%84%D9%88%D9%83%D8%B3-%D9%81%D9%8A%D9%88-%D9%85%D9%81%D8%AA%D9%88%D8%AD-ID503865446.html
شقه للبيع فى كمباوند وان قطاميه ١٥٠ م الترا لوكس اول سكن فيو على ميدان محمد ذكى,5500000,3,2,150,https://www.dubizzle.com.eg/ad/%D8%B4%D9%82%D9%87-%D9%84%D9%84%D8%A8%D9%8A%D8%B9-%D9%81%D9%89-%D9%83%D9%85%D8%A8%D8%A7%D9%88%D9%86%D8%AF-%D9%88%D8%A7%D9%86-%D9%82%D8%B7%D8%A7%D9%85%D9%8A%D9%87-%D9%A1%D9%A5%D9%A0-%D9%85-%D8%A7%D9%84%D8%AA%D8%B1%D8%A7-%D9%84%D9%88%D9%83%D8%B3-%D8%A7%D9%88%D9%84-%D8%B3%D9%83%D9%86-%D9%81%D9%8A%D9%88-%D8%B9%D9%84%D9%89-%D9%85%D9%8A%D8%AF%D8%A7%D9%86-%D9%85%D8%AD%D9%85%D8%AF-%D8%B0%D9%83%D9%89-ID503865407.html
شقة بحري تطل على الفيلات أقل سعر في السوق دور تاني إستلام فوري كمباوند سراي شركة مدينة مصر التجمع الخامس,5750000,3,3,169,https://www.dubizzle.com.eg/ad/%D8%B4%D9%82%D8%A9-%D8%A8%D8%AD%D8%B1%D9%8A-%D8%AA%D8%B7%D9%84-%D8%B9%D9%84%D9%89-%D8%A7%D9%84%D9%81%D9%8A%D9%84%D8%A7%D8%AA-%D8%A3%D9%82%D9%84-%D8%B3%D8%B9%D8%B1-%D9%81%D9%8A-%D8%A7%D9%84%D8%B3%D9%88%D9%82-%D8%AF%D9%88%D8%B1-%D8%AA%D8%A7%D9%86%D9%8A-%D8%A5%D8%B3%D8%AA%D9%84%D8%A7%D9%85-%D9%81%D9%88%D8%B1%D9%8A-%D9%83%D9%85%D8%A8%D8%A7%D9%88%D9%86%D8%AF-%D8%B3%D8%B1%D8%A7%D9%8A-%D8%B4%D8%B1%D9%83%D8%A9-%D9%85%D8%AF%D9%8A%D9%86%D8%A9-%D9%85%D8%B5%D8%B1-%D8%A7%D9%84%D8%AA%D8%AC%D9%85%D8%B9-%D8%A7%D9%84%D8%AE%D8%A7%D9%85%D8%B3-ID503698302.html
شقه للبيع  في كمبوند ساكن و عايش في كمبوند تاج ستي امام المطار مباشر القاهره الجديده,6100000,2,2,130,https://www.dubizzle.com.eg/ad/%D8%B4%D9%82%D9%87-%D9%84%D9%84%D8%A8%D9%8A%D8%B9-%D9%81%D9%8A-%D9%83%D9%85%D8%A8%D9%88%D9%86%D8%AF-%D8%B3%D8%A7%D9%83%D9%86-%D9%88-%D8%B9%D8%A7%D9%8A%D8%B4-%D9%81%D9%8A-%D9%83%D9%85%D8%A8%D9%88%D9%86%D8%AF-%D8%AA%D8%A7%D8%AC-%D8%B3%D8%AA%D9%8A-%D8%A7%D9%85%D8%A7%D9%85-%D8%A7%D9%84%D9%85%D8%B7%D8%A7%D8%B1-%D9%85%D8%A8%D8%A7%D8%B4%D8%B1-%D8%A7%D9%84%D9%82%D8%A7%D9%87%D8%B1%D9%87-%D8%A7%D9%84%D8%AC%D8%AF%D9%8A%D8%AF%D9%87-ID503891011.html
"شقة بجاردن خاص بخصم 40% وتقسيط في كمبوند ذا ايكون في قلب التجمع الخامس خلف كمبوند ""هايد بارك"" بالقرب من شارع التسعين دقائق للجامعة اللامريكية Auc",4300000,2,2,137,https://www.dubizzle.com.eg/ad/%D8%B4%D9%82%D8%A9-%D8%A8%D8%AC%D8%A7%D8%B1%D8%AF%D9%86-%D8%AE%D8%A7%D8%B5-%D8%A8%D8%AE%D8%B5%D9%85-40-%D9%88%D8%AA%D9%82%D8%B3%D9%8A%D8%B7-%D9%81%D9%8A-%D9%83%D9%85%D8%A8%D9%88%D9%86%D8%AF-%D8%B0%D8%A7-%D8%A7%D9%8A%D9%83%D9%88%D9%86-%D9%81%D9%8A-%D9%82%D9%84%D8%A8-%D8%A7%D9%84%D8%AA%D8%AC%D9%85%D8%B9-%D8%A7%D9%84%D8%AE%D8%A7%D9%85%D8%B3-%D8%AE%D9%84%D9%81-%D9%83%D9%85%D8%A8%D9%88%D9%86%D8%AF-%D9%87%D8%A7%D9%8A%D8%AF-%D8%A8%D8%A7%D8%B1%D9%83-%D8%A8%D8%A7%D9%84%D9%82%D8%B1%D8%A8-%D9%85%D9%86-%D8%B4%D8%A7%D8%B1%D8%B9-%D8%A7%D9%84%D8%AA%D8%B3%D8%B9%D9%8A%D9%86-%D8%AF%D9%82%D8%A7%D8%A6%D9%82-%D9%84%D9%84%D8%AC%D8%A7%D9%85%D8%B9%D8%A9-%D8%A7%D9%84%D9%84%D8%A7%D9%85%D8%B1%D9%8A%D9%83%D9%8A%D8%A9-auc-ID503891018.html
دوبلكس كورنر استلام فوري فيو مفتوح في كمبوند ماونتن فيو ١. ١ نيو كايرو - Mountain view 1.1 compound new cairo,13485936,3,3,235,https://www.dubizzle.com.eg/ad/%D8%AF%D9%88%D8%A8%D9%84%D9%83%D8%B3-%D9%83%D9%88%D8%B1%D9%86%D8%B1-%D8%A7%D8%B3%D8%AA%D9%84%D8%A7%D9%85-%D9%81%D9%88%D8%B1%D9%8A-%D9%81%D9%8A%D9%88-%D9%85%D9%81%D8%AA%D9%88%D8%AD-%D9%81%D9%8A-%D9%83%D9%85%D8%A8%D9%88%D9%86%D8%AF-%D9%85%D8%A7%D9%88%D9%86%D8%AA%D9%86-%D9%81%D9%8A%D9%88-%D9%A1-%D9%A1-%D9%86%D9%8A%D9%88-%D9%83%D8%A7%D9%8A%D8%B1%D9%88-mountain-view-11-compound-new-cairo-ID503371730.html
شقة بجاردن للبيع سور في سور مع مدينتي على فيو مميز في كمبوند سراي القاهرة الجديدة,4500000,2,2,102,https://www.dubizzle.com.eg/ad/%D8%B4%D9%82%D8%A9-%D8%A8%D8%AC%D8%A7%D8%B1%D8%AF%D9%86-%D9%84%D9%84%D8%A8%D9%8A%D8%B9-%D8%B3%D9%88%D8%B1-%D9%81%D9%8A-%D8%B3%D9%88%D8%B1-%D9%85%D8%B9-%D9%85%D8%AF%D9%8A%D9%86%D8%AA%D9%8A-%D8%B9%D9%84%D9%89-%D9%81%D9%8A%D9%88-%D9%85%D9%85%D9%8A%D8%B2-%D9%81%D9%8A-%D9%83%D9%85%D8%A8%D9%88%D9%86%D8%AF-%D8%B3%D8%B1%D8%A7%D9%8A-%D8%A7%D9%84%D9%82%D8%A7%D9%87%D8%B1%D8%A9-%D8%A7%D9%84%D8%AC%D8%AF%D9%8A%D8%AF%D8%A9-ID503898136.html
استديو للبيع فى مدينة الرحاب البيع بالفرش كامل موقع مميز,5100000,1,1,60,https://www.dubizzle.com.eg/ad/%D8%A7%D8%B3%D8%AA%D8%AF%D9%8A%D9%88-%D9%84%D9%84%D8%A8%D9%8A%D8%B9-%D9%81%D9%89-%D9%85%D8%AF%D9%8A%D9%86%D8%A9-%D8%A7%D9%84%D8%B1%D8%AD%D8%A7%D8%A8-%D8%A7%D9%84%D8%A8%D9%8A%D8%B9-%D8%A8%D8%A7%D9%84%D9%81%D8%B1%D8%B4-%D9%83%D8%A7%D9%85%D9%84-%D9%85%D9%88%D9%82%D8%B9-%D9%85%D9%85%D9%8A%D8%B2-ID503869520.html
شقة استلام فوري تشطيب الترا سوبر لوكس موقع مميز بأقل سعر في كمبوند جاليريا مون فالي galleria moon valley,7300000,2,2,128,https://www.dubizzle.com.eg/ad/%D8%B4%D9%82%D8%A9-%D8%A7%D8%B3%D8%AA%D9%84%D8%A7%D9%85-%D9%81%D9%88%D8%B1%D9%8A-%D8%AA%D8%B4%D8%B7%D9%8A%D8%A8-%D8%A7%D9%84%D8%AA%D8%B1%D8%A7-%D8%B3%D9%88%D8%A8%D8%B1-%D9%84%D9%88%D9%83%D8%B3-%D9%85%D9%88%D9%82%D8%B9-%D9%85%D9%85%D9%8A%D8%B2-%D8%A8%D8%A3%D9%82%D9%84-%D8%B3%D8%B9%D8%B1-%D9%81%D9%8A-%D9%83%D9%85%D8%A8%D9%88%D9%86%D8%AF-%D8%AC%D8%A7%D9%84%D9%8A%D8%B1%D9%8A%D8%A7-%D9%85%D9%88%D9%86-%D9%81%D8%A7%D9%84%D9%8A-galleria-moon-valley-ID503536068.html
للرفاهية عنوان  ارخص شقة  250م بحري بالكامل بفيو جاردن رائع قريبه من النادى بها تشطيب خاص المرحلة الخامسة، الرحاب1 اسانسر وبسعر لقطه,12800000,3,3,250,https://www.dubizzle.com.eg/ad/%D9%84%D9%84%D8%B1%D9%81%D8%A7%D9%87%D9%8A%D8%A9-%D8%B9%D9%86%D9%88%D8%A7%D9%86-%D8%A7%D8%B1%D8%AE%D8%B5-%D8%B4%D9%82%D8%A9-250%D9%85-%D8%A8%D8%AD%D8%B1%D9%8A-%D8%A8%D8%A7%D9%84%D9%83%D8%A7%D9%85%D9%84-%D8%A8%D9%81%D9%8A%D9%88-%D8%AC%D8%A7%D8%B1%D8%AF%D9%86-%D8%B1%D8%A7%D8%A6%D8%B9-%D9%82%D8%B1%D9%8A%D8%A8%D9%87-%D9%85%D9%86-%D8%A7%D9%84%D9%86%D8%A7%D8%AF%D9%89-%D8%A8%D9%87%D8%A7-%D8%AA%D8%B4%D8%B7%D9%8A%D8%A8-%D8%AE%D8%A7%D8%B5-%D8%A7%D9%84%D9%85%D8%B1%D8%AD%D9%84%D8%A9-%D8%A7%D9%84%D8%AE%D8%A7%D9%85%D8%B3%D8%A9-%D8%A7%D9%84%D8%B1%D8%AD%D8%A7%D8%A81-%D8%A7%D8%B3%D8%A7%D9%86%D8%B3%D8%B1-%D9%88%D8%A8%D8%B3%D8%B9%D8%B1-%D9%84%D9%82%D8%B7%D9%87-ID503207449.html
شقة  3 غرف ارضي بحديقة 300 متر متشطبة بالمطبخ و التكيفات,10500000,3,2,157,https://www.dubizzle.com.eg/ad/%D8%B4%D9%82%D8%A9-3-%D8%BA%D8%B1%D9%81-%D8%A7%D8%B1%D8%B6%D9%8A-%D8%A8%D8%AD%D8%AF%D9%8A%D9%82%D8%A9-300-%D9%85%D8%AA%D8%B1-%D9%85%D8%AA%D8%B4%D8%B7%D8%A8%D8%A9-%D8%A8%D8%A7%D9%84%D9%85%D8%B7%D8%A8%D8%AE-%D9%88-%D8%A7%D9%84%D8%AA%D9%83%D9%8A%D9%81%D8%A7%D8%AA-ID502499095.html
امتلك افضل شقة 170م بتشطيبات خاصة فى وصال و قسط الباقى على 5 سنوات,6650000,3,3,170,https://www.dubizzle.com.eg/ad/%D8%A7%D9%85%D8%AA%D9%84%D9%83-%D8%A7%D9%81%D8%B6%D9%84-%D8%B4%D9%82%D8%A9-170%D9%85-%D8%A8%D8%AA%D8%B4%D8%B7%D9%8A%D8%A8%D8%A7%D8%AA-%D8%AE%D8%A7%D8%B5%D8%A9-%D9%81%D9%89-%D9%88%D8%B5%D8%A7%D9%84-%D9%88-%D9%82%D8%B3%D8%B7-%D8%A7%D9%84%D8%A8%D8%A7%D9%82%D9%89-%D8%B9%D9%84%D9%89-5-%D8%B3%D9%86%D9%88%D8%A7%D8%AA-ID503898840.html
شقة في لافينير فيو مباشر على اكبر مسطحات خضراء في الكمبوند بحري استلام فوري,5200000,3,3,160,https://www.dubizzle.com.eg/ad/%D8%B4%D9%82%D8%A9-%D9%81%D9%8A-%D9%84%D8%A7%D9%81%D9%8A%D9%86%D9%8A%D8%B1-%D9%81%D9%8A%D9%88-%D9%85%D8%A8%D8%A7%D8%B4%D8%B1-%D8%B9%D9%84%D9%89-%D8%A7%D9%83%D8%A8%D8%B1-%D9%85%D8%B3%D8%B7%D8%AD%D8%A7%D8%AA-%D8%AE%D8%B6%D8%B1%D8%A7%D8%A1-%D9%81%D9%8A-%D8%A7%D9%84%D9%83%D9%85%D8%A8%D9%88%D9%86%D8%AF-%D8%A8%D8%AD%D8%B1%D9%8A-%D8%A7%D8%B3%D8%AA%D9%84%D8%A7%D9%85-%D9%81%D9%88%D8%B1%D9%8A-ID503811615.html
شقة جاهزة | فيو مفتوح | موقع مميز | إفي ايستاون التجمع الخامس من تطوير شركه سوديك- Eastown By Sodic Developments,14850000,2,2,156,https://www.dubizzle.com.eg/ad/%D8%B4%D9%82%D8%A9-%D8%AC%D8%A7%D9%87%D8%B2%D8%A9-%D9%81%D9%8A%D9%88-%D9%85%D9%81%D8%AA%D9%88%D8%AD-%D9%85%D9%88%D9%82%D8%B9-%D9%85%D9%85%D9%8A%D8%B2-%D8%A5%D9%81%D9%8A-%D8%A7%D9%8A%D8%B3%D8%AA%D8%A7%D9%88%D9%86-%D8%A7%D9%84%D8%AA%D8%AC%D9%85%D8%B9-%D8%A7%D9%84%D8%AE%D8%A7%D9%85%D8%B3-%D9%85%D9%86-%D8%AA%D8%B7%D9%88%D9%8A%D8%B1-%D8%B4%D8%B1%D9%83%D9%87-%D8%B3%D9%88%D8%AF%D9%8A%D9%83-eastown-by-sodic-developments-ID503701840.html
شقة بتشطيب الترا لوكس 210 متر 3 غرف جاهزة للاستلام بموقع مميز مناسبة للسكن والاستثمار للبيع في ذا سكوير الاهلي صبور The Square Al Ahly Sabbour,9000000,3,3,210,https://www.dubizzle.com.eg/ad/%D8%B4%D9%82%D8%A9-%D8%A8%D8%AA%D8%B4%D8%B7%D9%8A%D8%A8-%D8%A7%D9%84%D8%AA%D8%B1%D8%A7-%D9%84%D9%88%D9%83%D8%B3-210-%D9%85%D8%AA%D8%B1-3-%D8%BA%D8%B1%D9%81-%D8%AC%D8%A7%D9%87%D8%B2%D8%A9-%D9%84%D9%84%D8%A7%D8%B3%D8%AA%D9%84%D8%A7%D9%85-%D8%A8%D9%85%D9%88%D9%82%D8%B9-%D9%85%D9%85%D9%8A%D8%B2-%D9%85%D9%86%D8%A7%D8%B3%D8%A8%D8%A9-%D9%84%D9%84%D8%B3%D9%83%D9%86-%D9%88%D8%A7%D9%84%D8%A7%D8%B3%D8%AA%D8%AB%D9%85%D8%A7%D8%B1-%D9%84%D9%84%D8%A8%D9%8A%D8%B9-%D9%81%D9%8A-%D8%B0%D8%A7-%D8%B3%D9%83%D9%88%D9%8A%D8%B1-%D8%A7%D9%84%D8%A7%D9%87%D9%84%D9%8A-%D8%B5%D8%A8%D9%88%D8%B1-the-square-al-ahly-sabbour-ID503675757.html
شقة بإطلالة مميزه مباشره علي البحيرة 165 متر بأقل مقدم وإجمالي للبيع في اى سيتي ماونتن ڤيو Mountain view I city,7500000,3,3,165,https://www.dubizzle.com.eg/ad/%D8%B4%D9%82%D8%A9-%D8%A8%D8%A5%D8%B7%D9%84%D8%A7%D9%84%D8%A9-%D9%85%D9%85%D9%8A%D8%B2%D9%87-%D9%85%D8%A8%D8%A7%D8%B4%D8%B1%D9%87-%D8%B9%D9%84%D9%8A-%D8%A7%D9%84%D8%A8%D8%AD%D9%8A%D8%B1%D8%A9-165-%D9%85%D8%AA%D8%B1-%D8%A8%D8%A3%D9%82%D9%84-%D9%85%D9%82%D8%AF%D9%85-%D9%88%D8%A5%D8%AC%D9%85%D8%A7%D9%84%D9%8A-%D9%84%D9%84%D8%A8%D9%8A%D8%B9-%D9%81%D9%8A-%D8%A7%D9%89-%D8%B3%D9%8A%D8%AA%D9%8A-%D9%85%D8%A7%D9%88%D9%86%D8%AA%D9%86-%DA%A4%D9%8A%D9%88-mountain-view-i-city-ID503844079.html
شقه ١٠١ متر في سيليا العاصمه  الاداريه,5700000,2,1,101,https://www.dubizzle.com.eg/ad/%D8%B4%D9%82%D9%87-%D9%A1%D9%A0%D9%A1-%D9%85%D8%AA%D8%B1-%D9%81%D9%8A-%D8%B3%D9%8A%D9%84%D9%8A%D8%A7-%D8%A7%D9%84%D8%B9%D8%A7%D8%B5%D9%85%D9%87-%D8%A7%D9%84%D8%A7%D8%AF%D8%A7%D8%B1%D9%8A%D9%87-ID208653356.html
للبيع شقه مدينتى,11500000,3,3,175,https://www.dubizzle.com.eg/ad/%D9%84%D9%84%D8%A8%D9%8A%D8%B9-%D8%B4%D9%82%D9%87-%D9%85%D8%AF%D9%8A%D9%86%D8%AA%D9%89-ID503894212.html
شقه للبيع في مدينتي سورفىسور) 150م و بخصم 50% على الكاش بالتقسيط على 12 سنه بدون فوايد لشركة مدينة مصر للاسكان و التعمير,7900000,3,3,150,https://www.dubizzle.com.eg/ad/%D8%B4%D9%82%D9%87-%D9%84%D9%84%D8%A8%D9%8A%D8%B9-%D9%81%D9%8A-%D9%85%D8%AF%D9%8A%D9%86%D8%AA%D9%8A-%D8%B3%D9%88%D8%B1%D9%81%D9%89%D8%B3%D9%88%D8%B1-150%D9%85-%D9%88-%D8%A8%D8%AE%D8%B5%D9%85-50-%D8%B9%D9%84%D9%89-%D8%A7%D9%84%D9%83%D8%A7%D8%B4-%D8%A8%D8%A7%D9%84%D8%AA%D9%82%D8%B3%D9%8A%D8%B7-%D8%B9%D9%84%D9%89-12-%D8%B3%D9%86%D9%87-%D8%A8%D8%AF%D9%88%D9%86-%D9%81%D9%88%D8%A7%D9%8A%D8%AF-%D9%84%D8%B4%D8%B1%D9%83%D8%A9-%D9%85%D8%AF%D9%8A%D9%86%D8%A9-%D9%85%D8%B5%D8%B1-%D9%84%D9%84%D8%A7%D8%B3%D9%83%D8%A7%D9%86-%D9%88-%D8%A7%D9%84%D8%AA%D8%B9%D9%85%D9%8A%D8%B1-ID502061705.html
بخصم 50% اسمتلك شقه غرفتين استلام قريب دايركت علي شارع الحريه امام كارفور الشروق في كمبوند بالنسيا - PALENCIA او قسط لحد 10 سنين,3400000,2,2,131,https://www.dubizzle.com.eg/ad/%D8%A8%D8%AE%D8%B5%D9%85-50-%D8%A7%D8%B3%D9%85%D8%AA%D9%84%D9%83-%D8%B4%D9%82%D9%87-%D8%BA%D8%B1%D9%81%D8%AA%D9%8A%D9%86-%D8%A7%D8%B3%D8%AA%D9%84%D8%A7%D9%85-%D9%82%D8%B1%D9%8A%D8%A8-%D8%AF%D8%A7%D9%8A%D8%B1%D9%83%D8%AA-%D8%B9%D9%84%D9%8A-%D8%B4%D8%A7%D8%B1%D8%B9-%D8%A7%D9%84%D8%AD%D8%B1%D9%8A%D9%87-%D8%A7%D9%85%D8%A7%D9%85-%D9%83%D8%A7%D8%B1%D9%81%D9%88%D8%B1-%D8%A7%D9%84%D8%B4%D8%B1%D9%88%D9%82-%D9%81%D9%8A-%D9%83%D9%85%D8%A8%D9%88%D9%86%D8%AF-%D8%A8%D8%A7%D9%84%D9%86%D8%B3%D9%8A%D8%A7-palencia-%D8%A7%D9%88-%D9%82%D8%B3%D8%B7-%D9%84%D8%AD%D8%AF-10-%D8%B3%D9%86%D9%8A%D9%86-ID503749118.html
بخصم 64% امتلك شقه متشطبه بالكامل في هليوبوليس الجديده سور بسور مع Sodic East في كمبوند تلالا- Talala او قسط لحد 15 سنين,1506522,1,1,47,https://www.dubizzle.com.eg/ad/%D8%A8%D8%AE%D8%B5%D9%85-64-%D8%A7%D9%85%D8%AA%D9%84%D9%83-%D8%B4%D9%82%D9%87-%D9%85%D8%AA%D8%B4%D8%B7%D8%A8%D9%87-%D8%A8%D8%A7%D9%84%D9%83%D8%A7%D9%85%D9%84-%D9%81%D9%8A-%D9%87%D9%84%D9%8A%D9%88%D8%A8%D9%88%D9%84%D9%8A%D8%B3-%D8%A7%D9%84%D8%AC%D8%AF%D9%8A%D8%AF%D9%87-%D8%B3%D9%88%D8%B1-%D8%A8%D8%B3%D9%88%D8%B1-%D9%85%D8%B9-sodic-east-%D9%81%D9%8A-%D9%83%D9%85%D8%A8%D9%88%D9%86%D8%AF-%D8%AA%D9%84%D8%A7%D9%84%D8%A7-talala-%D8%A7%D9%88-%D9%82%D8%B3%D8%B7-%D9%84%D8%AD%D8%AF-15-%D8%B3%D9%86%D9%8A%D9%86-ID503754184.html
بخصم 50% امتلك شقه غرفتين دايركت علي محور الامل سور بسور مع مدينتي بسعر ستوديو في كمبوند سراي - المستقبل سيتي / Sarai - Mostakbal City,3850000,2,2,100,https://www.dubizzle.com.eg/ad/%D8%A8%D8%AE%D8%B5%D9%85-50-%D8%A7%D9%85%D8%AA%D9%84%D9%83-%D8%B4%D9%82%D9%87-%D8%BA%D8%B1%D9%81%D8%AA%D9%8A%D9%86-%D8%AF%D8%A7%D9%8A%D8%B1%D9%83%D8%AA-%D8%B9%D9%84%D9%8A-%D9%85%D8%AD%D9%88%D8%B1-%D8%A7%D9%84%D8%A7%D9%85%D9%84-%D8%B3%D9%88%D8%B1-%D8%A8%D8%B3%D9%88%D8%B1-%D9%85%D8%B9-%D9%85%D8%AF%D9%8A%D9%86%D8%AA%D9%8A-%D8%A8%D8%B3%D8%B9%D8%B1-%D8%B3%D8%AA%D9%88%D8%AF%D9%8A%D9%88-%D9%81%D9%8A-%D9%83%D9%85%D8%A8%D9%88%D9%86%D8%AF-%D8%B3%D8%B1%D8%A7%D9%8A-%D8%A7%D9%84%D9%85%D8%B3%D8%AA%D9%82%D8%A8%D9%84-%D8%B3%D9%8A%D8%AA%D9%8A-sarai-mostakbal-city-ID503464800.html
بنتهاوس للبيع فى ماونتن ڤيو هايد بارك  mountain view hyde park فى موقع مميز على فيو مزدوج جاهزة للاستلام الفورى,11200000,3,3,166,https://www.dubizzle.com.eg/ad/%D8%A8%D9%86%D8%AA%D9%87%D8%A7%D9%88%D8%B3-%D9%84%D9%84%D8%A8%D9%8A%D8%B9-%D9%81%D9%89-%D9%85%D8%A7%D9%88%D9%86%D8%AA%D9%86-%DA%A4%D9%8A%D9%88-%D9%87%D8%A7%D9%8A%D8%AF-%D8%A8%D8%A7%D8%B1%D9%83-mountain-view-hyde-park-%D9%81%D9%89-%D9%85%D9%88%D9%82%D8%B9-%D9%85%D9%85%D9%8A%D8%B2-%D8%B9%D9%84%D9%89-%D9%81%D9%8A%D9%88-%D9%85%D8%B2%D8%AF%D9%88%D8%AC-%D8%AC%D8%A7%D9%87%D8%B2%D8%A9-%D9%84%D9%84%D8%A7%D8%B3%D8%AA%D9%84%D8%A7%D9%85-%D8%A7%D9%84%D9%81%D9%88%D8%B1%D9%89-ID503902872.html
عش الرفاهية في أضخم مساحة 220م بتصميم استثنائي وخصم 50% نصف السعر كاش بـ تاج سيتي,9080501,4,3,220,https://www.dubizzle.com.eg/ad/%D8%B9%D8%B4-%D8%A7%D9%84%D8%B1%D9%81%D8%A7%D9%87%D9%8A%D8%A9-%D9%81%D9%8A-%D8%A3%D8%B6%D8%AE%D9%85-%D9%85%D8%B3%D8%A7%D8%AD%D8%A9-220%D9%85-%D8%A8%D8%AA%D8%B5%D9%85%D9%8A%D9%85-%D8%A7%D8%B3%D8%AA%D8%AB%D9%86%D8%A7%D8%A6%D9%8A-%D9%88%D8%AE%D8%B5%D9%85-50-%D9%86%D8%B5%D9%81-%D8%A7%D9%84%D8%B3%D8%B9%D8%B1-%D9%83%D8%A7%D8%B4-%D8%A8%D9%80-%D8%AA%D8%A7%D8%AC-%D8%B3%D9%8A%D8%AA%D9%8A-ID503902868.html
أفضل سعر لشقة جاهزة للاستلام متشطبة بالكامل بالدور الثاني بالمطبخ والتكييفات في موقع مميز جدًا على حمام السباحة للبيع في ذا سييراس أب تاون كايرو,19500000,3,3,186,https://www.dubizzle.com.eg/ad/%D8%A3%D9%81%D8%B6%D9%84-%D8%B3%D8%B9%D8%B1-%D9%84%D8%B4%D9%82%D8%A9-%D8%AC%D8%A7%D9%87%D8%B2%D8%A9-%D9%84%D9%84%D8%A7%D8%B3%D8%AA%D9%84%D8%A7%D9%85-%D9%85%D8%AA%D8%B4%D8%B7%D8%A8%D8%A9-%D8%A8%D8%A7%D9%84%D9%83%D8%A7%D9%85%D9%84-%D8%A8%D8%A7%D9%84%D8%AF%D9%88%D8%B1-%D8%A7%D9%84%D8%AB%D8%A7%D9%86%D9%8A-%D8%A8%D8%A7%D9%84%D9%85%D8%B7%D8%A8%D8%AE-%D9%88%D8%A7%D9%84%D8%AA%D9%83%D9%8A%D9%8A%D9%81%D8%A7%D8%AA-%D9%81%D9%8A-%D9%85%D9%88%D9%82%D8%B9-%D9%85%D9%85%D9%8A%D8%B2-%D8%AC%D8%AF%D8%A7-%D8%B9%D9%84%D9%89-%D8%AD%D9%85%D8%A7%D9%85-%D8%A7%D9%84%D8%B3%D8%A8%D8%A7%D8%AD%D8%A9-%D9%84%D9%84%D8%A8%D9%8A%D8%B9-%D9%81%D9%8A-%D8%B0%D8%A7-%D8%B3%D9%8A%D9%8A%D8%B1%D8%A7%D8%B3-%D8%A3%D8%A8-%D8%AA%D8%A7%D9%88%D9%86-%D9%83%D8%A7%D9%8A%D8%B1%D9%88-ID503902808.html
ادفع وعاين وحدتك بأفضل لوكيشن في الشروق كاملة التشطيب واستلام فوري شقة للبيع امام مدينتي وعلى طريق السويس في مايان الشروق Mayan,9300000,2,2,145,https://www.dubizzle.com.eg/ad/%D8%A7%D8%AF%D9%81%D8%B9-%D9%88%D8%B9%D8%A7%D9%8A%D9%86-%D9%88%D8%AD%D8%AF%D8%AA%D9%83-%D8%A8%D8%A3%D9%81%D8%B6%D9%84-%D9%84%D9%88%D9%83%D9%8A%D8%B4%D9%86-%D9%81%D9%8A-%D8%A7%D9%84%D8%B4%D8%B1%D9%88%D9%82-%D9%83%D8%A7%D9%85%D9%84%D8%A9-%D8%A7%D9%84%D8%AA%D8%B4%D8%B7%D9%8A%D8%A8-%D9%88%D8%A7%D8%B3%D8%AA%D9%84%D8%A7%D9%85-%D9%81%D9%88%D8%B1%D9%8A-%D8%B4%D9%82%D8%A9-%D9%84%D9%84%D8%A8%D9%8A%D8%B9-%D8%A7%D9%85%D8%A7%D9%85-%D9%85%D8%AF%D9%8A%D9%86%D8%AA%D9%8A-%D9%88%D8%B9%D9%84%D9%89-%D8%B7%D8%B1%D9%8A%D9%82-%D8%A7%D9%84%D8%B3%D9%88%D9%8A%D8%B3-%D9%81%D9%8A-%D9%85%D8%A7%D9%8A%D8%A7%D9%86-%D8%A7%D9%84%D8%B4%D8%B1%D9%88%D9%82-mayan-ID503902844.html
اغتنم الفرصة قبل نفاد الوحدات المتاحة للبيع بأفضل لوكيشن في الشروق كاملة التشطيب واستلام فوري امام مدينتي وعلى طريق السويس في مايان الشروق Mayan,9500000,2,2,160,https://www.dubizzle.com.eg/ad/%D8%A7%D8%BA%D8%AA%D9%86%D9%85-%D8%A7%D9%84%D9%81%D8%B1%D8%B5%D8%A9-%D9%82%D8%A8%D9%84-%D9%86%D9%81%D8%A7%D8%AF-%D8%A7%D9%84%D9%88%D8%AD%D8%AF%D8%A7%D8%AA-%D8%A7%D9%84%D9%85%D8%AA%D8%A7%D8%AD%D8%A9-%D9%84%D9%84%D8%A8%D9%8A%D8%B9-%D8%A8%D8%A3%D9%81%D8%B6%D9%84-%D9%84%D9%88%D9%83%D9%8A%D8%B4%D9%86-%D9%81%D9%8A-%D8%A7%D9%84%D8%B4%D8%B1%D9%88%D9%82-%D9%83%D8%A7%D9%85%D9%84%D8%A9-%D8%A7%D9%84%D8%AA%D8%B4%D8%B7%D9%8A%D8%A8-%D9%88%D8%A7%D8%B3%D8%AA%D9%84%D8%A7%D9%85-%D9%81%D9%88%D8%B1%D9%8A-%D8%A7%D9%85%D8%A7%D9%85-%D9%85%D8%AF%D9%8A%D9%86%D8%AA%D9%8A-%D9%88%D8%B9%D9%84%D9%89-%D8%B7%D8%B1%D9%8A%D9%82-%D8%A7%D9%84%D8%B3%D9%88%D9%8A%D8%B3-%D9%81%D9%8A-%D9%85%D8%A7%D9%8A%D8%A7%D9%86-%D8%A7%D9%84%D8%B4%D8%B1%D9%88%D9%82-mayan-ID503902843.html
كمبوند Mountain View Hyde Park اي فيلا جاردن القاهره الجديده استلام فوري,17400000,3,3,223,https://www.dubizzle.com.eg/ad/%D9%83%D9%85%D8%A8%D9%88%D9%86%D8%AF-mountain-view-hyde-park-%D8%A7%D9%8A-%D9%81%D9%8A%D9%84%D8%A7-%D8%AC%D8%A7%D8%B1%D8%AF%D9%86-%D8%A7%D9%84%D9%82%D8%A7%D9%87%D8%B1%D9%87-%D8%A7%D9%84%D8%AC%D8%AF%D9%8A%D8%AF%D9%87-%D8%A7%D8%B3%D8%AA%D9%84%D8%A7%D9%85-%D9%81%D9%88%D8%B1%D9%8A-ID503902851.html
"لو بتدور على شقة في لوكيشن مميز بالعاصمة, قريبة من النهر الأخضر، محور بن زايد ومدينة الفنون والثقافة، مع تقسيط مريح لحد 12 سنة!",4207000,3,3,139,https://www.dubizzle.com.eg/ad/%D9%84%D9%88-%D8%A8%D8%AA%D8%AF%D9%88%D8%B1-%D8%B9%D9%84%D9%89-%D8%B4%D9%82%D8%A9-%D9%81%D9%8A-%D9%84%D9%88%D9%83%D9%8A%D8%B4%D9%86-%D9%85%D9%85%D9%8A%D8%B2-%D8%A8%D8%A7%D9%84%D8%B9%D8%A7%D8%B5%D9%85%D8%A9-%D9%82%D8%B1%D9%8A%D8%A8%D8%A9-%D9%85%D9%86-%D8%A7%D9%84%D9%86%D9%87%D8%B1-%D8%A7%D9%84%D8%A3%D8%AE%D8%B6%D8%B1-%D9%85%D8%AD%D9%88%D8%B1-%D8%A8%D9%86-%D8%B2%D8%A7%D9%8A%D8%AF-%D9%88%D9%85%D8%AF%D9%8A%D9%86%D8%A9-%D8%A7%D9%84%D9%81%D9%86%D9%88%D9%86-%D9%88%D8%A7%D9%84%D8%AB%D9%82%D8%A7%D9%81%D8%A9-%D9%85%D8%B9-%D8%AA%D9%82%D8%B3%D9%8A%D8%B7-%D9%85%D8%B1%D9%8A%D8%AD-%D9%84%D8%AD%D8%AF-12-%D8%B3%D9%86%D8%A9-ID503902846.html
دوبلكس 192   متر بإطلالة خلابة على النهر الأخضر والأبراج الشهيرة. إطلالة مزدوجة مع مسبح خاص تقسيط علي 15 سنة .,9964800,3,3,192,https://www.dubizzle.com.eg/ad/%D8%AF%D9%88%D8%A8%D9%84%D9%83%D8%B3-192-%D9%85%D8%AA%D8%B1-%D8%A8%D8%A5%D8%B7%D9%84%D8%A7%D9%84%D8%A9-%D8%AE%D9%84%D8%A7%D8%A8%D8%A9-%D8%B9%D9%84%D9%89-%D8%A7%D9%84%D9%86%D9%87%D8%B1-%D8%A7%D9%84%D8%A3%D8%AE%D8%B6%D8%B1-%D9%88%D8%A7%D9%84%D8%A3%D8%A8%D8%B1%D8%A7%D8%AC-%D8%A7%D9%84%D8%B4%D9%87%D9%8A%D8%B1%D8%A9-%D8%A5%D8%B7%D9%84%D8%A7%D9%84%D8%A9-%D9%85%D8%B2%D8%AF%D9%88%D8%AC%D8%A9-%D9%85%D8%B9-%D9%85%D8%B3%D8%A8%D8%AD-%D8%AE%D8%A7%D8%B5-%D8%AA%D9%82%D8%B3%D9%8A%D8%B7-%D8%B9%D9%84%D9%8A-15-%D8%B3%D9%86%D8%A9-ID503886697.html
شقه للبيع في الباتيو اورو التجمع الخامس موقع متميز و اقل من سعر السوق Elpatio oro,7500000,2,2,128,https://www.dubizzle.com.eg/ad/%D8%B4%D9%82%D9%87-%D9%84%D9%84%D8%A8%D9%8A%D8%B9-%D9%81%D9%8A-%D8%A7%D9%84%D8%A8%D8%A7%D8%AA%D9%8A%D9%88-%D8%A7%D9%88%D8%B1%D9%88-%D8%A7%D9%84%D8%AA%D8%AC%D9%85%D8%B9-%D8%A7%D9%84%D8%AE%D8%A7%D9%85%D8%B3-%D9%85%D9%88%D9%82%D8%B9-%D9%85%D8%AA%D9%85%D9%8A%D8%B2-%D9%88-%D8%A7%D9%82%D9%84-%D9%85%D9%86-%D8%B3%D8%B9%D8%B1-%D8%A7%D9%84%D8%B3%D9%88%D9%82-elpatio-oro-ID503880517.html
شقة متشطبه للبيع استلام قريب، باقل مقدم ، للبيع في بالم هيلز، القاهرة الجديدة,13300000,3,3,175,https://www.dubizzle.com.eg/ad/%D8%B4%D9%82%D8%A9-%D9%85%D8%AA%D8%B4%D8%B7%D8%A8%D9%87-%D9%84%D9%84%D8%A8%D9%8A%D8%B9-%D8%A7%D8%B3%D8%AA%D9%84%D8%A7%D9%85-%D9%82%D8%B1%D9%8A%D8%A8-%D8%A8%D8%A7%D9%82%D9%84-%D9%85%D9%82%D8%AF%D9%85-%D9%84%D9%84%D8%A8%D9%8A%D8%B9-%D9%81%D9%8A-%D8%A8%D8%A7%D9%84%D9%85-%D9%87%D9%8A%D9%84%D8%B2-%D8%A7%D9%84%D9%82%D8%A7%D9%87%D8%B1%D8%A9-%D8%A7%D9%84%D8%AC%D8%AF%D9%8A%D8%AF%D8%A9-ID503733507.html
New Garden City R5 – شقة 3 غرف – مساحة 191m – تقسيط حتى 15 سنة – موقع استراتيجي بالعاصمة الإدارية,5096000,2,2,140,https://www.dubizzle.com.eg/ad/new-garden-city-r5-%D8%B4%D9%82%D8%A9-3-%D8%BA%D8%B1%D9%81-%D9%85%D8%B3%D8%A7%D8%AD%D8%A9-191m-%D8%AA%D9%82%D8%B3%D9%8A%D8%B7-%D8%AD%D8%AA%D9%89-15-%D8%B3%D9%86%D8%A9-%D9%85%D9%88%D9%82%D8%B9-%D8%A7%D8%B3%D8%AA%D8%B1%D8%A7%D8%AA%D9%8A%D8%AC%D9%8A-%D8%A8%D8%A7%D9%84%D8%B9%D8%A7%D8%B5%D9%85%D8%A9-%D8%A7%D9%84%D8%A5%D8%AF%D8%A7%D8%B1%D9%8A%D8%A9-ID503855185.html
شقة مميزة داخل كومبوند في الحي التامن بالعاصمة امام الفندق والجامعة الانترناشونال,4219660,3,3,175,https://www.dubizzle.com.eg/ad/%D8%B4%D9%82%D8%A9-%D9%85%D9%85%D9%8A%D8%B2%D8%A9-%D8%AF%D8%A7%D8%AE%D9%84-%D9%83%D9%88%D9%85%D8%A8%D9%88%D9%86%D8%AF-%D9%81%D9%8A-%D8%A7%D9%84%D8%AD%D9%8A-%D8%A7%D9%84%D8%AA%D8%A7%D9%85%D9%86-%D8%A8%D8%A7%D9%84%D8%B9%D8%A7%D8%B5%D9%85%D8%A9-%D8%A7%D9%85%D8%A7%D9%85-%D8%A7%D9%84%D9%81%D9%86%D8%AF%D9%82-%D9%88%D8%A7%D9%84%D8%AC%D8%A7%D9%85%D8%B9%D8%A9-%D8%A7%D9%84%D8%A7%D9%86%D8%AA%D8%B1%D9%86%D8%A7%D8%B4%D9%88%D9%86%D8%A7%D9%84-ID503886474.html
شقة استلام فوري وقريبة جدا من الخدمات جاهزة للمعاينة,4750000,3,3,180,https://www.dubizzle.com.eg/ad/%D8%B4%D9%82%D8%A9-%D8%A7%D8%B3%D8%AA%D9%84%D8%A7%D9%85-%D9%81%D9%88%D8%B1%D9%8A-%D9%88%D9%82%D8%B1%D9%8A%D8%A8%D8%A9-%D8%AC%D8%AF%D8%A7-%D9%85%D9%86-%D8%A7%D9%84%D8%AE%D8%AF%D9%85%D8%A7%D8%AA-%D8%AC%D8%A7%D9%87%D8%B2%D8%A9-%D9%84%D9%84%D9%85%D8%B9%D8%A7%D9%8A%D9%86%D8%A9-ID503886366.html
شقه استلام فوري فيو مفتوح بأقل سعرفي كمبوند سراي,5500000,3,3,172,https://www.dubizzle.com.eg/ad/%D8%B4%D9%82%D9%87-%D8%A7%D8%B3%D8%AA%D9%84%D8%A7%D9%85-%D9%81%D9%88%D8%B1%D9%8A-%D9%81%D9%8A%D9%88-%D9%85%D9%81%D8%AA%D9%88%D8%AD-%D8%A8%D8%A3%D9%82%D9%84-%D8%B3%D8%B9%D8%B1%D9%81%D9%8A-%D9%83%D9%85%D8%A8%D9%88%D9%86%D8%AF-%D8%B3%D8%B1%D8%A7%D9%8A-ID503887639.html
شقه 145م بالتقسيط ريسيل في هايدبارك التجمع الخامس تشطيب الترا سوبر لوكس-View landscape جاهزه للسكن,9200000,2,3,145,https://www.dubizzle.com.eg/ad/%D8%B4%D9%82%D9%87-145%D9%85-%D8%A8%D8%A7%D9%84%D8%AA%D9%82%D8%B3%D9%8A%D8%B7-%D8%B1%D9%8A%D8%B3%D9%8A%D9%84-%D9%81%D9%8A-%D9%87%D8%A7%D9%8A%D8%AF%D8%A8%D8%A7%D8%B1%D9%83-%D8%A7%D9%84%D8%AA%D8%AC%D9%85%D8%B9-%D8%A7%D9%84%D8%AE%D8%A7%D9%85%D8%B3-%D8%AA%D8%B4%D8%B7%D9%8A%D8%A8-%D8%A7%D9%84%D8%AA%D8%B1%D8%A7-%D8%B3%D9%88%D8%A8%D8%B1-%D9%84%D9%88%D9%83%D8%B3-view-landscape-%D8%AC%D8%A7%D9%87%D8%B2%D9%87-%D9%84%D9%84%D8%B3%D9%83%D9%86-ID503887651.html
خصم الكاش وامتلك دوبلكس فاخر في أرقى موقع بقلب التجمع السادس,10096200,4,4,285,https://www.dubizzle.com.eg/ad/%D8%AE%D8%B5%D9%85-%D8%A7%D9%84%D9%83%D8%A7%D8%B4-%D9%88%D8%A7%D9%85%D8%AA%D9%84%D9%83-%D8%AF%D9%88%D8%A8%D9%84%D9%83%D8%B3-%D9%81%D8%A7%D8%AE%D8%B1-%D9%81%D9%8A-%D8%A3%D8%B1%D9%82%D9%89-%D9%85%D9%88%D9%82%D8%B9-%D8%A8%D9%82%D9%84%D8%A8-%D8%A7%D9%84%D8%AA%D8%AC%D9%85%D8%B9-%D8%A7%D9%84%D8%B3%D8%A7%D8%AF%D8%B3-ID503887172.html
امتلك شقة بأقل سعر متر في العاصمة الإدارية كلها !,4500000,3,3,150,https://www.dubizzle.com.eg/ad/%D8%A7%D9%85%D8%AA%D9%84%D9%83-%D8%B4%D9%82%D8%A9-%D8%A8%D8%A3%D9%82%D9%84-%D8%B3%D8%B9%D8%B1-%D9%85%D8%AA%D8%B1-%D9%81%D9%8A-%D8%A7%D9%84%D8%B9%D8%A7%D8%B5%D9%85%D8%A9-%D8%A7%D9%84%D8%A5%D8%AF%D8%A7%D8%B1%D9%8A%D8%A9-%D9%83%D9%84%D9%87%D8%A7-ID503847765.html
شقه لقطه ( بخصم 54%) و بسعر اللونش من mnhd للبيع فى القاهره الجديده مدينتى madinty,3800000,1,1,60,https://www.dubizzle.com.eg/ad/%D8%B4%D9%82%D9%87-%D9%84%D9%82%D8%B7%D9%87-%D8%A8%D8%AE%D8%B5%D9%85-54-%D9%88-%D8%A8%D8%B3%D8%B9%D8%B1-%D8%A7%D9%84%D9%84%D9%88%D9%86%D8%B4-%D9%85%D9%86-mnhd-%D9%84%D9%84%D8%A8%D9%8A%D8%B9-%D9%81%D9%89-%D8%A7%D9%84%D9%82%D8%A7%D9%87%D8%B1%D9%87-%D8%A7%D9%84%D8%AC%D8%AF%D9%8A%D8%AF%D9%87-%D9%85%D8%AF%D9%8A%D9%86%D8%AA%D9%89-madinty-ID503741526.html
شقة استلام فوري بموقع مميز فيو مفتوح على مساحات خضراء بتشطيب الترا لوكس بالتكييفات والمطبخ و الأجهزة 2 غرفة جاهزة للاستلام بسعر مميز في ماونتن فيو,10500000,2,2,133,https://www.dubizzle.com.eg/ad/%D8%B4%D9%82%D8%A9-%D8%A7%D8%B3%D8%AA%D9%84%D8%A7%D9%85-%D9%81%D9%88%D8%B1%D9%8A-%D8%A8%D9%85%D9%88%D9%82%D8%B9-%D9%85%D9%85%D9%8A%D8%B2-%D9%81%D9%8A%D9%88-%D9%85%D9%81%D8%AA%D9%88%D8%AD-%D8%B9%D9%84%D9%89-%D9%85%D8%B3%D8%A7%D8%AD%D8%A7%D8%AA-%D8%AE%D8%B6%D8%B1%D8%A7%D8%A1-%D8%A8%D8%AA%D8%B4%D8%B7%D9%8A%D8%A8-%D8%A7%D9%84%D8%AA%D8%B1%D8%A7-%D9%84%D9%88%D9%83%D8%B3-%D8%A8%D8%A7%D9%84%D8%AA%D9%83%D9%8A%D9%8A%D9%81%D8%A7%D8%AA-%D9%88%D8%A7%D9%84%D9%85%D8%B7%D8%A8%D8%AE-%D9%88-%D8%A7%D9%84%D8%A3%D8%AC%D9%87%D8%B2%D8%A9-2-%D8%BA%D8%B1%D9%81%D8%A9-%D8%AC%D8%A7%D9%87%D8%B2%D8%A9-%D9%84%D9%84%D8%A7%D8%B3%D8%AA%D9%84%D8%A7%D9%85-%D8%A8%D8%B3%D8%B9%D8%B1-%D9%85%D9%85%D9%8A%D8%B2-%D9%81%D9%8A-%D9%85%D8%A7%D9%88%D9%86%D8%AA%D9%86-%D9%81%D9%8A%D9%88-ID503675768.html
دوبلكس تشطيب كامل للبيع في ذا أدريس إيست، القاهرة الجديدة The Address East New Cairo,12000000,3,3,210,https://www.dubizzle.com.eg/ad/%D8%AF%D9%88%D8%A8%D9%84%D9%83%D8%B3-%D8%AA%D8%B4%D8%B7%D9%8A%D8%A8-%D9%83%D8%A7%D9%85%D9%84-%D9%84%D9%84%D8%A8%D9%8A%D8%B9-%D9%81%D9%8A-%D8%B0%D8%A7-%D8%A3%D8%AF%D8%B1%D9%8A%D8%B3-%D8%A5%D9%8A%D8%B3%D8%AA-%D8%A7%D9%84%D9%82%D8%A7%D9%87%D8%B1%D8%A9-%D8%A7%D9%84%D8%AC%D8%AF%D9%8A%D8%AF%D8%A9-the-address-east-new-cairo-ID503899402.html
شقة مطلة على ملعب الجولف متشطبة بالتكيفات مقدم واقساط للبيع في كمباوند ابتاون كايرو اعمار القاهرة الجديدة,26500000,3,4,245,https://www.dubizzle.com.eg/ad/%D8%B4%D9%82%D8%A9-%D9%85%D8%B7%D9%84%D8%A9-%D8%B9%D9%84%D9%89-%D9%85%D9%84%D8%B9%D8%A8-%D8%A7%D9%84%D8%AC%D9%88%D9%84%D9%81-%D9%85%D8%AA%D8%B4%D8%B7%D8%A8%D8%A9-%D8%A8%D8%A7%D9%84%D8%AA%D9%83%D9%8A%D9%81%D8%A7%D8%AA-%D9%85%D9%82%D8%AF%D9%85-%D9%88%D8%A7%D9%82%D8%B3%D8%A7%D8%B7-%D9%84%D9%84%D8%A8%D9%8A%D8%B9-%D9%81%D9%8A-%D9%83%D9%85%D8%A8%D8%A7%D9%88%D9%86%D8%AF-%D8%A7%D8%A8%D8%AA%D8%A7%D9%88%D9%86-%D9%83%D8%A7%D9%8A%D8%B1%D9%88-%D8%A7%D8%B9%D9%85%D8%A7%D8%B1-%D8%A7%D9%84%D9%82%D8%A7%D9%87%D8%B1%D8%A9-%D8%A7%D9%84%D8%AC%D8%AF%D9%8A%D8%AF%D8%A9-ID503898094.html
شقة للبيع ريسيل بسعر حلو قوي في كمبوند الجازي استلام فوري التجمع الخامس,12500000,2,2,110,https://www.dubizzle.com.eg/ad/%D8%B4%D9%82%D8%A9-%D9%84%D9%84%D8%A8%D9%8A%D8%B9-%D8%B1%D9%8A%D8%B3%D9%8A%D9%84-%D8%A8%D8%B3%D8%B9%D8%B1-%D8%AD%D9%84%D9%88-%D9%82%D9%88%D9%8A-%D9%81%D9%8A-%D9%83%D9%85%D8%A8%D9%88%D9%86%D8%AF-%D8%A7%D9%84%D8%AC%D8%A7%D8%B2%D9%8A-%D8%A7%D8%B3%D8%AA%D9%84%D8%A7%D9%85-%D9%81%D9%88%D8%B1%D9%8A-%D8%A7%D9%84%D8%AA%D8%AC%D9%85%D8%B9-%D8%A7%D9%84%D8%AE%D8%A7%D9%85%D8%B3-ID503892115.html
شقة تمليك للبيع في كومباوند ماونتن فيو هايد بارك التجمع الخامس تشطيب الترا سوبر لوكس دبل فيو دور 3 فيو حمام سباحة المرحلة الاولي,8000000,2,2,134,https://www.dubizzle.com.eg/ad/%D8%B4%D9%82%D8%A9-%D8%AA%D9%85%D9%84%D9%8A%D9%83-%D9%84%D9%84%D8%A8%D9%8A%D8%B9-%D9%81%D9%8A-%D9%83%D9%88%D9%85%D8%A8%D8%A7%D9%88%D9%86%D8%AF-%D9%85%D8%A7%D9%88%D9%86%D8%AA%D9%86-%D9%81%D9%8A%D9%88-%D9%87%D8%A7%D9%8A%D8%AF-%D8%A8%D8%A7%D8%B1%D9%83-%D8%A7%D9%84%D8%AA%D8%AC%D9%85%D8%B9-%D8%A7%D9%84%D8%AE%D8%A7%D9%85%D8%B3-%D8%AA%D8%B4%D8%B7%D9%8A%D8%A8-%D8%A7%D9%84%D8%AA%D8%B1%D8%A7-%D8%B3%D9%88%D8%A8%D8%B1-%D9%84%D9%88%D9%83%D8%B3-%D8%AF%D8%A8%D9%84-%D9%81%D9%8A%D9%88-%D8%AF%D9%88%D8%B1-3-%D9%81%D9%8A%D9%88-%D8%AD%D9%85%D8%A7%D9%85-%D8%B3%D8%A8%D8%A7%D8%AD%D8%A9-%D8%A7%D9%84%D9%85%D8%B1%D8%AD%D9%84%D8%A9-%D8%A7%D9%84%D8%A7%D9%88%D9%84%D9%8A-ID503854404.html
فرصتك في مدينتي بأقل مقدم في السوق دور رابع استلام فوري,3500000,2,1,77,https://www.dubizzle.com.eg/ad/%D9%81%D8%B1%D8%B5%D8%AA%D9%83-%D9%81%D9%8A-%D9%85%D8%AF%D9%8A%D9%86%D8%AA%D9%8A-%D8%A8%D8%A3%D9%82%D9%84-%D9%85%D9%82%D8%AF%D9%85-%D9%81%D9%8A-%D8%A7%D9%84%D8%B3%D9%88%D9%82-%D8%AF%D9%88%D8%B1-%D8%B1%D8%A7%D8%A8%D8%B9-%D8%A7%D8%B3%D8%AA%D9%84%D8%A7%D9%85-%D9%81%D9%88%D8%B1%D9%8A-ID503897038.html
تميز حقيقي بالحي الثاني - بيت الوطن | شقة 226م ناصية بانوراما بـ View Garden,5850000,3,3,226,https://www.dubizzle.com.eg/ad/%D8%AA%D9%85%D9%8A%D8%B2-%D8%AD%D9%82%D9%8A%D9%82%D9%8A-%D8%A8%D8%A7%D9%84%D8%AD%D9%8A-%D8%A7%D9%84%D8%AB%D8%A7%D9%86%D9%8A-%D8%A8%D9%8A%D8%AA-%D8%A7%D9%84%D9%88%D8%B7%D9%86-%D8%B4%D9%82%D8%A9-226%D9%85-%D9%86%D8%A7%D8%B5%D9%8A%D8%A9-%D8%A8%D8%A7%D9%86%D9%88%D8%B1%D8%A7%D9%85%D8%A7-%D8%A8%D9%80-view-garden-ID503891515.html
شقة للبيع فى التجمع الخامس بخصم 35%,3393000,2,1,105,https://www.dubizzle.com.eg/ad/%D8%B4%D9%82%D8%A9-%D9%84%D9%84%D8%A8%D9%8A%D8%B9-%D9%81%D9%89-%D8%A7%D9%84%D8%AA%D8%AC%D9%85%D8%B9-%D8%A7%D9%84%D8%AE%D8%A7%D9%85%D8%B3-%D8%A8%D8%AE%D8%B5%D9%85-35-ID503899207.html
شقة للبيع في لوكيشن مميز على التسعين الشمالي خطوات من شارع النوادي و التشطيب فندقي بالحي الثاني - التجمع الخامس - القاهرة الجديدة - New Cairo,7700000,3,3,194,https://www.dubizzle.com.eg/ad/%D8%B4%D9%82%D8%A9-%D9%84%D9%84%D8%A8%D9%8A%D8%B9-%D9%81%D9%8A-%D9%84%D9%88%D9%83%D9%8A%D8%B4%D9%86-%D9%85%D9%85%D9%8A%D8%B2-%D8%B9%D9%84%D9%89-%D8%A7%D9%84%D8%AA%D8%B3%D8%B9%D9%8A%D9%86-%D8%A7%D9%84%D8%B4%D9%85%D8%A7%D9%84%D9%8A-%D8%AE%D8%B7%D9%88%D8%A7%D8%AA-%D9%85%D9%86-%D8%B4%D8%A7%D8%B1%D8%B9-%D8%A7%D9%84%D9%86%D9%88%D8%A7%D8%AF%D9%8A-%D9%88-%D8%A7%D9%84%D8%AA%D8%B4%D8%B7%D9%8A%D8%A8-%D9%81%D9%86%D8%AF%D9%82%D9%8A-%D8%A8%D8%A7%D9%84%D8%AD%D9%8A-%D8%A7%D9%84%D8%AB%D8%A7%D9%86%D9%8A-%D8%A7%D9%84%D8%AA%D8%AC%D9%85%D8%B9-%D8%A7%D9%84%D8%AE%D8%A7%D9%85%D8%B3-%D8%A7%D9%84%D9%82%D8%A7%D9%87%D8%B1%D8%A9-%D8%A7%D9%84%D8%AC%D8%AF%D9%8A%D8%AF%D8%A9-new-cairo-ID503845179.html
شقة لقطة للبيع في البنفسج فيلات بفيو مفتوح و موقع مميز وتشطيب كامل سوبر لوكس  - التجمع الاول - القاهرة الجديدة,10350000,3,3,200,https://www.dubizzle.com.eg/ad/%D8%B4%D9%82%D8%A9-%D9%84%D9%82%D8%B7%D8%A9-%D9%84%D9%84%D8%A8%D9%8A%D8%B9-%D9%81%D9%8A-%D8%A7%D9%84%D8%A8%D9%86%D9%81%D8%B3%D8%AC-%D9%81%D9%8A%D9%84%D8%A7%D8%AA-%D8%A8%D9%81%D9%8A%D9%88-%D9%85%D9%81%D8%AA%D9%88%D8%AD-%D9%88-%D9%85%D9%88%D9%82%D8%B9-%D9%85%D9%85%D9%8A%D8%B2-%D9%88%D8%AA%D8%B4%D8%B7%D9%8A%D8%A8-%D9%83%D8%A7%D9%85%D9%84-%D8%B3%D9%88%D8%A8%D8%B1-%D9%84%D9%88%D9%83%D8%B3-%D8%A7%D9%84%D8%AA%D8%AC%D9%85%D8%B9-%D8%A7%D9%84%D8%A7%D9%88%D9%84-%D8%A7%D9%84%D9%82%D8%A7%D9%87%D8%B1%D8%A9-%D8%A7%D9%84%D8%AC%D8%AF%D9%8A%D8%AF%D8%A9-ID503828406.html
شقة مميزة ارضي بجاردن امام بوابة 2 المطار بالتقسيط علي 4 سنين في تاج سلطان علي طريق السويس بالقرب من سيتي سنتر الماظة - التجمع الاول,12416000,3,3,207,https://www.dubizzle.com.eg/ad/%D8%B4%D9%82%D8%A9-%D9%85%D9%85%D9%8A%D8%B2%D8%A9-%D8%A7%D8%B1%D8%B6%D9%8A-%D8%A8%D8%AC%D8%A7%D8%B1%D8%AF%D9%86-%D8%A7%D9%85%D8%A7%D9%85-%D8%A8%D9%88%D8%A7%D8%A8%D8%A9-2-%D8%A7%D9%84%D9%85%D8%B7%D8%A7%D8%B1-%D8%A8%D8%A7%D9%84%D8%AA%D9%82%D8%B3%D9%8A%D8%B7-%D8%B9%D9%84%D9%8A-4-%D8%B3%D9%86%D9%8A%D9%86-%D9%81%D9%8A-%D8%AA%D8%A7%D8%AC-%D8%B3%D9%84%D8%B7%D8%A7%D9%86-%D8%B9%D9%84%D9%8A-%D8%B7%D8%B1%D9%8A%D9%82-%D8%A7%D9%84%D8%B3%D9%88%D9%8A%D8%B3-%D8%A8%D8%A7%D9%84%D9%82%D8%B1%D8%A8-%D9%85%D9%86-%D8%B3%D9%8A%D8%AA%D9%8A-%D8%B3%D9%86%D8%AA%D8%B1-%D8%A7%D9%84%D9%85%D8%A7%D8%B8%D8%A9-%D8%A7%D9%84%D8%AA%D8%AC%D9%85%D8%B9-%D8%A7%D9%84%D8%A7%D9%88%D9%84-ID503828168.html
شقة لقطة متشطبة بالكامل للبيع في اميز لوكيشن بفيو مفتوح في كمبوند تاج سيتي - مطار القاهرة  - Taj city - New Cairo,11000000,3,3,155,https://www.dubizzle.com.eg/ad/%D8%B4%D9%82%D8%A9-%D9%84%D9%82%D8%B7%D8%A9-%D9%85%D8%AA%D8%B4%D8%B7%D8%A8%D8%A9-%D8%A8%D8%A7%D9%84%D9%83%D8%A7%D9%85%D9%84-%D9%84%D9%84%D8%A8%D9%8A%D8%B9-%D9%81%D9%8A-%D8%A7%D9%85%D9%8A%D8%B2-%D9%84%D9%88%D9%83%D9%8A%D8%B4%D9%86-%D8%A8%D9%81%D9%8A%D9%88-%D9%85%D9%81%D8%AA%D9%88%D8%AD-%D9%81%D9%8A-%D9%83%D9%85%D8%A8%D9%88%D9%86%D8%AF-%D8%AA%D8%A7%D8%AC-%D8%B3%D9%8A%D8%AA%D9%8A-%D9%85%D8%B7%D8%A7%D8%B1-%D8%A7%D9%84%D9%82%D8%A7%D9%87%D8%B1%D8%A9-taj-city-new-cairo-ID503822695.html
بنتهاوس متشطب بالكامل سوبر لوكس واستلام فوري للبيع في مونتن فيو هايد بارك  - التجمع الخامس - القاهرة الجديدة - mountain view hyde park - 5th settlemen,13700000,2,3,174,https://www.dubizzle.com.eg/ad/%D8%A8%D9%86%D8%AA%D9%87%D8%A7%D9%88%D8%B3-%D9%85%D8%AA%D8%B4%D8%B7%D8%A8-%D8%A8%D8%A7%D9%84%D9%83%D8%A7%D9%85%D9%84-%D8%B3%D9%88%D8%A8%D8%B1-%D9%84%D9%88%D9%83%D8%B3-%D9%88%D8%A7%D8%B3%D8%AA%D9%84%D8%A7%D9%85-%D9%81%D9%88%D8%B1%D9%8A-%D9%84%D9%84%D8%A8%D9%8A%D8%B9-%D9%81%D9%8A-%D9%85%D9%88%D9%86%D8%AA%D9%86-%D9%81%D9%8A%D9%88-%D9%87%D8%A7%D9%8A%D8%AF-%D8%A8%D8%A7%D8%B1%D9%83-%D8%A7%D9%84%D8%AA%D8%AC%D9%85%D8%B9-%D8%A7%D9%84%D8%AE%D8%A7%D9%85%D8%B3-%D8%A7%D9%84%D9%82%D8%A7%D9%87%D8%B1%D8%A9-%D8%A7%D9%84%D8%AC%D8%AF%D9%8A%D8%AF%D8%A9-mountain-view-hyde-park-5th-settlemen-ID503781514.html
شقة مفروشة بالكامل باحسن سعر متشطبة سوبر لوكس عفش ممتاز بالتكيفات فى كمبوند سراى - sarai,5000000,2,1,105,https://www.dubizzle.com.eg/ad/%D8%B4%D9%82%D8%A9-%D9%85%D9%81%D8%B1%D9%88%D8%B4%D8%A9-%D8%A8%D8%A7%D9%84%D9%83%D8%A7%D9%85%D9%84-%D8%A8%D8%A7%D8%AD%D8%B3%D9%86-%D8%B3%D8%B9%D8%B1-%D9%85%D8%AA%D8%B4%D8%B7%D8%A8%D8%A9-%D8%B3%D9%88%D8%A8%D8%B1-%D9%84%D9%88%D9%83%D8%B3-%D8%B9%D9%81%D8%B4-%D9%85%D9%85%D8%AA%D8%A7%D8%B2-%D8%A8%D8%A7%D9%84%D8%AA%D9%83%D9%8A%D9%81%D8%A7%D8%AA-%D9%81%D9%89-%D9%83%D9%85%D8%A8%D9%88%D9%86%D8%AF-%D8%B3%D8%B1%D8%A7%D9%89-sarai-ID503370097.html
شقة 160م 3غرف متشطبة بالكامل بالتكيفات والمطبخ جاهزة للاستلام فيفث سكوير المراسم القاهرة الجديدة Fifth square almarasem New Cairo,10250000,3,3,160,https://www.dubizzle.com.eg/ad/%D8%B4%D9%82%D8%A9-160%D9%85-3%D8%BA%D8%B1%D9%81-%D9%85%D8%AA%D8%B4%D8%B7%D8%A8%D8%A9-%D8%A8%D8%A7%D9%84%D9%83%D8%A7%D9%85%D9%84-%D8%A8%D8%A7%D9%84%D8%AA%D9%83%D9%8A%D9%81%D8%A7%D8%AA-%D9%88%D8%A7%D9%84%D9%85%D8%B7%D8%A8%D8%AE-%D8%AC%D8%A7%D9%87%D8%B2%D8%A9-%D9%84%D9%84%D8%A7%D8%B3%D8%AA%D9%84%D8%A7%D9%85-%D9%81%D9%8A%D9%81%D8%AB-%D8%B3%D9%83%D9%88%D9%8A%D8%B1-%D8%A7%D9%84%D9%85%D8%B1%D8%A7%D8%B3%D9%85-%D8%A7%D9%84%D9%82%D8%A7%D9%87%D8%B1%D8%A9-%D8%A7%D9%84%D8%AC%D8%AF%D9%8A%D8%AF%D8%A9-fifth-square-almarasem-new-cairo-ID503895510.html
فرصة استثنائية لامتلاك شقة بمساحة واسعة في منطقة النرجس من اكثر المناطق السكنية و الهادئة في التجمع الخامس - القاهرة الجديدة,9500000,3,3,200,https://www.dubizzle.com.eg/ad/%D9%81%D8%B1%D8%B5%D8%A9-%D8%A7%D8%B3%D8%AA%D8%AB%D9%86%D8%A7%D8%A6%D9%8A%D8%A9-%D9%84%D8%A7%D9%85%D8%AA%D9%84%D8%A7%D9%83-%D8%B4%D9%82%D8%A9-%D8%A8%D9%85%D8%B3%D8%A7%D8%AD%D8%A9-%D9%88%D8%A7%D8%B3%D8%B9%D8%A9-%D9%81%D9%8A-%D9%85%D9%86%D8%B7%D9%82%D8%A9-%D8%A7%D9%84%D9%86%D8%B1%D8%AC%D8%B3-%D9%85%D9%86-%D8%A7%D9%83%D8%AB%D8%B1-%D8%A7%D9%84%D9%85%D9%86%D8%A7%D8%B7%D9%82-%D8%A7%D9%84%D8%B3%D9%83%D9%86%D9%8A%D8%A9-%D9%88-%D8%A7%D9%84%D9%87%D8%A7%D8%AF%D8%A6%D8%A9-%D9%81%D9%8A-%D8%A7%D9%84%D8%AA%D8%AC%D9%85%D8%B9-%D8%A7%D9%84%D8%AE%D8%A7%D9%85%D8%B3-%D8%A7%D9%84%D9%82%D8%A7%D9%87%D8%B1%D8%A9-%D8%A7%D9%84%D8%AC%D8%AF%D9%8A%D8%AF%D8%A9-ID503886248.html
شقة مميزة 150 متر للبيع في اميز لوكيشن بالتجمع الخامس -بالم هيلز - village gate  - التجمع الخامس - بالقرب من العاصمة الادارية و الجامعة الامريكية,8400000,2,2,150,https://www.dubizzle.com.eg/ad/%D8%B4%D9%82%D8%A9-%D9%85%D9%85%D9%8A%D8%B2%D8%A9-150-%D9%85%D8%AA%D8%B1-%D9%84%D9%84%D8%A8%D9%8A%D8%B9-%D9%81%D9%8A-%D8%A7%D9%85%D9%8A%D8%B2-%D9%84%D9%88%D9%83%D9%8A%D8%B4%D9%86-%D8%A8%D8%A7%D9%84%D8%AA%D8%AC%D9%85%D8%B9-%D8%A7%D9%84%D8%AE%D8%A7%D9%85%D8%B3-%D8%A8%D8%A7%D9%84%D9%85-%D9%87%D9%8A%D9%84%D8%B2-village-gate-%D8%A7%D9%84%D8%AA%D8%AC%D9%85%D8%B9-%D8%A7%D9%84%D8%AE%D8%A7%D9%85%D8%B3-%D8%A8%D8%A7%D9%84%D9%82%D8%B1%D8%A8-%D9%85%D9%86-%D8%A7%D9%84%D8%B9%D8%A7%D8%B5%D9%85%D8%A9-%D8%A7%D9%84%D8%A7%D8%AF%D8%A7%D8%B1%D9%8A%D8%A9-%D9%88-%D8%A7%D9%84%D8%AC%D8%A7%D9%85%D8%B9%D8%A9-%D8%A7%D9%84%D8%A7%D9%85%D8%B1%D9%8A%D9%83%D9%8A%D8%A9-ID503859811.html
شقة ديركت علي ليك للبيع في ليك فيو ريزيدنس 2 القاهرة الجديدة Lake View Residence 2 New Cairo,7500000,3,3,181,https://www.dubizzle.com.eg/ad/%D8%B4%D9%82%D8%A9-%D8%AF%D9%8A%D8%B1%D9%83%D8%AA-%D8%B9%D9%84%D9%8A-%D9%84%D9%8A%D9%83-%D9%84%D9%84%D8%A8%D9%8A%D8%B9-%D9%81%D9%8A-%D9%84%D9%8A%D9%83-%D9%81%D9%8A%D9%88-%D8%B1%D9%8A%D8%B2%D9%8A%D8%AF%D9%86%D8%B3-2-%D8%A7%D9%84%D9%82%D8%A7%D9%87%D8%B1%D8%A9-%D8%A7%D9%84%D8%AC%D8%AF%D9%8A%D8%AF%D8%A9-lake-view-residence-2-new-cairo-ID503899314.html
شقة فندقية للبيع مملوكة بنسبة 100% ألترا سوبر لوكس مفروشة بالكامل بإطلالة على البحيرات واللاند سكيب فيفث سكوير مراسم Fifth square Al Marasem,6500000,1,1,52,https://www.dubizzle.com.eg/ad/%D8%B4%D9%82%D8%A9-%D9%81%D9%86%D8%AF%D9%82%D9%8A%D8%A9-%D9%84%D9%84%D8%A8%D9%8A%D8%B9-%D9%85%D9%85%D9%84%D9%88%D9%83%D8%A9-%D8%A8%D9%86%D8%B3%D8%A8%D8%A9-100-%D8%A3%D9%84%D8%AA%D8%B1%D8%A7-%D8%B3%D9%88%D8%A8%D8%B1-%D9%84%D9%88%D9%83%D8%B3-%D9%85%D9%81%D8%B1%D9%88%D8%B4%D8%A9-%D8%A8%D8%A7%D9%84%D9%83%D8%A7%D9%85%D9%84-%D8%A8%D8%A5%D8%B7%D9%84%D8%A7%D9%84%D8%A9-%D8%B9%D9%84%D9%89-%D8%A7%D9%84%D8%A8%D8%AD%D9%8A%D8%B1%D8%A7%D8%AA-%D9%88%D8%A7%D9%84%D9%84%D8%A7%D9%86%D8%AF-%D8%B3%D9%83%D9%8A%D8%A8-%D9%81%D9%8A%D9%81%D8%AB-%D8%B3%D9%83%D9%88%D9%8A%D8%B1-%D9%85%D8%B1%D8%A7%D8%B3%D9%85-fifth-square-al-marasem-ID503895874.html
بموقع مميز شقة للبيع في ماونتن فيو هايد بارك - القاهرة الجديدة,16500000,3,3,274,https://www.dubizzle.com.eg/ad/%D8%A8%D9%85%D9%88%D9%82%D8%B9-%D9%85%D9%85%D9%8A%D8%B2-%D8%B4%D9%82%D8%A9-%D9%84%D9%84%D8%A8%D9%8A%D8%B9-%D9%81%D9%8A-%D9%85%D8%A7%D9%88%D9%86%D8%AA%D9%86-%D9%81%D9%8A%D9%88-%D9%87%D8%A7%D9%8A%D8%AF-%D8%A8%D8%A7%D8%B1%D9%83-%D8%A7%D9%84%D9%82%D8%A7%D9%87%D8%B1%D8%A9-%D8%A7%D9%84%D8%AC%D8%AF%D9%8A%D8%AF%D8%A9-ID502992469.html
بموقع مميز شقة للبيع في ماونتن فيو هايد بارك - القاهرة الجديدة,13000000,3,3,216,https://www.dubizzle.com.eg/ad/%D8%A8%D9%85%D9%88%D9%82%D8%B9-%D9%85%D9%85%D9%8A%D8%B2-%D8%B4%D9%82%D8%A9-%D9%84%D9%84%D8%A8%D9%8A%D8%B9-%D9%81%D9%8A-%D9%85%D8%A7%D9%88%D9%86%D8%AA%D9%86-%D9%81%D9%8A%D9%88-%D9%87%D8%A7%D9%8A%D8%AF-%D8%A8%D8%A7%D8%B1%D9%83-%D8%A7%D9%84%D9%82%D8%A7%D9%87%D8%B1%D8%A9-%D8%A7%D9%84%D8%AC%D8%AF%D9%8A%D8%AF%D8%A9-ID502992464.html
فرصة مثالية لتحقيق أعلى عائد استثماري بأفضل لوكيشن في الشروق كاملة التشطيب واستلام فوري شقة للبيع امام مدينتي وعلى طريق السويس في مايان الشروق Mayan,6000000,2,2,145,https://www.dubizzle.com.eg/ad/%D9%81%D8%B1%D8%B5%D8%A9-%D9%85%D8%AB%D8%A7%D9%84%D9%8A%D8%A9-%D9%84%D8%AA%D8%AD%D9%82%D9%8A%D9%82-%D8%A3%D8%B9%D9%84%D9%89-%D8%B9%D8%A7%D8%A6%D8%AF-%D8%A7%D8%B3%D8%AA%D8%AB%D9%85%D8%A7%D8%B1%D9%8A-%D8%A8%D8%A3%D9%81%D8%B6%D9%84-%D9%84%D9%88%D9%83%D9%8A%D8%B4%D9%86-%D9%81%D9%8A-%D8%A7%D9%84%D8%B4%D8%B1%D9%88%D9%82-%D9%83%D8%A7%D9%85%D9%84%D8%A9-%D8%A7%D9%84%D8%AA%D8%B4%D8%B7%D9%8A%D8%A8-%D9%88%D8%A7%D8%B3%D8%AA%D9%84%D8%A7%D9%85-%D9%81%D9%88%D8%B1%D9%8A-%D8%B4%D9%82%D8%A9-%D9%84%D9%84%D8%A8%D9%8A%D8%B9-%D8%A7%D9%85%D8%A7%D9%85-%D9%85%D8%AF%D9%8A%D9%86%D8%AA%D9%8A-%D9%88%D8%B9%D9%84%D9%89-%D8%B7%D8%B1%D9%8A%D9%82-%D8%A7%D9%84%D8%B3%D9%88%D9%8A%D8%B3-%D9%81%D9%8A-%D9%85%D8%A7%D9%8A%D8%A7%D9%86-%D8%A7%D9%84%D8%B4%D8%B1%D9%88%D9%82-mayan-ID503902769.html
بنتهاوس مميز كامل التشطيب بحمام سباحة للبيع في ليك فيو ريزيدنس - القاهرة الجديدة,30000000,4,4,300,https://www.dubizzle.com.eg/ad/%D8%A8%D9%86%D8%AA%D9%87%D8%A7%D9%88%D8%B3-%D9%85%D9%85%D9%8A%D8%B2-%D9%83%D8%A7%D9%85%D9%84-%D8%A7%D9%84%D8%AA%D8%B4%D8%B7%D9%8A%D8%A8-%D8%A8%D8%AD%D9%85%D8%A7%D9%85-%D8%B3%D8%A8%D8%A7%D8%AD%D8%A9-%D9%84%D9%84%D8%A8%D9%8A%D8%B9-%D9%81%D9%8A-%D9%84%D9%8A%D9%83-%D9%81%D9%8A%D9%88-%D8%B1%D9%8A%D8%B2%D9%8A%D8%AF%D9%86%D8%B3-%D8%A7%D9%84%D9%82%D8%A7%D9%87%D8%B1%D8%A9-%D8%A7%D9%84%D8%AC%D8%AF%D9%8A%D8%AF%D8%A9-ID503750214.html
دوبلكس Vip للبيع استلام سنة بخصم 50% كمبوند متكامل الخدمات ساكن و عايش في المستقبل سيتي بجوار هاب تاون حسن علام و بلوم فيلدز,6500000,4,3,340,https://www.dubizzle.com.eg/ad/%D8%AF%D9%88%D8%A8%D9%84%D9%83%D8%B3-vip-%D9%84%D9%84%D8%A8%D9%8A%D8%B9-%D8%A7%D8%B3%D8%AA%D9%84%D8%A7%D9%85-%D8%B3%D9%86%D8%A9-%D8%A8%D8%AE%D8%B5%D9%85-50-%D9%83%D9%85%D8%A8%D9%88%D9%86%D8%AF-%D9%85%D8%AA%D9%83%D8%A7%D9%85%D9%84-%D8%A7%D9%84%D8%AE%D8%AF%D9%85%D8%A7%D8%AA-%D8%B3%D8%A7%D9%83%D9%86-%D9%88-%D8%B9%D8%A7%D9%8A%D8%B4-%D9%81%D9%8A-%D8%A7%D9%84%D9%85%D8%B3%D8%AA%D9%82%D8%A8%D9%84-%D8%B3%D9%8A%D8%AA%D9%8A-%D8%A8%D8%AC%D9%88%D8%A7%D8%B1-%D9%87%D8%A7%D8%A8-%D8%AA%D8%A7%D9%88%D9%86-%D8%AD%D8%B3%D9%86-%D8%B9%D9%84%D8%A7%D9%85-%D9%88-%D8%A8%D9%84%D9%88%D9%85-%D9%81%D9%8A%D9%84%D8%AF%D8%B2-ID503140802.html
لسرعه البيع لسبب السفر شقة 170 للبيع بزهراء مدينه نصر,1750000,3,2,170,https://www.dubizzle.com.eg/ad/%D9%84%D8%B3%D8%B1%D8%B9%D9%87-%D8%A7%D9%84%D8%A8%D9%8A%D8%B9-%D9%84%D8%B3%D8%A8%D8%A8-%D8%A7%D9%84%D8%B3%D9%81%D8%B1-%D8%B4%D9%82%D8%A9-170-%D9%84%D9%84%D8%A8%D9%8A%D8%B9-%D8%A8%D8%B2%D9%87%D8%B1%D8%A7%D8%A1-%D9%85%D8%AF%D9%8A%D9%86%D9%87-%D9%86%D8%B5%D8%B1-ID208635718.html
لاول مره في العاصمه الاداريه شقه صف اول علي اكبر لاجون بتقسيمه ممتازه وبخصم كبير لفتره محدوده,6160000,4,3,190,https://www.dubizzle.com.eg/ad/%D9%84%D8%A7%D9%88%D9%84-%D9%85%D8%B1%D9%87-%D9%81%D9%8A-%D8%A7%D9%84%D8%B9%D8%A7%D8%B5%D9%85%D9%87-%D8%A7%D9%84%D8%A7%D8%AF%D8%A7%D8%B1%D9%8A%D9%87-%D8%B4%D9%82%D9%87-%D8%B5%D9%81-%D8%A7%D9%88%D9%84-%D8%B9%D9%84%D9%8A-%D8%A7%D9%83%D8%A8%D8%B1-%D9%84%D8%A7%D8%AC%D9%88%D9%86-%D8%A8%D8%AA%D9%82%D8%B3%D9%8A%D9%85%D9%87-%D9%85%D9%85%D8%AA%D8%A7%D8%B2%D9%87-%D9%88%D8%A8%D8%AE%D8%B5%D9%85-%D9%83%D8%A8%D9%8A%D8%B1-%D9%84%D9%81%D8%AA%D8%B1%D9%87-%D9%85%D8%AD%D8%AF%D9%88%D8%AF%D9%87-ID503093635.html
شقه للبيع في أميز منطقه في الR7 بالعاصمه الجديده مباشرة علي أكبر لاند سكيب على المحور المركزى مباشرة بجانب الجامعه السويديه امام النهر الاخضر,3917000,1,2,75,https://www.dubizzle.com.eg/ad/%D8%B4%D9%82%D9%87-%D9%84%D9%84%D8%A8%D9%8A%D8%B9-%D9%81%D9%8A-%D8%A3%D9%85%D9%8A%D8%B2-%D9%85%D9%86%D8%B7%D9%82%D9%87-%D9%81%D9%8A-%D8%A7%D9%84r7-%D8%A8%D8%A7%D9%84%D8%B9%D8%A7%D8%B5%D9%85%D9%87-%D8%A7%D9%84%D8%AC%D8%AF%D9%8A%D8%AF%D9%87-%D9%85%D8%A8%D8%A7%D8%B4%D8%B1%D8%A9-%D8%B9%D9%84%D9%8A-%D8%A3%D9%83%D8%A8%D8%B1-%D9%84%D8%A7%D9%86%D8%AF-%D8%B3%D9%83%D9%8A%D8%A8-%D8%B9%D9%84%D9%89-%D8%A7%D9%84%D9%85%D8%AD%D9%88%D8%B1-%D8%A7%D9%84%D9%85%D8%B1%D9%83%D8%B2%D9%89-%D9%85%D8%A8%D8%A7%D8%B4%D8%B1%D8%A9-%D8%A8%D8%AC%D8%A7%D9%86%D8%A8-%D8%A7%D9%84%D8%AC%D8%A7%D9%85%D8%B9%D9%87-%D8%A7%D9%84%D8%B3%D9%88%D9%8A%D8%AF%D9%8A%D9%87-%D8%A7%D9%85%D8%A7%D9%85-%D8%A7%D9%84%D9%86%D9%87%D8%B1-%D8%A7%D9%84%D8%A7%D8%AE%D8%B6%D8%B1-ID502874178.html
للبيع شقه 82 متر تشطيبات سوبر لوكس في b7,5100000,2,1,82,https://www.dubizzle.com.eg/ad/%D9%84%D9%84%D8%A8%D9%8A%D8%B9-%D8%B4%D9%82%D9%87-82-%D9%85%D8%AA%D8%B1-%D8%AA%D8%B4%D8%B7%D9%8A%D8%A8%D8%A7%D8%AA-%D8%B3%D9%88%D8%A8%D8%B1-%D9%84%D9%88%D9%83%D8%B3-%D9%81%D9%8A-b7-ID503902833.html
شقه 183 متر للبيع متشطبه تشطيب فندقى جاهزه للمعاينه على ارض الواقع بمنطقه R8 بالعاصمه الاداريه,5352750,3,2,183,https://www.dubizzle.com.eg/ad/%D8%B4%D9%82%D9%87-183-%D9%85%D8%AA%D8%B1-%D9%84%D9%84%D8%A8%D9%8A%D8%B9-%D9%85%D8%AA%D8%B4%D8%B7%D8%A8%D9%87-%D8%AA%D8%B4%D8%B7%D9%8A%D8%A8-%D9%81%D9%86%D8%AF%D9%82%D9%89-%D8%AC%D8%A7%D9%87%D8%B2%D9%87-%D9%84%D9%84%D9%85%D8%B9%D8%A7%D9%8A%D9%86%D9%87-%D8%B9%D9%84%D9%89-%D8%A7%D8%B1%D8%B6-%D8%A7%D9%84%D9%88%D8%A7%D9%82%D8%B9-%D8%A8%D9%85%D9%86%D8%B7%D9%82%D9%87-r8-%D8%A8%D8%A7%D9%84%D8%B9%D8%A7%D8%B5%D9%85%D9%87-%D8%A7%D9%84%D8%A7%D8%AF%D8%A7%D8%B1%D9%8A%D9%87-ID503575911.html
استلم شقتك متشطبة الترا سوبر لوكس جاهزه للمعاينة في قلب العاصمة بروعة الموقع والخدمات,4940000,3,2,178,https://www.dubizzle.com.eg/ad/%D8%A7%D8%B3%D8%AA%D9%84%D9%85-%D8%B4%D9%82%D8%AA%D9%83-%D9%85%D8%AA%D8%B4%D8%B7%D8%A8%D8%A9-%D8%A7%D9%84%D8%AA%D8%B1%D8%A7-%D8%B3%D9%88%D8%A8%D8%B1-%D9%84%D9%88%D9%83%D8%B3-%D8%AC%D8%A7%D9%87%D8%B2%D9%87-%D9%84%D9%84%D9%85%D8%B9%D8%A7%D9%8A%D9%86%D8%A9-%D9%81%D9%8A-%D9%82%D9%84%D8%A8-%D8%A7%D9%84%D8%B9%D8%A7%D8%B5%D9%85%D8%A9-%D8%A8%D8%B1%D9%88%D8%B9%D8%A9-%D8%A7%D9%84%D9%85%D9%88%D9%82%D8%B9-%D9%88%D8%A7%D9%84%D8%AE%D8%AF%D9%85%D8%A7%D8%AA-ID503576043.html
شقة 220 متر للبيع فيو لاند سكيب أقل سعر متر في R7 بقلب العاصمه الاداريه على محور رئيسي موازي لمحور بن زايد  دقايق من الحي الدبلوماسي,6180000,3,2,220,https://www.dubizzle.com.eg/ad/%D8%B4%D9%82%D8%A9-220-%D9%85%D8%AA%D8%B1-%D9%84%D9%84%D8%A8%D9%8A%D8%B9-%D9%81%D9%8A%D9%88-%D9%84%D8%A7%D9%86%D8%AF-%D8%B3%D9%83%D9%8A%D8%A8-%D8%A3%D9%82%D9%84-%D8%B3%D8%B9%D8%B1-%D9%85%D8%AA%D8%B1-%D9%81%D9%8A-r7-%D8%A8%D9%82%D9%84%D8%A8-%D8%A7%D9%84%D8%B9%D8%A7%D8%B5%D9%85%D9%87-%D8%A7%D9%84%D8%A7%D8%AF%D8%A7%D8%B1%D9%8A%D9%87-%D8%B9%D9%84%D9%89-%D9%85%D8%AD%D9%88%D8%B1-%D8%B1%D8%A6%D9%8A%D8%B3%D9%8A-%D9%85%D9%88%D8%A7%D8%B2%D9%8A-%D9%84%D9%85%D8%AD%D9%88%D8%B1-%D8%A8%D9%86-%D8%B2%D8%A7%D9%8A%D8%AF-%D8%AF%D9%82%D8%A7%D9%8A%D9%82-%D9%85%D9%86-%D8%A7%D9%84%D8%AD%D9%8A-%D8%A7%D9%84%D8%AF%D8%A8%D9%84%D9%88%D9%85%D8%A7%D8%B3%D9%8A-ID503426344.html
امتلك شقة 162م ارضي بجاردن بحديقة خاصة في أرقي كمبوند داخل العبور علي أكبر لاند سكيب,5297314,3,2,162,https://www.dubizzle.com.eg/ad/%D8%A7%D9%85%D8%AA%D9%84%D9%83-%D8%B4%D9%82%D8%A9-162%D9%85-%D8%A7%D8%B1%D8%B6%D9%8A-%D8%A8%D8%AC%D8%A7%D8%B1%D8%AF%D9%86-%D8%A8%D8%AD%D8%AF%D9%8A%D9%82%D8%A9-%D8%AE%D8%A7%D8%B5%D8%A9-%D9%81%D9%8A-%D8%A3%D8%B1%D9%82%D9%8A-%D9%83%D9%85%D8%A8%D9%88%D9%86%D8%AF-%D8%AF%D8%A7%D8%AE%D9%84-%D8%A7%D9%84%D8%B9%D8%A8%D9%88%D8%B1-%D8%B9%D9%84%D9%8A-%D8%A3%D9%83%D8%A8%D8%B1-%D9%84%D8%A7%D9%86%D8%AF-%D8%B3%D9%83%D9%8A%D8%A8-ID503437327.html
لضرورة البيع شقه 3 غرف متشطبه بالكامل في التجمع الخامس Golden Square,12100000,3,2,118,https://www.dubizzle.com.eg/ad/%D9%84%D8%B6%D8%B1%D9%88%D8%B1%D8%A9-%D8%A7%D9%84%D8%A8%D9%8A%D8%B9-%D8%B4%D9%82%D9%87-3-%D8%BA%D8%B1%D9%81-%D9%85%D8%AA%D8%B4%D8%B7%D8%A8%D9%87-%D8%A8%D8%A7%D9%84%D9%83%D8%A7%D9%85%D9%84-%D9%81%D9%8A-%D8%A7%D9%84%D8%AA%D8%AC%D9%85%D8%B9-%D8%A7%D9%84%D8%AE%D8%A7%D9%85%D8%B3-golden-square-ID503887362.html
استلام فوري بسعر مغري مقدم واقساط شقة متشطبة بالكامل 4 غرف 255 متر للبيع في كمباوند بالم هيلز نيو كايرو التجمع الخامس,12330000,4,5,255,https://www.dubizzle.com.eg/ad/%D8%A7%D8%B3%D8%AA%D9%84%D8%A7%D9%85-%D9%81%D9%88%D8%B1%D9%8A-%D8%A8%D8%B3%D8%B9%D8%B1-%D9%85%D8%BA%D8%B1%D9%8A-%D9%85%D9%82%D8%AF%D9%85-%D9%88%D8%A7%D9%82%D8%B3%D8%A7%D8%B7-%D8%B4%D9%82%D8%A9-%D9%85%D8%AA%D8%B4%D8%B7%D8%A8%D8%A9-%D8%A8%D8%A7%D9%84%D9%83%D8%A7%D9%85%D9%84-4-%D8%BA%D8%B1%D9%81-255-%D9%85%D8%AA%D8%B1-%D9%84%D9%84%D8%A8%D9%8A%D8%B9-%D9%81%D9%8A-%D9%83%D9%85%D8%A8%D8%A7%D9%88%D9%86%D8%AF-%D8%A8%D8%A7%D9%84%D9%85-%D9%87%D9%8A%D9%84%D8%B2-%D9%86%D9%8A%D9%88-%D9%83%D8%A7%D9%8A%D8%B1%D9%88-%D8%A7%D9%84%D8%AA%D8%AC%D9%85%D8%B9-%D8%A7%D9%84%D8%AE%D8%A7%D9%85%D8%B3-ID503698299.html
بنتهاوس فاخرة للبيع في المراسم فيفس سكوير El Marasem Fifth Square فى موقع متميز بروف خاص  تشطيب كامل مع 4 تكيفات جراج سيارات جاهزة على الاستلام الفورى,13000000,3,3,178,https://www.dubizzle.com.eg/ad/%D8%A8%D9%86%D8%AA%D9%87%D8%A7%D9%88%D8%B3-%D9%81%D8%A7%D8%AE%D8%B1%D8%A9-%D9%84%D9%84%D8%A8%D9%8A%D8%B9-%D9%81%D9%8A-%D8%A7%D9%84%D9%85%D8%B1%D8%A7%D8%B3%D9%85-%D9%81%D9%8A%D9%81%D8%B3-%D8%B3%D9%83%D9%88%D9%8A%D8%B1-el-marasem-fifth-square-%D9%81%D9%89-%D9%85%D9%88%D9%82%D8%B9-%D9%85%D8%AA%D9%85%D9%8A%D8%B2-%D8%A8%D8%B1%D9%88%D9%81-%D8%AE%D8%A7%D8%B5-%D8%AA%D8%B4%D8%B7%D9%8A%D8%A8-%D9%83%D8%A7%D9%85%D9%84-%D9%85%D8%B9-4-%D8%AA%D9%83%D9%8A%D9%81%D8%A7%D8%AA-%D8%AC%D8%B1%D8%A7%D8%AC-%D8%B3%D9%8A%D8%A7%D8%B1%D8%A7%D8%AA-%D8%AC%D8%A7%D9%87%D8%B2%D8%A9-%D8%B9%D9%84%D9%89-%D8%A7%D9%84%D8%A7%D8%B3%D8%AA%D9%84%D8%A7%D9%85-%D8%A7%D9%84%D9%81%D9%88%D8%B1%D9%89-ID503669960.html
شقة غرفتين للبيع امام الجامعة الامريكية ( AUC ) على فيو مميز من لاند سكيب فى التجمع الخامس كمبوند ذا ايكون ( Icon ),3800000,2,1,105,https://www.dubizzle.com.eg/ad/%D8%B4%D9%82%D8%A9-%D8%BA%D8%B1%D9%81%D8%AA%D9%8A%D9%86-%D9%84%D9%84%D8%A8%D9%8A%D8%B9-%D8%A7%D9%85%D8%A7%D9%85-%D8%A7%D9%84%D8%AC%D8%A7%D9%85%D8%B9%D8%A9-%D8%A7%D9%84%D8%A7%D9%85%D8%B1%D9%8A%D9%83%D9%8A%D8%A9-auc-%D8%B9%D9%84%D9%89-%D9%81%D9%8A%D9%88-%D9%85%D9%85%D9%8A%D8%B2-%D9%85%D9%86-%D9%84%D8%A7%D9%86%D8%AF-%D8%B3%D9%83%D9%8A%D8%A8-%D9%81%D9%89-%D8%A7%D9%84%D8%AA%D8%AC%D9%85%D8%B9-%D8%A7%D9%84%D8%AE%D8%A7%D9%85%D8%B3-%D9%83%D9%85%D8%A8%D9%88%D9%86%D8%AF-%D8%B0%D8%A7-%D8%A7%D9%8A%D9%83%D9%88%D9%86-icon-ID503812474.html
"""فرصتك هنا! كمبوند جايد: استثمار، رفاهية، وحياة جديدة!""",8024000,3,3,154,https://www.dubizzle.com.eg/ad/%D9%81%D8%B1%D8%B5%D8%AA%D9%83-%D9%87%D9%86%D8%A7-%D9%83%D9%85%D8%A8%D9%88%D9%86%D8%AF-%D8%AC%D8%A7%D9%8A%D8%AF-%D8%A7%D8%B3%D8%AA%D8%AB%D9%85%D8%A7%D8%B1-%D8%B1%D9%81%D8%A7%D9%87%D9%8A%D8%A9-%D9%88%D8%AD%D9%8A%D8%A7%D8%A9-%D8%AC%D8%AF%D9%8A%D8%AF%D8%A9-ID503886219.html
باقل من سعر الماركت ب 400 الف فيلا دوبلكس بجاردن 3 غرف نوم استلام فوري برايم لوكيشن وخطوات من النادى ف مرحلة Parks ف ايستاون سوديك التجمع Eastown,19100000,3,3,240,https://www.dubizzle.com.eg/ad/%D8%A8%D8%A7%D9%82%D9%84-%D9%85%D9%86-%D8%B3%D8%B9%D8%B1-%D8%A7%D9%84%D9%85%D8%A7%D8%B1%D9%83%D8%AA-%D8%A8-400-%D8%A7%D9%84%D9%81-%D9%81%D9%8A%D9%84%D8%A7-%D8%AF%D9%88%D8%A8%D9%84%D9%83%D8%B3-%D8%A8%D8%AC%D8%A7%D8%B1%D8%AF%D9%86-3-%D8%BA%D8%B1%D9%81-%D9%86%D9%88%D9%85-%D8%A7%D8%B3%D8%AA%D9%84%D8%A7%D9%85-%D9%81%D9%88%D8%B1%D9%8A-%D8%A8%D8%B1%D8%A7%D9%8A%D9%85-%D9%84%D9%88%D9%83%D9%8A%D8%B4%D9%86-%D9%88%D8%AE%D8%B7%D9%88%D8%A7%D8%AA-%D9%85%D9%86-%D8%A7%D9%84%D9%86%D8%A7%D8%AF%D9%89-%D9%81-%D9%85%D8%B1%D8%AD%D9%84%D8%A9-parks-%D9%81-%D8%A7%D9%8A%D8%B3%D8%AA%D8%A7%D9%88%D9%86-%D8%B3%D9%88%D8%AF%D9%8A%D9%83-%D8%A7%D9%84%D8%AA%D8%AC%D9%85%D8%B9-eastown-ID503886871.html
شقتك استلام فوري في مشروع ساكن بخصم 18% وقدام سيليا طلعت مصطفي والنهر الاخضر في العاصمة الادارية,5909565,3,3,162,https://www.dubizzle.com.eg/ad/%D8%B4%D9%82%D8%AA%D9%83-%D8%A7%D8%B3%D8%AA%D9%84%D8%A7%D9%85-%D9%81%D9%88%D8%B1%D9%8A-%D9%81%D9%8A-%D9%85%D8%B4%D8%B1%D9%88%D8%B9-%D8%B3%D8%A7%D9%83%D9%86-%D8%A8%D8%AE%D8%B5%D9%85-18-%D9%88%D9%82%D8%AF%D8%A7%D9%85-%D8%B3%D9%8A%D9%84%D9%8A%D8%A7-%D8%B7%D9%84%D8%B9%D8%AA-%D9%85%D8%B5%D8%B7%D9%81%D9%8A-%D9%88%D8%A7%D9%84%D9%86%D9%87%D8%B1-%D8%A7%D9%84%D8%A7%D8%AE%D8%B6%D8%B1-%D9%81%D9%8A-%D8%A7%D9%84%D8%B9%D8%A7%D8%B5%D9%85%D8%A9-%D8%A7%D9%84%D8%A7%D8%AF%D8%A7%D8%B1%D9%8A%D8%A9-ID503884511.html
شقة مميزة للبيع في ميفيدا   مساحة 186 متر   موقع استراتيجي داخل الكمبوند  نصف تشطيب    3 غرف نوم منهم ماستر   3 حمامات    تقسيمة ممتازة للسكن المريح,16250000,3,3,186,https://www.dubizzle.com.eg/ad/%D8%B4%D9%82%D8%A9-%D9%85%D9%85%D9%8A%D8%B2%D8%A9-%D9%84%D9%84%D8%A8%D9%8A%D8%B9-%D9%81%D9%8A-%D9%85%D9%8A%D9%81%D9%8A%D8%AF%D8%A7-%D9%85%D8%B3%D8%A7%D8%AD%D8%A9-186-%D9%85%D8%AA%D8%B1-%D9%85%D9%88%D9%82%D8%B9-%D8%A7%D8%B3%D8%AA%D8%B1%D8%A7%D8%AA%D9%8A%D8%AC%D9%8A-%D8%AF%D8%A7%D8%AE%D9%84-%D8%A7%D9%84%D9%83%D9%85%D8%A8%D9%88%D9%86%D8%AF-%D9%86%D8%B5%D9%81-%D8%AA%D8%B4%D8%B7%D9%8A%D8%A8-3-%D8%BA%D8%B1%D9%81-%D9%86%D9%88%D9%85-%D9%85%D9%86%D9%87%D9%85-%D9%85%D8%A7%D8%B3%D8%AA%D8%B1-3-%D8%AD%D9%85%D8%A7%D9%85%D8%A7%D8%AA-%D8%AA%D9%82%D8%B3%D9%8A%D9%85%D8%A9-%D9%85%D9%85%D8%AA%D8%A7%D8%B2%D8%A9-%D9%84%D9%84%D8%B3%D9%83%D9%86-%D8%A7%D9%84%D9%85%D8%B1%D9%8A%D8%AD-ID502832687.html
شقة للبيع 225 متر بحرى صريح  فى لوكيشن مميز جدا فى التجمع الخامس من المالك مباشرة,5487500,3,3,225,https://www.dubizzle.com.eg/ad/%D8%B4%D9%82%D8%A9-%D9%84%D9%84%D8%A8%D9%8A%D8%B9-225-%D9%85%D8%AA%D8%B1-%D8%A8%D8%AD%D8%B1%D9%89-%D8%B5%D8%B1%D9%8A%D8%AD-%D9%81%D9%89-%D9%84%D9%88%D9%83%D9%8A%D8%B4%D9%86-%D9%85%D9%85%D9%8A%D8%B2-%D8%AC%D8%AF%D8%A7-%D9%81%D9%89-%D8%A7%D9%84%D8%AA%D8%AC%D9%85%D8%B9-%D8%A7%D9%84%D8%AE%D8%A7%D9%85%D8%B3-%D9%85%D9%86-%D8%A7%D9%84%D9%85%D8%A7%D9%84%D9%83-%D9%85%D8%A8%D8%A7%D8%B4%D8%B1%D8%A9-ID503886381.html
باقل سعر فى السوق شقة للبيع  ١٧٢ م متشطبة بالكامل استلام فورى موقع مميز جدًا فيو على لاجون مباشرة  في بالم هيلز، القاهرة الجديدة Palm Hills New Cairo,11005801,3,3,172,https://www.dubizzle.com.eg/ad/%D8%A8%D8%A7%D9%82%D9%84-%D8%B3%D8%B9%D8%B1-%D9%81%D9%89-%D8%A7%D9%84%D8%B3%D9%88%D9%82-%D8%B4%D9%82%D8%A9-%D9%84%D9%84%D8%A8%D9%8A%D8%B9-%D9%A1%D9%A7%D9%A2-%D9%85-%D9%85%D8%AA%D8%B4%D8%B7%D8%A8%D8%A9-%D8%A8%D8%A7%D9%84%D9%83%D8%A7%D9%85%D9%84-%D8%A7%D8%B3%D8%AA%D9%84%D8%A7%D9%85-%D9%81%D9%88%D8%B1%D9%89-%D9%85%D9%88%D9%82%D8%B9-%D9%85%D9%85%D9%8A%D8%B2-%D8%AC%D8%AF%D8%A7-%D9%81%D9%8A%D9%88-%D8%B9%D9%84%D9%89-%D9%84%D8%A7%D8%AC%D9%88%D9%86-%D9%85%D8%A8%D8%A7%D8%B4%D8%B1%D8%A9-%D9%81%D9%8A-%D8%A8%D8%A7%D9%84%D9%85-%D9%87%D9%8A%D9%84%D8%B2-%D8%A7%D9%84%D9%82%D8%A7%D9%87%D8%B1%D8%A9-%D8%A7%D9%84%D8%AC%D8%AF%D9%8A%D8%AF%D8%A9-palm-hills-new-cairo-ID503886378.html
شقة 158م بجاردن 3غرف متشطبة بالكامل بالتكيفات موقع مميز كورنر مباشرة على النادي استلام فوري فيفث سكوير المراسم القاهرة الجديدةFifth Square Almarasem,11500000,3,2,158,https://www.dubizzle.com.eg/ad/%D8%B4%D9%82%D8%A9-158%D9%85-%D8%A8%D8%AC%D8%A7%D8%B1%D8%AF%D9%86-3%D8%BA%D8%B1%D9%81-%D9%85%D8%AA%D8%B4%D8%B7%D8%A8%D8%A9-%D8%A8%D8%A7%D9%84%D9%83%D8%A7%D9%85%D9%84-%D8%A8%D8%A7%D9%84%D8%AA%D9%83%D9%8A%D9%81%D8%A7%D8%AA-%D9%85%D9%88%D9%82%D8%B9-%D9%85%D9%85%D9%8A%D8%B2-%D9%83%D9%88%D8%B1%D9%86%D8%B1-%D9%85%D8%A8%D8%A7%D8%B4%D8%B1%D8%A9-%D8%B9%D9%84%D9%89-%D8%A7%D9%84%D9%86%D8%A7%D8%AF%D9%8A-%D8%A7%D8%B3%D8%AA%D9%84%D8%A7%D9%85-%D9%81%D9%88%D8%B1%D9%8A-%D9%81%D9%8A%D9%81%D8%AB-%D8%B3%D9%83%D9%88%D9%8A%D8%B1-%D8%A7%D9%84%D9%85%D8%B1%D8%A7%D8%B3%D9%85-%D8%A7%D9%84%D9%82%D8%A7%D9%87%D8%B1%D8%A9-%D8%A7%D9%84%D8%AC%D8%AF%D9%8A%D8%AF%D8%A9fifth-square-almarasem-ID503895589.html
افضل سعر وافضل مساحه شقه  استلام فوري ٤ غرف كورنر وڤيو مميز و ٥ حمام بمقدم واقساط  - Palm hills new cairo,12729250,4,5,254,https://www.dubizzle.com.eg/ad/%D8%A7%D9%81%D8%B6%D9%84-%D8%B3%D8%B9%D8%B1-%D9%88%D8%A7%D9%81%D8%B6%D9%84-%D9%85%D8%B3%D8%A7%D8%AD%D9%87-%D8%B4%D9%82%D9%87-%D8%A7%D8%B3%D8%AA%D9%84%D8%A7%D9%85-%D9%81%D9%88%D8%B1%D9%8A-%D9%A4-%D8%BA%D8%B1%D9%81-%D9%83%D9%88%D8%B1%D9%86%D8%B1-%D9%88%DA%A4%D9%8A%D9%88-%D9%85%D9%85%D9%8A%D8%B2-%D9%88-%D9%A5-%D8%AD%D9%85%D8%A7%D9%85-%D8%A8%D9%85%D9%82%D8%AF%D9%85-%D9%88%D8%A7%D9%82%D8%B3%D8%A7%D8%B7-palm-hills-new-cairo-ID503168105.html
شقة 160 متر مشتطبه استلام فوري فى كمبوند هايد بارك Mountain View نيو كايرو بالقرب من الجامعه الامريكيه ،،,10500000,3,1,160,https://www.dubizzle.com.eg/ad/%D8%B4%D9%82%D8%A9-160-%D9%85%D8%AA%D8%B1-%D9%85%D8%B4%D8%AA%D8%B7%D8%A8%D9%87-%D8%A7%D8%B3%D8%AA%D9%84%D8%A7%D9%85-%D9%81%D9%88%D8%B1%D9%8A-%D9%81%D9%89-%D9%83%D9%85%D8%A8%D9%88%D9%86%D8%AF-%D9%87%D8%A7%D9%8A%D8%AF-%D8%A8%D8%A7%D8%B1%D9%83-mountain-view-%D9%86%D9%8A%D9%88-%D9%83%D8%A7%D9%8A%D8%B1%D9%88-%D8%A8%D8%A7%D9%84%D9%82%D8%B1%D8%A8-%D9%85%D9%86-%D8%A7%D9%84%D8%AC%D8%A7%D9%85%D8%B9%D9%87-%D8%A7%D9%84%D8%A7%D9%85%D8%B1%D9%8A%D9%83%D9%8A%D9%87-ID503899281.html
شقة للبيع في البنفسج عمارات | التجمع الخامس  إذا كنت تبحث عن شقة واسعة بتشطيب فاخر وجاهزة للسكن في واحدة من أفضل مناطق التجمع الخامس، فهذه فرصة مميزة,8000000,4,3,230,https://www.dubizzle.com.eg/ad/%D8%B4%D9%82%D8%A9-%D9%84%D9%84%D8%A8%D9%8A%D8%B9-%D9%81%D9%8A-%D8%A7%D9%84%D8%A8%D9%86%D9%81%D8%B3%D8%AC-%D8%B9%D9%85%D8%A7%D8%B1%D8%A7%D8%AA-%D8%A7%D9%84%D8%AA%D8%AC%D9%85%D8%B9-%D8%A7%D9%84%D8%AE%D8%A7%D9%85%D8%B3-%D8%A5%D8%B0%D8%A7-%D9%83%D9%86%D8%AA-%D8%AA%D8%A8%D8%AD%D8%AB-%D8%B9%D9%86-%D8%B4%D9%82%D8%A9-%D9%88%D8%A7%D8%B3%D8%B9%D8%A9-%D8%A8%D8%AA%D8%B4%D8%B7%D9%8A%D8%A8-%D9%81%D8%A7%D8%AE%D8%B1-%D9%88%D8%AC%D8%A7%D9%87%D8%B2%D8%A9-%D9%84%D9%84%D8%B3%D9%83%D9%86-%D9%81%D9%8A-%D9%88%D8%A7%D8%AD%D8%AF%D8%A9-%D9%85%D9%86-%D8%A3%D9%81%D8%B6%D9%84-%D9%85%D9%86%D8%A7%D8%B7%D9%82-%D8%A7%D9%84%D8%AA%D8%AC%D9%85%D8%B9-%D8%A7%D9%84%D8%AE%D8%A7%D9%85%D8%B3-%D9%81%D9%87%D8%B0%D9%87-%D9%81%D8%B1%D8%B5%D8%A9-%D9%85%D9%85%D9%8A%D8%B2%D8%A9-ID503886619.html
شقه 82م للبيع في B7 - تشطيبات علي اعلي مستوي فيو جاردن ومجري السيل قرب النادي,5000000,2,1,82,https://www.dubizzle.com.eg/ad/%D8%B4%D9%82%D9%87-82%D9%85-%D9%84%D9%84%D8%A8%D9%8A%D8%B9-%D9%81%D9%8A-b7-%D8%AA%D8%B4%D8%B7%D9%8A%D8%A8%D8%A7%D8%AA-%D8%B9%D9%84%D9%8A-%D8%A7%D8%B9%D9%84%D9%8A-%D9%85%D8%B3%D8%AA%D9%88%D9%8A-%D9%81%D9%8A%D9%88-%D8%AC%D8%A7%D8%B1%D8%AF%D9%86-%D9%88%D9%85%D8%AC%D8%B1%D9%8A-%D8%A7%D9%84%D8%B3%D9%8A%D9%84-%D9%82%D8%B1%D8%A8-%D8%A7%D9%84%D9%86%D8%A7%D8%AF%D9%8A-ID503898535.html
شقه 73م للبيع في مدينتي B12 تشطيبات سوبر لوكس كاش خالصه بجوار الخدمات,4950000,2,1,73,https://www.dubizzle.com.eg/ad/%D8%B4%D9%82%D9%87-73%D9%85-%D9%84%D9%84%D8%A8%D9%8A%D8%B9-%D9%81%D9%8A-%D9%85%D8%AF%D9%8A%D9%86%D8%AA%D9%8A-b12-%D8%AA%D8%B4%D8%B7%D9%8A%D8%A8%D8%A7%D8%AA-%D8%B3%D9%88%D8%A8%D8%B1-%D9%84%D9%88%D9%83%D8%B3-%D9%83%D8%A7%D8%B4-%D8%AE%D8%A7%D9%84%D8%B5%D9%87-%D8%A8%D8%AC%D9%88%D8%A7%D8%B1-%D8%A7%D9%84%D8%AE%D8%AF%D9%85%D8%A7%D8%AA-ID503898432.html
شقة تمليك للبيع كومباوند امتداد غرب الجولف التجمع الخامس استلام فوري نصف تشطيب مساحة الشقة المتكرر 300 متر فيو مميز جدا حصة في الارض,8250000,4,3,300,https://www.dubizzle.com.eg/ad/%D8%B4%D9%82%D8%A9-%D8%AA%D9%85%D9%84%D9%8A%D9%83-%D9%84%D9%84%D8%A8%D9%8A%D8%B9-%D9%83%D9%88%D9%85%D8%A8%D8%A7%D9%88%D9%86%D8%AF-%D8%A7%D9%85%D8%AA%D8%AF%D8%A7%D8%AF-%D8%BA%D8%B1%D8%A8-%D8%A7%D9%84%D8%AC%D9%88%D9%84%D9%81-%D8%A7%D9%84%D8%AA%D8%AC%D9%85%D8%B9-%D8%A7%D9%84%D8%AE%D8%A7%D9%85%D8%B3-%D8%A7%D8%B3%D8%AA%D9%84%D8%A7%D9%85-%D9%81%D9%88%D8%B1%D9%8A-%D9%86%D8%B5%D9%81-%D8%AA%D8%B4%D8%B7%D9%8A%D8%A8-%D9%85%D8%B3%D8%A7%D8%AD%D8%A9-%D8%A7%D9%84%D8%B4%D9%82%D8%A9-%D8%A7%D9%84%D9%85%D8%AA%D9%83%D8%B1%D8%B1-300-%D9%85%D8%AA%D8%B1-%D9%81%D9%8A%D9%88-%D9%85%D9%85%D9%8A%D8%B2-%D8%AC%D8%AF%D8%A7-%D8%AD%D8%B5%D8%A9-%D9%81%D9%8A-%D8%A7%D9%84%D8%A7%D8%B1%D8%B6-ID503634940.html
شقة 3 نوم متشطبة بالكامل استلام فوري للبيع في سوديك فيليت التجمع الخامس Sodic Villette New Cairo,21500000,3,2,180,https://www.dubizzle.com.eg/ad/%D8%B4%D9%82%D8%A9-3-%D9%86%D9%88%D9%85-%D9%85%D8%AA%D8%B4%D8%B7%D8%A8%D8%A9-%D8%A8%D8%A7%D9%84%D9%83%D8%A7%D9%85%D9%84-%D8%A7%D8%B3%D8%AA%D9%84%D8%A7%D9%85-%D9%81%D9%88%D8%B1%D9%8A-%D9%84%D9%84%D8%A8%D9%8A%D8%B9-%D9%81%D9%8A-%D8%B3%D9%88%D8%AF%D9%8A%D9%83-%D9%81%D9%8A%D9%84%D9%8A%D8%AA-%D8%A7%D9%84%D8%AA%D8%AC%D9%85%D8%B9-%D8%A7%D9%84%D8%AE%D8%A7%D9%85%D8%B3-sodic-villette-new-cairo-ID503620381.html
للبيع في ماونتن فيو آي سيتي – القاهرة الجديدة | فرصة مميزة للسكن والاستثمار  إذا كنت تبحث عن منزل يجمع بين الموقع المميز، والخصوصية، وجودة الحياة،,7800000,3,2,135,https://www.dubizzle.com.eg/ad/%D9%84%D9%84%D8%A8%D9%8A%D8%B9-%D9%81%D9%8A-%D9%85%D8%A7%D9%88%D9%86%D8%AA%D9%86-%D9%81%D9%8A%D9%88-%D8%A2%D9%8A-%D8%B3%D9%8A%D8%AA%D9%8A-%D8%A7%D9%84%D9%82%D8%A7%D9%87%D8%B1%D8%A9-%D8%A7%D9%84%D8%AC%D8%AF%D9%8A%D8%AF%D8%A9-%D9%81%D8%B1%D8%B5%D8%A9-%D9%85%D9%85%D9%8A%D8%B2%D8%A9-%D9%84%D9%84%D8%B3%D9%83%D9%86-%D9%88%D8%A7%D9%84%D8%A7%D8%B3%D8%AA%D8%AB%D9%85%D8%A7%D8%B1-%D8%A5%D8%B0%D8%A7-%D9%83%D9%86%D8%AA-%D8%AA%D8%A8%D8%AD%D8%AB-%D8%B9%D9%86-%D9%85%D9%86%D8%B2%D9%84-%D9%8A%D8%AC%D9%85%D8%B9-%D8%A8%D9%8A%D9%86-%D8%A7%D9%84%D9%85%D9%88%D9%82%D8%B9-%D8%A7%D9%84%D9%85%D9%85%D9%8A%D8%B2-%D9%88%D8%A7%D9%84%D8%AE%D8%B5%D9%88%D8%B5%D9%8A%D8%A9-%D9%88%D8%AC%D9%88%D8%AF%D8%A9-%D8%A7%D9%84%D8%AD%D9%8A%D8%A7%D8%A9-ID503897484.html
شقة للبيع تشطيب سوبر لوكس مفروشة بالكامل داخل كومباوند هايد بارك مباشرة علي التسعين الجنوبي بالقرب من ميفيدا و علي بعد دقايق من الجامعه الامريكية,13500000,2,2,135,https://www.dubizzle.com.eg/ad/%D8%B4%D9%82%D8%A9-%D9%84%D9%84%D8%A8%D9%8A%D8%B9-%D8%AA%D8%B4%D8%B7%D9%8A%D8%A8-%D8%B3%D9%88%D8%A8%D8%B1-%D9%84%D9%88%D9%83%D8%B3-%D9%85%D9%81%D8%B1%D9%88%D8%B4%D8%A9-%D8%A8%D8%A7%D9%84%D9%83%D8%A7%D9%85%D9%84-%D8%AF%D8%A7%D8%AE%D9%84-%D9%83%D9%88%D9%85%D8%A8%D8%A7%D9%88%D9%86%D8%AF-%D9%87%D8%A7%D9%8A%D8%AF-%D8%A8%D8%A7%D8%B1%D9%83-%D9%85%D8%A8%D8%A7%D8%B4%D8%B1%D8%A9-%D8%B9%D9%84%D9%8A-%D8%A7%D9%84%D8%AA%D8%B3%D8%B9%D9%8A%D9%86-%D8%A7%D9%84%D8%AC%D9%86%D9%88%D8%A8%D9%8A-%D8%A8%D8%A7%D9%84%D9%82%D8%B1%D8%A8-%D9%85%D9%86-%D9%85%D9%8A%D9%81%D9%8A%D8%AF%D8%A7-%D9%88-%D8%B9%D9%84%D9%8A-%D8%A8%D8%B9%D8%AF-%D8%AF%D9%82%D8%A7%D9%8A%D9%82-%D9%85%D9%86-%D8%A7%D9%84%D8%AC%D8%A7%D9%85%D8%B9%D9%87-%D8%A7%D9%84%D8%A7%D9%85%D8%B1%D9%8A%D9%83%D9%8A%D8%A9-ID503899131.html
للبيع شقة مميزة في مرحلة جرينز – فرصة رائعة للسكن والاستثمار  إذا كنت تبحث عن وحدة داخل كمبوند راقٍ بموقع استثنائي، وتصميم عملي، ونظام سداد مميز، ف,10856000,2,3,114,https://www.dubizzle.com.eg/ad/%D9%84%D9%84%D8%A8%D9%8A%D8%B9-%D8%B4%D9%82%D8%A9-%D9%85%D9%85%D9%8A%D8%B2%D8%A9-%D9%81%D9%8A-%D9%85%D8%B1%D8%AD%D9%84%D8%A9-%D8%AC%D8%B1%D9%8A%D9%86%D8%B2-%D9%81%D8%B1%D8%B5%D8%A9-%D8%B1%D8%A7%D8%A6%D8%B9%D8%A9-%D9%84%D9%84%D8%B3%D9%83%D9%86-%D9%88%D8%A7%D9%84%D8%A7%D8%B3%D8%AA%D8%AB%D9%85%D8%A7%D8%B1-%D8%A5%D8%B0%D8%A7-%D9%83%D9%86%D8%AA-%D8%AA%D8%A8%D8%AD%D8%AB-%D8%B9%D9%86-%D9%88%D8%AD%D8%AF%D8%A9-%D8%AF%D8%A7%D8%AE%D9%84-%D9%83%D9%85%D8%A8%D9%88%D9%86%D8%AF-%D8%B1%D8%A7%D9%82-%D8%A8%D9%85%D9%88%D9%82%D8%B9-%D8%A7%D8%B3%D8%AA%D8%AB%D9%86%D8%A7%D8%A6%D9%8A-%D9%88%D8%AA%D8%B5%D9%85%D9%8A%D9%85-%D8%B9%D9%85%D9%84%D9%8A-%D9%88%D9%86%D8%B8%D8%A7%D9%85-%D8%B3%D8%AF%D8%A7%D8%AF-%D9%85%D9%85%D9%8A%D8%B2-%D9%81-ID503898639.html
شقة بسعر التكلفة اسكان الجامعة الامريكية التجمع الخامس نصف تشطيب استلام فوري موقع متميز مساحة 260 متر حصة في الجراج اسانسير بسعر لقطة,7100000,4,2,260,https://www.dubizzle.com.eg/ad/%D8%B4%D9%82%D8%A9-%D8%A8%D8%B3%D8%B9%D8%B1-%D8%A7%D9%84%D8%AA%D9%83%D9%84%D9%81%D8%A9-%D8%A7%D8%B3%D9%83%D8%A7%D9%86-%D8%A7%D9%84%D8%AC%D8%A7%D9%85%D8%B9%D8%A9-%D8%A7%D9%84%D8%A7%D9%85%D8%B1%D9%8A%D9%83%D9%8A%D8%A9-%D8%A7%D9%84%D8%AA%D8%AC%D9%85%D8%B9-%D8%A7%D9%84%D8%AE%D8%A7%D9%85%D8%B3-%D9%86%D8%B5%D9%81-%D8%AA%D8%B4%D8%B7%D9%8A%D8%A8-%D8%A7%D8%B3%D8%AA%D9%84%D8%A7%D9%85-%D9%81%D9%88%D8%B1%D9%8A-%D9%85%D9%88%D9%82%D8%B9-%D9%85%D8%AA%D9%85%D9%8A%D8%B2-%D9%85%D8%B3%D8%A7%D8%AD%D8%A9-260-%D9%85%D8%AA%D8%B1-%D8%AD%D8%B5%D8%A9-%D9%81%D9%8A-%D8%A7%D9%84%D8%AC%D8%B1%D8%A7%D8%AC-%D8%A7%D8%B3%D8%A7%D9%86%D8%B3%D9%8A%D8%B1-%D8%A8%D8%B3%D8%B9%D8%B1-%D9%84%D9%82%D8%B7%D8%A9-ID503805572.html
فرصة مش هتتعوض في بيت الوطن - الحي التاني - ودقايق لمحور النوادي وجميع الخدمات!,4350000,3,3,166,https://www.dubizzle.com.eg/ad/%D9%81%D8%B1%D8%B5%D8%A9-%D9%85%D8%B4-%D9%87%D8%AA%D8%AA%D8%B9%D9%88%D8%B6-%D9%81%D9%8A-%D8%A8%D9%8A%D8%AA-%D8%A7%D9%84%D9%88%D8%B7%D9%86-%D8%A7%D9%84%D8%AD%D9%8A-%D8%A7%D9%84%D8%AA%D8%A7%D9%86%D9%8A-%D9%88%D8%AF%D9%82%D8%A7%D9%8A%D9%82-%D9%84%D9%85%D8%AD%D9%88%D8%B1-%D8%A7%D9%84%D9%86%D9%88%D8%A7%D8%AF%D9%8A-%D9%88%D8%AC%D9%85%D9%8A%D8%B9-%D8%A7%D9%84%D8%AE%D8%AF%D9%85%D8%A7%D8%AA-ID503895302.html
استلم فوري شقة غرفتين دبل فيوتشطيب الترا سوبر لوكس بأميز لوكيشن وأقل سعر في قلب التجمع في كمبوند متكامل الخدمات بخصم مميز,9672000,2,2,144,https://www.dubizzle.com.eg/ad/%D8%A7%D8%B3%D8%AA%D9%84%D9%85-%D9%81%D9%88%D8%B1%D9%8A-%D8%B4%D9%82%D8%A9-%D8%BA%D8%B1%D9%81%D8%AA%D9%8A%D9%86-%D8%AF%D8%A8%D9%84-%D9%81%D9%8A%D9%88%D8%AA%D8%B4%D8%B7%D9%8A%D8%A8-%D8%A7%D9%84%D8%AA%D8%B1%D8%A7-%D8%B3%D9%88%D8%A8%D8%B1-%D9%84%D9%88%D9%83%D8%B3-%D8%A8%D8%A3%D9%85%D9%8A%D8%B2-%D9%84%D9%88%D9%83%D9%8A%D8%B4%D9%86-%D9%88%D8%A3%D9%82%D9%84-%D8%B3%D8%B9%D8%B1-%D9%81%D9%8A-%D9%82%D9%84%D8%A8-%D8%A7%D9%84%D8%AA%D8%AC%D9%85%D8%B9-%D9%81%D9%8A-%D9%83%D9%85%D8%A8%D9%88%D9%86%D8%AF-%D9%85%D8%AA%D9%83%D8%A7%D9%85%D9%84-%D8%A7%D9%84%D8%AE%D8%AF%D9%85%D8%A7%D8%AA-%D8%A8%D8%AE%D8%B5%D9%85-%D9%85%D9%85%D9%8A%D8%B2-ID503896174.html
شقة للبيع في مدينتي بريفادو من المالك مباشر,13198245,3,2,133,https://www.dubizzle.com.eg/ad/%D8%B4%D9%82%D8%A9-%D9%84%D9%84%D8%A8%D9%8A%D8%B9-%D9%81%D9%8A-%D9%85%D8%AF%D9%8A%D9%86%D8%AA%D9%8A-%D8%A8%D8%B1%D9%8A%D9%81%D8%A7%D8%AF%D9%88-%D9%85%D9%86-%D8%A7%D9%84%D9%85%D8%A7%D9%84%D9%83-%D9%85%D8%A8%D8%A7%D8%B4%D8%B1-ID208635950.html
شقة 210م للبيع في جنوب الأكاديمية - التجمع الأول بتقسيط حتى 12 شهر,8100000,4,3,210,https://www.dubizzle.com.eg/ad/%D8%B4%D9%82%D8%A9-210%D9%85-%D9%84%D9%84%D8%A8%D9%8A%D8%B9-%D9%81%D9%8A-%D8%AC%D9%86%D9%88%D8%A8-%D8%A7%D9%84%D8%A3%D9%83%D8%A7%D8%AF%D9%8A%D9%85%D9%8A%D8%A9-%D8%A7%D9%84%D8%AA%D8%AC%D9%85%D8%B9-%D8%A7%D9%84%D8%A3%D9%88%D9%84-%D8%A8%D8%AA%D9%82%D8%B3%D9%8A%D8%B7-%D8%AD%D8%AA%D9%89-12-%D8%B4%D9%87%D8%B1-ID503808917.html
للبيع بمساكن المجاوره الثامنه بالتجمع الأول شقه 81م دور رابع وأخير,1500000,3,1,81,https://www.dubizzle.com.eg/ad/%D9%84%D9%84%D8%A8%D9%8A%D8%B9-%D8%A8%D9%85%D8%B3%D8%A7%D9%83%D9%86-%D8%A7%D9%84%D9%85%D8%AC%D8%A7%D9%88%D8%B1%D9%87-%D8%A7%D9%84%D8%AB%D8%A7%D9%85%D9%86%D9%87-%D8%A8%D8%A7%D9%84%D8%AA%D8%AC%D9%85%D8%B9-%D8%A7%D9%84%D8%A3%D9%88%D9%84-%D8%B4%D9%82%D9%87-81%D9%85-%D8%AF%D9%88%D8%B1-%D8%B1%D8%A7%D8%A8%D8%B9-%D9%88%D8%A3%D8%AE%D9%8A%D8%B1-ID503625314.html
شقة مع جاردن جاهزة للاستلام للبيع في ليك فيو ريزيدنس 1، القاهرة الجديدة Lake View Residence 1 New Cairo,10000000,2,2,128,https://www.dubizzle.com.eg/ad/%D8%B4%D9%82%D8%A9-%D9%85%D8%B9-%D8%AC%D8%A7%D8%B1%D8%AF%D9%86-%D8%AC%D8%A7%D9%87%D8%B2%D8%A9-%D9%84%D9%84%D8%A7%D8%B3%D8%AA%D9%84%D8%A7%D9%85-%D9%84%D9%84%D8%A8%D9%8A%D8%B9-%D9%81%D9%8A-%D9%84%D9%8A%D9%83-%D9%81%D9%8A%D9%88-%D8%B1%D9%8A%D8%B2%D9%8A%D8%AF%D9%86%D8%B3-1-%D8%A7%D9%84%D9%82%D8%A7%D9%87%D8%B1%D8%A9-%D8%A7%D9%84%D8%AC%D8%AF%D9%8A%D8%AF%D8%A9-lake-view-residence-1-new-cairo-ID503899074.html
شقة مفروشة بالكامل للبيع في ليك فيو ريزيدنس 1، القاهرة الجديدة Lake View Residence 1 New Cairo,14000000,2,2,144,https://www.dubizzle.com.eg/ad/%D8%B4%D9%82%D8%A9-%D9%85%D9%81%D8%B1%D9%88%D8%B4%D8%A9-%D8%A8%D8%A7%D9%84%D9%83%D8%A7%D9%85%D9%84-%D9%84%D9%84%D8%A8%D9%8A%D8%B9-%D9%81%D9%8A-%D9%84%D9%8A%D9%83-%D9%81%D9%8A%D9%88-%D8%B1%D9%8A%D8%B2%D9%8A%D8%AF%D9%86%D8%B3-1-%D8%A7%D9%84%D9%82%D8%A7%D9%87%D8%B1%D8%A9-%D8%A7%D9%84%D8%AC%D8%AF%D9%8A%D8%AF%D8%A9-lake-view-residence-1-new-cairo-ID503899020.html
شقه للبيع في مكرم عبيد,5200000,3,2,240,https://www.dubizzle.com.eg/ad/%D8%B4%D9%82%D9%87-%D9%84%D9%84%D8%A8%D9%8A%D8%B9-%D9%81%D9%8A-%D9%85%D9%83%D8%B1%D9%85-%D8%B9%D8%A8%D9%8A%D8%AF-ID503899067.html
استفيد و استثمر في أرقي كمبوند في قلب العاصمة الادارية أمام اكبر حديقة مركزية,3757078,3,2,166,https://www.dubizzle.com.eg/ad/%D8%A7%D8%B3%D8%AA%D9%81%D9%8A%D8%AF-%D9%88-%D8%A7%D8%B3%D8%AA%D8%AB%D9%85%D8%B1-%D9%81%D9%8A-%D8%A3%D8%B1%D9%82%D9%8A-%D9%83%D9%85%D8%A8%D9%88%D9%86%D8%AF-%D9%81%D9%8A-%D9%82%D9%84%D8%A8-%D8%A7%D9%84%D8%B9%D8%A7%D8%B5%D9%85%D8%A9-%D8%A7%D9%84%D8%A7%D8%AF%D8%A7%D8%B1%D9%8A%D8%A9-%D8%A3%D9%85%D8%A7%D9%85-%D8%A7%D9%83%D8%A8%D8%B1-%D8%AD%D8%AF%D9%8A%D9%82%D8%A9-%D9%85%D8%B1%D9%83%D8%B2%D9%8A%D8%A9-ID503419383.html
شقه للبيع على المحور المركزى بجانب الجامعه السويديه على البرج الايقونى بمنطقه ار 7 بالعاصمه الجديده,5040000,2,2,191,https://www.dubizzle.com.eg/ad/%D8%B4%D9%82%D9%87-%D9%84%D9%84%D8%A8%D9%8A%D8%B9-%D8%B9%D9%84%D9%89-%D8%A7%D9%84%D9%85%D8%AD%D9%88%D8%B1-%D8%A7%D9%84%D9%85%D8%B1%D9%83%D8%B2%D9%89-%D8%A8%D8%AC%D8%A7%D9%86%D8%A8-%D8%A7%D9%84%D8%AC%D8%A7%D9%85%D8%B9%D9%87-%D8%A7%D9%84%D8%B3%D9%88%D9%8A%D8%AF%D9%8A%D9%87-%D8%B9%D9%84%D9%89-%D8%A7%D9%84%D8%A8%D8%B1%D8%AC-%D8%A7%D9%84%D8%A7%D9%8A%D9%82%D9%88%D9%86%D9%89-%D8%A8%D9%85%D9%86%D8%B7%D9%82%D9%87-%D8%A7%D8%B1-7-%D8%A8%D8%A7%D9%84%D8%B9%D8%A7%D8%B5%D9%85%D9%87-%D8%A7%D9%84%D8%AC%D8%AF%D9%8A%D8%AF%D9%87-ID503426219.html
شقة للبيع استلام فوري بخصم 35% في التجمع الخامس بأرقي كمبوند متكامل الخدمات و أقل سعر للمتر,9425000,3,2,165,https://www.dubizzle.com.eg/ad/%D8%B4%D9%82%D8%A9-%D9%84%D9%84%D8%A8%D9%8A%D8%B9-%D8%A7%D8%B3%D8%AA%D9%84%D8%A7%D9%85-%D9%81%D9%88%D8%B1%D9%8A-%D8%A8%D8%AE%D8%B5%D9%85-35-%D9%81%D9%8A-%D8%A7%D9%84%D8%AA%D8%AC%D9%85%D8%B9-%D8%A7%D9%84%D8%AE%D8%A7%D9%85%D8%B3-%D8%A8%D8%A3%D8%B1%D9%82%D9%8A-%D9%83%D9%85%D8%A8%D9%88%D9%86%D8%AF-%D9%85%D8%AA%D9%83%D8%A7%D9%85%D9%84-%D8%A7%D9%84%D8%AE%D8%AF%D9%85%D8%A7%D8%AA-%D9%88-%D8%A3%D9%82%D9%84-%D8%B3%D8%B9%D8%B1-%D9%84%D9%84%D9%85%D8%AA%D8%B1-ID503276404.html
للبيع شقه 103 علي اكبر وايد جاردن وبسعر تجاري في مدينتي,5350000,3,2,103,https://www.dubizzle.com.eg/ad/%D9%84%D9%84%D8%A8%D9%8A%D8%B9-%D8%B4%D9%82%D9%87-103-%D8%B9%D9%84%D9%8A-%D8%A7%D9%83%D8%A8%D8%B1-%D9%88%D8%A7%D9%8A%D8%AF-%D8%AC%D8%A7%D8%B1%D8%AF%D9%86-%D9%88%D8%A8%D8%B3%D8%B9%D8%B1-%D8%AA%D8%AC%D8%A7%D8%B1%D9%8A-%D9%81%D9%8A-%D9%85%D8%AF%D9%8A%D9%86%D8%AA%D9%8A-ID503902823.html
فرصة مميزة في العاصمة الإدارية – شقة 3 غرف متشطبة ألترا سوبر لوكس بأفضل سعر للمتر داخل كمبوند متكامل الخدمات في R8,5500000,3,2,168,https://www.dubizzle.com.eg/ad/%D9%81%D8%B1%D8%B5%D8%A9-%D9%85%D9%85%D9%8A%D8%B2%D8%A9-%D9%81%D9%8A-%D8%A7%D9%84%D8%B9%D8%A7%D8%B5%D9%85%D8%A9-%D8%A7%D9%84%D8%A5%D8%AF%D8%A7%D8%B1%D9%8A%D8%A9-%D8%B4%D9%82%D8%A9-3-%D8%BA%D8%B1%D9%81-%D9%85%D8%AA%D8%B4%D8%B7%D8%A8%D8%A9-%D8%A3%D9%84%D8%AA%D8%B1%D8%A7-%D8%B3%D9%88%D8%A8%D8%B1-%D9%84%D9%88%D9%83%D8%B3-%D8%A8%D8%A3%D9%81%D8%B6%D9%84-%D8%B3%D8%B9%D8%B1-%D9%84%D9%84%D9%85%D8%AA%D8%B1-%D8%AF%D8%A7%D8%AE%D9%84-%D9%83%D9%85%D8%A8%D9%88%D9%86%D8%AF-%D9%85%D8%AA%D9%83%D8%A7%D9%85%D9%84-%D8%A7%D9%84%D8%AE%D8%AF%D9%85%D8%A7%D8%AA-%D9%81%D9%8A-r8-ID503440361.html
شقة تشطيب فندقي كامل جاهزة للمعاينة استلام سنتين في أرقي كمبوند في ال R8 دقايق للحي الدوبلوماسي,4975100,3,2,178,https://www.dubizzle.com.eg/ad/%D8%B4%D9%82%D8%A9-%D8%AA%D8%B4%D8%B7%D9%8A%D8%A8-%D9%81%D9%86%D8%AF%D9%82%D9%8A-%D9%83%D8%A7%D9%85%D9%84-%D8%AC%D8%A7%D9%87%D8%B2%D8%A9-%D9%84%D9%84%D9%85%D8%B9%D8%A7%D9%8A%D9%86%D8%A9-%D8%A7%D8%B3%D8%AA%D9%84%D8%A7%D9%85-%D8%B3%D9%86%D8%AA%D9%8A%D9%86-%D9%81%D9%8A-%D8%A3%D8%B1%D9%82%D9%8A-%D9%83%D9%85%D8%A8%D9%88%D9%86%D8%AF-%D9%81%D9%8A-%D8%A7%D9%84-r8-%D8%AF%D9%82%D8%A7%D9%8A%D9%82-%D9%84%D9%84%D8%AD%D9%8A-%D8%A7%D9%84%D8%AF%D9%88%D8%A8%D9%84%D9%88%D9%85%D8%A7%D8%B3%D9%8A-ID503440603.html
شقة بمجتمع سكني متكامل يوفرالأمان والخصوصية للبيع بأفضل لوكيشن في الشروق كاملة التشطيب واستلام فوري امام مدينتي وعلى طريق السويس في مايان الشروق Mayan,6100000,2,2,160,https://www.dubizzle.com.eg/ad/%D8%B4%D9%82%D8%A9-%D8%A8%D9%85%D8%AC%D8%AA%D9%85%D8%B9-%D8%B3%D9%83%D9%86%D9%8A-%D9%85%D8%AA%D9%83%D8%A7%D9%85%D9%84-%D9%8A%D9%88%D9%81%D8%B1%D8%A7%D9%84%D8%A3%D9%85%D8%A7%D9%86-%D9%88%D8%A7%D9%84%D8%AE%D8%B5%D9%88%D8%B5%D9%8A%D8%A9-%D9%84%D9%84%D8%A8%D9%8A%D8%B9-%D8%A8%D8%A3%D9%81%D8%B6%D9%84-%D9%84%D9%88%D9%83%D9%8A%D8%B4%D9%86-%D9%81%D9%8A-%D8%A7%D9%84%D8%B4%D8%B1%D9%88%D9%82-%D9%83%D8%A7%D9%85%D9%84%D8%A9-%D8%A7%D9%84%D8%AA%D8%B4%D8%B7%D9%8A%D8%A8-%D9%88%D8%A7%D8%B3%D8%AA%D9%84%D8%A7%D9%85-%D9%81%D9%88%D8%B1%D9%8A-%D8%A7%D9%85%D8%A7%D9%85-%D9%85%D8%AF%D9%8A%D9%86%D8%AA%D9%8A-%D9%88%D8%B9%D9%84%D9%89-%D8%B7%D8%B1%D9%8A%D9%82-%D8%A7%D9%84%D8%B3%D9%88%D9%8A%D8%B3-%D9%81%D9%8A-%D9%85%D8%A7%D9%8A%D8%A7%D9%86-%D8%A7%D9%84%D8%B4%D8%B1%D9%88%D9%82-mayan-ID503902770.html
فرصة من المالك مباشرة للبيع شقة229 متر بمشروع City of Odyssia,8200000,3,3,229,https://www.dubizzle.com.eg/ad/%D9%81%D8%B1%D8%B5%D8%A9-%D9%85%D9%86-%D8%A7%D9%84%D9%85%D8%A7%D9%84%D9%83-%D9%85%D8%A8%D8%A7%D8%B4%D8%B1%D8%A9-%D9%84%D9%84%D8%A8%D9%8A%D8%B9-%D8%B4%D9%82%D8%A9229-%D9%85%D8%AA%D8%B1-%D8%A8%D9%85%D8%B4%D8%B1%D9%88%D8%B9-city-of-odyssia-ID208635642.html
شقة للبيع أرضي بجاردن من شركة تطوير مصر في كمبوند بلوم فيلدز في قلب مدينة المستقبل واللي بتتميز بتصميماتها العصرية على الطراز الأوروبي,9600000,2,2,105,https://www.dubizzle.com.eg/ad/%D8%B4%D9%82%D8%A9-%D9%84%D9%84%D8%A8%D9%8A%D8%B9-%D8%A3%D8%B1%D8%B6%D9%8A-%D8%A8%D8%AC%D8%A7%D8%B1%D8%AF%D9%86-%D9%85%D9%86-%D8%B4%D8%B1%D9%83%D8%A9-%D8%AA%D8%B7%D9%88%D9%8A%D8%B1-%D9%85%D8%B5%D8%B1-%D9%81%D9%8A-%D9%83%D9%85%D8%A8%D9%88%D9%86%D8%AF-%D8%A8%D9%84%D9%88%D9%85-%D9%81%D9%8A%D9%84%D8%AF%D8%B2-%D9%81%D9%8A-%D9%82%D9%84%D8%A8-%D9%85%D8%AF%D9%8A%D9%86%D8%A9-%D8%A7%D9%84%D9%85%D8%B3%D8%AA%D9%82%D8%A8%D9%84-%D9%88%D8%A7%D9%84%D9%84%D9%8A-%D8%A8%D8%AA%D8%AA%D9%85%D9%8A%D8%B2-%D8%A8%D8%AA%D8%B5%D9%85%D9%8A%D9%85%D8%A7%D8%AA%D9%87%D8%A7-%D8%A7%D9%84%D8%B9%D8%B5%D8%B1%D9%8A%D8%A9-%D8%B9%D9%84%D9%89-%D8%A7%D9%84%D8%B7%D8%B1%D8%A7%D8%B2-%D8%A7%D9%84%D8%A3%D9%88%D8%B1%D9%88%D8%A8%D9%8A-ID503902825.html
شقة للبيع الزهراء مدينه نصر مساكن الضباط,1800000,3,1,96,https://www.dubizzle.com.eg/ad/%D8%B4%D9%82%D8%A9-%D9%84%D9%84%D8%A8%D9%8A%D8%B9-%D8%A7%D9%84%D8%B2%D9%87%D8%B1%D8%A7%D8%A1-%D9%85%D8%AF%D9%8A%D9%86%D9%87-%D9%86%D8%B5%D8%B1-%D9%85%D8%B3%D8%A7%D9%83%D9%86-%D8%A7%D9%84%D8%B6%D8%A8%D8%A7%D8%B7-ID208452687.html
شقة 94 متر الحي الثالث التجمع الخامس دور الاخير,1900000,3,1,94,https://www.dubizzle.com.eg/ad/%D8%B4%D9%82%D8%A9-94-%D9%85%D8%AA%D8%B1-%D8%A7%D9%84%D8%AD%D9%8A-%D8%A7%D9%84%D8%AB%D8%A7%D9%84%D8%AB-%D8%A7%D9%84%D8%AA%D8%AC%D9%85%D8%B9-%D8%A7%D9%84%D8%AE%D8%A7%D9%85%D8%B3-%D8%AF%D9%88%D8%B1-%D8%A7%D9%84%D8%A7%D8%AE%D9%8A%D8%B1-ID208534029.html
استلام قريب وتشطيب كامل وفر وقت ومجهود التشطيب للبيع بأفضل لوكيشن في الشروق امام مدينتي وعلى طريق السويس بكمبوند متكامل الخدمات في مايان الشروق Mayan,7900000,2,2,138,https://www.dubizzle.com.eg/ad/%D8%A7%D8%B3%D8%AA%D9%84%D8%A7%D9%85-%D9%82%D8%B1%D9%8A%D8%A8-%D9%88%D8%AA%D8%B4%D8%B7%D9%8A%D8%A8-%D9%83%D8%A7%D9%85%D9%84-%D9%88%D9%81%D8%B1-%D9%88%D9%82%D8%AA-%D9%88%D9%85%D8%AC%D9%87%D9%88%D8%AF-%D8%A7%D9%84%D8%AA%D8%B4%D8%B7%D9%8A%D8%A8-%D9%84%D9%84%D8%A8%D9%8A%D8%B9-%D8%A8%D8%A3%D9%81%D8%B6%D9%84-%D9%84%D9%88%D9%83%D9%8A%D8%B4%D9%86-%D9%81%D9%8A-%D8%A7%D9%84%D8%B4%D8%B1%D9%88%D9%82-%D8%A7%D9%85%D8%A7%D9%85-%D9%85%D8%AF%D9%8A%D9%86%D8%AA%D9%8A-%D9%88%D8%B9%D9%84%D9%89-%D8%B7%D8%B1%D9%8A%D9%82-%D8%A7%D9%84%D8%B3%D9%88%D9%8A%D8%B3-%D8%A8%D9%83%D9%85%D8%A8%D9%88%D9%86%D8%AF-%D9%85%D8%AA%D9%83%D8%A7%D9%85%D9%84-%D8%A7%D9%84%D8%AE%D8%AF%D9%85%D8%A7%D8%AA-%D9%81%D9%8A-%D9%85%D8%A7%D9%8A%D8%A7%D9%86-%D8%A7%D9%84%D8%B4%D8%B1%D9%88%D9%82-mayan-ID503902771.html
شقة للبيع 218 متر بجاردن  فى 90 افنيو التجمع الخامس | استلام متشطب بالتكيفات برام لوكيشن جنب الجامعه الامريكية على التسعين الجنوبى,21000000,4,3,218,https://www.dubizzle.com.eg/ad/%D8%B4%D9%82%D8%A9-%D9%84%D9%84%D8%A8%D9%8A%D8%B9-218-%D9%85%D8%AA%D8%B1-%D8%A8%D8%AC%D8%A7%D8%B1%D8%AF%D9%86-%D9%81%D9%89-90-%D8%A7%D9%81%D9%86%D9%8A%D9%88-%D8%A7%D9%84%D8%AA%D8%AC%D9%85%D8%B9-%D8%A7%D9%84%D8%AE%D8%A7%D9%85%D8%B3-%D8%A7%D8%B3%D8%AA%D9%84%D8%A7%D9%85-%D9%85%D8%AA%D8%B4%D8%B7%D8%A8-%D8%A8%D8%A7%D9%84%D8%AA%D9%83%D9%8A%D9%81%D8%A7%D8%AA-%D8%A8%D8%B1%D8%A7%D9%85-%D9%84%D9%88%D9%83%D9%8A%D8%B4%D9%86-%D8%AC%D9%86%D8%A8-%D8%A7%D9%84%D8%AC%D8%A7%D9%85%D8%B9%D9%87-%D8%A7%D9%84%D8%A7%D9%85%D8%B1%D9%8A%D9%83%D9%8A%D8%A9-%D8%B9%D9%84%D9%89-%D8%A7%D9%84%D8%AA%D8%B3%D8%B9%D9%8A%D9%86-%D8%A7%D9%84%D8%AC%D9%86%D9%88%D8%A8%D9%89-ID503902599.html
شقة 101م (غرفتين + 2 حمام) في كمبوند سراي - مرحلة رويال مع خصومات تنازلية حسب المقدم,7500000,2,2,101,https://www.dubizzle.com.eg/ad/%D8%B4%D9%82%D8%A9-101%D9%85-%D8%BA%D8%B1%D9%81%D8%AA%D9%8A%D9%86-2-%D8%AD%D9%85%D8%A7%D9%85-%D9%81%D9%8A-%D9%83%D9%85%D8%A8%D9%88%D9%86%D8%AF-%D8%B3%D8%B1%D8%A7%D9%8A-%D9%85%D8%B1%D8%AD%D9%84%D8%A9-%D8%B1%D9%88%D9%8A%D8%A7%D9%84-%D9%85%D8%B9-%D8%AE%D8%B5%D9%88%D9%85%D8%A7%D8%AA-%D8%AA%D9%86%D8%A7%D8%B2%D9%84%D9%8A%D8%A9-%D8%AD%D8%B3%D8%A8-%D8%A7%D9%84%D9%85%D9%82%D8%AF%D9%85-ID503894058.html
شقة للبيع استلام فوري متشطبة بالتكييفات في اليجريا بيفرلي هيلز الشيخ زايد بسعر لقطة,5500000,3,2,200,https://www.dubizzle.com.eg/ad/%D8%B4%D9%82%D8%A9-%D9%84%D9%84%D8%A8%D9%8A%D8%B9-%D8%A7%D8%B3%D8%AA%D9%84%D8%A7%D9%85-%D9%81%D9%88%D8%B1%D9%8A-%D9%85%D8%AA%D8%B4%D8%B7%D8%A8%D8%A9-%D8%A8%D8%A7%D9%84%D8%AA%D9%83%D9%8A%D9%8A%D9%81%D8%A7%D8%AA-%D9%81%D9%8A-%D8%A7%D9%84%D9%8A%D8%AC%D8%B1%D9%8A%D8%A7-%D8%A8%D9%8A%D9%81%D8%B1%D9%84%D9%8A-%D9%87%D9%8A%D9%84%D8%B2-%D8%A7%D9%84%D8%B4%D9%8A%D8%AE-%D8%B2%D8%A7%D9%8A%D8%AF-%D8%A8%D8%B3%D8%B9%D8%B1-%D9%84%D9%82%D8%B7%D8%A9-ID502783492.html
شقة دوبلكس (فيلا) للبيع 443م بجاردن 187م استلام فوري 6 أكتوبر | تطل على كومباوند جنة,5983300,3,3,443,https://www.dubizzle.com.eg/ad/%D8%B4%D9%82%D8%A9-%D8%AF%D9%88%D8%A8%D9%84%D9%83%D8%B3-%D9%81%D9%8A%D9%84%D8%A7-%D9%84%D9%84%D8%A8%D9%8A%D8%B9-443%D9%85-%D8%A8%D8%AC%D8%A7%D8%B1%D8%AF%D9%86-187%D9%85-%D8%A7%D8%B3%D8%AA%D9%84%D8%A7%D9%85-%D9%81%D9%88%D8%B1%D9%8A-6-%D8%A3%D9%83%D8%AA%D9%88%D8%A8%D8%B1-%D8%AA%D8%B7%D9%84-%D8%B9%D9%84%D9%89-%D9%83%D9%88%D9%85%D8%A8%D8%A7%D9%88%D9%86%D8%AF-%D8%AC%D9%86%D8%A9-ID503893655.html
شقه استلام فورى متشطبه بالكامل من المالك مباشرة - بجوار جراند هايتس,6500000,3,3,130,https://www.dubizzle.com.eg/ad/%D8%B4%D9%82%D9%87-%D8%A7%D8%B3%D8%AA%D9%84%D8%A7%D9%85-%D9%81%D9%88%D8%B1%D9%89-%D9%85%D8%AA%D8%B4%D8%B7%D8%A8%D9%87-%D8%A8%D8%A7%D9%84%D9%83%D8%A7%D9%85%D9%84-%D9%85%D9%86-%D8%A7%D9%84%D9%85%D8%A7%D9%84%D9%83-%D9%85%D8%A8%D8%A7%D8%B4%D8%B1%D8%A9-%D8%A8%D8%AC%D9%88%D8%A7%D8%B1-%D8%AC%D8%B1%D8%A7%D9%86%D8%AF-%D9%87%D8%A7%D9%8A%D8%AA%D8%B3-ID503066285.html
شقة بالجاردن جاهزة للسكن كاملة التشطيب  في O West او ويست اوراسكوم بالقرب من بيفرلي هيلز,6700000,3,3,60,https://www.dubizzle.com.eg/ad/%D8%B4%D9%82%D8%A9-%D8%A8%D8%A7%D9%84%D8%AC%D8%A7%D8%B1%D8%AF%D9%86-%D8%AC%D8%A7%D9%87%D8%B2%D8%A9-%D9%84%D9%84%D8%B3%D9%83%D9%86-%D9%83%D8%A7%D9%85%D9%84%D8%A9-%D8%A7%D9%84%D8%AA%D8%B4%D8%B7%D9%8A%D8%A8-%D9%81%D9%8A-o-west-%D8%A7%D9%88-%D9%88%D9%8A%D8%B3%D8%AA-%D8%A7%D9%88%D8%B1%D8%A7%D8%B3%D9%83%D9%88%D9%85-%D8%A8%D8%A7%D9%84%D9%82%D8%B1%D8%A8-%D9%85%D9%86-%D8%A8%D9%8A%D9%81%D8%B1%D9%84%D9%8A-%D9%87%D9%8A%D9%84%D8%B2-ID503902832.html
شقة متشطبة بالتكيفات جاهزة للسكن  في بيفرلي هيلز,7000000,4,4,60,https://www.dubizzle.com.eg/ad/%D8%B4%D9%82%D8%A9-%D9%85%D8%AA%D8%B4%D8%B7%D8%A8%D8%A9-%D8%A8%D8%A7%D9%84%D8%AA%D9%83%D9%8A%D9%81%D8%A7%D8%AA-%D8%AC%D8%A7%D9%87%D8%B2%D8%A9-%D9%84%D9%84%D8%B3%D9%83%D9%86-%D9%81%D9%8A-%D8%A8%D9%8A%D9%81%D8%B1%D9%84%D9%8A-%D9%87%D9%8A%D9%84%D8%B2-ID503898797.html
شقة للبيع دوبل فيو تشطيب فاخر  بجوار بالم هيلز,6500000,3,2,160,https://www.dubizzle.com.eg/ad/%D8%B4%D9%82%D8%A9-%D9%84%D9%84%D8%A8%D9%8A%D8%B9-%D8%AF%D9%88%D8%A8%D9%84-%D9%81%D9%8A%D9%88-%D8%AA%D8%B4%D8%B7%D9%8A%D8%A8-%D9%81%D8%A7%D8%AE%D8%B1-%D8%A8%D8%AC%D9%88%D8%A7%D8%B1-%D8%A8%D8%A7%D9%84%D9%85-%D9%87%D9%8A%D9%84%D8%B2-ID503754667.html
استلم اخر شقة فوري علي Central Park في ماونتن فيو بجوار اكتوبر بلازا سوديك امام City Walk و قصر الكبابجي,5568796,3,3,185,https://www.dubizzle.com.eg/ad/%D8%A7%D8%B3%D8%AA%D9%84%D9%85-%D8%A7%D8%AE%D8%B1-%D8%B4%D9%82%D8%A9-%D9%81%D9%88%D8%B1%D9%8A-%D8%B9%D9%84%D9%8A-central-park-%D9%81%D9%8A-%D9%85%D8%A7%D9%88%D9%86%D8%AA%D9%86-%D9%81%D9%8A%D9%88-%D8%A8%D8%AC%D9%88%D8%A7%D8%B1-%D8%A7%D9%83%D8%AA%D9%88%D8%A8%D8%B1-%D8%A8%D9%84%D8%A7%D8%B2%D8%A7-%D8%B3%D9%88%D8%AF%D9%8A%D9%83-%D8%A7%D9%85%D8%A7%D9%85-city-walk-%D9%88-%D9%82%D8%B5%D8%B1-%D8%A7%D9%84%D9%83%D8%A8%D8%A7%D8%A8%D8%AC%D9%8A-ID503894870.html
بافضل سعر الان ل بنتهاوس 240م متشطب بالكامل - 3 غرف نوم - استلم فورا باطلاله مميزه ف تشيل اوت بارك _ Chill out park,9500000,3,2,240,https://www.dubizzle.com.eg/ad/%D8%A8%D8%A7%D9%81%D8%B6%D9%84-%D8%B3%D8%B9%D8%B1-%D8%A7%D9%84%D8%A7%D9%86-%D9%84-%D8%A8%D9%86%D8%AA%D9%87%D8%A7%D9%88%D8%B3-240%D9%85-%D9%85%D8%AA%D8%B4%D8%B7%D8%A8-%D8%A8%D8%A7%D9%84%D9%83%D8%A7%D9%85%D9%84-3-%D8%BA%D8%B1%D9%81-%D9%86%D9%88%D9%85-%D8%A7%D8%B3%D8%AA%D9%84%D9%85-%D9%81%D9%88%D8%B1%D8%A7-%D8%A8%D8%A7%D8%B7%D9%84%D8%A7%D9%84%D9%87-%D9%85%D9%85%D9%8A%D8%B2%D9%87-%D9%81-%D8%AA%D8%B4%D9%8A%D9%84-%D8%A7%D9%88%D8%AA-%D8%A8%D8%A7%D8%B1%D9%83-_-chill-out-park-ID503893821.html
شقة للبيع في كمبوند كيان بمساحة 125 متر، بتصميم عصري وتشطيب مميز، في موقع استراتيجي بمدينة 6 أكتوبر بالقرب من طريق دهشور ومحور 26,9000000,2,1,125,https://www.dubizzle.com.eg/ad/%D8%B4%D9%82%D8%A9-%D9%84%D9%84%D8%A8%D9%8A%D8%B9-%D9%81%D9%8A-%D9%83%D9%85%D8%A8%D9%88%D9%86%D8%AF-%D9%83%D9%8A%D8%A7%D9%86-%D8%A8%D9%85%D8%B3%D8%A7%D8%AD%D8%A9-125-%D9%85%D8%AA%D8%B1-%D8%A8%D8%AA%D8%B5%D9%85%D9%8A%D9%85-%D8%B9%D8%B5%D8%B1%D9%8A-%D9%88%D8%AA%D8%B4%D8%B7%D9%8A%D8%A8-%D9%85%D9%85%D9%8A%D8%B2-%D9%81%D9%8A-%D9%85%D9%88%D9%82%D8%B9-%D8%A7%D8%B3%D8%AA%D8%B1%D8%A7%D8%AA%D9%8A%D8%AC%D9%8A-%D8%A8%D9%85%D8%AF%D9%8A%D9%86%D8%A9-6-%D8%A3%D9%83%D8%AA%D9%88%D8%A8%D8%B1-%D8%A8%D8%A7%D9%84%D9%82%D8%B1%D8%A8-%D9%85%D9%86-%D8%B7%D8%B1%D9%8A%D9%82-%D8%AF%D9%87%D8%B4%D9%88%D8%B1-%D9%88%D9%85%D8%AD%D9%88%D8%B1-26-ID503901619.html
بجوار الاهرامات فرصة ستوديو استثماري ومعاه Open Roof جاهز للمعاينة للبيع ايجاره يوميا بالدولار (اعلى عائد) امام فندق الواحة في اكتوبر,2080000,1,1,27,https://www.dubizzle.com.eg/ad/%D8%A8%D8%AC%D9%88%D8%A7%D8%B1-%D8%A7%D9%84%D8%A7%D9%87%D8%B1%D8%A7%D9%85%D8%A7%D8%AA-%D9%81%D8%B1%D8%B5%D8%A9-%D8%B3%D8%AA%D9%88%D8%AF%D9%8A%D9%88-%D8%A7%D8%B3%D8%AA%D8%AB%D9%85%D8%A7%D8%B1%D9%8A-%D9%88%D9%85%D8%B9%D8%A7%D9%87-open-roof-%D8%AC%D8%A7%D9%87%D8%B2-%D9%84%D9%84%D9%85%D8%B9%D8%A7%D9%8A%D9%86%D8%A9-%D9%84%D9%84%D8%A8%D9%8A%D8%B9-%D8%A7%D9%8A%D8%AC%D8%A7%D8%B1%D9%87-%D9%8A%D9%88%D9%85%D9%8A%D8%A7-%D8%A8%D8%A7%D9%84%D8%AF%D9%88%D9%84%D8%A7%D8%B1-%D8%A7%D8%B9%D9%84%D9%89-%D8%B9%D8%A7%D8%A6%D8%AF-%D8%A7%D9%85%D8%A7%D9%85-%D9%81%D9%86%D8%AF%D9%82-%D8%A7%D9%84%D9%88%D8%A7%D8%AD%D8%A9-%D9%81%D9%8A-%D8%A7%D9%83%D8%AA%D9%88%D8%A8%D8%B1-ID503260567.html
للبيع شقة 175 متر في السياحية الشمالية الاولى خلف مول العرب بحري بالكامل موقوع مميز جدا فيو مفتوح دقيقة من وصلة دهشور و خمس دقائق من مول العرب,4285000,3,2,175,https://www.dubizzle.com.eg/ad/%D9%84%D9%84%D8%A8%D9%8A%D8%B9-%D8%B4%D9%82%D8%A9-175-%D9%85%D8%AA%D8%B1-%D9%81%D9%8A-%D8%A7%D9%84%D8%B3%D9%8A%D8%A7%D8%AD%D9%8A%D8%A9-%D8%A7%D9%84%D8%B4%D9%85%D8%A7%D9%84%D9%8A%D8%A9-%D8%A7%D9%84%D8%A7%D9%88%D9%84%D9%89-%D8%AE%D9%84%D9%81-%D9%85%D9%88%D9%84-%D8%A7%D9%84%D8%B9%D8%B1%D8%A8-%D8%A8%D8%AD%D8%B1%D9%8A-%D8%A8%D8%A7%D9%84%D9%83%D8%A7%D9%85%D9%84-%D9%85%D9%88%D9%82%D9%88%D8%B9-%D9%85%D9%85%D9%8A%D8%B2-%D8%AC%D8%AF%D8%A7-%D9%81%D9%8A%D9%88-%D9%85%D9%81%D8%AA%D9%88%D8%AD-%D8%AF%D9%82%D9%8A%D9%82%D8%A9-%D9%85%D9%86-%D9%88%D8%B5%D9%84%D8%A9-%D8%AF%D9%87%D8%B4%D9%88%D8%B1-%D9%88-%D8%AE%D9%85%D8%B3-%D8%AF%D9%82%D8%A7%D8%A6%D9%82-%D9%85%D9%86-%D9%85%D9%88%D9%84-%D8%A7%D9%84%D8%B9%D8%B1%D8%A8-ID503743385.html
شقة أرضي بحديقة للبيع في 6 أكتوبر | موقع مميز | جاهزة للمعاينة,10000000,3,3,140,https://www.dubizzle.com.eg/ad/%D8%B4%D9%82%D8%A9-%D8%A3%D8%B1%D8%B6%D9%8A-%D8%A8%D8%AD%D8%AF%D9%8A%D9%82%D8%A9-%D9%84%D9%84%D8%A8%D9%8A%D8%B9-%D9%81%D9%8A-6-%D8%A3%D9%83%D8%AA%D9%88%D8%A8%D8%B1-%D9%85%D9%88%D9%82%D8%B9-%D9%85%D9%85%D9%8A%D8%B2-%D8%AC%D8%A7%D9%87%D8%B2%D8%A9-%D9%84%D9%84%D9%85%D8%B9%D8%A7%D9%8A%D9%86%D8%A9-ID503903546.html
دوبليكس السياحية خلف مول العرب من المالك مباشر,6800000,4,4,340,https://www.dubizzle.com.eg/ad/%D8%AF%D9%88%D8%A8%D9%84%D9%8A%D9%83%D8%B3-%D8%A7%D9%84%D8%B3%D9%8A%D8%A7%D8%AD%D9%8A%D8%A9-%D8%AE%D9%84%D9%81-%D9%85%D9%88%D9%84-%D8%A7%D9%84%D8%B9%D8%B1%D8%A8-%D9%85%D9%86-%D8%A7%D9%84%D9%85%D8%A7%D9%84%D9%83-%D9%85%D8%A8%D8%A7%D8%B4%D8%B1-ID503721509.html
شقة 200م للبيع في كومباوند جراند سيتي – أكتوبر |,3000000,3,2,200,https://www.dubizzle.com.eg/ad/%D8%B4%D9%82%D8%A9-200%D9%85-%D9%84%D9%84%D8%A8%D9%8A%D8%B9-%D9%81%D9%8A-%D9%83%D9%88%D9%85%D8%A8%D8%A7%D9%88%D9%86%D8%AF-%D8%AC%D8%B1%D8%A7%D9%86%D8%AF-%D8%B3%D9%8A%D8%AA%D9%8A-%D8%A3%D9%83%D8%AA%D9%88%D8%A8%D8%B1-ID208656718.html
شقه للبيع مساحه 250 متر في الحي المتميز ٦ اكتوبر (السياحيه الرابعه),7550000,3,2,250,https://www.dubizzle.com.eg/ad/%D8%B4%D9%82%D9%87-%D9%84%D9%84%D8%A8%D9%8A%D8%B9-%D9%85%D8%B3%D8%A7%D8%AD%D9%87-250-%D9%85%D8%AA%D8%B1-%D9%81%D9%8A-%D8%A7%D9%84%D8%AD%D9%8A-%D8%A7%D9%84%D9%85%D8%AA%D9%85%D9%8A%D8%B2-%D9%A6-%D8%A7%D9%83%D8%AA%D9%88%D8%A8%D8%B1-%D8%A7%D9%84%D8%B3%D9%8A%D8%A7%D8%AD%D9%8A%D9%87-%D8%A7%D9%84%D8%B1%D8%A7%D8%A8%D8%B9%D9%87-ID207814854.html
اقل سعر مقدم شقه ارضي بجاردن استلام 2027 للبيع فى ماونتن فيو اى ستي اكتوبر,6258530,3,3,140,https://www.dubizzle.com.eg/ad/%D8%A7%D9%82%D9%84-%D8%B3%D8%B9%D8%B1-%D9%85%D9%82%D8%AF%D9%85-%D8%B4%D9%82%D9%87-%D8%A7%D8%B1%D8%B6%D9%8A-%D8%A8%D8%AC%D8%A7%D8%B1%D8%AF%D9%86-%D8%A7%D8%B3%D8%AA%D9%84%D8%A7%D9%85-2027-%D9%84%D9%84%D8%A8%D9%8A%D8%B9-%D9%81%D9%89-%D9%85%D8%A7%D9%88%D9%86%D8%AA%D9%86-%D9%81%D9%8A%D9%88-%D8%A7%D9%89-%D8%B3%D8%AA%D9%8A-%D8%A7%D9%83%D8%AA%D9%88%D8%A8%D8%B1-ID503903353.html
شقة للبيع في كبموند او ويست  | 147 م² | الدور الثاني | تشطيب كامل,10290000,2,3,147,https://www.dubizzle.com.eg/ad/%D8%B4%D9%82%D8%A9-%D9%84%D9%84%D8%A8%D9%8A%D8%B9-%D9%81%D9%8A-%D9%83%D8%A8%D9%85%D9%88%D9%86%D8%AF-%D8%A7%D9%88-%D9%88%D9%8A%D8%B3%D8%AA-147-%D9%852-%D8%A7%D9%84%D8%AF%D9%88%D8%B1-%D8%A7%D9%84%D8%AB%D8%A7%D9%86%D9%8A-%D8%AA%D8%B4%D8%B7%D9%8A%D8%A8-%D9%83%D8%A7%D9%85%D9%84-ID503843298.html
شقة للبيع في بالم باركس | غرفتا ماستر | جاهزة للاستلام,9000000,2,2,155,https://www.dubizzle.com.eg/ad/%D8%B4%D9%82%D8%A9-%D9%84%D9%84%D8%A8%D9%8A%D8%B9-%D9%81%D9%8A-%D8%A8%D8%A7%D9%84%D9%85-%D8%A8%D8%A7%D8%B1%D9%83%D8%B3-%D8%BA%D8%B1%D9%81%D8%AA%D8%A7-%D9%85%D8%A7%D8%B3%D8%AA%D8%B1-%D8%AC%D8%A7%D9%87%D8%B2%D8%A9-%D9%84%D9%84%D8%A7%D8%B3%D8%AA%D9%84%D8%A7%D9%85-ID503799347.html
شقة لقطة 108م بفيو لاندسكيب في الشيخ زايد بسعر لقطة بجوار Sodic و West view,5496543,2,2,108,https://www.dubizzle.com.eg/ad/%D8%B4%D9%82%D8%A9-%D9%84%D9%82%D8%B7%D8%A9-108%D9%85-%D8%A8%D9%81%D9%8A%D9%88-%D9%84%D8%A7%D9%86%D8%AF%D8%B3%D9%83%D9%8A%D8%A8-%D9%81%D9%8A-%D8%A7%D9%84%D8%B4%D9%8A%D8%AE-%D8%B2%D8%A7%D9%8A%D8%AF-%D8%A8%D8%B3%D8%B9%D8%B1-%D9%84%D9%82%D8%B7%D8%A9-%D8%A8%D8%AC%D9%88%D8%A7%D8%B1-sodic-%D9%88-west-view-ID503466643.html
بيتأجر بالدولار ستوديو ب 35% فقط للبيع بالتقسيط في كمبوند مبني بالفعل امام فندق الواحه وبقرب الاهرامات وبسعر لقطه,3135000,1,1,57,https://www.dubizzle.com.eg/ad/%D8%A8%D9%8A%D8%AA%D8%A3%D8%AC%D8%B1-%D8%A8%D8%A7%D9%84%D8%AF%D9%88%D9%84%D8%A7%D8%B1-%D8%B3%D8%AA%D9%88%D8%AF%D9%8A%D9%88-%D8%A8-35-%D9%81%D9%82%D8%B7-%D9%84%D9%84%D8%A8%D9%8A%D8%B9-%D8%A8%D8%A7%D9%84%D8%AA%D9%82%D8%B3%D9%8A%D8%B7-%D9%81%D9%8A-%D9%83%D9%85%D8%A8%D9%88%D9%86%D8%AF-%D9%85%D8%A8%D9%86%D9%8A-%D8%A8%D8%A7%D9%84%D9%81%D8%B9%D9%84-%D8%A7%D9%85%D8%A7%D9%85-%D9%81%D9%86%D8%AF%D9%82-%D8%A7%D9%84%D9%88%D8%A7%D8%AD%D9%87-%D9%88%D8%A8%D9%82%D8%B1%D8%A8-%D8%A7%D9%84%D8%A7%D9%87%D8%B1%D8%A7%D9%85%D8%A7%D8%AA-%D9%88%D8%A8%D8%B3%D8%B9%D8%B1-%D9%84%D9%82%D8%B7%D9%87-ID501784746.html
شقه غرفه ب 35% فقط بيتأجر بالدولار للبيع في كمبوند مبني بالفعل امام فندق الواحه وبقرب الاهرامات وبسعر لقطه,3135000,1,1,57,https://www.dubizzle.com.eg/ad/%D8%B4%D9%82%D9%87-%D8%BA%D8%B1%D9%81%D9%87-%D8%A8-35-%D9%81%D9%82%D8%B7-%D8%A8%D9%8A%D8%AA%D8%A3%D8%AC%D8%B1-%D8%A8%D8%A7%D9%84%D8%AF%D9%88%D9%84%D8%A7%D8%B1-%D9%84%D9%84%D8%A8%D9%8A%D8%B9-%D9%81%D9%8A-%D9%83%D9%85%D8%A8%D9%88%D9%86%D8%AF-%D9%85%D8%A8%D9%86%D9%8A-%D8%A8%D8%A7%D9%84%D9%81%D8%B9%D9%84-%D8%A7%D9%85%D8%A7%D9%85-%D9%81%D9%86%D8%AF%D9%82-%D8%A7%D9%84%D9%88%D8%A7%D8%AD%D9%87-%D9%88%D8%A8%D9%82%D8%B1%D8%A8-%D8%A7%D9%84%D8%A7%D9%87%D8%B1%D8%A7%D9%85%D8%A7%D8%AA-%D9%88%D8%A8%D8%B3%D8%B9%D8%B1-%D9%84%D9%82%D8%B7%D9%87-ID500615892.html
دقايق من المتحف المصري ستوديو 90م للبيع بالتقسيط ع 10 سنين بخدمات فندقيه بالكامل متشطب سوبر لوكس بأرخص سعر عرض لقطه,11700000,1,1,90,https://www.dubizzle.com.eg/ad/%D8%AF%D9%82%D8%A7%D9%8A%D9%82-%D9%85%D9%86-%D8%A7%D9%84%D9%85%D8%AA%D8%AD%D9%81-%D8%A7%D9%84%D9%85%D8%B5%D8%B1%D9%8A-%D8%B3%D8%AA%D9%88%D8%AF%D9%8A%D9%88-90%D9%85-%D9%84%D9%84%D8%A8%D9%8A%D8%B9-%D8%A8%D8%A7%D9%84%D8%AA%D9%82%D8%B3%D9%8A%D8%B7-%D8%B9-10-%D8%B3%D9%86%D9%8A%D9%86-%D8%A8%D8%AE%D8%AF%D9%85%D8%A7%D8%AA-%D9%81%D9%86%D8%AF%D9%82%D9%8A%D9%87-%D8%A8%D8%A7%D9%84%D9%83%D8%A7%D9%85%D9%84-%D9%85%D8%AA%D8%B4%D8%B7%D8%A8-%D8%B3%D9%88%D8%A8%D8%B1-%D9%84%D9%88%D9%83%D8%B3-%D8%A8%D8%A3%D8%B1%D8%AE%D8%B5-%D8%B3%D8%B9%D8%B1-%D8%B9%D8%B1%D8%B6-%D9%84%D9%82%D8%B7%D9%87-ID503545161.html
بجوار النادي الاهلي ارخص سعر شقه 3 غرف بالنادي+ الجراج مجانا للبيع ف الشيخ زايد بمقدم 10% فقط وارخص قسط شهري عرض لقطه,7641000,3,2,148,https://www.dubizzle.com.eg/ad/%D8%A8%D8%AC%D9%88%D8%A7%D8%B1-%D8%A7%D9%84%D9%86%D8%A7%D8%AF%D9%8A-%D8%A7%D9%84%D8%A7%D9%87%D9%84%D9%8A-%D8%A7%D8%B1%D8%AE%D8%B5-%D8%B3%D8%B9%D8%B1-%D8%B4%D9%82%D9%87-3-%D8%BA%D8%B1%D9%81-%D8%A8%D8%A7%D9%84%D9%86%D8%A7%D8%AF%D9%8A-%D8%A7%D9%84%D8%AC%D8%B1%D8%A7%D8%AC-%D9%85%D8%AC%D8%A7%D9%86%D8%A7-%D9%84%D9%84%D8%A8%D9%8A%D8%B9-%D9%81-%D8%A7%D9%84%D8%B4%D9%8A%D8%AE-%D8%B2%D8%A7%D9%8A%D8%AF-%D8%A8%D9%85%D9%82%D8%AF%D9%85-10-%D9%81%D9%82%D8%B7-%D9%88%D8%A7%D8%B1%D8%AE%D8%B5-%D9%82%D8%B3%D8%B7-%D8%B4%D9%87%D8%B1%D9%8A-%D8%B9%D8%B1%D8%B6-%D9%84%D9%82%D8%B7%D9%87-ID503185634.html
بقسط شهري 3500 ستوديو لقطه بجوار ماونتن فيو للبيع في اكتوبر بمقدم 209 الف فقط جاهز للمعاينه الفوري,4176000,1,1,72,https://www.dubizzle.com.eg/ad/%D8%A8%D9%82%D8%B3%D8%B7-%D8%B4%D9%87%D8%B1%D9%8A-3500-%D8%B3%D8%AA%D9%88%D8%AF%D9%8A%D9%88-%D9%84%D9%82%D8%B7%D9%87-%D8%A8%D8%AC%D9%88%D8%A7%D8%B1-%D9%85%D8%A7%D9%88%D9%86%D8%AA%D9%86-%D9%81%D9%8A%D9%88-%D9%84%D9%84%D8%A8%D9%8A%D8%B9-%D9%81%D9%8A-%D8%A7%D9%83%D8%AA%D9%88%D8%A8%D8%B1-%D8%A8%D9%85%D9%82%D8%AF%D9%85-209-%D8%A7%D9%84%D9%81-%D9%81%D9%82%D8%B7-%D8%AC%D8%A7%D9%87%D8%B2-%D9%84%D9%84%D9%85%D8%B9%D8%A7%D9%8A%D9%86%D9%87-%D8%A7%D9%84%D9%81%D9%88%D8%B1%D9%8A-ID503185610.html
ب 410 الف مقدم شقه لقطه في الشيخ زايد القديمه نفسها  للبيع بأرخص قسط شهري,4100000,2,2,105,https://www.dubizzle.com.eg/ad/%D8%A8-410-%D8%A7%D9%84%D9%81-%D9%85%D9%82%D8%AF%D9%85-%D8%B4%D9%82%D9%87-%D9%84%D9%82%D8%B7%D9%87-%D9%81%D9%8A-%D8%A7%D9%84%D8%B4%D9%8A%D8%AE-%D8%B2%D8%A7%D9%8A%D8%AF-%D8%A7%D9%84%D9%82%D8%AF%D9%8A%D9%85%D9%87-%D9%86%D9%81%D8%B3%D9%87%D8%A7-%D9%84%D9%84%D8%A8%D9%8A%D8%B9-%D8%A8%D8%A3%D8%B1%D8%AE%D8%B5-%D9%82%D8%B3%D8%B7-%D8%B4%D9%87%D8%B1%D9%8A-ID502621939.html
شقة دور ٥ + روف كمبوند اشجار سيتي,5250000,3,3,195,https://www.dubizzle.com.eg/ad/%D8%B4%D9%82%D8%A9-%D8%AF%D9%88%D8%B1-%D9%A5-%D8%B1%D9%88%D9%81-%D9%83%D9%85%D8%A8%D9%88%D9%86%D8%AF-%D8%A7%D8%B4%D8%AC%D8%A7%D8%B1-%D8%B3%D9%8A%D8%AA%D9%8A-ID208654700.html
شقة مميزه للبيع الحي السابع الشيخ زايد,7500000,3,3,200,https://www.dubizzle.com.eg/ad/%D8%B4%D9%82%D8%A9-%D9%85%D9%85%D9%8A%D8%B2%D9%87-%D9%84%D9%84%D8%A8%D9%8A%D8%B9-%D8%A7%D9%84%D8%AD%D9%8A-%D8%A7%D9%84%D8%B3%D8%A7%D8%A8%D8%B9-%D8%A7%D9%84%D8%B4%D9%8A%D8%AE-%D8%B2%D8%A7%D9%8A%D8%AF-ID503902977.html
شقة لُقطة 250م٢ واجهتين فيو مفتوح كمباوند زايد هايتس من المالك مباشرة,8500000,3,3,250,https://www.dubizzle.com.eg/ad/%D8%B4%D9%82%D8%A9-%D9%84%D9%82%D8%B7%D8%A9-250%D9%85%D9%A2-%D9%88%D8%A7%D8%AC%D9%87%D8%AA%D9%8A%D9%86-%D9%81%D9%8A%D9%88-%D9%85%D9%81%D8%AA%D9%88%D8%AD-%D9%83%D9%85%D8%A8%D8%A7%D9%88%D9%86%D8%AF-%D8%B2%D8%A7%D9%8A%D8%AF-%D9%87%D8%A7%D9%8A%D8%AA%D8%B3-%D9%85%D9%86-%D8%A7%D9%84%D9%85%D8%A7%D9%84%D9%83-%D9%85%D8%A8%D8%A7%D8%B4%D8%B1%D8%A9-ID208654041.html
قرية الياسمين,1500000,3,1,90,https://www.dubizzle.com.eg/ad/%D9%82%D8%B1%D9%8A%D8%A9-%D8%A7%D9%84%D9%8A%D8%A7%D8%B3%D9%85%D9%8A%D9%86-ID208654003.html
شقه لقطة للبيع في حدائق أكتوبر كمبوند الدولية بلازا,1700000,3,1,120,https://www.dubizzle.com.eg/ad/%D8%B4%D9%82%D9%87-%D9%84%D9%82%D8%B7%D8%A9-%D9%84%D9%84%D8%A8%D9%8A%D8%B9-%D9%81%D9%8A-%D8%AD%D8%AF%D8%A7%D8%A6%D9%82-%D8%A3%D9%83%D8%AA%D9%88%D8%A8%D8%B1-%D9%83%D9%85%D8%A8%D9%88%D9%86%D8%AF-%D8%A7%D9%84%D8%AF%D9%88%D9%84%D9%8A%D8%A9-%D8%A8%D9%84%D8%A7%D8%B2%D8%A7-ID503866348.html
شقة أرضي بجاردن 200 متر للبيع في الشيخ زايد أمام أبراج زد استلام فوري,6605000,3,2,165,https://www.dubizzle.com.eg/ad/%D8%B4%D9%82%D8%A9-%D8%A3%D8%B1%D8%B6%D9%8A-%D8%A8%D8%AC%D8%A7%D8%B1%D8%AF%D9%86-200-%D9%85%D8%AA%D8%B1-%D9%84%D9%84%D8%A8%D9%8A%D8%B9-%D9%81%D9%8A-%D8%A7%D9%84%D8%B4%D9%8A%D8%AE-%D8%B2%D8%A7%D9%8A%D8%AF-%D8%A3%D9%85%D8%A7%D9%85-%D8%A3%D8%A8%D8%B1%D8%A7%D8%AC-%D8%B2%D8%AF-%D8%A7%D8%B3%D8%AA%D9%84%D8%A7%D9%85-%D9%81%D9%88%D8%B1%D9%8A-ID503792839.html
شقة أرضية بالجاردن  للبيع في موقع مميز بإطلالة خلابة فى كومباوند  بالم باركس- بالم هيلز- بأقساط على سنه  Palm Parks,12563100,2,2,133,https://www.dubizzle.com.eg/ad/%D8%B4%D9%82%D8%A9-%D8%A3%D8%B1%D8%B6%D9%8A%D8%A9-%D8%A8%D8%A7%D9%84%D8%AC%D8%A7%D8%B1%D8%AF%D9%86-%D9%84%D9%84%D8%A8%D9%8A%D8%B9-%D9%81%D9%8A-%D9%85%D9%88%D9%82%D8%B9-%D9%85%D9%85%D9%8A%D8%B2-%D8%A8%D8%A5%D8%B7%D9%84%D8%A7%D9%84%D8%A9-%D8%AE%D9%84%D8%A7%D8%A8%D8%A9-%D9%81%D9%89-%D9%83%D9%88%D9%85%D8%A8%D8%A7%D9%88%D9%86%D8%AF-%D8%A8%D8%A7%D9%84%D9%85-%D8%A8%D8%A7%D8%B1%D9%83%D8%B3-%D8%A8%D8%A7%D9%84%D9%85-%D9%87%D9%8A%D9%84%D8%B2-%D8%A8%D8%A3%D9%82%D8%B3%D8%A7%D8%B7-%D8%B9%D9%84%D9%89-%D8%B3%D9%86%D9%87-palm-parks-ID503828903.html
ASAبمقدم 450 الف شقه 142 متر +84 جاردن امام نادي الزمالك حدايق اكتوبر,4075000,3,3,142,https://www.dubizzle.com.eg/ad/asa%D8%A8%D9%85%D9%82%D8%AF%D9%85-450-%D8%A7%D9%84%D9%81-%D8%B4%D9%82%D9%87-142-%D9%85%D8%AA%D8%B1-84-%D8%AC%D8%A7%D8%B1%D8%AF%D9%86-%D8%A7%D9%85%D8%A7%D9%85-%D9%86%D8%A7%D8%AF%D9%8A-%D8%A7%D9%84%D8%B2%D9%85%D8%A7%D9%84%D9%83-%D8%AD%D8%AF%D8%A7%D9%8A%D9%82-%D8%A7%D9%83%D8%AA%D9%88%D8%A8%D8%B1-ID503594059.html
ASAامتلك شقتك في كمبوند Address Home1 على شارع النوادي بجوار نادي الشرطة وصن كابيتال!   Address Home1 = مكانك المثالي للعيش والاستثمار!,3120000,3,2,120,https://www.dubizzle.com.eg/ad/asa%D8%A7%D9%85%D8%AA%D9%84%D9%83-%D8%B4%D9%82%D8%AA%D9%83-%D9%81%D9%8A-%D9%83%D9%85%D8%A8%D9%88%D9%86%D8%AF-address-home1-%D8%B9%D9%84%D9%89-%D8%B4%D8%A7%D8%B1%D8%B9-%D8%A7%D9%84%D9%86%D9%88%D8%A7%D8%AF%D9%8A-%D8%A8%D8%AC%D9%88%D8%A7%D8%B1-%D9%86%D8%A7%D8%AF%D9%8A-%D8%A7%D9%84%D8%B4%D8%B1%D8%B7%D8%A9-%D9%88%D8%B5%D9%86-%D9%83%D8%A7%D8%A8%D9%8A%D8%AA%D8%A7%D9%84-address-home1-%D9%85%D9%83%D8%A7%D9%86%D9%83-%D8%A7%D9%84%D9%85%D8%AB%D8%A7%D9%84%D9%8A-%D9%84%D9%84%D8%B9%D9%8A%D8%B4-%D9%88%D8%A7%D9%84%D8%A7%D8%B3%D8%AA%D8%AB%D9%85%D8%A7%D8%B1-ID503592976.html
ASAوحده سكنيه بمساحه 133 م علي طريق زويل الرئيسي و بجوار أشجار سيتي و الفردوس بمقدم 200 الف و الباقي علي 4 سنين,3990000,3,2,133,https://www.dubizzle.com.eg/ad/asa%D9%88%D8%AD%D8%AF%D9%87-%D8%B3%D9%83%D9%86%D9%8A%D9%87-%D8%A8%D9%85%D8%B3%D8%A7%D8%AD%D9%87-133-%D9%85-%D8%B9%D9%84%D9%8A-%D8%B7%D8%B1%D9%8A%D9%82-%D8%B2%D9%88%D9%8A%D9%84-%D8%A7%D9%84%D8%B1%D8%A6%D9%8A%D8%B3%D9%8A-%D9%88-%D8%A8%D8%AC%D9%88%D8%A7%D8%B1-%D8%A3%D8%B4%D8%AC%D8%A7%D8%B1-%D8%B3%D9%8A%D8%AA%D9%8A-%D9%88-%D8%A7%D9%84%D9%81%D8%B1%D8%AF%D9%88%D8%B3-%D8%A8%D9%85%D9%82%D8%AF%D9%85-200-%D8%A7%D9%84%D9%81-%D9%88-%D8%A7%D9%84%D8%A8%D8%A7%D9%82%D9%8A-%D8%B9%D9%84%D9%8A-4-%D8%B3%D9%86%D9%8A%D9%86-ID503584745.html
شقة للبيع في حدايق اكتوبر السياحية,1750000,3,2,135,https://www.dubizzle.com.eg/ad/%D8%B4%D9%82%D8%A9-%D9%84%D9%84%D8%A8%D9%8A%D8%B9-%D9%81%D9%8A-%D8%AD%D8%AF%D8%A7%D9%8A%D9%82-%D8%A7%D9%83%D8%AA%D9%88%D8%A8%D8%B1-%D8%A7%D9%84%D8%B3%D9%8A%D8%A7%D8%AD%D9%8A%D8%A9-ID503148263.html
شقه 220م للبيع فيو مباشر علي نادي الصيد في المهندسين,11000000,3,2,220,https://www.dubizzle.com.eg/ad/%D8%B4%D9%82%D9%87-220%D9%85-%D9%84%D9%84%D8%A8%D9%8A%D8%B9-%D9%81%D9%8A%D9%88-%D9%85%D8%A8%D8%A7%D8%B4%D8%B1-%D8%B9%D9%84%D9%8A-%D9%86%D8%A7%D8%AF%D9%8A-%D8%A7%D9%84%D8%B5%D9%8A%D8%AF-%D9%81%D9%8A-%D8%A7%D9%84%D9%85%D9%87%D9%86%D8%AF%D8%B3%D9%8A%D9%86-ID503903533.html
شقة للبيع في حدايق اكتوبر السياحية,2500000,3,2,135,https://www.dubizzle.com.eg/ad/%D8%B4%D9%82%D8%A9-%D9%84%D9%84%D8%A8%D9%8A%D8%B9-%D9%81%D9%8A-%D8%AD%D8%AF%D8%A7%D9%8A%D9%82-%D8%A7%D9%83%D8%AA%D9%88%D8%A8%D8%B1-%D8%A7%D9%84%D8%B3%D9%8A%D8%A7%D8%AD%D9%8A%D8%A9-ID503547943.html
استديو دبل غرفة وصالة ومطبخ وحمام للبيع في أميز مكان فى مدينه ٦ اكتوبر الحى الأول المجاورة الثامنة خطوات لجامعة msa ونادى وادى دجلة مساحة الاستديو ٤٠متر ايجار الزامى ١٣ الف كل شهر مع زيادة الف كل سنة سعر الاستديو غرفة وصالة ومطبخ وحمام للبيع مساحه الاستدي,1300000,1,1,40,https://www.dubizzle.com.eg/ad/%D8%A7%D8%B3%D8%AA%D8%AF%D9%8A%D9%88-%D8%AF%D8%A8%D9%84-%D8%BA%D8%B1%D9%81%D8%A9-%D9%88%D8%B5%D8%A7%D9%84%D8%A9-%D9%88%D9%85%D8%B7%D8%A8%D8%AE-%D9%88%D8%AD%D9%85%D8%A7%D9%85-%D9%84%D9%84%D8%A8%D9%8A%D8%B9-%D9%81%D9%8A-%D8%A3%D9%85%D9%8A%D8%B2-%D9%85%D9%83%D8%A7%D9%86-%D9%81%D9%89-%D9%85%D8%AF%D9%8A%D9%86%D9%87-%D9%A6-%D8%A7%D9%83%D8%AA%D9%88%D8%A8%D8%B1-%D8%A7%D9%84%D8%AD%D9%89-%D8%A7%D9%84%D8%A3%D9%88%D9%84-%D8%A7%D9%84%D9%85%D8%AC%D8%A7%D9%88%D8%B1%D8%A9-%D8%A7%D9%84%D8%AB%D8%A7%D9%85%D9%86%D8%A9-%D8%AE%D8%B7%D9%88%D8%A7%D8%AA-%D9%84%D8%AC%D8%A7%D9%85%D8%B9%D8%A9-msa-%D9%88%D9%86%D8%A7%D8%AF%D9%89-%D9%88%D8%A7%D8%AF%D9%89-%D8%AF%D8%AC%D9%84%D8%A9-%D9%85%D8%B3%D8%A7%D8%AD%D8%A9-%D8%A7%D9%84%D8%A7%D8%B3%D8%AA%D8%AF%D9%8A%D9%88-%D9%A4%D9%A0%D9%85%D8%AA%D8%B1-%D8%A7%D9%8A%D8%AC%D8%A7%D8%B1-%D8%A7%D9%84%D8%B2%D8%A7%D9%85%D9%89-%D9%A1%D9%A3-%D8%A7%D9%84%D9%81-%D9%83%D9%84-%D8%B4%D9%87%D8%B1-%D9%85%D8%B9-%D8%B2%D9%8A%D8%A7%D8%AF%D8%A9-%D8%A7%D9%84%D9%81-%D9%83%D9%84-%D8%B3%D9%86%D8%A9-%D8%B3%D8%B9%D8%B1-%D8%A7%D9%84%D8%A7%D8%B3%D8%AA%D8%AF%D9%8A%D9%88-%D8%BA%D8%B1%D9%81%D8%A9-%D9%88%D8%B5%D8%A7%D9%84%D8%A9-%D9%88%D9%85%D8%B7%D8%A8%D8%AE-%D9%88%D8%AD%D9%85%D8%A7%D9%85-%D9%84%D9%84%D8%A8%D9%8A%D8%B9-%D9%85%D8%B3%D8%A7%D8%AD%D9%87-%D8%A7%D9%84%D8%A7%D8%B3%D8%AA%D8%AF%D9%8A-ID503766037.html
شقة 140 متر على المريوطيه ففيصل الرئيسي دور تاسع الترا سوبر لوكس فيها 2 تكييف,2150000,3,2,140,https://www.dubizzle.com.eg/ad/%D8%B4%D9%82%D8%A9-140-%D9%85%D8%AA%D8%B1-%D8%B9%D9%84%D9%89-%D8%A7%D9%84%D9%85%D8%B1%D9%8A%D9%88%D8%B7%D9%8A%D9%87-%D9%81%D9%81%D9%8A%D8%B5%D9%84-%D8%A7%D9%84%D8%B1%D8%A6%D9%8A%D8%B3%D9%8A-%D8%AF%D9%88%D8%B1-%D8%AA%D8%A7%D8%B3%D8%B9-%D8%A7%D9%84%D8%AA%D8%B1%D8%A7-%D8%B3%D9%88%D8%A8%D8%B1-%D9%84%D9%88%D9%83%D8%B3-%D9%81%D9%8A%D9%87%D8%A7-2-%D8%AA%D9%83%D9%8A%D9%8A%D9%81-ID503758640.html
شقة فاخرة كاملة التشطيب، استلام قريب ، غرفة ماستر، استثمار قوي، تقسيط حتى 10 سنوات، خصم خاص لفترة محدودة,9000000,1,2,80,https://www.dubizzle.com.eg/ad/%D8%B4%D9%82%D8%A9-%D9%81%D8%A7%D8%AE%D8%B1%D8%A9-%D9%83%D8%A7%D9%85%D9%84%D8%A9-%D8%A7%D9%84%D8%AA%D8%B4%D8%B7%D9%8A%D8%A8-%D8%A7%D8%B3%D8%AA%D9%84%D8%A7%D9%85-%D9%82%D8%B1%D9%8A%D8%A8-%D8%BA%D8%B1%D9%81%D8%A9-%D9%85%D8%A7%D8%B3%D8%AA%D8%B1-%D8%A7%D8%B3%D8%AA%D8%AB%D9%85%D8%A7%D8%B1-%D9%82%D9%88%D9%8A-%D8%AA%D9%82%D8%B3%D9%8A%D8%B7-%D8%AD%D8%AA%D9%89-10-%D8%B3%D9%86%D9%88%D8%A7%D8%AA-%D8%AE%D8%B5%D9%85-%D8%AE%D8%A7%D8%B5-%D9%84%D9%81%D8%AA%D8%B1%D8%A9-%D9%85%D8%AD%D8%AF%D9%88%D8%AF%D8%A9-ID503903502.html
شقه جاهزة علي المفتاح بتشطيب مميز في الشيخ زايد علي شارع النزهة مباشرة,5912500,3,2,192,https://www.dubizzle.com.eg/ad/%D8%B4%D9%82%D9%87-%D8%AC%D8%A7%D9%87%D8%B2%D8%A9-%D8%B9%D9%84%D9%8A-%D8%A7%D9%84%D9%85%D9%81%D8%AA%D8%A7%D8%AD-%D8%A8%D8%AA%D8%B4%D8%B7%D9%8A%D8%A8-%D9%85%D9%85%D9%8A%D8%B2-%D9%81%D9%8A-%D8%A7%D9%84%D8%B4%D9%8A%D8%AE-%D8%B2%D8%A7%D9%8A%D8%AF-%D8%B9%D9%84%D9%8A-%D8%B4%D8%A7%D8%B1%D8%B9-%D8%A7%D9%84%D9%86%D8%B2%D9%87%D8%A9-%D9%85%D8%A8%D8%A7%D8%B4%D8%B1%D8%A9-ID503758039.html
السياحية الحى الأكثر تميزآ بجوار نادى النادى,5800000,3,2,178,https://www.dubizzle.com.eg/ad/%D8%A7%D9%84%D8%B3%D9%8A%D8%A7%D8%AD%D9%8A%D8%A9-%D8%A7%D9%84%D8%AD%D9%89-%D8%A7%D9%84%D8%A3%D9%83%D8%AB%D8%B1-%D8%AA%D9%85%D9%8A%D8%B2%D8%A2-%D8%A8%D8%AC%D9%88%D8%A7%D8%B1-%D9%86%D8%A7%D8%AF%D9%89-%D8%A7%D9%84%D9%86%D8%A7%D8%AF%D9%89-ID208631021.html
شقه 220م للبيع فيو مباشر علي نادي الصيد في الدقي,11000000,3,2,220,https://www.dubizzle.com.eg/ad/%D8%B4%D9%82%D9%87-220%D9%85-%D9%84%D9%84%D8%A8%D9%8A%D8%B9-%D9%81%D9%8A%D9%88-%D9%85%D8%A8%D8%A7%D8%B4%D8%B1-%D8%B9%D9%84%D9%8A-%D9%86%D8%A7%D8%AF%D9%8A-%D8%A7%D9%84%D8%B5%D9%8A%D8%AF-%D9%81%D9%8A-%D8%A7%D9%84%D8%AF%D9%82%D9%8A-ID503903483.html
بنتهاوس للبيع في كمبوند بروميناد ريزدنس – روف واسع وسعر مميز,6500000,4,3,240,https://www.dubizzle.com.eg/ad/%D8%A8%D9%86%D8%AA%D9%87%D8%A7%D9%88%D8%B3-%D9%84%D9%84%D8%A8%D9%8A%D8%B9-%D9%81%D9%8A-%D9%83%D9%85%D8%A8%D9%88%D9%86%D8%AF-%D8%A8%D8%B1%D9%88%D9%85%D9%8A%D9%86%D8%A7%D8%AF-%D8%B1%D9%8A%D8%B2%D8%AF%D9%86%D8%B3-%D8%B1%D9%88%D9%81-%D9%88%D8%A7%D8%B3%D8%B9-%D9%88%D8%B3%D8%B9%D8%B1-%D9%85%D9%85%D9%8A%D8%B2-ID503757314.html
شقة للبيع في ماونتن فيو آي سيتي أكتوبر,6000000,3,3,155,https://www.dubizzle.com.eg/ad/%D8%B4%D9%82%D8%A9-%D9%84%D9%84%D8%A8%D9%8A%D8%B9-%D9%81%D9%8A-%D9%85%D8%A7%D9%88%D9%86%D8%AA%D9%86-%D9%81%D9%8A%D9%88-%D8%A2%D9%8A-%D8%B3%D9%8A%D8%AA%D9%8A-%D8%A3%D9%83%D8%AA%D9%88%D8%A8%D8%B1-ID503903460.html
