title,price_egp,rooms,bathrooms,area_m2,link
شقة متشطبة جاهزة للسكن في Allegria اليجريا بداخل بيفرلي هيلز سوديك,7000000,4,4,198,https://www.dubizzle.com.eg/ad/%D8%B4%D9%82%D8%A9-%D9%85%D8%AA%D8%B4%D8%B7%D8%A8%D8%A9-%D8%AC%D8%A7%D9%87%D8%B2%D8%A9-%D9%84%D9%84%D8%B3%D9%83%D9%86-%D9%81%D9%8A-allegria-%D8%A7%D9%84%D9%8A%D8%AC%D8%B1%D9%8A%D8%A7-%D8%A8%D8%AF%D8%A7%D8%AE%D9%84-%D8%A8%D9%8A%D9%81%D8%B1%D9%84%D9%8A-%D9%87%D9%8A%D9%84%D8%B2-%D8%B3%D9%88%D8%AF%D9%8A%D9%83-ID503751690.html
شقه للبيع استلام فورى في كمبوند سراي بسعر الكاش في المستقبل سيتي خصم  الكاش 50%  او بمقدم 10%  فقط علي 8 سنوات | القاهره الجديده | Sarai,5600000,3,2,164,https://www.dubizzle.com.eg/ad/%D8%B4%D9%82%D9%87-%D9%84%D9%84%D8%A8%D9%8A%D8%B9-%D8%A7%D8%B3%D8%AA%D9%84%D8%A7%D9%85-%D9%81%D9%88%D8%B1%D9%89-%D9%81%D9%8A-%D9%83%D9%85%D8%A8%D9%88%D9%86%D8%AF-%D8%B3%D8%B1%D8%A7%D9%8A-%D8%A8%D8%B3%D8%B9%D8%B1-%D8%A7%D9%84%D9%83%D8%A7%D8%B4-%D9%81%D9%8A-%D8%A7%D9%84%D9%85%D8%B3%D8%AA%D9%82%D8%A8%D9%84-%D8%B3%D9%8A%D8%AA%D9%8A-%D8%AE%D8%B5%D9%85-%D8%A7%D9%84%D9%83%D8%A7%D8%B4-50-%D8%A7%D9%88-%D8%A8%D9%85%D9%82%D8%AF%D9%85-10-%D9%81%D9%82%D8%B7-%D8%B9%D9%84%D9%8A-8-%D8%B3%D9%86%D9%88%D8%A7%D8%AA-%D8%A7%D9%84%D9%82%D8%A7%D9%87%D8%B1%D9%87-%D8%A7%D9%84%D8%AC%D8%AF%D9%8A%D8%AF%D9%87-sarai-ID503586866.html
شقه للبيع في كمبوند سراي بسعر الكاش استلام فورى بمقدم 10% فقط علي 8 سنوات | خصم علي الكاش 50% | القاهره الجديده | Sarai,5700000,3,2,169,https://www.dubizzle.com.eg/ad/%D8%B4%D9%82%D9%87-%D9%84%D9%84%D8%A8%D9%8A%D8%B9-%D9%81%D9%8A-%D9%83%D9%85%D8%A8%D9%88%D9%86%D8%AF-%D8%B3%D8%B1%D8%A7%D9%8A-%D8%A8%D8%B3%D8%B9%D8%B1-%D8%A7%D9%84%D9%83%D8%A7%D8%B4-%D8%A7%D8%B3%D8%AA%D9%84%D8%A7%D9%85-%D9%81%D9%88%D8%B1%D9%89-%D8%A8%D9%85%D9%82%D8%AF%D9%85-10-%D9%81%D9%82%D8%B7-%D8%B9%D9%84%D9%8A-8-%D8%B3%D9%86%D9%88%D8%A7%D8%AA-%D8%AE%D8%B5%D9%85-%D8%B9%D9%84%D9%8A-%D8%A7%D9%84%D9%83%D8%A7%D8%B4-50-%D8%A7%D9%84%D9%82%D8%A7%D9%87%D8%B1%D9%87-%D8%A7%D9%84%D8%AC%D8%AF%D9%8A%D8%AF%D9%87-sarai-ID503559181.html
دوبلكس للبيع ياسمين ٦ التجمع الأول,16500000,5,5,440,https://www.dubizzle.com.eg/ad/%D8%AF%D9%88%D8%A8%D9%84%D9%83%D8%B3-%D9%84%D9%84%D8%A8%D9%8A%D8%B9-%D9%8A%D8%A7%D8%B3%D9%85%D9%8A%D9%86-%D9%A6-%D8%A7%D9%84%D8%AA%D8%AC%D9%85%D8%B9-%D8%A7%D9%84%D8%A3%D9%88%D9%84-ID207643012.html
للبيع شقة 175 متر في السياحية الشمالية الاولى خلف مول العرب بحري بالكامل موقوع مميز جدا فيو مفتوح دقيقة من وصلة دهشور و خمس دقائق من مول العرب,4285000,3,2,175,https://www.dubizzle.com.eg/ad/%D9%84%D9%84%D8%A8%D9%8A%D8%B9-%D8%B4%D9%82%D8%A9-175-%D9%85%D8%AA%D8%B1-%D9%81%D9%8A-%D8%A7%D9%84%D8%B3%D9%8A%D8%A7%D8%AD%D9%8A%D8%A9-%D8%A7%D9%84%D8%B4%D9%85%D8%A7%D9%84%D9%8A%D8%A9-%D8%A7%D9%84%D8%A7%D9%88%D9%84%D9%89-%D8%AE%D9%84%D9%81-%D9%85%D9%88%D9%84-%D8%A7%D9%84%D8%B9%D8%B1%D8%A8-%D8%A8%D8%AD%D8%B1%D9%8A-%D8%A8%D8%A7%D9%84%D9%83%D8%A7%D9%85%D9%84-%D9%85%D9%88%D9%82%D9%88%D8%B9-%D9%85%D9%85%D9%8A%D8%B2-%D8%AC%D8%AF%D8%A7-%D9%81%D9%8A%D9%88-%D9%85%D9%81%D8%AA%D9%88%D8%AD-%D8%AF%D9%82%D9%8A%D9%82%D8%A9-%D9%85%D9%86-%D9%88%D8%B5%D9%84%D8%A9-%D8%AF%D9%87%D8%B4%D9%88%D8%B1-%D9%88-%D8%AE%D9%85%D8%B3-%D8%AF%D9%82%D8%A7%D8%A6%D9%82-%D9%85%D9%86-%D9%85%D9%88%D9%84-%D8%A7%D9%84%D8%B9%D8%B1%D8%A8-ID503743385.html
شقة استلام فوري في الشيخ زايد كمبوند الخمائل Khamayel Compound  استثماري بحصة ف الارض بمقدم و الباقي اقساط علي 4 سنوات مرحلة تانية الهضبة,7080000,3,3,167,https://www.dubizzle.com.eg/ad/%D8%B4%D9%82%D8%A9-%D8%A7%D8%B3%D8%AA%D9%84%D8%A7%D9%85-%D9%81%D9%88%D8%B1%D9%8A-%D9%81%D9%8A-%D8%A7%D9%84%D8%B4%D9%8A%D8%AE-%D8%B2%D8%A7%D9%8A%D8%AF-%D9%83%D9%85%D8%A8%D9%88%D9%86%D8%AF-%D8%A7%D9%84%D8%AE%D9%85%D8%A7%D8%A6%D9%84-khamayel-compound-%D8%A7%D8%B3%D8%AA%D8%AB%D9%85%D8%A7%D8%B1%D9%8A-%D8%A8%D8%AD%D8%B5%D8%A9-%D9%81-%D8%A7%D9%84%D8%A7%D8%B1%D8%B6-%D8%A8%D9%85%D9%82%D8%AF%D9%85-%D9%88-%D8%A7%D9%84%D8%A8%D8%A7%D9%82%D9%8A-%D8%A7%D9%82%D8%B3%D8%A7%D8%B7-%D8%B9%D9%84%D9%8A-4-%D8%B3%D9%86%D9%88%D8%A7%D8%AA-%D9%85%D8%B1%D8%AD%D9%84%D8%A9-%D8%AA%D8%A7%D9%86%D9%8A%D8%A9-%D8%A7%D9%84%D9%87%D8%B6%D8%A8%D8%A9-ID503901310.html
بنتهاوس للبيع في كمبوند فيليت سوديك استلام فوري بأقل سعر,27000000,5,4,277,https://www.dubizzle.com.eg/ad/%D8%A8%D9%86%D8%AA%D9%87%D8%A7%D9%88%D8%B3-%D9%84%D9%84%D8%A8%D9%8A%D8%B9-%D9%81%D9%8A-%D9%83%D9%85%D8%A8%D9%88%D9%86%D8%AF-%D9%81%D9%8A%D9%84%D9%8A%D8%AA-%D8%B3%D9%88%D8%AF%D9%8A%D9%83-%D8%A7%D8%B3%D8%AA%D9%84%D8%A7%D9%85-%D9%81%D9%88%D8%B1%D9%8A-%D8%A8%D8%A3%D9%82%D9%84-%D8%B3%D8%B9%D8%B1-ID503899861.html
شقه دور متكرر استلام فوري متشطب luxury!! دابل فيو pool+land scape تقسيمه رائعه باسهل خطط سداد بدون ضغط وتقسيط 10سـ بجوا لافيستا باتيو كازا + سوان ليك,3900000,2,3,101,https://www.dubizzle.com.eg/ad/%D8%B4%D9%82%D9%87-%D8%AF%D9%88%D8%B1-%D9%85%D8%AA%D9%83%D8%B1%D8%B1-%D8%A7%D8%B3%D8%AA%D9%84%D8%A7%D9%85-%D9%81%D9%88%D8%B1%D9%8A-%D9%85%D8%AA%D8%B4%D8%B7%D8%A8-luxury-%D8%AF%D8%A7%D8%A8%D9%84-%D9%81%D9%8A%D9%88-poolland-scape-%D8%AA%D9%82%D8%B3%D9%8A%D9%85%D9%87-%D8%B1%D8%A7%D8%A6%D8%B9%D9%87-%D8%A8%D8%A7%D8%B3%D9%87%D9%84-%D8%AE%D8%B7%D8%B7-%D8%B3%D8%AF%D8%A7%D8%AF-%D8%A8%D8%AF%D9%88%D9%86-%D8%B6%D8%BA%D8%B7-%D9%88%D8%AA%D9%82%D8%B3%D9%8A%D8%B7-10%D8%B3%D9%80-%D8%A8%D8%AC%D9%88%D8%A7-%D9%84%D8%A7%D9%81%D9%8A%D8%B3%D8%AA%D8%A7-%D8%A8%D8%A7%D8%AA%D9%8A%D9%88-%D9%83%D8%A7%D8%B2%D8%A7-%D8%B3%D9%88%D8%A7%D9%86-%D9%84%D9%8A%D9%83-ID503901178.html
شقه دور متكرر استلام فوري متشطب luxury دابل فيو pool+land scape تقسيمه رائعه باسهل خطط سداد بدون ضغط وتقسيط ع اطول عدد سنوات الرحاب-سوان ليك-كريك تاون,5000000,2,3,99,https://www.dubizzle.com.eg/ad/%D8%B4%D9%82%D9%87-%D8%AF%D9%88%D8%B1-%D9%85%D8%AA%D9%83%D8%B1%D8%B1-%D8%A7%D8%B3%D8%AA%D9%84%D8%A7%D9%85-%D9%81%D9%88%D8%B1%D9%8A-%D9%85%D8%AA%D8%B4%D8%B7%D8%A8-luxury-%D8%AF%D8%A7%D8%A8%D9%84-%D9%81%D9%8A%D9%88-poolland-scape-%D8%AA%D9%82%D8%B3%D9%8A%D9%85%D9%87-%D8%B1%D8%A7%D8%A6%D8%B9%D9%87-%D8%A8%D8%A7%D8%B3%D9%87%D9%84-%D8%AE%D8%B7%D8%B7-%D8%B3%D8%AF%D8%A7%D8%AF-%D8%A8%D8%AF%D9%88%D9%86-%D8%B6%D8%BA%D8%B7-%D9%88%D8%AA%D9%82%D8%B3%D9%8A%D8%B7-%D8%B9-%D8%A7%D8%B7%D9%88%D9%84-%D8%B9%D8%AF%D8%AF-%D8%B3%D9%86%D9%88%D8%A7%D8%AA-%D8%A7%D9%84%D8%B1%D8%AD%D8%A7%D8%A8-%D8%B3%D9%88%D8%A7%D9%86-%D9%84%D9%8A%D9%83-%D9%83%D8%B1%D9%8A%D9%83-%D8%AA%D8%A7%D9%88%D9%86-ID503901132.html
شقه الاحلام بدون مقدم !!!وهتقسط من غير ضغط علي 12سنه!!! اميز شقه في اميز لوكيشن باميز فيو في الكمبوند اوفر مش هيتكرر والسعر لقطه,5000000,2,3,117,https://www.dubizzle.com.eg/ad/%D8%B4%D9%82%D9%87-%D8%A7%D9%84%D8%A7%D8%AD%D9%84%D8%A7%D9%85-%D8%A8%D8%AF%D9%88%D9%86-%D9%85%D9%82%D8%AF%D9%85-%D9%88%D9%87%D8%AA%D9%82%D8%B3%D8%B7-%D9%85%D9%86-%D8%BA%D9%8A%D8%B1-%D8%B6%D8%BA%D8%B7-%D8%B9%D9%84%D9%8A-12%D8%B3%D9%86%D9%87-%D8%A7%D9%85%D9%8A%D8%B2-%D8%B4%D9%82%D9%87-%D9%81%D9%8A-%D8%A7%D9%85%D9%8A%D8%B2-%D9%84%D9%88%D9%83%D9%8A%D8%B4%D9%86-%D8%A8%D8%A7%D9%85%D9%8A%D8%B2-%D9%81%D9%8A%D9%88-%D9%81%D9%8A-%D8%A7%D9%84%D9%83%D9%85%D8%A8%D9%88%D9%86%D8%AF-%D8%A7%D9%88%D9%81%D8%B1-%D9%85%D8%B4-%D9%87%D9%8A%D8%AA%D9%83%D8%B1%D8%B1-%D9%88%D8%A7%D9%84%D8%B3%D8%B9%D8%B1-%D9%84%D9%82%D8%B7%D9%87-ID503901119.html
استلام فوري!! شقه بحري  ومتشطيه +بخصم 25% اميز لوكيشن +وفيو خيالي التجمع الخامس بجوار قطامية هايتس ودقائق لمصر الجديدة Stone Residence New C,7000000,2,3,140,https://www.dubizzle.com.eg/ad/%D8%A7%D8%B3%D8%AA%D9%84%D8%A7%D9%85-%D9%81%D9%88%D8%B1%D9%8A-%D8%B4%D9%82%D9%87-%D8%A8%D8%AD%D8%B1%D9%8A-%D9%88%D9%85%D8%AA%D8%B4%D8%B7%D9%8A%D9%87-%D8%A8%D8%AE%D8%B5%D9%85-25-%D8%A7%D9%85%D9%8A%D8%B2-%D9%84%D9%88%D9%83%D9%8A%D8%B4%D9%86-%D9%88%D9%81%D9%8A%D9%88-%D8%AE%D9%8A%D8%A7%D9%84%D9%8A-%D8%A7%D9%84%D8%AA%D8%AC%D9%85%D8%B9-%D8%A7%D9%84%D8%AE%D8%A7%D9%85%D8%B3-%D8%A8%D8%AC%D9%88%D8%A7%D8%B1-%D9%82%D8%B7%D8%A7%D9%85%D9%8A%D8%A9-%D9%87%D8%A7%D9%8A%D8%AA%D8%B3-%D9%88%D8%AF%D9%82%D8%A7%D8%A6%D9%82-%D9%84%D9%85%D8%B5%D8%B1-%D8%A7%D9%84%D8%AC%D8%AF%D9%8A%D8%AF%D8%A9-stone-residence-new-c-ID503901093.html
شقه دبل فيو (استلام فوري) + متشطبه بالكامل للبيع صف اول لاجونزفي برايم لوكيشن في قلب العلمين الجديده بجوار مارينا,2600000,1,1,67,https://www.dubizzle.com.eg/ad/%D8%B4%D9%82%D9%87-%D8%AF%D8%A8%D9%84-%D9%81%D9%8A%D9%88-%D8%A7%D8%B3%D8%AA%D9%84%D8%A7%D9%85-%D9%81%D9%88%D8%B1%D9%8A-%D9%85%D8%AA%D8%B4%D8%B7%D8%A8%D9%87-%D8%A8%D8%A7%D9%84%D9%83%D8%A7%D9%85%D9%84-%D9%84%D9%84%D8%A8%D9%8A%D8%B9-%D8%B5%D9%81-%D8%A7%D9%88%D9%84-%D9%84%D8%A7%D8%AC%D9%88%D9%86%D8%B2%D9%81%D9%8A-%D8%A8%D8%B1%D8%A7%D9%8A%D9%85-%D9%84%D9%88%D9%83%D9%8A%D8%B4%D9%86-%D9%81%D9%8A-%D9%82%D9%84%D8%A8-%D8%A7%D9%84%D8%B9%D9%84%D9%85%D9%8A%D9%86-%D8%A7%D9%84%D8%AC%D8%AF%D9%8A%D8%AF%D9%87-%D8%A8%D8%AC%D9%88%D8%A7%D8%B1-%D9%85%D8%A7%D8%B1%D9%8A%D9%86%D8%A7-ID503901548.html
شقة للبيع في أول الهرم مجمع نصر الدين مساحة 150م,1500000,3,2,150,https://www.dubizzle.com.eg/ad/%D8%B4%D9%82%D8%A9-%D9%84%D9%84%D8%A8%D9%8A%D8%B9-%D9%81%D9%8A-%D8%A3%D9%88%D9%84-%D8%A7%D9%84%D9%87%D8%B1%D9%85-%D9%85%D8%AC%D9%85%D8%B9-%D9%86%D8%B5%D8%B1-%D8%A7%D9%84%D8%AF%D9%8A%D9%86-%D9%85%D8%B3%D8%A7%D8%AD%D8%A9-150%D9%85-ID503802745.html
شقة استلام فورى فى النرجس الجديدة خطوات لمحور جمال عبدالناصر و طلعت حرب,4250000,3,3,150,https://www.dubizzle.com.eg/ad/%D8%B4%D9%82%D8%A9-%D8%A7%D8%B3%D8%AA%D9%84%D8%A7%D9%85-%D9%81%D9%88%D8%B1%D9%89-%D9%81%D9%89-%D8%A7%D9%84%D9%86%D8%B1%D8%AC%D8%B3-%D8%A7%D9%84%D8%AC%D8%AF%D9%8A%D8%AF%D8%A9-%D8%AE%D8%B7%D9%88%D8%A7%D8%AA-%D9%84%D9%85%D8%AD%D9%88%D8%B1-%D8%AC%D9%85%D8%A7%D9%84-%D8%B9%D8%A8%D8%AF%D8%A7%D9%84%D9%86%D8%A7%D8%B5%D8%B1-%D9%88-%D8%B7%D9%84%D8%B9%D8%AA-%D8%AD%D8%B1%D8%A8-ID503868646.html
شقه مميزه داخل كومبواند الخمائل الشيخ زايد امام هايبروان الشقه مرحله تالته من اميز المراحل والتقسيمات الشقه ارضي بحديقه خاصه مساحه 155متر وحديقة 170متر 3غرف و3حمام بجوار الخدمات والبوابه امن وحراسه 24 ساعه النادي قريب جدا من الشقه الشقه مميزه من حيث الموق,7850000,3,3,155,https://www.dubizzle.com.eg/ad/%D8%B4%D9%82%D9%87-%D9%85%D9%85%D9%8A%D8%B2%D9%87-%D8%AF%D8%A7%D8%AE%D9%84-%D9%83%D9%88%D9%85%D8%A8%D9%88%D8%A7%D9%86%D8%AF-%D8%A7%D9%84%D8%AE%D9%85%D8%A7%D8%A6%D9%84-%D8%A7%D9%84%D8%B4%D9%8A%D8%AE-%D8%B2%D8%A7%D9%8A%D8%AF-%D8%A7%D9%85%D8%A7%D9%85-%D9%87%D8%A7%D9%8A%D8%A8%D8%B1%D9%88%D8%A7%D9%86-%D8%A7%D9%84%D8%B4%D9%82%D9%87-%D9%85%D8%B1%D8%AD%D9%84%D9%87-%D8%AA%D8%A7%D9%84%D8%AA%D9%87-%D9%85%D9%86-%D8%A7%D9%85%D9%8A%D8%B2-%D8%A7%D9%84%D9%85%D8%B1%D8%A7%D8%AD%D9%84-%D9%88%D8%A7%D9%84%D8%AA%D9%82%D8%B3%D9%8A%D9%85%D8%A7%D8%AA-%D8%A7%D9%84%D8%B4%D9%82%D9%87-%D8%A7%D8%B1%D8%B6%D9%8A-%D8%A8%D8%AD%D8%AF%D9%8A%D9%82%D9%87-%D8%AE%D8%A7%D8%B5%D9%87-%D9%85%D8%B3%D8%A7%D8%AD%D9%87-155%D9%85%D8%AA%D8%B1-%D9%88%D8%AD%D8%AF%D9%8A%D9%82%D8%A9-170%D9%85%D8%AA%D8%B1-3%D8%BA%D8%B1%D9%81-%D9%883%D8%AD%D9%85%D8%A7%D9%85-%D8%A8%D8%AC%D9%88%D8%A7%D8%B1-%D8%A7%D9%84%D8%AE%D8%AF%D9%85%D8%A7%D8%AA-%D9%88%D8%A7%D9%84%D8%A8%D9%88%D8%A7%D8%A8%D9%87-%D8%A7%D9%85%D9%86-%D9%88%D8%AD%D8%B1%D8%A7%D8%B3%D9%87-24-%D8%B3%D8%A7%D8%B9%D9%87-%D8%A7%D9%84%D9%86%D8%A7%D8%AF%D9%8A-%D9%82%D8%B1%D9%8A%D8%A8-%D8%AC%D8%AF%D8%A7-%D9%85%D9%86-%D8%A7%D9%84%D8%B4%D9%82%D9%87-%D8%A7%D9%84%D8%B4%D9%82%D9%87-%D9%85%D9%85%D9%8A%D8%B2%D9%87-%D9%85%D9%86-%D8%AD%D9%8A%D8%AB-%D8%A7%D9%84%D9%85%D9%88%D9%82-ID503900209.html
شقة للبيع فى قطامية جاردينز,2200000,2,1,95,https://www.dubizzle.com.eg/ad/%D8%B4%D9%82%D8%A9-%D9%84%D9%84%D8%A8%D9%8A%D8%B9-%D9%81%D9%89-%D9%82%D8%B7%D8%A7%D9%85%D9%8A%D8%A9-%D8%AC%D8%A7%D8%B1%D8%AF%D9%8A%D9%86%D8%B2-ID503901715.html
شقه للبيع بجوار جميع الخدمات في الرحاب,8000000,3,3,160,https://www.dubizzle.com.eg/ad/%D8%B4%D9%82%D9%87-%D9%84%D9%84%D8%A8%D9%8A%D8%B9-%D8%A8%D8%AC%D9%88%D8%A7%D8%B1-%D8%AC%D9%85%D9%8A%D8%B9-%D8%A7%D9%84%D8%AE%D8%AF%D9%85%D8%A7%D8%AA-%D9%81%D9%8A-%D8%A7%D9%84%D8%B1%D8%AD%D8%A7%D8%A8-ID503901710.html
استلم فوري بخصم مميز شقة برووف من ماونتن فيو بأقل من سعر السوق-ماونتن فيو هايد بارك - التجمع الخامس,14806956,3,2,166,https://www.dubizzle.com.eg/ad/%D8%A7%D8%B3%D8%AA%D9%84%D9%85-%D9%81%D9%88%D8%B1%D9%8A-%D8%A8%D8%AE%D8%B5%D9%85-%D9%85%D9%85%D9%8A%D8%B2-%D8%B4%D9%82%D8%A9-%D8%A8%D8%B1%D9%88%D9%88%D9%81-%D9%85%D9%86-%D9%85%D8%A7%D9%88%D9%86%D8%AA%D9%86-%D9%81%D9%8A%D9%88-%D8%A8%D8%A3%D9%82%D9%84-%D9%85%D9%86-%D8%B3%D8%B9%D8%B1-%D8%A7%D9%84%D8%B3%D9%88%D9%82-%D9%85%D8%A7%D9%88%D9%86%D8%AA%D9%86-%D9%81%D9%8A%D9%88-%D9%87%D8%A7%D9%8A%D8%AF-%D8%A8%D8%A7%D8%B1%D9%83-%D8%A7%D9%84%D8%AA%D8%AC%D9%85%D8%B9-%D8%A7%D9%84%D8%AE%D8%A7%D9%85%D8%B3-ID503901707.html
شقه الحي التالت ٣ غرف ٢ حمام هضبه وسطي مقطم,2800000,3,2,170,https://www.dubizzle.com.eg/ad/%D8%B4%D9%82%D9%87-%D8%A7%D9%84%D8%AD%D9%8A-%D8%A7%D9%84%D8%AA%D8%A7%D9%84%D8%AA-%D9%A3-%D8%BA%D8%B1%D9%81-%D9%A2-%D8%AD%D9%85%D8%A7%D9%85-%D9%87%D8%B6%D8%A8%D9%87-%D9%88%D8%B3%D8%B7%D9%8A-%D9%85%D9%82%D8%B7%D9%85-ID503901685.html
شقة بالحى المتميز مدينة بدر,1300000,3,2,140,https://www.dubizzle.com.eg/ad/%D8%B4%D9%82%D8%A9-%D8%A8%D8%A7%D9%84%D8%AD%D9%89-%D8%A7%D9%84%D9%85%D8%AA%D9%85%D9%8A%D8%B2-%D9%85%D8%AF%D9%8A%D9%86%D8%A9-%D8%A8%D8%AF%D8%B1-ID208581296.html
شقة 165م متشطبة بحري موقع متميز ماونتن فيو اى سيتي Mountain view i city,6700000,3,3,165,https://www.dubizzle.com.eg/ad/%D8%B4%D9%82%D8%A9-165%D9%85-%D9%85%D8%AA%D8%B4%D8%B7%D8%A8%D8%A9-%D8%A8%D8%AD%D8%B1%D9%8A-%D9%85%D9%88%D9%82%D8%B9-%D9%85%D8%AA%D9%85%D9%8A%D8%B2-%D9%85%D8%A7%D9%88%D9%86%D8%AA%D9%86-%D9%81%D9%8A%D9%88-%D8%A7%D9%89-%D8%B3%D9%8A%D8%AA%D9%8A-mountain-view-i-city-ID503886456.html
بالتقسيط شقة 115م استلام فوري بحري ماونتن فيو اى سيتي Mountain view i city,5600000,2,2,115,https://www.dubizzle.com.eg/ad/%D8%A8%D8%A7%D9%84%D8%AA%D9%82%D8%B3%D9%8A%D8%B7-%D8%B4%D9%82%D8%A9-115%D9%85-%D8%A7%D8%B3%D8%AA%D9%84%D8%A7%D9%85-%D9%81%D9%88%D8%B1%D9%8A-%D8%A8%D8%AD%D8%B1%D9%8A-%D9%85%D8%A7%D9%88%D9%86%D8%AA%D9%86-%D9%81%D9%8A%D9%88-%D8%A7%D9%89-%D8%B3%D9%8A%D8%AA%D9%8A-mountain-view-i-city-ID503901225.html
شقة 125م  متشطبة بالمطبخ ماونتن فيو اى سيتي Mountain view i city,5800000,2,2,125,https://www.dubizzle.com.eg/ad/%D8%B4%D9%82%D8%A9-125%D9%85-%D9%85%D8%AA%D8%B4%D8%B7%D8%A8%D8%A9-%D8%A8%D8%A7%D9%84%D9%85%D8%B7%D8%A8%D8%AE-%D9%85%D8%A7%D9%88%D9%86%D8%AA%D9%86-%D9%81%D9%8A%D9%88-%D8%A7%D9%89-%D8%B3%D9%8A%D8%AA%D9%8A-mountain-view-i-city-ID503898656.html
شقة 215م نصف تشطيب موقع متميز فيو مفتوح ماونتن فيو هايد بارك Mountain view hyde park,10800000,3,3,215,https://www.dubizzle.com.eg/ad/%D8%B4%D9%82%D8%A9-215%D9%85-%D9%86%D8%B5%D9%81-%D8%AA%D8%B4%D8%B7%D9%8A%D8%A8-%D9%85%D9%88%D9%82%D8%B9-%D9%85%D8%AA%D9%85%D9%8A%D8%B2-%D9%81%D9%8A%D9%88-%D9%85%D9%81%D8%AA%D9%88%D8%AD-%D9%85%D8%A7%D9%88%D9%86%D8%AA%D9%86-%D9%81%D9%8A%D9%88-%D9%87%D8%A7%D9%8A%D8%AF-%D8%A8%D8%A7%D8%B1%D9%83-mountain-view-hyde-park-ID503897861.html
بنتهاوس للبيع 166م + 90م روف متشطب بكمبوند ماونتن فيو هايد بارك  Mountain view hyde park,9500000,2,2,166,https://www.dubizzle.com.eg/ad/%D8%A8%D9%86%D8%AA%D9%87%D8%A7%D9%88%D8%B3-%D9%84%D9%84%D8%A8%D9%8A%D8%B9-166%D9%85-90%D9%85-%D8%B1%D9%88%D9%81-%D9%85%D8%AA%D8%B4%D8%B7%D8%A8-%D8%A8%D9%83%D9%85%D8%A8%D9%88%D9%86%D8%AF-%D9%85%D8%A7%D9%88%D9%86%D8%AA%D9%86-%D9%81%D9%8A%D9%88-%D9%87%D8%A7%D9%8A%D8%AF-%D8%A8%D8%A7%D8%B1%D9%83-mountain-view-hyde-park-ID503897753.html
فرصه للسكن والاستثمار بأعلي (Roi) شقه متشطبه للبيع في العلمين الجديده مزارين الساحل الشمالي دابل فيو ابراج العلمين & كريستال لاجون دقايق من الاتيني,5990000,2,2,135,https://www.dubizzle.com.eg/ad/%D9%81%D8%B1%D8%B5%D9%87-%D9%84%D9%84%D8%B3%D9%83%D9%86-%D9%88%D8%A7%D9%84%D8%A7%D8%B3%D8%AA%D8%AB%D9%85%D8%A7%D8%B1-%D8%A8%D8%A3%D8%B9%D9%84%D9%8A-roi-%D8%B4%D9%82%D9%87-%D9%85%D8%AA%D8%B4%D8%B7%D8%A8%D9%87-%D9%84%D9%84%D8%A8%D9%8A%D8%B9-%D9%81%D9%8A-%D8%A7%D9%84%D8%B9%D9%84%D9%85%D9%8A%D9%86-%D8%A7%D9%84%D8%AC%D8%AF%D9%8A%D8%AF%D9%87-%D9%85%D8%B2%D8%A7%D8%B1%D9%8A%D9%86-%D8%A7%D9%84%D8%B3%D8%A7%D8%AD%D9%84-%D8%A7%D9%84%D8%B4%D9%85%D8%A7%D9%84%D9%8A-%D8%AF%D8%A7%D8%A8%D9%84-%D9%81%D9%8A%D9%88-%D8%A7%D8%A8%D8%B1%D8%A7%D8%AC-%D8%A7%D9%84%D8%B9%D9%84%D9%85%D9%8A%D9%86-%D9%83%D8%B1%D9%8A%D8%B3%D8%AA%D8%A7%D9%84-%D9%84%D8%A7%D8%AC%D9%88%D9%86-%D8%AF%D9%82%D8%A7%D9%8A%D9%82-%D9%85%D9%86-%D8%A7%D9%84%D8%A7%D8%AA%D9%8A%D9%86%D9%8A-ID503792294.html
شقة متشطبة بالكامل بمقدم وتكملة أقساط بفيو مميز بأقل من سعر الشركة ريسيل 3 غرف في بلوم فيلدز Bloomfields المستقبل سيتي بجوار مدينتي وسراي للبيع,6712000,3,3,175,https://www.dubizzle.com.eg/ad/%D8%B4%D9%82%D8%A9-%D9%85%D8%AA%D8%B4%D8%B7%D8%A8%D8%A9-%D8%A8%D8%A7%D9%84%D9%83%D8%A7%D9%85%D9%84-%D8%A8%D9%85%D9%82%D8%AF%D9%85-%D9%88%D8%AA%D9%83%D9%85%D9%84%D8%A9-%D8%A3%D9%82%D8%B3%D8%A7%D8%B7-%D8%A8%D9%81%D9%8A%D9%88-%D9%85%D9%85%D9%8A%D8%B2-%D8%A8%D8%A3%D9%82%D9%84-%D9%85%D9%86-%D8%B3%D8%B9%D8%B1-%D8%A7%D9%84%D8%B4%D8%B1%D9%83%D8%A9-%D8%B1%D9%8A%D8%B3%D9%8A%D9%84-3-%D8%BA%D8%B1%D9%81-%D9%81%D9%8A-%D8%A8%D9%84%D9%88%D9%85-%D9%81%D9%8A%D9%84%D8%AF%D8%B2-bloomfields-%D8%A7%D9%84%D9%85%D8%B3%D8%AA%D9%82%D8%A8%D9%84-%D8%B3%D9%8A%D8%AA%D9%8A-%D8%A8%D8%AC%D9%88%D8%A7%D8%B1-%D9%85%D8%AF%D9%8A%D9%86%D8%AA%D9%8A-%D9%88%D8%B3%D8%B1%D8%A7%D9%8A-%D9%84%D9%84%D8%A8%D9%8A%D8%B9-ID503899685.html
شقة للبيع في كمبوندا ذا بروكس بالتقسيط علي 10سنوات علي مدخل التجمع الخامس بجوار مول سيتى استار الجديد,8700000,3,3,145,https://www.dubizzle.com.eg/ad/%D8%B4%D9%82%D8%A9-%D9%84%D9%84%D8%A8%D9%8A%D8%B9-%D9%81%D9%8A-%D9%83%D9%85%D8%A8%D9%88%D9%86%D8%AF%D8%A7-%D8%B0%D8%A7-%D8%A8%D8%B1%D9%88%D9%83%D8%B3-%D8%A8%D8%A7%D9%84%D8%AA%D9%82%D8%B3%D9%8A%D8%B7-%D8%B9%D9%84%D9%8A-10%D8%B3%D9%86%D9%88%D8%A7%D8%AA-%D8%B9%D9%84%D9%8A-%D9%85%D8%AF%D8%AE%D9%84-%D8%A7%D9%84%D8%AA%D8%AC%D9%85%D8%B9-%D8%A7%D9%84%D8%AE%D8%A7%D9%85%D8%B3-%D8%A8%D8%AC%D9%88%D8%A7%D8%B1-%D9%85%D9%88%D9%84-%D8%B3%D9%8A%D8%AA%D9%89-%D8%A7%D8%B3%D8%AA%D8%A7%D8%B1-%D8%A7%D9%84%D8%AC%D8%AF%D9%8A%D8%AF-ID501927493.html
شقة للبيع في كمبوندا ذا بروكس بالتقسيط علي 10سنوات علي مدخل التجمع الخامس بجوار مول سيتى استار الجديد,8500000,2,2,110,https://www.dubizzle.com.eg/ad/%D8%B4%D9%82%D8%A9-%D9%84%D9%84%D8%A8%D9%8A%D8%B9-%D9%81%D9%8A-%D9%83%D9%85%D8%A8%D9%88%D9%86%D8%AF%D8%A7-%D8%B0%D8%A7-%D8%A8%D8%B1%D9%88%D9%83%D8%B3-%D8%A8%D8%A7%D9%84%D8%AA%D9%82%D8%B3%D9%8A%D8%B7-%D8%B9%D9%84%D9%8A-10%D8%B3%D9%86%D9%88%D8%A7%D8%AA-%D8%B9%D9%84%D9%8A-%D9%85%D8%AF%D8%AE%D9%84-%D8%A7%D9%84%D8%AA%D8%AC%D9%85%D8%B9-%D8%A7%D9%84%D8%AE%D8%A7%D9%85%D8%B3-%D8%A8%D8%AC%D9%88%D8%A7%D8%B1-%D9%85%D9%88%D9%84-%D8%B3%D9%8A%D8%AA%D9%89-%D8%A7%D8%B3%D8%AA%D8%A7%D8%B1-%D8%A7%D9%84%D8%AC%D8%AF%D9%8A%D8%AF-ID501927432.html
شقة فيو مفتوح 233م موقع متميز متشطبه بكمبوند ميفيدا Mivida,24000000,3,3,233,https://www.dubizzle.com.eg/ad/%D8%B4%D9%82%D8%A9-%D9%81%D9%8A%D9%88-%D9%85%D9%81%D8%AA%D9%88%D8%AD-233%D9%85-%D9%85%D9%88%D9%82%D8%B9-%D9%85%D8%AA%D9%85%D9%8A%D8%B2-%D9%85%D8%AA%D8%B4%D8%B7%D8%A8%D9%87-%D8%A8%D9%83%D9%85%D8%A8%D9%88%D9%86%D8%AF-%D9%85%D9%8A%D9%81%D9%8A%D8%AF%D8%A7-mivida-ID503896750.html
استلام فوري: آي فيلا (I-Villa) بسعر مميز جداً في ماونتن فيو هايد بارك اقساط حتى 2033,29000000,3,3,300,https://www.dubizzle.com.eg/ad/%D8%A7%D8%B3%D8%AA%D9%84%D8%A7%D9%85-%D9%81%D9%88%D8%B1%D9%8A-%D8%A2%D9%8A-%D9%81%D9%8A%D9%84%D8%A7-i-villa-%D8%A8%D8%B3%D8%B9%D8%B1-%D9%85%D9%85%D9%8A%D8%B2-%D8%AC%D8%AF%D8%A7-%D9%81%D9%8A-%D9%85%D8%A7%D9%88%D9%86%D8%AA%D9%86-%D9%81%D9%8A%D9%88-%D9%87%D8%A7%D9%8A%D8%AF-%D8%A8%D8%A7%D8%B1%D9%83-%D8%A7%D9%82%D8%B3%D8%A7%D8%B7-%D8%AD%D8%AA%D9%89-2033-ID503859937.html
شقه للبيع 160م زيزينيا خطوات من جامع يحيي وطريق الحريه,4200000,3,2,160,https://www.dubizzle.com.eg/ad/%D8%B4%D9%82%D9%87-%D9%84%D9%84%D8%A8%D9%8A%D8%B9-160%D9%85-%D8%B2%D9%8A%D8%B2%D9%8A%D9%86%D9%8A%D8%A7-%D8%AE%D8%B7%D9%88%D8%A7%D8%AA-%D9%85%D9%86-%D8%AC%D8%A7%D9%85%D8%B9-%D9%8A%D8%AD%D9%8A%D9%8A-%D9%88%D8%B7%D8%B1%D9%8A%D9%82-%D8%A7%D9%84%D8%AD%D8%B1%D9%8A%D9%87-ID503902242.html
بخصم الكاش وسعر مميز شقه للبيع على اعلى قطعه ارض فى منطقه التجمع السادس,4560000,3,3,150,https://www.dubizzle.com.eg/ad/%D8%A8%D8%AE%D8%B5%D9%85-%D8%A7%D9%84%D9%83%D8%A7%D8%B4-%D9%88%D8%B3%D8%B9%D8%B1-%D9%85%D9%85%D9%8A%D8%B2-%D8%B4%D9%82%D9%87-%D9%84%D9%84%D8%A8%D9%8A%D8%B9-%D8%B9%D9%84%D9%89-%D8%A7%D8%B9%D9%84%D9%89-%D9%82%D8%B7%D8%B9%D9%87-%D8%A7%D8%B1%D8%B6-%D9%81%D9%89-%D9%85%D9%86%D8%B7%D9%82%D9%87-%D8%A7%D9%84%D8%AA%D8%AC%D9%85%D8%B9-%D8%A7%D9%84%D8%B3%D8%A7%D8%AF%D8%B3-ID503896509.html
"شقة للبيع في المربع الذهبي – ناصية عباس العقاد، مدينة نصر | 230 متر",7500000,3,3,230,https://www.dubizzle.com.eg/ad/%D8%B4%D9%82%D8%A9-%D9%84%D9%84%D8%A8%D9%8A%D8%B9-%D9%81%D9%8A-%D8%A7%D9%84%D9%85%D8%B1%D8%A8%D8%B9-%D8%A7%D9%84%D8%B0%D9%87%D8%A8%D9%8A-%D9%86%D8%A7%D8%B5%D9%8A%D8%A9-%D8%B9%D8%A8%D8%A7%D8%B3-%D8%A7%D9%84%D8%B9%D9%82%D8%A7%D8%AF-%D9%85%D8%AF%D9%8A%D9%86%D8%A9-%D9%86%D8%B5%D8%B1-230-%D9%85%D8%AA%D8%B1-ID503902240.html
شقة 171م كمبوند كابيتال جاردنز العاصمة الادارية الجديدة بجوار كمبوند نور,3050000,3,3,171,https://www.dubizzle.com.eg/ad/%D8%B4%D9%82%D8%A9-171%D9%85-%D9%83%D9%85%D8%A8%D9%88%D9%86%D8%AF-%D9%83%D8%A7%D8%A8%D9%8A%D8%AA%D8%A7%D9%84-%D8%AC%D8%A7%D8%B1%D8%AF%D9%86%D8%B2-%D8%A7%D9%84%D8%B9%D8%A7%D8%B5%D9%85%D8%A9-%D8%A7%D9%84%D8%A7%D8%AF%D8%A7%D8%B1%D9%8A%D8%A9-%D8%A7%D9%84%D8%AC%D8%AF%D9%8A%D8%AF%D8%A9-%D8%A8%D8%AC%D9%88%D8%A7%D8%B1-%D9%83%D9%85%D8%A8%D9%88%D9%86%D8%AF-%D9%86%D9%88%D8%B1-ID503485009.html
شقة 220 متر فى مرحلة التشطيب النهائى,5500000,3,2,220,https://www.dubizzle.com.eg/ad/%D8%B4%D9%82%D8%A9-220-%D9%85%D8%AA%D8%B1-%D9%81%D9%89-%D9%85%D8%B1%D8%AD%D9%84%D8%A9-%D8%A7%D9%84%D8%AA%D8%B4%D8%B7%D9%8A%D8%A8-%D8%A7%D9%84%D9%86%D9%87%D8%A7%D8%A6%D9%89-ID503902236.html
شقة 140 م في مدينتي,12600000,3,2,140,https://www.dubizzle.com.eg/ad/%D8%B4%D9%82%D8%A9-140-%D9%85-%D9%81%D9%8A-%D9%85%D8%AF%D9%8A%D9%86%D8%AA%D9%8A-ID503902234.html
شقه للبيع كمبوند تيجان,6300000,3,3,205,https://www.dubizzle.com.eg/ad/%D8%B4%D9%82%D9%87-%D9%84%D9%84%D8%A8%D9%8A%D8%B9-%D9%83%D9%85%D8%A8%D9%88%D9%86%D8%AF-%D8%AA%D9%8A%D8%AC%D8%A7%D9%86-ID208650222.html
للبيع مدينتى B6,4500000,2,2,90,https://www.dubizzle.com.eg/ad/%D9%84%D9%84%D8%A8%D9%8A%D8%B9-%D9%85%D8%AF%D9%8A%D9%86%D8%AA%D9%89-b6-ID503897906.html
Apartment 135 m2 B1 with a excellent view garden الوسطاء يمتنعونi,6750000,2,2,135,https://www.dubizzle.com.eg/ad/apartment-135-m2-b1-with-a-excellent-view-garden-%D8%A7%D9%84%D9%88%D8%B3%D8%B7%D8%A7%D8%A1-%D9%8A%D9%85%D8%AA%D9%86%D8%B9%D9%88%D9%86i-ID208540678.html
شقه متشطبه للبيع في ذا سكوير التجمع الخامس موقع متميز و اقل من سعر السوق,10500000,4,3,210,https://www.dubizzle.com.eg/ad/%D8%B4%D9%82%D9%87-%D9%85%D8%AA%D8%B4%D8%B7%D8%A8%D9%87-%D9%84%D9%84%D8%A8%D9%8A%D8%B9-%D9%81%D9%8A-%D8%B0%D8%A7-%D8%B3%D9%83%D9%88%D9%8A%D8%B1-%D8%A7%D9%84%D8%AA%D8%AC%D9%85%D8%B9-%D8%A7%D9%84%D8%AE%D8%A7%D9%85%D8%B3-%D9%85%D9%88%D9%82%D8%B9-%D9%85%D8%AA%D9%85%D9%8A%D8%B2-%D9%88-%D8%A7%D9%82%D9%84-%D9%85%D9%86-%D8%B3%D8%B9%D8%B1-%D8%A7%D9%84%D8%B3%D9%88%D9%82-ID503901477.html
شقة للبيع في ماونتن فيو اي سيتي التجمع الخامس موقع مميز اقل من سعر السوق,8500000,3,3,230,https://www.dubizzle.com.eg/ad/%D8%B4%D9%82%D8%A9-%D9%84%D9%84%D8%A8%D9%8A%D8%B9-%D9%81%D9%8A-%D9%85%D8%A7%D9%88%D9%86%D8%AA%D9%86-%D9%81%D9%8A%D9%88-%D8%A7%D9%8A-%D8%B3%D9%8A%D8%AA%D9%8A-%D8%A7%D9%84%D8%AA%D8%AC%D9%85%D8%B9-%D8%A7%D9%84%D8%AE%D8%A7%D9%85%D8%B3-%D9%85%D9%88%D9%82%D8%B9-%D9%85%D9%85%D9%8A%D8%B2-%D8%A7%D9%82%D9%84-%D9%85%D9%86-%D8%B3%D8%B9%D8%B1-%D8%A7%D9%84%D8%B3%D9%88%D9%82-ID503901486.html
شقة للبيع فى حي الأوركيد فى بيت الوطن فى التجمع الخامس مباشرة على محور بن زايد الشمالي.,4400000,3,3,140,https://www.dubizzle.com.eg/ad/%D8%B4%D9%82%D8%A9-%D9%84%D9%84%D8%A8%D9%8A%D8%B9-%D9%81%D9%89-%D8%AD%D9%8A-%D8%A7%D9%84%D8%A3%D9%88%D8%B1%D9%83%D9%8A%D8%AF-%D9%81%D9%89-%D8%A8%D9%8A%D8%AA-%D8%A7%D9%84%D9%88%D8%B7%D9%86-%D9%81%D9%89-%D8%A7%D9%84%D8%AA%D8%AC%D9%85%D8%B9-%D8%A7%D9%84%D8%AE%D8%A7%D9%85%D8%B3-%D9%85%D8%A8%D8%A7%D8%B4%D8%B1%D8%A9-%D8%B9%D9%84%D9%89-%D9%85%D8%AD%D9%88%D8%B1-%D8%A8%D9%86-%D8%B2%D8%A7%D9%8A%D8%AF-%D8%A7%D9%84%D8%B4%D9%85%D8%A7%D9%84%D9%8A-ID503882867.html
شقة للبيع في ماونتن فيو اي سيتي التجمع الخامس موقع متميز جدا استلام فوري اقل من سعر السوق بمقدم و اقساط,6378348,3,3,165,https://www.dubizzle.com.eg/ad/%D8%B4%D9%82%D8%A9-%D9%84%D9%84%D8%A8%D9%8A%D8%B9-%D9%81%D9%8A-%D9%85%D8%A7%D9%88%D9%86%D8%AA%D9%86-%D9%81%D9%8A%D9%88-%D8%A7%D9%8A-%D8%B3%D9%8A%D8%AA%D9%8A-%D8%A7%D9%84%D8%AA%D8%AC%D9%85%D8%B9-%D8%A7%D9%84%D8%AE%D8%A7%D9%85%D8%B3-%D9%85%D9%88%D9%82%D8%B9-%D9%85%D8%AA%D9%85%D9%8A%D8%B2-%D8%AC%D8%AF%D8%A7-%D8%A7%D8%B3%D8%AA%D9%84%D8%A7%D9%85-%D9%81%D9%88%D8%B1%D9%8A-%D8%A7%D9%82%D9%84-%D9%85%D9%86-%D8%B3%D8%B9%D8%B1-%D8%A7%D9%84%D8%B3%D9%88%D9%82-%D8%A8%D9%85%D9%82%D8%AF%D9%85-%D9%88-%D8%A7%D9%82%D8%B3%D8%A7%D8%B7-ID503901507.html
شقة للبيع في ماونتن فيو اي سيتي التجمع الخامس مرحلة كلوب بارك موقع متميز جدا استلام فوري اقل من سعر السوق mountain view i city,7500000,3,3,180,https://www.dubizzle.com.eg/ad/%D8%B4%D9%82%D8%A9-%D9%84%D9%84%D8%A8%D9%8A%D8%B9-%D9%81%D9%8A-%D9%85%D8%A7%D9%88%D9%86%D8%AA%D9%86-%D9%81%D9%8A%D9%88-%D8%A7%D9%8A-%D8%B3%D9%8A%D8%AA%D9%8A-%D8%A7%D9%84%D8%AA%D8%AC%D9%85%D8%B9-%D8%A7%D9%84%D8%AE%D8%A7%D9%85%D8%B3-%D9%85%D8%B1%D8%AD%D9%84%D8%A9-%D9%83%D9%84%D9%88%D8%A8-%D8%A8%D8%A7%D8%B1%D9%83-%D9%85%D9%88%D9%82%D8%B9-%D9%85%D8%AA%D9%85%D9%8A%D8%B2-%D8%AC%D8%AF%D8%A7-%D8%A7%D8%B3%D8%AA%D9%84%D8%A7%D9%85-%D9%81%D9%88%D8%B1%D9%8A-%D8%A7%D9%82%D9%84-%D9%85%D9%86-%D8%B3%D8%B9%D8%B1-%D8%A7%D9%84%D8%B3%D9%88%D9%82-mountain-view-i-city-ID503901509.html
شقه للبيع في كمبوند بريفادو اكبر نموذج 178م فيو بحيرات دور متكرر وليس اخير خالصه كاش,13500000,3,3,178,https://www.dubizzle.com.eg/ad/%D8%B4%D9%82%D9%87-%D9%84%D9%84%D8%A8%D9%8A%D8%B9-%D9%81%D9%8A-%D9%83%D9%85%D8%A8%D9%88%D9%86%D8%AF-%D8%A8%D8%B1%D9%8A%D9%81%D8%A7%D8%AF%D9%88-%D8%A7%D9%83%D8%A8%D8%B1-%D9%86%D9%85%D9%88%D8%B0%D8%AC-178%D9%85-%D9%81%D9%8A%D9%88-%D8%A8%D8%AD%D9%8A%D8%B1%D8%A7%D8%AA-%D8%AF%D9%88%D8%B1-%D9%85%D8%AA%D9%83%D8%B1%D8%B1-%D9%88%D9%84%D9%8A%D8%B3-%D8%A7%D8%AE%D9%8A%D8%B1-%D8%AE%D8%A7%D9%84%D8%B5%D9%87-%D9%83%D8%A7%D8%B4-ID503902230.html
لقطة  شقة بـ 2 غرف نوم جاهزة متشطبة في كمبوند مبني بالكامل في قلب التجمع بتقسيط مريح,4350000,2,1,100,https://www.dubizzle.com.eg/ad/%D9%84%D9%82%D8%B7%D8%A9-%D8%B4%D9%82%D8%A9-%D8%A8%D9%80-2-%D8%BA%D8%B1%D9%81-%D9%86%D9%88%D9%85-%D8%AC%D8%A7%D9%87%D8%B2%D8%A9-%D9%85%D8%AA%D8%B4%D8%B7%D8%A8%D8%A9-%D9%81%D9%8A-%D9%83%D9%85%D8%A8%D9%88%D9%86%D8%AF-%D9%85%D8%A8%D9%86%D9%8A-%D8%A8%D8%A7%D9%84%D9%83%D8%A7%D9%85%D9%84-%D9%81%D9%8A-%D9%82%D9%84%D8%A8-%D8%A7%D9%84%D8%AA%D8%AC%D9%85%D8%B9-%D8%A8%D8%AA%D9%82%D8%B3%D9%8A%D8%B7-%D9%85%D8%B1%D9%8A%D8%AD-ID503255964.html
استلام فوري !! نص تشطيب شقه للبيع امام الحامعه مباشر دور متكرر وفيو خيالي vip لوكيشن 171م 3غرف 3 حمام فيو بوول & لاند سكيب -بجوار ماونتن فيو-ميفيدا,14000000,3,3,171,https://www.dubizzle.com.eg/ad/%D8%A7%D8%B3%D8%AA%D9%84%D8%A7%D9%85-%D9%81%D9%88%D8%B1%D9%8A-%D9%86%D8%B5-%D8%AA%D8%B4%D8%B7%D9%8A%D8%A8-%D8%B4%D9%82%D9%87-%D9%84%D9%84%D8%A8%D9%8A%D8%B9-%D8%A7%D9%85%D8%A7%D9%85-%D8%A7%D9%84%D8%AD%D8%A7%D9%85%D8%B9%D9%87-%D9%85%D8%A8%D8%A7%D8%B4%D8%B1-%D8%AF%D9%88%D8%B1-%D9%85%D8%AA%D9%83%D8%B1%D8%B1-%D9%88%D9%81%D9%8A%D9%88-%D8%AE%D9%8A%D8%A7%D9%84%D9%8A-vip-%D9%84%D9%88%D9%83%D9%8A%D8%B4%D9%86-171%D9%85-3%D8%BA%D8%B1%D9%81-3-%D8%AD%D9%85%D8%A7%D9%85-%D9%81%D9%8A%D9%88-%D8%A8%D9%88%D9%88%D9%84-%D9%84%D8%A7%D9%86%D8%AF-%D8%B3%D9%83%D9%8A%D8%A8-%D8%A8%D8%AC%D9%88%D8%A7%D8%B1-%D9%85%D8%A7%D9%88%D9%86%D8%AA%D9%86-%D9%81%D9%8A%D9%88-%D9%85%D9%8A%D9%81%D9%8A%D8%AF%D8%A7-ID503901045.html
شقه للبيع في كمبوند الباتيو اورو متشطبه بالمطبخ والتكييفات بسعر مميز جدا,10900000,3,2,165,https://www.dubizzle.com.eg/ad/%D8%B4%D9%82%D9%87-%D9%84%D9%84%D8%A8%D9%8A%D8%B9-%D9%81%D9%8A-%D9%83%D9%85%D8%A8%D9%88%D9%86%D8%AF-%D8%A7%D9%84%D8%A8%D8%A7%D8%AA%D9%8A%D9%88-%D8%A7%D9%88%D8%B1%D9%88-%D9%85%D8%AA%D8%B4%D8%B7%D8%A8%D9%87-%D8%A8%D8%A7%D9%84%D9%85%D8%B7%D8%A8%D8%AE-%D9%88%D8%A7%D9%84%D8%AA%D9%83%D9%8A%D9%8A%D9%81%D8%A7%D8%AA-%D8%A8%D8%B3%D8%B9%D8%B1-%D9%85%D9%85%D9%8A%D8%B2-%D8%AC%D8%AF%D8%A7-ID503901136.html
استلم فوري بحري Trible View كـورنر شقة للبيع في ستون ريزدينس التجمع الخامس بجوار قطامية هايتس ودقائق لمصر الجديدة  Stone Residence New Cairo,7000000,2,2,140,https://www.dubizzle.com.eg/ad/%D8%A7%D8%B3%D8%AA%D9%84%D9%85-%D9%81%D9%88%D8%B1%D9%8A-%D8%A8%D8%AD%D8%B1%D9%8A-trible-view-%D9%83%D9%80%D9%88%D8%B1%D9%86%D8%B1-%D8%B4%D9%82%D8%A9-%D9%84%D9%84%D8%A8%D9%8A%D8%B9-%D9%81%D9%8A-%D8%B3%D8%AA%D9%88%D9%86-%D8%B1%D9%8A%D8%B2%D8%AF%D9%8A%D9%86%D8%B3-%D8%A7%D9%84%D8%AA%D8%AC%D9%85%D8%B9-%D8%A7%D9%84%D8%AE%D8%A7%D9%85%D8%B3-%D8%A8%D8%AC%D9%88%D8%A7%D8%B1-%D9%82%D8%B7%D8%A7%D9%85%D9%8A%D8%A9-%D9%87%D8%A7%D9%8A%D8%AA%D8%B3-%D9%88%D8%AF%D9%82%D8%A7%D8%A6%D9%82-%D9%84%D9%85%D8%B5%D8%B1-%D8%A7%D9%84%D8%AC%D8%AF%D9%8A%D8%AF%D8%A9-stone-residence-new-cairo-ID503901095.html
للبيع شقة استلام فوري بالسعر القديم في ارقى كمبوند في القاهرة الجديدة كمبوند لافيستا بأنظمة سداد مريحه بدون فوايد,14500000,3,3,168,https://www.dubizzle.com.eg/ad/%D9%84%D9%84%D8%A8%D9%8A%D8%B9-%D8%B4%D9%82%D8%A9-%D8%A7%D8%B3%D8%AA%D9%84%D8%A7%D9%85-%D9%81%D9%88%D8%B1%D9%8A-%D8%A8%D8%A7%D9%84%D8%B3%D8%B9%D8%B1-%D8%A7%D9%84%D9%82%D8%AF%D9%8A%D9%85-%D9%81%D9%8A-%D8%A7%D8%B1%D9%82%D9%89-%D9%83%D9%85%D8%A8%D9%88%D9%86%D8%AF-%D9%81%D9%8A-%D8%A7%D9%84%D9%82%D8%A7%D9%87%D8%B1%D8%A9-%D8%A7%D9%84%D8%AC%D8%AF%D9%8A%D8%AF%D8%A9-%D9%83%D9%85%D8%A8%D9%88%D9%86%D8%AF-%D9%84%D8%A7%D9%81%D9%8A%D8%B3%D8%AA%D8%A7-%D8%A8%D8%A3%D9%86%D8%B8%D9%85%D8%A9-%D8%B3%D8%AF%D8%A7%D8%AF-%D9%85%D8%B1%D9%8A%D8%AD%D9%87-%D8%A8%D8%AF%D9%88%D9%86-%D9%81%D9%88%D8%A7%D9%8A%D8%AF-ID503879026.html
شقة للبيع في ليك فيو ريزيدنس 2 التجمع الخامس بمقدم و اقساط موقع مميز اقل من سعر السوق,13900000,3,3,181,https://www.dubizzle.com.eg/ad/%D8%B4%D9%82%D8%A9-%D9%84%D9%84%D8%A8%D9%8A%D8%B9-%D9%81%D9%8A-%D9%84%D9%8A%D9%83-%D9%81%D9%8A%D9%88-%D8%B1%D9%8A%D8%B2%D9%8A%D8%AF%D9%86%D8%B3-2-%D8%A7%D9%84%D8%AA%D8%AC%D9%85%D8%B9-%D8%A7%D9%84%D8%AE%D8%A7%D9%85%D8%B3-%D8%A8%D9%85%D9%82%D8%AF%D9%85-%D9%88-%D8%A7%D9%82%D8%B3%D8%A7%D8%B7-%D9%85%D9%88%D9%82%D8%B9-%D9%85%D9%85%D9%8A%D8%B2-%D8%A7%D9%82%D9%84-%D9%85%D9%86-%D8%B3%D8%B9%D8%B1-%D8%A7%D9%84%D8%B3%D9%88%D9%82-ID503147820.html
شقه بجاردن مميزه 173م في الجولدن سكوير التجمع كمبوند راقي  بجوار ميفيدا,13000000,3,3,173,https://www.dubizzle.com.eg/ad/%D8%B4%D9%82%D9%87-%D8%A8%D8%AC%D8%A7%D8%B1%D8%AF%D9%86-%D9%85%D9%85%D9%8A%D8%B2%D9%87-173%D9%85-%D9%81%D9%8A-%D8%A7%D9%84%D8%AC%D9%88%D9%84%D8%AF%D9%86-%D8%B3%D9%83%D9%88%D9%8A%D8%B1-%D8%A7%D9%84%D8%AA%D8%AC%D9%85%D8%B9-%D9%83%D9%85%D8%A8%D9%88%D9%86%D8%AF-%D8%B1%D8%A7%D9%82%D9%8A-%D8%A8%D8%AC%D9%88%D8%A7%D8%B1-%D9%85%D9%8A%D9%81%D9%8A%D8%AF%D8%A7-ID503900846.html
شقه جاهزه للاستلام والمعاينه للبيع في التجمع الخامس كمبوند ووتر واي متشطبه بالفرش The Waterway New Cairo,19280000,2,2,169,https://www.dubizzle.com.eg/ad/%D8%B4%D9%82%D9%87-%D8%AC%D8%A7%D9%87%D8%B2%D9%87-%D9%84%D9%84%D8%A7%D8%B3%D8%AA%D9%84%D8%A7%D9%85-%D9%88%D8%A7%D9%84%D9%85%D8%B9%D8%A7%D9%8A%D9%86%D9%87-%D9%84%D9%84%D8%A8%D9%8A%D8%B9-%D9%81%D9%8A-%D8%A7%D9%84%D8%AA%D8%AC%D9%85%D8%B9-%D8%A7%D9%84%D8%AE%D8%A7%D9%85%D8%B3-%D9%83%D9%85%D8%A8%D9%88%D9%86%D8%AF-%D9%88%D9%88%D8%AA%D8%B1-%D9%88%D8%A7%D9%8A-%D9%85%D8%AA%D8%B4%D8%B7%D8%A8%D9%87-%D8%A8%D8%A7%D9%84%D9%81%D8%B1%D8%B4-the-waterway-new-cairo-ID503806353.html
شقة الأرضي مشطبة بالكامل للبيع في بيفرلي هيلز - المرحلة الثانية | سوديك (SODIC) - الشيخ زايد,11000000,4,4,220,https://www.dubizzle.com.eg/ad/%D8%B4%D9%82%D8%A9-%D8%A7%D9%84%D8%A3%D8%B1%D8%B6%D9%8A-%D9%85%D8%B4%D8%B7%D8%A8%D8%A9-%D8%A8%D8%A7%D9%84%D9%83%D8%A7%D9%85%D9%84-%D9%84%D9%84%D8%A8%D9%8A%D8%B9-%D9%81%D9%8A-%D8%A8%D9%8A%D9%81%D8%B1%D9%84%D9%8A-%D9%87%D9%8A%D9%84%D8%B2-%D8%A7%D9%84%D9%85%D8%B1%D8%AD%D9%84%D8%A9-%D8%A7%D9%84%D8%AB%D8%A7%D9%86%D9%8A%D8%A9-%D8%B3%D9%88%D8%AF%D9%8A%D9%83-sodic-%D8%A7%D9%84%D8%B4%D9%8A%D8%AE-%D8%B2%D8%A7%D9%8A%D8%AF-ID503717801.html
"شقة للبيع في كرميل، تشطيب كامل - سوديك، زايد الجديدة جاهزة للاستلام",9500000,2,2,123,https://www.dubizzle.com.eg/ad/%D8%B4%D9%82%D8%A9-%D9%84%D9%84%D8%A8%D9%8A%D8%B9-%D9%81%D9%8A-%D9%83%D8%B1%D9%85%D9%8A%D9%84-%D8%AA%D8%B4%D8%B7%D9%8A%D8%A8-%D9%83%D8%A7%D9%85%D9%84-%D8%B3%D9%88%D8%AF%D9%8A%D9%83-%D8%B2%D8%A7%D9%8A%D8%AF-%D8%A7%D9%84%D8%AC%D8%AF%D9%8A%D8%AF%D8%A9-%D8%AC%D8%A7%D9%87%D8%B2%D8%A9-%D9%84%D9%84%D8%A7%D8%B3%D8%AA%D9%84%D8%A7%D9%85-ID503630826.html
بخصم 20% شقة للبيع في لوكيشن مميز اوي دايركت علي محور المطار بجوار الفندق والجامعة الانترناشونال وتاني نمره من النادي في ال R8 بالعاصمة الادارية,3917328,3,2,146,https://www.dubizzle.com.eg/ad/%D8%A8%D8%AE%D8%B5%D9%85-20-%D8%B4%D9%82%D8%A9-%D9%84%D9%84%D8%A8%D9%8A%D8%B9-%D9%81%D9%8A-%D9%84%D9%88%D9%83%D9%8A%D8%B4%D9%86-%D9%85%D9%85%D9%8A%D8%B2-%D8%A7%D9%88%D9%8A-%D8%AF%D8%A7%D9%8A%D8%B1%D9%83%D8%AA-%D8%B9%D9%84%D9%8A-%D9%85%D8%AD%D9%88%D8%B1-%D8%A7%D9%84%D9%85%D8%B7%D8%A7%D8%B1-%D8%A8%D8%AC%D9%88%D8%A7%D8%B1-%D8%A7%D9%84%D9%81%D9%86%D8%AF%D9%82-%D9%88%D8%A7%D9%84%D8%AC%D8%A7%D9%85%D8%B9%D8%A9-%D8%A7%D9%84%D8%A7%D9%86%D8%AA%D8%B1%D9%86%D8%A7%D8%B4%D9%88%D9%86%D8%A7%D9%84-%D9%88%D8%AA%D8%A7%D9%86%D9%8A-%D9%86%D9%85%D8%B1%D9%87-%D9%85%D9%86-%D8%A7%D9%84%D9%86%D8%A7%D8%AF%D9%8A-%D9%81%D9%8A-%D8%A7%D9%84-r8-%D8%A8%D8%A7%D9%84%D8%B9%D8%A7%D8%B5%D9%85%D8%A9-%D8%A7%D9%84%D8%A7%D8%AF%D8%A7%D8%B1%D9%8A%D8%A9-ID503896678.html
شقه للبيع  بحدايق الاهرام135 متر واجه تشطيب فندقي اول سكن,2380000,3,2,135,https://www.dubizzle.com.eg/ad/%D8%B4%D9%82%D9%87-%D9%84%D9%84%D8%A8%D9%8A%D8%B9-%D8%A8%D8%AD%D8%AF%D8%A7%D9%8A%D9%82-%D8%A7%D9%84%D8%A7%D9%87%D8%B1%D8%A7%D9%85135-%D9%85%D8%AA%D8%B1-%D9%88%D8%A7%D8%AC%D9%87-%D8%AA%D8%B4%D8%B7%D9%8A%D8%A8-%D9%81%D9%86%D8%AF%D9%82%D9%8A-%D8%A7%D9%88%D9%84-%D8%B3%D9%83%D9%86-ID208462784.html
بمقدم 5% فقط وفي ارقى مشاريع العاصمة الادراية 1ا ايلاندز امتلك شقة 125م بفيو مفتوح على اكبر مساحة لاند سكيب,5500000,2,2,125,https://www.dubizzle.com.eg/ad/%D8%A8%D9%85%D9%82%D8%AF%D9%85-5-%D9%81%D9%82%D8%B7-%D9%88%D9%81%D9%8A-%D8%A7%D8%B1%D9%82%D9%89-%D9%85%D8%B4%D8%A7%D8%B1%D9%8A%D8%B9-%D8%A7%D9%84%D8%B9%D8%A7%D8%B5%D9%85%D8%A9-%D8%A7%D9%84%D8%A7%D8%AF%D8%B1%D8%A7%D9%8A%D8%A9-1%D8%A7-%D8%A7%D9%8A%D9%84%D8%A7%D9%86%D8%AF%D8%B2-%D8%A7%D9%85%D8%AA%D9%84%D9%83-%D8%B4%D9%82%D8%A9-125%D9%85-%D8%A8%D9%81%D9%8A%D9%88-%D9%85%D9%81%D8%AA%D9%88%D8%AD-%D8%B9%D9%84%D9%89-%D8%A7%D9%83%D8%A8%D8%B1-%D9%85%D8%B3%D8%A7%D8%AD%D8%A9-%D9%84%D8%A7%D9%86%D8%AF-%D8%B3%D9%83%D9%8A%D8%A8-ID501349047.html
"فيلا بنتهاوس 220م +95 م روف للبيع استلام فورى بالتقسيط في ،كمبوند ستون بجوار مول سيتى استار الجديدة",15500000,4,4,220,https://www.dubizzle.com.eg/ad/%D9%81%D9%8A%D9%84%D8%A7-%D8%A8%D9%86%D8%AA%D9%87%D8%A7%D9%88%D8%B3-220%D9%85-95-%D9%85-%D8%B1%D9%88%D9%81-%D9%84%D9%84%D8%A8%D9%8A%D8%B9-%D8%A7%D8%B3%D8%AA%D9%84%D8%A7%D9%85-%D9%81%D9%88%D8%B1%D9%89-%D8%A8%D8%A7%D9%84%D8%AA%D9%82%D8%B3%D9%8A%D8%B7-%D9%81%D9%8A-%D9%83%D9%85%D8%A8%D9%88%D9%86%D8%AF-%D8%B3%D8%AA%D9%88%D9%86-%D8%A8%D8%AC%D9%88%D8%A7%D8%B1-%D9%85%D9%88%D9%84-%D8%B3%D9%8A%D8%AA%D9%89-%D8%A7%D8%B3%D8%AA%D8%A7%D8%B1-%D8%A7%D9%84%D8%AC%D8%AF%D9%8A%D8%AF%D8%A9-ID500724039.html
شقه للبيع في قلب التجمع الخامس بمقدم 3% فقط وخصم مميز في كمبوند في ذا بروكس  - اقساط تصل الي 10 سنوات - برايم لوكيشن | The Brookes | P. R. E,6500000,2,2,126,https://www.dubizzle.com.eg/ad/%D8%B4%D9%82%D9%87-%D9%84%D9%84%D8%A8%D9%8A%D8%B9-%D9%81%D9%8A-%D9%82%D9%84%D8%A8-%D8%A7%D9%84%D8%AA%D8%AC%D9%85%D8%B9-%D8%A7%D9%84%D8%AE%D8%A7%D9%85%D8%B3-%D8%A8%D9%85%D9%82%D8%AF%D9%85-3-%D9%81%D9%82%D8%B7-%D9%88%D8%AE%D8%B5%D9%85-%D9%85%D9%85%D9%8A%D8%B2-%D9%81%D9%8A-%D9%83%D9%85%D8%A8%D9%88%D9%86%D8%AF-%D9%81%D9%8A-%D8%B0%D8%A7-%D8%A8%D8%B1%D9%88%D9%83%D8%B3-%D8%A7%D9%82%D8%B3%D8%A7%D8%B7-%D8%AA%D8%B5%D9%84-%D8%A7%D9%84%D9%8A-10-%D8%B3%D9%86%D9%88%D8%A7%D8%AA-%D8%A8%D8%B1%D8%A7%D9%8A%D9%85-%D9%84%D9%88%D9%83%D9%8A%D8%B4%D9%86-the-brookes-p-r-e-ID503822537.html
شقة للبيع 3 غرف في كمبوند سراي  في المستقبل سيتي بخصم كاش 50% او قسط علي 12 سنه مع اقسط علي اطول فتره سداد مع شركه مدينه مصر | Sarai,5250000,3,3,132,https://www.dubizzle.com.eg/ad/%D8%B4%D9%82%D8%A9-%D9%84%D9%84%D8%A8%D9%8A%D8%B9-3-%D8%BA%D8%B1%D9%81-%D9%81%D9%8A-%D9%83%D9%85%D8%A8%D9%88%D9%86%D8%AF-%D8%B3%D8%B1%D8%A7%D9%8A-%D9%81%D9%8A-%D8%A7%D9%84%D9%85%D8%B3%D8%AA%D9%82%D8%A8%D9%84-%D8%B3%D9%8A%D8%AA%D9%8A-%D8%A8%D8%AE%D8%B5%D9%85-%D9%83%D8%A7%D8%B4-50-%D8%A7%D9%88-%D9%82%D8%B3%D8%B7-%D8%B9%D9%84%D9%8A-12-%D8%B3%D9%86%D9%87-%D9%85%D8%B9-%D8%A7%D9%82%D8%B3%D8%B7-%D8%B9%D9%84%D9%8A-%D8%A7%D8%B7%D9%88%D9%84-%D9%81%D8%AA%D8%B1%D9%87-%D8%B3%D8%AF%D8%A7%D8%AF-%D9%85%D8%B9-%D8%B4%D8%B1%D9%83%D9%87-%D9%85%D8%AF%D9%8A%D9%86%D9%87-%D9%85%D8%B5%D8%B1-sarai-ID503680924.html
"دوبلكس للبيع في تلال إيست, كمبوندات التجمع الخامس جاردن فيلا في التجمع الخامس للبيع بمقدم 5% وتقسيط",20000000,3,3,218,https://www.dubizzle.com.eg/ad/%D8%AF%D9%88%D8%A8%D9%84%D9%83%D8%B3-%D9%84%D9%84%D8%A8%D9%8A%D8%B9-%D9%81%D9%8A-%D8%AA%D9%84%D8%A7%D9%84-%D8%A5%D9%8A%D8%B3%D8%AA-%D9%83%D9%85%D8%A8%D9%88%D9%86%D8%AF%D8%A7%D8%AA-%D8%A7%D9%84%D8%AA%D8%AC%D9%85%D8%B9-%D8%A7%D9%84%D8%AE%D8%A7%D9%85%D8%B3-%D8%AC%D8%A7%D8%B1%D8%AF%D9%86-%D9%81%D9%8A%D9%84%D8%A7-%D9%81%D9%8A-%D8%A7%D9%84%D8%AA%D8%AC%D9%85%D8%B9-%D8%A7%D9%84%D8%AE%D8%A7%D9%85%D8%B3-%D9%84%D9%84%D8%A8%D9%8A%D8%B9-%D8%A8%D9%85%D9%82%D8%AF%D9%85-5-%D9%88%D8%AA%D9%82%D8%B3%D9%8A%D8%B7-ID500568682.html
شقه للبيع 140 متر متشطبه بالكامل واستلام فورى في كمبوند ستودا علي بعد دقايق من مطار القاهره بخصم كاش مميز ومتاح اقساط علي 10 سنوات  | Stoda,6800000,2,2,140,https://www.dubizzle.com.eg/ad/%D8%B4%D9%82%D9%87-%D9%84%D9%84%D8%A8%D9%8A%D8%B9-140-%D9%85%D8%AA%D8%B1-%D9%85%D8%AA%D8%B4%D8%B7%D8%A8%D9%87-%D8%A8%D8%A7%D9%84%D9%83%D8%A7%D9%85%D9%84-%D9%88%D8%A7%D8%B3%D8%AA%D9%84%D8%A7%D9%85-%D9%81%D9%88%D8%B1%D9%89-%D9%81%D9%8A-%D9%83%D9%85%D8%A8%D9%88%D9%86%D8%AF-%D8%B3%D8%AA%D9%88%D8%AF%D8%A7-%D8%B9%D9%84%D9%8A-%D8%A8%D8%B9%D8%AF-%D8%AF%D9%82%D8%A7%D9%8A%D9%82-%D9%85%D9%86-%D9%85%D8%B7%D8%A7%D8%B1-%D8%A7%D9%84%D9%82%D8%A7%D9%87%D8%B1%D9%87-%D8%A8%D8%AE%D8%B5%D9%85-%D9%83%D8%A7%D8%B4-%D9%85%D9%85%D9%8A%D8%B2-%D9%88%D9%85%D8%AA%D8%A7%D8%AD-%D8%A7%D9%82%D8%B3%D8%A7%D8%B7-%D8%B9%D9%84%D9%8A-10-%D8%B3%D9%86%D9%88%D8%A7%D8%AA-stoda-ID503665115.html
شقه للبيع 3 غرف  استلام فوري في ارقي كمبوند في المستقبل في بلوم فيلدز امام مدينتي مباشره بخصم كاش 35% - برايم لوكيشن  Bloomfields,6600000,3,3,160,https://www.dubizzle.com.eg/ad/%D8%B4%D9%82%D9%87-%D9%84%D9%84%D8%A8%D9%8A%D8%B9-3-%D8%BA%D8%B1%D9%81-%D8%A7%D8%B3%D8%AA%D9%84%D8%A7%D9%85-%D9%81%D9%88%D8%B1%D9%8A-%D9%81%D9%8A-%D8%A7%D8%B1%D9%82%D9%8A-%D9%83%D9%85%D8%A8%D9%88%D9%86%D8%AF-%D9%81%D9%8A-%D8%A7%D9%84%D9%85%D8%B3%D8%AA%D9%82%D8%A8%D9%84-%D9%81%D9%8A-%D8%A8%D9%84%D9%88%D9%85-%D9%81%D9%8A%D9%84%D8%AF%D8%B2-%D8%A7%D9%85%D8%A7%D9%85-%D9%85%D8%AF%D9%8A%D9%86%D8%AA%D9%8A-%D9%85%D8%A8%D8%A7%D8%B4%D8%B1%D9%87-%D8%A8%D8%AE%D8%B5%D9%85-%D9%83%D8%A7%D8%B4-35-%D8%A8%D8%B1%D8%A7%D9%8A%D9%85-%D9%84%D9%88%D9%83%D9%8A%D8%B4%D9%86-bloomfields-ID503628758.html
شقه للبيع غرفتين في ارض ماونتن فيو الجديده في قلب التجمع الخامس استلام قريب امام كمبوند هايد بارك واقساط تصل الي 14 سنه Creek View - Mountain View,6900000,2,2,110,https://www.dubizzle.com.eg/ad/%D8%B4%D9%82%D9%87-%D9%84%D9%84%D8%A8%D9%8A%D8%B9-%D8%BA%D8%B1%D9%81%D8%AA%D9%8A%D9%86-%D9%81%D9%8A-%D8%A7%D8%B1%D8%B6-%D9%85%D8%A7%D9%88%D9%86%D8%AA%D9%86-%D9%81%D9%8A%D9%88-%D8%A7%D9%84%D8%AC%D8%AF%D9%8A%D8%AF%D9%87-%D9%81%D9%8A-%D9%82%D9%84%D8%A8-%D8%A7%D9%84%D8%AA%D8%AC%D9%85%D8%B9-%D8%A7%D9%84%D8%AE%D8%A7%D9%85%D8%B3-%D8%A7%D8%B3%D8%AA%D9%84%D8%A7%D9%85-%D9%82%D8%B1%D9%8A%D8%A8-%D8%A7%D9%85%D8%A7%D9%85-%D9%83%D9%85%D8%A8%D9%88%D9%86%D8%AF-%D9%87%D8%A7%D9%8A%D8%AF-%D8%A8%D8%A7%D8%B1%D9%83-%D9%88%D8%A7%D9%82%D8%B3%D8%A7%D8%B7-%D8%AA%D8%B5%D9%84-%D8%A7%D9%84%D9%8A-14-%D8%B3%D9%86%D9%87-creek-view-mountain-view-ID503692847.html
شقه للبيع في قلب العاصمه الاداريه في R5 استلام فوري بتشطيب كامل في نيو جاردن سيتي بخصم كاش مميز - متاح اقساط علي 15 سنه  New Garden City,5850000,2,2,138,https://www.dubizzle.com.eg/ad/%D8%B4%D9%82%D9%87-%D9%84%D9%84%D8%A8%D9%8A%D8%B9-%D9%81%D9%8A-%D9%82%D9%84%D8%A8-%D8%A7%D9%84%D8%B9%D8%A7%D8%B5%D9%85%D9%87-%D8%A7%D9%84%D8%A7%D8%AF%D8%A7%D8%B1%D9%8A%D9%87-%D9%81%D9%8A-r5-%D8%A7%D8%B3%D8%AA%D9%84%D8%A7%D9%85-%D9%81%D9%88%D8%B1%D9%8A-%D8%A8%D8%AA%D8%B4%D8%B7%D9%8A%D8%A8-%D9%83%D8%A7%D9%85%D9%84-%D9%81%D9%8A-%D9%86%D9%8A%D9%88-%D8%AC%D8%A7%D8%B1%D8%AF%D9%86-%D8%B3%D9%8A%D8%AA%D9%8A-%D8%A8%D8%AE%D8%B5%D9%85-%D9%83%D8%A7%D8%B4-%D9%85%D9%85%D9%8A%D8%B2-%D9%85%D8%AA%D8%A7%D8%AD-%D8%A7%D9%82%D8%B3%D8%A7%D8%B7-%D8%B9%D9%84%D9%8A-15-%D8%B3%D9%86%D9%87-new-garden-city-ID503692552.html
امتلك شقة استديو بأقل سعر للمتر بجوار النادي الأهلي | كمبوند CAVALI التجمع الخامس بالتقسيط على 10 سنوات,2970000,1,1,50,https://www.dubizzle.com.eg/ad/%D8%A7%D9%85%D8%AA%D9%84%D9%83-%D8%B4%D9%82%D8%A9-%D8%A7%D8%B3%D8%AA%D8%AF%D9%8A%D9%88-%D8%A8%D8%A3%D9%82%D9%84-%D8%B3%D8%B9%D8%B1-%D9%84%D9%84%D9%85%D8%AA%D8%B1-%D8%A8%D8%AC%D9%88%D8%A7%D8%B1-%D8%A7%D9%84%D9%86%D8%A7%D8%AF%D9%8A-%D8%A7%D9%84%D8%A3%D9%87%D9%84%D9%8A-%D9%83%D9%85%D8%A8%D9%88%D9%86%D8%AF-cavali-%D8%A7%D9%84%D8%AA%D8%AC%D9%85%D8%B9-%D8%A7%D9%84%D8%AE%D8%A7%D9%85%D8%B3-%D8%A8%D8%A7%D9%84%D8%AA%D9%82%D8%B3%D9%8A%D8%B7-%D8%B9%D9%84%D9%89-10-%D8%B3%D9%86%D9%88%D8%A7%D8%AA-ID503472017.html
شقه للبيع متشطبه بالكامل  في ارقي كمبوند في التجمع الخامس في قلب الجولدن سكويرفي كمبوند ريجينتس اسكويربخصم كاش مميز  | Regent's square,6500000,2,2,108,https://www.dubizzle.com.eg/ad/%D8%B4%D9%82%D9%87-%D9%84%D9%84%D8%A8%D9%8A%D8%B9-%D9%85%D8%AA%D8%B4%D8%B7%D8%A8%D9%87-%D8%A8%D8%A7%D9%84%D9%83%D8%A7%D9%85%D9%84-%D9%81%D9%8A-%D8%A7%D8%B1%D9%82%D9%8A-%D9%83%D9%85%D8%A8%D9%88%D9%86%D8%AF-%D9%81%D9%8A-%D8%A7%D9%84%D8%AA%D8%AC%D9%85%D8%B9-%D8%A7%D9%84%D8%AE%D8%A7%D9%85%D8%B3-%D9%81%D9%8A-%D9%82%D9%84%D8%A8-%D8%A7%D9%84%D8%AC%D9%88%D9%84%D8%AF%D9%86-%D8%B3%D9%83%D9%88%D9%8A%D8%B1%D9%81%D9%8A-%D9%83%D9%85%D8%A8%D9%88%D9%86%D8%AF-%D8%B1%D9%8A%D8%AC%D9%8A%D9%86%D8%AA%D8%B3-%D8%A7%D8%B3%D9%83%D9%88%D9%8A%D8%B1%D8%A8%D8%AE%D8%B5%D9%85-%D9%83%D8%A7%D8%B4-%D9%85%D9%85%D9%8A%D8%B2-regents-square-ID503838566.html
شقه للبيع 165 مترفي قلب التجمع الخامس في كمبوند الباتيو اورو مع اقوي مطور لافيستا - بخصم كاش 25 % - برايم لوكيشن La vista - Patio oro,11500000,3,3,165,https://www.dubizzle.com.eg/ad/%D8%B4%D9%82%D9%87-%D9%84%D9%84%D8%A8%D9%8A%D8%B9-165-%D9%85%D8%AA%D8%B1%D9%81%D9%8A-%D9%82%D9%84%D8%A8-%D8%A7%D9%84%D8%AA%D8%AC%D9%85%D8%B9-%D8%A7%D9%84%D8%AE%D8%A7%D9%85%D8%B3-%D9%81%D9%8A-%D9%83%D9%85%D8%A8%D9%88%D9%86%D8%AF-%D8%A7%D9%84%D8%A8%D8%A7%D8%AA%D9%8A%D9%88-%D8%A7%D9%88%D8%B1%D9%88-%D9%85%D8%B9-%D8%A7%D9%82%D9%88%D9%8A-%D9%85%D8%B7%D9%88%D8%B1-%D9%84%D8%A7%D9%81%D9%8A%D8%B3%D8%AA%D8%A7-%D8%A8%D8%AE%D8%B5%D9%85-%D9%83%D8%A7%D8%B4-25-%D8%A8%D8%B1%D8%A7%D9%8A%D9%85-%D9%84%D9%88%D9%83%D9%8A%D8%B4%D9%86-la-vista-patio-oro-ID503645467.html
شقه للبيع  غرفتين  استلام فوري في قلب التجمع الخامس في كمبوند كريك تاون بسعر الكاش علي طريق السويس وامام الرحاب مباشره  Creek Town,6000000,2,2,130,https://www.dubizzle.com.eg/ad/%D8%B4%D9%82%D9%87-%D9%84%D9%84%D8%A8%D9%8A%D8%B9-%D8%BA%D8%B1%D9%81%D8%AA%D9%8A%D9%86-%D8%A7%D8%B3%D8%AA%D9%84%D8%A7%D9%85-%D9%81%D9%88%D8%B1%D9%8A-%D9%81%D9%8A-%D9%82%D9%84%D8%A8-%D8%A7%D9%84%D8%AA%D8%AC%D9%85%D8%B9-%D8%A7%D9%84%D8%AE%D8%A7%D9%85%D8%B3-%D9%81%D9%8A-%D9%83%D9%85%D8%A8%D9%88%D9%86%D8%AF-%D9%83%D8%B1%D9%8A%D9%83-%D8%AA%D8%A7%D9%88%D9%86-%D8%A8%D8%B3%D8%B9%D8%B1-%D8%A7%D9%84%D9%83%D8%A7%D8%B4-%D8%B9%D9%84%D9%8A-%D8%B7%D8%B1%D9%8A%D9%82-%D8%A7%D9%84%D8%B3%D9%88%D9%8A%D8%B3-%D9%88%D8%A7%D9%85%D8%A7%D9%85-%D8%A7%D9%84%D8%B1%D8%AD%D8%A7%D8%A8-%D9%85%D8%A8%D8%A7%D8%B4%D8%B1%D9%87-creek-town-ID503866394.html
شقه للبيع متشطبه بالكامل استلام قريب في ارقي كمبوند في الشروق في كمبوند ميان بمقدم 10% فقط واقساط علي 10 سنوات امام  مدينتي و Open Air Mall,5100000,2,2,93,https://www.dubizzle.com.eg/ad/%D8%B4%D9%82%D9%87-%D9%84%D9%84%D8%A8%D9%8A%D8%B9-%D9%85%D8%AA%D8%B4%D8%B7%D8%A8%D9%87-%D8%A8%D8%A7%D9%84%D9%83%D8%A7%D9%85%D9%84-%D8%A7%D8%B3%D8%AA%D9%84%D8%A7%D9%85-%D9%82%D8%B1%D9%8A%D8%A8-%D9%81%D9%8A-%D8%A7%D8%B1%D9%82%D9%8A-%D9%83%D9%85%D8%A8%D9%88%D9%86%D8%AF-%D9%81%D9%8A-%D8%A7%D9%84%D8%B4%D8%B1%D9%88%D9%82-%D9%81%D9%8A-%D9%83%D9%85%D8%A8%D9%88%D9%86%D8%AF-%D9%85%D9%8A%D8%A7%D9%86-%D8%A8%D9%85%D9%82%D8%AF%D9%85-10-%D9%81%D9%82%D8%B7-%D9%88%D8%A7%D9%82%D8%B3%D8%A7%D8%B7-%D8%B9%D9%84%D9%8A-10-%D8%B3%D9%86%D9%88%D8%A7%D8%AA-%D8%A7%D9%85%D8%A7%D9%85-%D9%85%D8%AF%D9%8A%D9%86%D8%AA%D9%8A-%D9%88-open-air-mall-ID503722574.html
شقه للبيع متشطبه بالكامل استلام فوري في ارقي كمبوند في الشروق في كمبوند ميان امام رحاب بمقدم 10% فقط واقساط علي 10 سنوات امام  مدينتي و Open Air Mall,5200000,2,2,95,https://www.dubizzle.com.eg/ad/%D8%B4%D9%82%D9%87-%D9%84%D9%84%D8%A8%D9%8A%D8%B9-%D9%85%D8%AA%D8%B4%D8%B7%D8%A8%D9%87-%D8%A8%D8%A7%D9%84%D9%83%D8%A7%D9%85%D9%84-%D8%A7%D8%B3%D8%AA%D9%84%D8%A7%D9%85-%D9%81%D9%88%D8%B1%D9%8A-%D9%81%D9%8A-%D8%A7%D8%B1%D9%82%D9%8A-%D9%83%D9%85%D8%A8%D9%88%D9%86%D8%AF-%D9%81%D9%8A-%D8%A7%D9%84%D8%B4%D8%B1%D9%88%D9%82-%D9%81%D9%8A-%D9%83%D9%85%D8%A8%D9%88%D9%86%D8%AF-%D9%85%D9%8A%D8%A7%D9%86-%D8%A7%D9%85%D8%A7%D9%85-%D8%B1%D8%AD%D8%A7%D8%A8-%D8%A8%D9%85%D9%82%D8%AF%D9%85-10-%D9%81%D9%82%D8%B7-%D9%88%D8%A7%D9%82%D8%B3%D8%A7%D8%B7-%D8%B9%D9%84%D9%8A-10-%D8%B3%D9%86%D9%88%D8%A7%D8%AA-%D8%A7%D9%85%D8%A7%D9%85-%D9%85%D8%AF%D9%8A%D9%86%D8%AA%D9%8A-%D9%88-open-air-mall-ID503722720.html
شقه للبيع في ارقي كمبوند مع لافيستا في الباتيو سولا بخصم كاش 25 % - اقساط تصل الي 10 سنوات  - فيو مميز  Patio Sola _ La Vista,5700000,2,2,123,https://www.dubizzle.com.eg/ad/%D8%B4%D9%82%D9%87-%D9%84%D9%84%D8%A8%D9%8A%D8%B9-%D9%81%D9%8A-%D8%A7%D8%B1%D9%82%D9%8A-%D9%83%D9%85%D8%A8%D9%88%D9%86%D8%AF-%D9%85%D8%B9-%D9%84%D8%A7%D9%81%D9%8A%D8%B3%D8%AA%D8%A7-%D9%81%D9%8A-%D8%A7%D9%84%D8%A8%D8%A7%D8%AA%D9%8A%D9%88-%D8%B3%D9%88%D9%84%D8%A7-%D8%A8%D8%AE%D8%B5%D9%85-%D9%83%D8%A7%D8%B4-25-%D8%A7%D9%82%D8%B3%D8%A7%D8%B7-%D8%AA%D8%B5%D9%84-%D8%A7%D9%84%D9%8A-10-%D8%B3%D9%86%D9%88%D8%A7%D8%AA-%D9%81%D9%8A%D9%88-%D9%85%D9%85%D9%8A%D8%B2-patio-sola-_-la-vista-ID503581686.html
شقه للبيع في كمبوند سولاى في قلب التجمع الخامس في الجولدن سكوير بخصم 18%  بجوار النادى الاهلي بخصم مميز  بمقدم 5% فقط - برايم لوكيشن  | Solay,4900000,2,2,90,https://www.dubizzle.com.eg/ad/%D8%B4%D9%82%D9%87-%D9%84%D9%84%D8%A8%D9%8A%D8%B9-%D9%81%D9%8A-%D9%83%D9%85%D8%A8%D9%88%D9%86%D8%AF-%D8%B3%D9%88%D9%84%D8%A7%D9%89-%D9%81%D9%8A-%D9%82%D9%84%D8%A8-%D8%A7%D9%84%D8%AA%D8%AC%D9%85%D8%B9-%D8%A7%D9%84%D8%AE%D8%A7%D9%85%D8%B3-%D9%81%D9%8A-%D8%A7%D9%84%D8%AC%D9%88%D9%84%D8%AF%D9%86-%D8%B3%D9%83%D9%88%D9%8A%D8%B1-%D8%A8%D8%AE%D8%B5%D9%85-18-%D8%A8%D8%AC%D9%88%D8%A7%D8%B1-%D8%A7%D9%84%D9%86%D8%A7%D8%AF%D9%89-%D8%A7%D9%84%D8%A7%D9%87%D9%84%D9%8A-%D8%A8%D8%AE%D8%B5%D9%85-%D9%85%D9%85%D9%8A%D8%B2-%D8%A8%D9%85%D9%82%D8%AF%D9%85-5-%D9%81%D9%82%D8%B7-%D8%A8%D8%B1%D8%A7%D9%8A%D9%85-%D9%84%D9%88%D9%83%D9%8A%D8%B4%D9%86-solay-ID503882973.html
شقه للبيع 3 غرف في كمبوند سولاى في قلب التجمع الخامس في الجولدن سكوير بخصم 18%  بجوار النادى الاهلي بمقدم 5%  - برايم لوكيشن  | Solay,5750000,3,2,125,https://www.dubizzle.com.eg/ad/%D8%B4%D9%82%D9%87-%D9%84%D9%84%D8%A8%D9%8A%D8%B9-3-%D8%BA%D8%B1%D9%81-%D9%81%D9%8A-%D9%83%D9%85%D8%A8%D9%88%D9%86%D8%AF-%D8%B3%D9%88%D9%84%D8%A7%D9%89-%D9%81%D9%8A-%D9%82%D9%84%D8%A8-%D8%A7%D9%84%D8%AA%D8%AC%D9%85%D8%B9-%D8%A7%D9%84%D8%AE%D8%A7%D9%85%D8%B3-%D9%81%D9%8A-%D8%A7%D9%84%D8%AC%D9%88%D9%84%D8%AF%D9%86-%D8%B3%D9%83%D9%88%D9%8A%D8%B1-%D8%A8%D8%AE%D8%B5%D9%85-18-%D8%A8%D8%AC%D9%88%D8%A7%D8%B1-%D8%A7%D9%84%D9%86%D8%A7%D8%AF%D9%89-%D8%A7%D9%84%D8%A7%D9%87%D9%84%D9%8A-%D8%A8%D9%85%D9%82%D8%AF%D9%85-5-%D8%A8%D8%B1%D8%A7%D9%8A%D9%85-%D9%84%D9%88%D9%83%D9%8A%D8%B4%D9%86-solay-ID503882920.html
شقه للبيع في ارقي كمبوند مع لافيستا في الباتيو سولا بخصم كاش 25 % - اقساط تصل الي 10 سنوات  - فيو مميز  Patio Sola _ La Vista,5750000,2,2,125,https://www.dubizzle.com.eg/ad/%D8%B4%D9%82%D9%87-%D9%84%D9%84%D8%A8%D9%8A%D8%B9-%D9%81%D9%8A-%D8%A7%D8%B1%D9%82%D9%8A-%D9%83%D9%85%D8%A8%D9%88%D9%86%D8%AF-%D9%85%D8%B9-%D9%84%D8%A7%D9%81%D9%8A%D8%B3%D8%AA%D8%A7-%D9%81%D9%8A-%D8%A7%D9%84%D8%A8%D8%A7%D8%AA%D9%8A%D9%88-%D8%B3%D9%88%D9%84%D8%A7-%D8%A8%D8%AE%D8%B5%D9%85-%D9%83%D8%A7%D8%B4-25-%D8%A7%D9%82%D8%B3%D8%A7%D8%B7-%D8%AA%D8%B5%D9%84-%D8%A7%D9%84%D9%8A-10-%D8%B3%D9%86%D9%88%D8%A7%D8%AA-%D9%81%D9%8A%D9%88-%D9%85%D9%85%D9%8A%D8%B2-patio-sola-_-la-vista-ID503731708.html
"شقه للبيع بخصم 48% في كمبوند ايزولا في شيراتون مصر الجديده والتقسيط علي8 سنين بمقدم 2,000,000 جاهزه للمعاينه || isola",7300000,3,3,170,https://www.dubizzle.com.eg/ad/%D8%B4%D9%82%D9%87-%D9%84%D9%84%D8%A8%D9%8A%D8%B9-%D8%A8%D8%AE%D8%B5%D9%85-48-%D9%81%D9%8A-%D9%83%D9%85%D8%A8%D9%88%D9%86%D8%AF-%D8%A7%D9%8A%D8%B2%D9%88%D9%84%D8%A7-%D9%81%D9%8A-%D8%B4%D9%8A%D8%B1%D8%A7%D8%AA%D9%88%D9%86-%D9%85%D8%B5%D8%B1-%D8%A7%D9%84%D8%AC%D8%AF%D9%8A%D8%AF%D9%87-%D9%88%D8%A7%D9%84%D8%AA%D9%82%D8%B3%D9%8A%D8%B7-%D8%B9%D9%84%D9%8A8-%D8%B3%D9%86%D9%8A%D9%86-%D8%A8%D9%85%D9%82%D8%AF%D9%85-2000000-%D8%AC%D8%A7%D9%87%D8%B2%D9%87-%D9%84%D9%84%D9%85%D8%B9%D8%A7%D9%8A%D9%86%D9%87-isola-ID503311369.html
شقة متشطبة للبيع في ماونتن فيو اي سيتي التجمع الخامس موقع متميز جدا استلام فوري اقل من سعر السوق,7800000,3,3,170,https://www.dubizzle.com.eg/ad/%D8%B4%D9%82%D8%A9-%D9%85%D8%AA%D8%B4%D8%B7%D8%A8%D8%A9-%D9%84%D9%84%D8%A8%D9%8A%D8%B9-%D9%81%D9%8A-%D9%85%D8%A7%D9%88%D9%86%D8%AA%D9%86-%D9%81%D9%8A%D9%88-%D8%A7%D9%8A-%D8%B3%D9%8A%D8%AA%D9%8A-%D8%A7%D9%84%D8%AA%D8%AC%D9%85%D8%B9-%D8%A7%D9%84%D8%AE%D8%A7%D9%85%D8%B3-%D9%85%D9%88%D9%82%D8%B9-%D9%85%D8%AA%D9%85%D9%8A%D8%B2-%D8%AC%D8%AF%D8%A7-%D8%A7%D8%B3%D8%AA%D9%84%D8%A7%D9%85-%D9%81%D9%88%D8%B1%D9%8A-%D8%A7%D9%82%D9%84-%D9%85%D9%86-%D8%B3%D8%B9%D8%B1-%D8%A7%D9%84%D8%B3%D9%88%D9%82-ID503901537.html
شقة متشطبة للبيع في هايد بارك التجمع الخامس استلام فوري اقل من سعر السوق موقع مميز Hyde park,9326000,2,3,145,https://www.dubizzle.com.eg/ad/%D8%B4%D9%82%D8%A9-%D9%85%D8%AA%D8%B4%D8%B7%D8%A8%D8%A9-%D9%84%D9%84%D8%A8%D9%8A%D8%B9-%D9%81%D9%8A-%D9%87%D8%A7%D9%8A%D8%AF-%D8%A8%D8%A7%D8%B1%D9%83-%D8%A7%D9%84%D8%AA%D8%AC%D9%85%D8%B9-%D8%A7%D9%84%D8%AE%D8%A7%D9%85%D8%B3-%D8%A7%D8%B3%D8%AA%D9%84%D8%A7%D9%85-%D9%81%D9%88%D8%B1%D9%8A-%D8%A7%D9%82%D9%84-%D9%85%D9%86-%D8%B3%D8%B9%D8%B1-%D8%A7%D9%84%D8%B3%D9%88%D9%82-%D9%85%D9%88%D9%82%D8%B9-%D9%85%D9%85%D9%8A%D8%B2-hyde-park-ID503901560.html
شقة للبيع في ماونتن فيو هايد بارك التجمع الخامس موقع مميز استلام فوري اقل من سعرالسوق بمقدم و اقساط mountian view hyde park,16000000,3,3,274,https://www.dubizzle.com.eg/ad/%D8%B4%D9%82%D8%A9-%D9%84%D9%84%D8%A8%D9%8A%D8%B9-%D9%81%D9%8A-%D9%85%D8%A7%D9%88%D9%86%D8%AA%D9%86-%D9%81%D9%8A%D9%88-%D9%87%D8%A7%D9%8A%D8%AF-%D8%A8%D8%A7%D8%B1%D9%83-%D8%A7%D9%84%D8%AA%D8%AC%D9%85%D8%B9-%D8%A7%D9%84%D8%AE%D8%A7%D9%85%D8%B3-%D9%85%D9%88%D9%82%D8%B9-%D9%85%D9%85%D9%8A%D8%B2-%D8%A7%D8%B3%D8%AA%D9%84%D8%A7%D9%85-%D9%81%D9%88%D8%B1%D9%8A-%D8%A7%D9%82%D9%84-%D9%85%D9%86-%D8%B3%D8%B9%D8%B1%D8%A7%D9%84%D8%B3%D9%88%D9%82-%D8%A8%D9%85%D9%82%D8%AF%D9%85-%D9%88-%D8%A7%D9%82%D8%B3%D8%A7%D8%B7-mountian-view-hyde-park-ID503901564.html
شقة للبيع في ماونتن فيو هايد بارك التجمع الخامس موقع مميز اقل من سعر السوق mountain view hyde park,16500000,3,4,274,https://www.dubizzle.com.eg/ad/%D8%B4%D9%82%D8%A9-%D9%84%D9%84%D8%A8%D9%8A%D8%B9-%D9%81%D9%8A-%D9%85%D8%A7%D9%88%D9%86%D8%AA%D9%86-%D9%81%D9%8A%D9%88-%D9%87%D8%A7%D9%8A%D8%AF-%D8%A8%D8%A7%D8%B1%D9%83-%D8%A7%D9%84%D8%AA%D8%AC%D9%85%D8%B9-%D8%A7%D9%84%D8%AE%D8%A7%D9%85%D8%B3-%D9%85%D9%88%D9%82%D8%B9-%D9%85%D9%85%D9%8A%D8%B2-%D8%A7%D9%82%D9%84-%D9%85%D9%86-%D8%B3%D8%B9%D8%B1-%D8%A7%D9%84%D8%B3%D9%88%D9%82-mountain-view-hyde-park-ID503901572.html
شقة 155 متر للبيع بحدائق الأهرام - 3 غرف - البوابة الرابعة,2550000,3,2,155,https://www.dubizzle.com.eg/ad/%D8%B4%D9%82%D8%A9-155-%D9%85%D8%AA%D8%B1-%D9%84%D9%84%D8%A8%D9%8A%D8%B9-%D8%A8%D8%AD%D8%AF%D8%A7%D8%A6%D9%82-%D8%A7%D9%84%D8%A3%D9%87%D8%B1%D8%A7%D9%85-3-%D8%BA%D8%B1%D9%81-%D8%A7%D9%84%D8%A8%D9%88%D8%A7%D8%A8%D8%A9-%D8%A7%D9%84%D8%B1%D8%A7%D8%A8%D8%B9%D8%A9-ID208624172.html
للبيع بمدينتي B2  شقه ٢٦٠متر علي النادي مباشر   خطوات من الخدمات      تشطيب شركه   دور متكرر   موقع ممتاز   مكونه من   ٣غرف نوم منها غرفه ماستر+ غرفه مربيهبحمامخاص  رسبشن+ مطبخ+ ٣حمامات+٢ تراس,14500000,4,4,266,https://www.dubizzle.com.eg/ad/%D9%84%D9%84%D8%A8%D9%8A%D8%B9-%D8%A8%D9%85%D8%AF%D9%8A%D9%86%D8%AA%D9%8A-b2-%D8%B4%D9%82%D9%87-%D9%A2%D9%A6%D9%A0%D9%85%D8%AA%D8%B1-%D8%B9%D9%84%D9%8A-%D8%A7%D9%84%D9%86%D8%A7%D8%AF%D9%8A-%D9%85%D8%A8%D8%A7%D8%B4%D8%B1-%D8%AE%D8%B7%D9%88%D8%A7%D8%AA-%D9%85%D9%86-%D8%A7%D9%84%D8%AE%D8%AF%D9%85%D8%A7%D8%AA-%D8%AA%D8%B4%D8%B7%D9%8A%D8%A8-%D8%B4%D8%B1%D9%83%D9%87-%D8%AF%D9%88%D8%B1-%D9%85%D8%AA%D9%83%D8%B1%D8%B1-%D9%85%D9%88%D9%82%D8%B9-%D9%85%D9%85%D8%AA%D8%A7%D8%B2-%D9%85%D9%83%D9%88%D9%86%D9%87-%D9%85%D9%86-%D9%A3%D8%BA%D8%B1%D9%81-%D9%86%D9%88%D9%85-%D9%85%D9%86%D9%87%D8%A7-%D8%BA%D8%B1%D9%81%D9%87-%D9%85%D8%A7%D8%B3%D8%AA%D8%B1-%D8%BA%D8%B1%D9%81%D9%87-%D9%85%D8%B1%D8%A8%D9%8A%D9%87%D8%A8%D8%AD%D9%85%D8%A7%D9%85%D8%AE%D8%A7%D8%B5-%D8%B1%D8%B3%D8%A8%D8%B4%D9%86-%D9%85%D8%B7%D8%A8%D8%AE-%D9%A3%D8%AD%D9%85%D8%A7%D9%85%D8%A7%D8%AA%D9%A2-%D8%AA%D8%B1%D8%A7%D8%B3-ID503820364.html
شقه للبيع استلام فوري متشطبه بالتقسيط علي 10 سنين  _  في مايان الشروق _  مدينه الشروق  _  قريب من المعادي فيو _ مدينه الرحاب  _ ready to move,5700000,3,3,141,https://www.dubizzle.com.eg/ad/%D8%B4%D9%82%D9%87-%D9%84%D9%84%D8%A8%D9%8A%D8%B9-%D8%A7%D8%B3%D8%AA%D9%84%D8%A7%D9%85-%D9%81%D9%88%D8%B1%D9%8A-%D9%85%D8%AA%D8%B4%D8%B7%D8%A8%D9%87-%D8%A8%D8%A7%D9%84%D8%AA%D9%82%D8%B3%D9%8A%D8%B7-%D8%B9%D9%84%D9%8A-10-%D8%B3%D9%86%D9%8A%D9%86-_-%D9%81%D9%8A-%D9%85%D8%A7%D9%8A%D8%A7%D9%86-%D8%A7%D9%84%D8%B4%D8%B1%D9%88%D9%82-_-%D9%85%D8%AF%D9%8A%D9%86%D9%87-%D8%A7%D9%84%D8%B4%D8%B1%D9%88%D9%82-_-%D9%82%D8%B1%D9%8A%D8%A8-%D9%85%D9%86-%D8%A7%D9%84%D9%85%D8%B9%D8%A7%D8%AF%D9%8A-%D9%81%D9%8A%D9%88-_-%D9%85%D8%AF%D9%8A%D9%86%D9%87-%D8%A7%D9%84%D8%B1%D8%AD%D8%A7%D8%A8-_-ready-to-move-ID503754071.html
شقه للبيع بسعر لقطه اقل سعر عاين واستلم وحدتك جاهزه علي المفتاح متشطبه بالكامل Ultra super lux بفيو علي واجهتين دقايق من التجمع الخامس والAuc,3900000,2,2,131,https://www.dubizzle.com.eg/ad/%D8%B4%D9%82%D9%87-%D9%84%D9%84%D8%A8%D9%8A%D8%B9-%D8%A8%D8%B3%D8%B9%D8%B1-%D9%84%D9%82%D8%B7%D9%87-%D8%A7%D9%82%D9%84-%D8%B3%D8%B9%D8%B1-%D8%B9%D8%A7%D9%8A%D9%86-%D9%88%D8%A7%D8%B3%D8%AA%D9%84%D9%85-%D9%88%D8%AD%D8%AF%D8%AA%D9%83-%D8%AC%D8%A7%D9%87%D8%B2%D9%87-%D8%B9%D9%84%D9%8A-%D8%A7%D9%84%D9%85%D9%81%D8%AA%D8%A7%D8%AD-%D9%85%D8%AA%D8%B4%D8%B7%D8%A8%D9%87-%D8%A8%D8%A7%D9%84%D9%83%D8%A7%D9%85%D9%84-ultra-super-lux-%D8%A8%D9%81%D9%8A%D9%88-%D8%B9%D9%84%D9%8A-%D9%88%D8%A7%D8%AC%D9%87%D8%AA%D9%8A%D9%86-%D8%AF%D9%82%D8%A7%D9%8A%D9%82-%D9%85%D9%86-%D8%A7%D9%84%D8%AA%D8%AC%D9%85%D8%B9-%D8%A7%D9%84%D8%AE%D8%A7%D9%85%D8%B3-%D9%88%D8%A7%D9%84auc-ID503753614.html
"شقه للبيع متشطبه بخصم 24% بالتقسيط على 8 سنين بمقدم 1,000,000 في كمبوند هايد بارك Hyde park new cairo القاهرة الجديدة على شارع التسعين",10000000,2,2,145,https://www.dubizzle.com.eg/ad/%D8%B4%D9%82%D9%87-%D9%84%D9%84%D8%A8%D9%8A%D8%B9-%D9%85%D8%AA%D8%B4%D8%B7%D8%A8%D9%87-%D8%A8%D8%AE%D8%B5%D9%85-24-%D8%A8%D8%A7%D9%84%D8%AA%D9%82%D8%B3%D9%8A%D8%B7-%D8%B9%D9%84%D9%89-8-%D8%B3%D9%86%D9%8A%D9%86-%D8%A8%D9%85%D9%82%D8%AF%D9%85-1000000-%D9%81%D9%8A-%D9%83%D9%85%D8%A8%D9%88%D9%86%D8%AF-%D9%87%D8%A7%D9%8A%D8%AF-%D8%A8%D8%A7%D8%B1%D9%83-hyde-park-new-cairo-%D8%A7%D9%84%D9%82%D8%A7%D9%87%D8%B1%D8%A9-%D8%A7%D9%84%D8%AC%D8%AF%D9%8A%D8%AF%D8%A9-%D8%B9%D9%84%D9%89-%D8%B4%D8%A7%D8%B1%D8%B9-%D8%A7%D9%84%D8%AA%D8%B3%D8%B9%D9%8A%D9%86-ID503741477.html
شقه 150م استلام فوري للبيع جاهزه للمعاينه في كمبوند المعادي فيو في الشروق خصم الكاش 35% التقسيط علي 7 سنين بجوار اكاديميه الشروق || maadi v,4900000,3,2,150,https://www.dubizzle.com.eg/ad/%D8%B4%D9%82%D9%87-150%D9%85-%D8%A7%D8%B3%D8%AA%D9%84%D8%A7%D9%85-%D9%81%D9%88%D8%B1%D9%8A-%D9%84%D9%84%D8%A8%D9%8A%D8%B9-%D8%AC%D8%A7%D9%87%D8%B2%D9%87-%D9%84%D9%84%D9%85%D8%B9%D8%A7%D9%8A%D9%86%D9%87-%D9%81%D9%8A-%D9%83%D9%85%D8%A8%D9%88%D9%86%D8%AF-%D8%A7%D9%84%D9%85%D8%B9%D8%A7%D8%AF%D9%8A-%D9%81%D9%8A%D9%88-%D9%81%D9%8A-%D8%A7%D9%84%D8%B4%D8%B1%D9%88%D9%82-%D8%AE%D8%B5%D9%85-%D8%A7%D9%84%D9%83%D8%A7%D8%B4-35-%D8%A7%D9%84%D8%AA%D9%82%D8%B3%D9%8A%D8%B7-%D8%B9%D9%84%D9%8A-7-%D8%B3%D9%86%D9%8A%D9%86-%D8%A8%D8%AC%D9%88%D8%A7%D8%B1-%D8%A7%D9%83%D8%A7%D8%AF%D9%8A%D9%85%D9%8A%D9%87-%D8%A7%D9%84%D8%B4%D8%B1%D9%88%D9%82-maadi-v-ID503440349.html
شقه للبيع في سيدي بشر 135م,2700000,3,2,135,https://www.dubizzle.com.eg/ad/%D8%B4%D9%82%D9%87-%D9%84%D9%84%D8%A8%D9%8A%D8%B9-%D9%81%D9%8A-%D8%B3%D9%8A%D8%AF%D9%8A-%D8%A8%D8%B4%D8%B1-135%D9%85-ID503902225.html
شقه للبيع متشطبه سوبر لوكس بالفرش تشطيب فندقي استلام فوري في كمبوند امورادا في التجمع الخامس بجراج خاص و بالتقسيط بدون فوايد,11500000,3,3,200,https://www.dubizzle.com.eg/ad/%D8%B4%D9%82%D9%87-%D9%84%D9%84%D8%A8%D9%8A%D8%B9-%D9%85%D8%AA%D8%B4%D8%B7%D8%A8%D9%87-%D8%B3%D9%88%D8%A8%D8%B1-%D9%84%D9%88%D9%83%D8%B3-%D8%A8%D8%A7%D9%84%D9%81%D8%B1%D8%B4-%D8%AA%D8%B4%D8%B7%D9%8A%D8%A8-%D9%81%D9%86%D8%AF%D9%82%D9%8A-%D8%A7%D8%B3%D8%AA%D9%84%D8%A7%D9%85-%D9%81%D9%88%D8%B1%D9%8A-%D9%81%D9%8A-%D9%83%D9%85%D8%A8%D9%88%D9%86%D8%AF-%D8%A7%D9%85%D9%88%D8%B1%D8%A7%D8%AF%D8%A7-%D9%81%D9%8A-%D8%A7%D9%84%D8%AA%D8%AC%D9%85%D8%B9-%D8%A7%D9%84%D8%AE%D8%A7%D9%85%D8%B3-%D8%A8%D8%AC%D8%B1%D8%A7%D8%AC-%D8%AE%D8%A7%D8%B5-%D9%88-%D8%A8%D8%A7%D9%84%D8%AA%D9%82%D8%B3%D9%8A%D8%B7-%D8%A8%D8%AF%D9%88%D9%86-%D9%81%D9%88%D8%A7%D9%8A%D8%AF-ID503891812.html
شقة للبيع 109 م سموحة الجديده (اليكس ستارت ),3300000,2,1,109,https://www.dubizzle.com.eg/ad/%D8%B4%D9%82%D8%A9-%D9%84%D9%84%D8%A8%D9%8A%D8%B9-109-%D9%85-%D8%B3%D9%85%D9%88%D8%AD%D8%A9-%D8%A7%D9%84%D8%AC%D8%AF%D9%8A%D8%AF%D9%87-%D8%A7%D9%84%D9%8A%D9%83%D8%B3-%D8%B3%D8%AA%D8%A7%D8%B1%D8%AA-ID503584933.html
"امتلك شقة 169 م² في Layal Residence بقسط يبدأ من 34,286 جنيه شهريًا!",5211562,4,3,169,https://www.dubizzle.com.eg/ad/%D8%A7%D9%85%D8%AA%D9%84%D9%83-%D8%B4%D9%82%D8%A9-169-%D9%852-%D9%81%D9%8A-layal-residence-%D8%A8%D9%82%D8%B3%D8%B7-%D9%8A%D8%A8%D8%AF%D8%A3-%D9%85%D9%86-34286-%D8%AC%D9%86%D9%8A%D9%87-%D8%B4%D9%87%D8%B1%D9%8A%D8%A7-ID503900443.html
دوبلكس استلام فوري في البروج بجوار المركز الطبي العالمي مباشرة,11000000,4,4,270,https://www.dubizzle.com.eg/ad/%D8%AF%D9%88%D8%A8%D9%84%D9%83%D8%B3-%D8%A7%D8%B3%D8%AA%D9%84%D8%A7%D9%85-%D9%81%D9%88%D8%B1%D9%8A-%D9%81%D9%8A-%D8%A7%D9%84%D8%A8%D8%B1%D9%88%D8%AC-%D8%A8%D8%AC%D9%88%D8%A7%D8%B1-%D8%A7%D9%84%D9%85%D8%B1%D9%83%D8%B2-%D8%A7%D9%84%D8%B7%D8%A8%D9%8A-%D8%A7%D9%84%D8%B9%D8%A7%D9%84%D9%85%D9%8A-%D9%85%D8%A8%D8%A7%D8%B4%D8%B1%D8%A9-ID503893642.html
بنتهاوس للبيع في كمبوند فيفث سكويرالمراسم استلام فوري بالتكييفات,11034000,3,3,167,https://www.dubizzle.com.eg/ad/%D8%A8%D9%86%D8%AA%D9%87%D8%A7%D9%88%D8%B3-%D9%84%D9%84%D8%A8%D9%8A%D8%B9-%D9%81%D9%8A-%D9%83%D9%85%D8%A8%D9%88%D9%86%D8%AF-%D9%81%D9%8A%D9%81%D8%AB-%D8%B3%D9%83%D9%88%D9%8A%D8%B1%D8%A7%D9%84%D9%85%D8%B1%D8%A7%D8%B3%D9%85-%D8%A7%D8%B3%D8%AA%D9%84%D8%A7%D9%85-%D9%81%D9%88%D8%B1%D9%8A-%D8%A8%D8%A7%D9%84%D8%AA%D9%83%D9%8A%D9%8A%D9%81%D8%A7%D8%AA-ID503897531.html
شقة ساحلية فوري للبيع بالعلمين near  ابراج ذا جيت نورث ايدج ومارينا 5 تشطيب الترا لوكس استلام فوري عالمفتاح,9000000,2,1,140,https://www.dubizzle.com.eg/ad/%D8%B4%D9%82%D8%A9-%D8%B3%D8%A7%D8%AD%D9%84%D9%8A%D8%A9-%D9%81%D9%88%D8%B1%D9%8A-%D9%84%D9%84%D8%A8%D9%8A%D8%B9-%D8%A8%D8%A7%D9%84%D8%B9%D9%84%D9%85%D9%8A%D9%86-near-%D8%A7%D8%A8%D8%B1%D8%A7%D8%AC-%D8%B0%D8%A7-%D8%AC%D9%8A%D8%AA-%D9%86%D9%88%D8%B1%D8%AB-%D8%A7%D9%8A%D8%AF%D8%AC-%D9%88%D9%85%D8%A7%D8%B1%D9%8A%D9%86%D8%A7-5-%D8%AA%D8%B4%D8%B7%D9%8A%D8%A8-%D8%A7%D9%84%D8%AA%D8%B1%D8%A7-%D9%84%D9%88%D9%83%D8%B3-%D8%A7%D8%B3%D8%AA%D9%84%D8%A7%D9%85-%D9%81%D9%88%D8%B1%D9%8A-%D8%B9%D8%A7%D9%84%D9%85%D9%81%D8%AA%D8%A7%D8%AD-ID503851154.html
شقة دور أول للبيع 129م2  تشطيب كامل و إطلالة مفتوحة  بدون مقدم و نظام أقساط مؤجلة  في سوديك إيستفيل هليوبليس الجديدة,15493000,2,2,129,https://www.dubizzle.com.eg/ad/%D8%B4%D9%82%D8%A9-%D8%AF%D9%88%D8%B1-%D8%A3%D9%88%D9%84-%D9%84%D9%84%D8%A8%D9%8A%D8%B9-129%D9%852-%D8%AA%D8%B4%D8%B7%D9%8A%D8%A8-%D9%83%D8%A7%D9%85%D9%84-%D9%88-%D8%A5%D8%B7%D9%84%D8%A7%D9%84%D8%A9-%D9%85%D9%81%D8%AA%D9%88%D8%AD%D8%A9-%D8%A8%D8%AF%D9%88%D9%86-%D9%85%D9%82%D8%AF%D9%85-%D9%88-%D9%86%D8%B8%D8%A7%D9%85-%D8%A3%D9%82%D8%B3%D8%A7%D8%B7-%D9%85%D8%A4%D8%AC%D9%84%D8%A9-%D9%81%D9%8A-%D8%B3%D9%88%D8%AF%D9%8A%D9%83-%D8%A5%D9%8A%D8%B3%D8%AA%D9%81%D9%8A%D9%84-%D9%87%D9%84%D9%8A%D9%88%D8%A8%D9%84%D9%8A%D8%B3-%D8%A7%D9%84%D8%AC%D8%AF%D9%8A%D8%AF%D8%A9-ID503824713.html
شقة للبيع موقع متميز استلام فوري 10% مقدم و الباقي تقسيط في كريك تاون القاهرة الجديدة  by Il Cazar,12375000,3,3,165,https://www.dubizzle.com.eg/ad/%D8%B4%D9%82%D8%A9-%D9%84%D9%84%D8%A8%D9%8A%D8%B9-%D9%85%D9%88%D9%82%D8%B9-%D9%85%D8%AA%D9%85%D9%8A%D8%B2-%D8%A7%D8%B3%D8%AA%D9%84%D8%A7%D9%85-%D9%81%D9%88%D8%B1%D9%8A-10-%D9%85%D9%82%D8%AF%D9%85-%D9%88-%D8%A7%D9%84%D8%A8%D8%A7%D9%82%D9%8A-%D8%AA%D9%82%D8%B3%D9%8A%D8%B7-%D9%81%D9%8A-%D9%83%D8%B1%D9%8A%D9%83-%D8%AA%D8%A7%D9%88%D9%86-%D8%A7%D9%84%D9%82%D8%A7%D9%87%D8%B1%D8%A9-%D8%A7%D9%84%D8%AC%D8%AF%D9%8A%D8%AF%D8%A9-by-il-cazar-ID503851184.html
شقة متشطبة  استلام فورى فى اليجريا بيفرلى هيلز سوديك,8000000,4,4,205,https://www.dubizzle.com.eg/ad/%D8%B4%D9%82%D8%A9-%D9%85%D8%AA%D8%B4%D8%B7%D8%A8%D8%A9-%D8%A7%D8%B3%D8%AA%D9%84%D8%A7%D9%85-%D9%81%D9%88%D8%B1%D9%89-%D9%81%D9%89-%D8%A7%D9%84%D9%8A%D8%AC%D8%B1%D9%8A%D8%A7-%D8%A8%D9%8A%D9%81%D8%B1%D9%84%D9%89-%D9%87%D9%8A%D9%84%D8%B2-%D8%B3%D9%88%D8%AF%D9%8A%D9%83-ID503900594.html
لقطة كاش بأرخص سعر استثماري في مدينتي B6 خطوات من الساوث بارك,4250000,2,1,89,https://www.dubizzle.com.eg/ad/%D9%84%D9%82%D8%B7%D8%A9-%D9%83%D8%A7%D8%B4-%D8%A8%D8%A3%D8%B1%D8%AE%D8%B5-%D8%B3%D8%B9%D8%B1-%D8%A7%D8%B3%D8%AA%D8%AB%D9%85%D8%A7%D8%B1%D9%8A-%D9%81%D9%8A-%D9%85%D8%AF%D9%8A%D9%86%D8%AA%D9%8A-b6-%D8%AE%D8%B7%D9%88%D8%A7%D8%AA-%D9%85%D9%86-%D8%A7%D9%84%D8%B3%D8%A7%D9%88%D8%AB-%D8%A8%D8%A7%D8%B1%D9%83-ID503880694.html
شقة تشطيب كامل بالجولدن سكوير للبيع موقع مميز باخر رخصة جولف اقساط حتى ٨ سنوات بخصم 10٪؜ Golden Square,8550000,2,2,107,https://www.dubizzle.com.eg/ad/%D8%B4%D9%82%D8%A9-%D8%AA%D8%B4%D8%B7%D9%8A%D8%A8-%D9%83%D8%A7%D9%85%D9%84-%D8%A8%D8%A7%D9%84%D8%AC%D9%88%D9%84%D8%AF%D9%86-%D8%B3%D9%83%D9%88%D9%8A%D8%B1-%D9%84%D9%84%D8%A8%D9%8A%D8%B9-%D9%85%D9%88%D9%82%D8%B9-%D9%85%D9%85%D9%8A%D8%B2-%D8%A8%D8%A7%D8%AE%D8%B1-%D8%B1%D8%AE%D8%B5%D8%A9-%D8%AC%D9%88%D9%84%D9%81-%D8%A7%D9%82%D8%B3%D8%A7%D8%B7-%D8%AD%D8%AA%D9%89-%D9%A8-%D8%B3%D9%86%D9%88%D8%A7%D8%AA-%D8%A8%D8%AE%D8%B5%D9%85-10-golden-square-ID503506730.html
"شقه ١٢٤م غرفتين تشطيب كامل في سيتي جيت. إطلالة مميزة، مقدم ٥٪ وأقساط حتى ١٠ سنوات City Gate",14000000,2,2,124,https://www.dubizzle.com.eg/ad/%D8%B4%D9%82%D9%87-%D9%A1%D9%A2%D9%A4%D9%85-%D8%BA%D8%B1%D9%81%D8%AA%D9%8A%D9%86-%D8%AA%D8%B4%D8%B7%D9%8A%D8%A8-%D9%83%D8%A7%D9%85%D9%84-%D9%81%D9%8A-%D8%B3%D9%8A%D8%AA%D9%8A-%D8%AC%D9%8A%D8%AA-%D8%A5%D8%B7%D9%84%D8%A7%D9%84%D8%A9-%D9%85%D9%85%D9%8A%D8%B2%D8%A9-%D9%85%D9%82%D8%AF%D9%85-%D9%A5-%D9%88%D8%A3%D9%82%D8%B3%D8%A7%D8%B7-%D8%AD%D8%AA%D9%89-%D9%A1%D9%A0-%D8%B3%D9%86%D9%88%D8%A7%D8%AA-city-gate-ID503506100.html
شقه للبيع  في ارقي كمبوند في التجمع السادس  بجوارالكازار بخصم مميز و اقساط تصل الي 10 سنوات - علي بعد دقائق من الجامعه الامريكيه Jiwar,4200000,2,2,102,https://www.dubizzle.com.eg/ad/%D8%B4%D9%82%D9%87-%D9%84%D9%84%D8%A8%D9%8A%D8%B9-%D9%81%D9%8A-%D8%A7%D8%B1%D9%82%D9%8A-%D9%83%D9%85%D8%A8%D9%88%D9%86%D8%AF-%D9%81%D9%8A-%D8%A7%D9%84%D8%AA%D8%AC%D9%85%D8%B9-%D8%A7%D9%84%D8%B3%D8%A7%D8%AF%D8%B3-%D8%A8%D8%AC%D9%88%D8%A7%D8%B1%D8%A7%D9%84%D9%83%D8%A7%D8%B2%D8%A7%D8%B1-%D8%A8%D8%AE%D8%B5%D9%85-%D9%85%D9%85%D9%8A%D8%B2-%D9%88-%D8%A7%D9%82%D8%B3%D8%A7%D8%B7-%D8%AA%D8%B5%D9%84-%D8%A7%D9%84%D9%8A-10-%D8%B3%D9%86%D9%88%D8%A7%D8%AA-%D8%B9%D9%84%D9%8A-%D8%A8%D8%B9%D8%AF-%D8%AF%D9%82%D8%A7%D8%A6%D9%82-%D9%85%D9%86-%D8%A7%D9%84%D8%AC%D8%A7%D9%85%D8%B9%D9%87-%D8%A7%D9%84%D8%A7%D9%85%D8%B1%D9%8A%D9%83%D9%8A%D9%87-jiwar-ID503729913.html
شقه للبيع 3 غرف بجاردن  في ارقي كمبوند في التجمع السادس  بجوارالكازار و اقساط تصل الي 10 سنوات - علي بعد دقائق من الجامعه الامريكيه Jiwar,6100000,3,2,138,https://www.dubizzle.com.eg/ad/%D8%B4%D9%82%D9%87-%D9%84%D9%84%D8%A8%D9%8A%D8%B9-3-%D8%BA%D8%B1%D9%81-%D8%A8%D8%AC%D8%A7%D8%B1%D8%AF%D9%86-%D9%81%D9%8A-%D8%A7%D8%B1%D9%82%D9%8A-%D9%83%D9%85%D8%A8%D9%88%D9%86%D8%AF-%D9%81%D9%8A-%D8%A7%D9%84%D8%AA%D8%AC%D9%85%D8%B9-%D8%A7%D9%84%D8%B3%D8%A7%D8%AF%D8%B3-%D8%A8%D8%AC%D9%88%D8%A7%D8%B1%D8%A7%D9%84%D9%83%D8%A7%D8%B2%D8%A7%D8%B1-%D9%88-%D8%A7%D9%82%D8%B3%D8%A7%D8%B7-%D8%AA%D8%B5%D9%84-%D8%A7%D9%84%D9%8A-10-%D8%B3%D9%86%D9%88%D8%A7%D8%AA-%D8%B9%D9%84%D9%8A-%D8%A8%D8%B9%D8%AF-%D8%AF%D9%82%D8%A7%D8%A6%D9%82-%D9%85%D9%86-%D8%A7%D9%84%D8%AC%D8%A7%D9%85%D8%B9%D9%87-%D8%A7%D9%84%D8%A7%D9%85%D8%B1%D9%8A%D9%83%D9%8A%D9%87-jiwar-ID503729915.html
شقة للبيع ٢٠٠ متر غرب سوميد  فيو بحري مفتوح 6 اكتوبر من المالك مباشرة بسعر لن يتكرر نصف تشطيب استلام فوري بجوار مجمع البنوك قريبه جدا من المحور,5500000,3,3,200,https://www.dubizzle.com.eg/ad/%D8%B4%D9%82%D8%A9-%D9%84%D9%84%D8%A8%D9%8A%D8%B9-%D9%A2%D9%A0%D9%A0-%D9%85%D8%AA%D8%B1-%D8%BA%D8%B1%D8%A8-%D8%B3%D9%88%D9%85%D9%8A%D8%AF-%D9%81%D9%8A%D9%88-%D8%A8%D8%AD%D8%B1%D9%8A-%D9%85%D9%81%D8%AA%D9%88%D8%AD-6-%D8%A7%D9%83%D8%AA%D9%88%D8%A8%D8%B1-%D9%85%D9%86-%D8%A7%D9%84%D9%85%D8%A7%D9%84%D9%83-%D9%85%D8%A8%D8%A7%D8%B4%D8%B1%D8%A9-%D8%A8%D8%B3%D8%B9%D8%B1-%D9%84%D9%86-%D9%8A%D8%AA%D9%83%D8%B1%D8%B1-%D9%86%D8%B5%D9%81-%D8%AA%D8%B4%D8%B7%D9%8A%D8%A8-%D8%A7%D8%B3%D8%AA%D9%84%D8%A7%D9%85-%D9%81%D9%88%D8%B1%D9%8A-%D8%A8%D8%AC%D9%88%D8%A7%D8%B1-%D9%85%D8%AC%D9%85%D8%B9-%D8%A7%D9%84%D8%A8%D9%86%D9%88%D9%83-%D9%82%D8%B1%D9%8A%D8%A8%D9%87-%D8%AC%D8%AF%D8%A7-%D9%85%D9%86-%D8%A7%D9%84%D9%85%D8%AD%D9%88%D8%B1-ID503769210.html
شقه للبيع  3 غرف في كمبوند ذا كريست في قلب التجمع الخامس بخصم كاش 28 % مع اقوي مطور عقاري الكازار - متاح اقساط علي 10 سنوات  The Crest - New Cairo,6200000,3,2,140,https://www.dubizzle.com.eg/ad/%D8%B4%D9%82%D9%87-%D9%84%D9%84%D8%A8%D9%8A%D8%B9-3-%D8%BA%D8%B1%D9%81-%D9%81%D9%8A-%D9%83%D9%85%D8%A8%D9%88%D9%86%D8%AF-%D8%B0%D8%A7-%D9%83%D8%B1%D9%8A%D8%B3%D8%AA-%D9%81%D9%8A-%D9%82%D9%84%D8%A8-%D8%A7%D9%84%D8%AA%D8%AC%D9%85%D8%B9-%D8%A7%D9%84%D8%AE%D8%A7%D9%85%D8%B3-%D8%A8%D8%AE%D8%B5%D9%85-%D9%83%D8%A7%D8%B4-28-%D9%85%D8%B9-%D8%A7%D9%82%D9%88%D9%8A-%D9%85%D8%B7%D9%88%D8%B1-%D8%B9%D9%82%D8%A7%D8%B1%D9%8A-%D8%A7%D9%84%D9%83%D8%A7%D8%B2%D8%A7%D8%B1-%D9%85%D8%AA%D8%A7%D8%AD-%D8%A7%D9%82%D8%B3%D8%A7%D8%B7-%D8%B9%D9%84%D9%8A-10-%D8%B3%D9%86%D9%88%D8%A7%D8%AA-the-crest-new-cairo-ID503589569.html
شقه للبيع في قلب العاصمه الاداريه في R5  بتشطيب كامل بالتكيفات  في نيو جاردن سيتي بمقدم 5%  - متاح اقساط علي 15 سنه  New Garden City,4500000,2,2,120,https://www.dubizzle.com.eg/ad/%D8%B4%D9%82%D9%87-%D9%84%D9%84%D8%A8%D9%8A%D8%B9-%D9%81%D9%8A-%D9%82%D9%84%D8%A8-%D8%A7%D9%84%D8%B9%D8%A7%D8%B5%D9%85%D9%87-%D8%A7%D9%84%D8%A7%D8%AF%D8%A7%D8%B1%D9%8A%D9%87-%D9%81%D9%8A-r5-%D8%A8%D8%AA%D8%B4%D8%B7%D9%8A%D8%A8-%D9%83%D8%A7%D9%85%D9%84-%D8%A8%D8%A7%D9%84%D8%AA%D9%83%D9%8A%D9%81%D8%A7%D8%AA-%D9%81%D9%8A-%D9%86%D9%8A%D9%88-%D8%AC%D8%A7%D8%B1%D8%AF%D9%86-%D8%B3%D9%8A%D8%AA%D9%8A-%D8%A8%D9%85%D9%82%D8%AF%D9%85-5-%D9%85%D8%AA%D8%A7%D8%AD-%D8%A7%D9%82%D8%B3%D8%A7%D8%B7-%D8%B9%D9%84%D9%8A-15-%D8%B3%D9%86%D9%87-new-garden-city-ID503588172.html
شقه للبيع 160 متر  استلام فوري في التجمع الخامس بسعر الكاش او ادفع مقدم 5% وقسط في كمبوند ماونتن فيو اي سيتي * Mountain View I City New Cairo *,8200000,3,3,160,https://www.dubizzle.com.eg/ad/%D8%B4%D9%82%D9%87-%D9%84%D9%84%D8%A8%D9%8A%D8%B9-160-%D9%85%D8%AA%D8%B1-%D8%A7%D8%B3%D8%AA%D9%84%D8%A7%D9%85-%D9%81%D9%88%D8%B1%D9%8A-%D9%81%D9%8A-%D8%A7%D9%84%D8%AA%D8%AC%D9%85%D8%B9-%D8%A7%D9%84%D8%AE%D8%A7%D9%85%D8%B3-%D8%A8%D8%B3%D8%B9%D8%B1-%D8%A7%D9%84%D9%83%D8%A7%D8%B4-%D8%A7%D9%88-%D8%A7%D8%AF%D9%81%D8%B9-%D9%85%D9%82%D8%AF%D9%85-5-%D9%88%D9%82%D8%B3%D8%B7-%D9%81%D9%8A-%D9%83%D9%85%D8%A8%D9%88%D9%86%D8%AF-%D9%85%D8%A7%D9%88%D9%86%D8%AA%D9%86-%D9%81%D9%8A%D9%88-%D8%A7%D9%8A-%D8%B3%D9%8A%D8%AA%D9%8A-mountain-view-i-city-new-cairo-ID503587523.html
شقه للبيع استلام فوري بخصم كاش 25% في كمبوند ستون ريزدينس  في قلب التجمع الخامس بفيوعلي  الاند اسكيب  | Stone Residence,6900000,2,2,140,https://www.dubizzle.com.eg/ad/%D8%B4%D9%82%D9%87-%D9%84%D9%84%D8%A8%D9%8A%D8%B9-%D8%A7%D8%B3%D8%AA%D9%84%D8%A7%D9%85-%D9%81%D9%88%D8%B1%D9%8A-%D8%A8%D8%AE%D8%B5%D9%85-%D9%83%D8%A7%D8%B4-25-%D9%81%D9%8A-%D9%83%D9%85%D8%A8%D9%88%D9%86%D8%AF-%D8%B3%D8%AA%D9%88%D9%86-%D8%B1%D9%8A%D8%B2%D8%AF%D9%8A%D9%86%D8%B3-%D9%81%D9%8A-%D9%82%D9%84%D8%A8-%D8%A7%D9%84%D8%AA%D8%AC%D9%85%D8%B9-%D8%A7%D9%84%D8%AE%D8%A7%D9%85%D8%B3-%D8%A8%D9%81%D9%8A%D9%88%D8%B9%D9%84%D9%8A-%D8%A7%D9%84%D8%A7%D9%86%D8%AF-%D8%A7%D8%B3%D9%83%D9%8A%D8%A8-stone-residence-ID503729922.html
شقة للبيع 280 م السياحية شارع عبدالمنعم رياض المتميز نصف تشطيب استلام فوري ناصية فيو فتوح على جاردن خطوات من مول العرب وجامعة مصر بسعر لن يتكرر فرصة,6000000,3,3,280,https://www.dubizzle.com.eg/ad/%D8%B4%D9%82%D8%A9-%D9%84%D9%84%D8%A8%D9%8A%D8%B9-280-%D9%85-%D8%A7%D9%84%D8%B3%D9%8A%D8%A7%D8%AD%D9%8A%D8%A9-%D8%B4%D8%A7%D8%B1%D8%B9-%D8%B9%D8%A8%D8%AF%D8%A7%D9%84%D9%85%D9%86%D8%B9%D9%85-%D8%B1%D9%8A%D8%A7%D8%B6-%D8%A7%D9%84%D9%85%D8%AA%D9%85%D9%8A%D8%B2-%D9%86%D8%B5%D9%81-%D8%AA%D8%B4%D8%B7%D9%8A%D8%A8-%D8%A7%D8%B3%D8%AA%D9%84%D8%A7%D9%85-%D9%81%D9%88%D8%B1%D9%8A-%D9%86%D8%A7%D8%B5%D9%8A%D8%A9-%D9%81%D9%8A%D9%88-%D9%81%D8%AA%D9%88%D8%AD-%D8%B9%D9%84%D9%89-%D8%AC%D8%A7%D8%B1%D8%AF%D9%86-%D8%AE%D8%B7%D9%88%D8%A7%D8%AA-%D9%85%D9%86-%D9%85%D9%88%D9%84-%D8%A7%D9%84%D8%B9%D8%B1%D8%A8-%D9%88%D8%AC%D8%A7%D9%85%D8%B9%D8%A9-%D9%85%D8%B5%D8%B1-%D8%A8%D8%B3%D8%B9%D8%B1-%D9%84%D9%86-%D9%8A%D8%AA%D9%83%D8%B1%D8%B1-%D9%81%D8%B1%D8%B5%D8%A9-ID503699760.html
شقه للبيع بسعر الكاش بالقرب من ميفيدا في كومباوند ريجينتس اسكوير في قلب الجولدن اسكوير في التجمع الخامس | Regent's Square,9000000,3,3,153,https://www.dubizzle.com.eg/ad/%D8%B4%D9%82%D9%87-%D9%84%D9%84%D8%A8%D9%8A%D8%B9-%D8%A8%D8%B3%D8%B9%D8%B1-%D8%A7%D9%84%D9%83%D8%A7%D8%B4-%D8%A8%D8%A7%D9%84%D9%82%D8%B1%D8%A8-%D9%85%D9%86-%D9%85%D9%8A%D9%81%D9%8A%D8%AF%D8%A7-%D9%81%D9%8A-%D9%83%D9%88%D9%85%D8%A8%D8%A7%D9%88%D9%86%D8%AF-%D8%B1%D9%8A%D8%AC%D9%8A%D9%86%D8%AA%D8%B3-%D8%A7%D8%B3%D9%83%D9%88%D9%8A%D8%B1-%D9%81%D9%8A-%D9%82%D9%84%D8%A8-%D8%A7%D9%84%D8%AC%D9%88%D9%84%D8%AF%D9%86-%D8%A7%D8%B3%D9%83%D9%88%D9%8A%D8%B1-%D9%81%D9%8A-%D8%A7%D9%84%D8%AA%D8%AC%D9%85%D8%B9-%D8%A7%D9%84%D8%AE%D8%A7%D9%85%D8%B3-regents-square-ID503338294.html
شقه للبيع بالقرب من ميفيدا في قلب الجولدن اسكوير في التجمع الخامس بخصم كاش 40% في كومباوند ريجينتس اسكوير | Regent's Square,6400000,2,2,108,https://www.dubizzle.com.eg/ad/%D8%B4%D9%82%D9%87-%D9%84%D9%84%D8%A8%D9%8A%D8%B9-%D8%A8%D8%A7%D9%84%D9%82%D8%B1%D8%A8-%D9%85%D9%86-%D9%85%D9%8A%D9%81%D9%8A%D8%AF%D8%A7-%D9%81%D9%8A-%D9%82%D9%84%D8%A8-%D8%A7%D9%84%D8%AC%D9%88%D9%84%D8%AF%D9%86-%D8%A7%D8%B3%D9%83%D9%88%D9%8A%D8%B1-%D9%81%D9%8A-%D8%A7%D9%84%D8%AA%D8%AC%D9%85%D8%B9-%D8%A7%D9%84%D8%AE%D8%A7%D9%85%D8%B3-%D8%A8%D8%AE%D8%B5%D9%85-%D9%83%D8%A7%D8%B4-40-%D9%81%D9%8A-%D9%83%D9%88%D9%85%D8%A8%D8%A7%D9%88%D9%86%D8%AF-%D8%B1%D9%8A%D8%AC%D9%8A%D9%86%D8%AA%D8%B3-%D8%A7%D8%B3%D9%83%D9%88%D9%8A%D8%B1-regents-square-ID503338285.html
شقه للبيع في كمبوند ذا كريست مع الكازار بخصم كاش 35% في التجمع الخامس فقط اواقساط علي اطول فتره سداد | * The Crest * | Il Cazar,6200000,3,2,135,https://www.dubizzle.com.eg/ad/%D8%B4%D9%82%D9%87-%D9%84%D9%84%D8%A8%D9%8A%D8%B9-%D9%81%D9%8A-%D9%83%D9%85%D8%A8%D9%88%D9%86%D8%AF-%D8%B0%D8%A7-%D9%83%D8%B1%D9%8A%D8%B3%D8%AA-%D9%85%D8%B9-%D8%A7%D9%84%D9%83%D8%A7%D8%B2%D8%A7%D8%B1-%D8%A8%D8%AE%D8%B5%D9%85-%D9%83%D8%A7%D8%B4-35-%D9%81%D9%8A-%D8%A7%D9%84%D8%AA%D8%AC%D9%85%D8%B9-%D8%A7%D9%84%D8%AE%D8%A7%D9%85%D8%B3-%D9%81%D9%82%D8%B7-%D8%A7%D9%88%D8%A7%D9%82%D8%B3%D8%A7%D8%B7-%D8%B9%D9%84%D9%8A-%D8%A7%D8%B7%D9%88%D9%84-%D9%81%D8%AA%D8%B1%D9%87-%D8%B3%D8%AF%D8%A7%D8%AF-the-crest-il-cazar-ID503901541.html
شقه للبيع في كمبوند ذا كريست مع الكازار في التجمع الخامس بمقدم 5% فقط واقساط علي اطول فتره سداد | خصم علي الكاش 35%* The Crest * | Il Cazar,5900000,2,2,115,https://www.dubizzle.com.eg/ad/%D8%B4%D9%82%D9%87-%D9%84%D9%84%D8%A8%D9%8A%D8%B9-%D9%81%D9%8A-%D9%83%D9%85%D8%A8%D9%88%D9%86%D8%AF-%D8%B0%D8%A7-%D9%83%D8%B1%D9%8A%D8%B3%D8%AA-%D9%85%D8%B9-%D8%A7%D9%84%D9%83%D8%A7%D8%B2%D8%A7%D8%B1-%D9%81%D9%8A-%D8%A7%D9%84%D8%AA%D8%AC%D9%85%D8%B9-%D8%A7%D9%84%D8%AE%D8%A7%D9%85%D8%B3-%D8%A8%D9%85%D9%82%D8%AF%D9%85-5-%D9%81%D9%82%D8%B7-%D9%88%D8%A7%D9%82%D8%B3%D8%A7%D8%B7-%D8%B9%D9%84%D9%8A-%D8%A7%D8%B7%D9%88%D9%84-%D9%81%D8%AA%D8%B1%D9%87-%D8%B3%D8%AF%D8%A7%D8%AF-%D8%AE%D8%B5%D9%85-%D8%B9%D9%84%D9%8A-%D8%A7%D9%84%D9%83%D8%A7%D8%B4-35-the-crest-il-cazar-ID503894413.html
شقه للبيع 3غرف جاهزه للمعاينه مع بنك الاسكان والتعمير بالتقسيط علي 14سنه وبخصم 25% بجوار اكبر منطقه خدمات بالR8 ومطار العاصمه الدولي,4300000,3,3,184,https://www.dubizzle.com.eg/ad/%D8%B4%D9%82%D9%87-%D9%84%D9%84%D8%A8%D9%8A%D8%B9-3%D8%BA%D8%B1%D9%81-%D8%AC%D8%A7%D9%87%D8%B2%D9%87-%D9%84%D9%84%D9%85%D8%B9%D8%A7%D9%8A%D9%86%D9%87-%D9%85%D8%B9-%D8%A8%D9%86%D9%83-%D8%A7%D9%84%D8%A7%D8%B3%D9%83%D8%A7%D9%86-%D9%88%D8%A7%D9%84%D8%AA%D8%B9%D9%85%D9%8A%D8%B1-%D8%A8%D8%A7%D9%84%D8%AA%D9%82%D8%B3%D9%8A%D8%B7-%D8%B9%D9%84%D9%8A-14%D8%B3%D9%86%D9%87-%D9%88%D8%A8%D8%AE%D8%B5%D9%85-25-%D8%A8%D8%AC%D9%88%D8%A7%D8%B1-%D8%A7%D9%83%D8%A8%D8%B1-%D9%85%D9%86%D8%B7%D9%82%D9%87-%D8%AE%D8%AF%D9%85%D8%A7%D8%AA-%D8%A8%D8%A7%D9%84r8-%D9%88%D9%85%D8%B7%D8%A7%D8%B1-%D8%A7%D9%84%D8%B9%D8%A7%D8%B5%D9%85%D9%87-%D8%A7%D9%84%D8%AF%D9%88%D9%84%D9%8A-ID503900751.html
شقه للبيع بالقرب منطقه الوزارات ومن داون تاون العاصمه بمقدم 5% في بلوفيرت في العاصمه الاداريه واقساط حتي 10 سنوات | Blue Vert,6000000,3,3,140,https://www.dubizzle.com.eg/ad/%D8%B4%D9%82%D9%87-%D9%84%D9%84%D8%A8%D9%8A%D8%B9-%D8%A8%D8%A7%D9%84%D9%82%D8%B1%D8%A8-%D9%85%D9%86%D8%B7%D9%82%D9%87-%D8%A7%D9%84%D9%88%D8%B2%D8%A7%D8%B1%D8%A7%D8%AA-%D9%88%D9%85%D9%86-%D8%AF%D8%A7%D9%88%D9%86-%D8%AA%D8%A7%D9%88%D9%86-%D8%A7%D9%84%D8%B9%D8%A7%D8%B5%D9%85%D9%87-%D8%A8%D9%85%D9%82%D8%AF%D9%85-5-%D9%81%D9%8A-%D8%A8%D9%84%D9%88%D9%81%D9%8A%D8%B1%D8%AA-%D9%81%D9%8A-%D8%A7%D9%84%D8%B9%D8%A7%D8%B5%D9%85%D9%87-%D8%A7%D9%84%D8%A7%D8%AF%D8%A7%D8%B1%D9%8A%D9%87-%D9%88%D8%A7%D9%82%D8%B3%D8%A7%D8%B7-%D8%AD%D8%AA%D9%8A-10-%D8%B3%D9%86%D9%88%D8%A7%D8%AA-blue-vert-ID503893694.html
شقه للبيع بالقرب من داون تاون العاصمه ومنطقه الوزارات بمقدم 5% في بلوفيرت في العاصمه الاداريه واقساط حتي 10 سنوات | Blue Vert,5900000,2,2,139,https://www.dubizzle.com.eg/ad/%D8%B4%D9%82%D9%87-%D9%84%D9%84%D8%A8%D9%8A%D8%B9-%D8%A8%D8%A7%D9%84%D9%82%D8%B1%D8%A8-%D9%85%D9%86-%D8%AF%D8%A7%D9%88%D9%86-%D8%AA%D8%A7%D9%88%D9%86-%D8%A7%D9%84%D8%B9%D8%A7%D8%B5%D9%85%D9%87-%D9%88%D9%85%D9%86%D8%B7%D9%82%D9%87-%D8%A7%D9%84%D9%88%D8%B2%D8%A7%D8%B1%D8%A7%D8%AA-%D8%A8%D9%85%D9%82%D8%AF%D9%85-5-%D9%81%D9%8A-%D8%A8%D9%84%D9%88%D9%81%D9%8A%D8%B1%D8%AA-%D9%81%D9%8A-%D8%A7%D9%84%D8%B9%D8%A7%D8%B5%D9%85%D9%87-%D8%A7%D9%84%D8%A7%D8%AF%D8%A7%D8%B1%D9%8A%D9%87-%D9%88%D8%A7%D9%82%D8%B3%D8%A7%D8%B7-%D8%AD%D8%AA%D9%8A-10-%D8%B3%D9%86%D9%88%D8%A7%D8%AA-blue-vert-ID503893667.html
شقه للبيع في كمبوند هايد بارك في التجمع السادس بالقرب من زيد ايست علي بعد دقائق من لافيستا بسعر الكاش او دفع مقدم 5% واقساط تصل الي 10 سنوات Hyde Park,5700000,2,2,100,https://www.dubizzle.com.eg/ad/%D8%B4%D9%82%D9%87-%D9%84%D9%84%D8%A8%D9%8A%D8%B9-%D9%81%D9%8A-%D9%83%D9%85%D8%A8%D9%88%D9%86%D8%AF-%D9%87%D8%A7%D9%8A%D8%AF-%D8%A8%D8%A7%D8%B1%D9%83-%D9%81%D9%8A-%D8%A7%D9%84%D8%AA%D8%AC%D9%85%D8%B9-%D8%A7%D9%84%D8%B3%D8%A7%D8%AF%D8%B3-%D8%A8%D8%A7%D9%84%D9%82%D8%B1%D8%A8-%D9%85%D9%86-%D8%B2%D9%8A%D8%AF-%D8%A7%D9%8A%D8%B3%D8%AA-%D8%B9%D9%84%D9%8A-%D8%A8%D8%B9%D8%AF-%D8%AF%D9%82%D8%A7%D8%A6%D9%82-%D9%85%D9%86-%D9%84%D8%A7%D9%81%D9%8A%D8%B3%D8%AA%D8%A7-%D8%A8%D8%B3%D8%B9%D8%B1-%D8%A7%D9%84%D9%83%D8%A7%D8%B4-%D8%A7%D9%88-%D8%AF%D9%81%D8%B9-%D9%85%D9%82%D8%AF%D9%85-5-%D9%88%D8%A7%D9%82%D8%B3%D8%A7%D8%B7-%D8%AA%D8%B5%D9%84-%D8%A7%D9%84%D9%8A-10-%D8%B3%D9%86%D9%88%D8%A7%D8%AA-hyde-park-ID503503899.html
شقه للبيع بسعر الكاش في كمبوند هايد بارك في التجمع السادس بالقرب من زيد ايست علي بعد دقائق من لافيستا سنوات Hyde Park Central خصم الكاش | 35%,5900000,2,2,110,https://www.dubizzle.com.eg/ad/%D8%B4%D9%82%D9%87-%D9%84%D9%84%D8%A8%D9%8A%D8%B9-%D8%A8%D8%B3%D8%B9%D8%B1-%D8%A7%D9%84%D9%83%D8%A7%D8%B4-%D9%81%D9%8A-%D9%83%D9%85%D8%A8%D9%88%D9%86%D8%AF-%D9%87%D8%A7%D9%8A%D8%AF-%D8%A8%D8%A7%D8%B1%D9%83-%D9%81%D9%8A-%D8%A7%D9%84%D8%AA%D8%AC%D9%85%D8%B9-%D8%A7%D9%84%D8%B3%D8%A7%D8%AF%D8%B3-%D8%A8%D8%A7%D9%84%D9%82%D8%B1%D8%A8-%D9%85%D9%86-%D8%B2%D9%8A%D8%AF-%D8%A7%D9%8A%D8%B3%D8%AA-%D8%B9%D9%84%D9%8A-%D8%A8%D8%B9%D8%AF-%D8%AF%D9%82%D8%A7%D8%A6%D9%82-%D9%85%D9%86-%D9%84%D8%A7%D9%81%D9%8A%D8%B3%D8%AA%D8%A7-%D8%B3%D9%86%D9%88%D8%A7%D8%AA-hyde-park-central-%D8%AE%D8%B5%D9%85-%D8%A7%D9%84%D9%83%D8%A7%D8%B4-35-ID503504414.html
شقه للبيع في كريك فيو في التجمع الخامس امام هايد بارك بسعر الكاش او بمقدم 5% فقط واقساط علي اطول فتره سداد | مع ماونتن فيو | Creek View |Mountain view,5500000,2,2,120,https://www.dubizzle.com.eg/ad/%D8%B4%D9%82%D9%87-%D9%84%D9%84%D8%A8%D9%8A%D8%B9-%D9%81%D9%8A-%D9%83%D8%B1%D9%8A%D9%83-%D9%81%D9%8A%D9%88-%D9%81%D9%8A-%D8%A7%D9%84%D8%AA%D8%AC%D9%85%D8%B9-%D8%A7%D9%84%D8%AE%D8%A7%D9%85%D8%B3-%D8%A7%D9%85%D8%A7%D9%85-%D9%87%D8%A7%D9%8A%D8%AF-%D8%A8%D8%A7%D8%B1%D9%83-%D8%A8%D8%B3%D8%B9%D8%B1-%D8%A7%D9%84%D9%83%D8%A7%D8%B4-%D8%A7%D9%88-%D8%A8%D9%85%D9%82%D8%AF%D9%85-5-%D9%81%D9%82%D8%B7-%D9%88%D8%A7%D9%82%D8%B3%D8%A7%D8%B7-%D8%B9%D9%84%D9%8A-%D8%A7%D8%B7%D9%88%D9%84-%D9%81%D8%AA%D8%B1%D9%87-%D8%B3%D8%AF%D8%A7%D8%AF-%D9%85%D8%B9-%D9%85%D8%A7%D9%88%D9%86%D8%AA%D9%86-%D9%81%D9%8A%D9%88-creek-view-mountain-view-ID503656135.html
شقه للبيع امام هايد بارك في كريك فيو في التجمع الخامس بسعر الكاش او بمقدم 5% فقط واقساط علي اطول فتره سداد | مع ماونتن فيو | Creek View |Mountain view,5600000,2,2,125,https://www.dubizzle.com.eg/ad/%D8%B4%D9%82%D9%87-%D9%84%D9%84%D8%A8%D9%8A%D8%B9-%D8%A7%D9%85%D8%A7%D9%85-%D9%87%D8%A7%D9%8A%D8%AF-%D8%A8%D8%A7%D8%B1%D9%83-%D9%81%D9%8A-%D9%83%D8%B1%D9%8A%D9%83-%D9%81%D9%8A%D9%88-%D9%81%D9%8A-%D8%A7%D9%84%D8%AA%D8%AC%D9%85%D8%B9-%D8%A7%D9%84%D8%AE%D8%A7%D9%85%D8%B3-%D8%A8%D8%B3%D8%B9%D8%B1-%D8%A7%D9%84%D9%83%D8%A7%D8%B4-%D8%A7%D9%88-%D8%A8%D9%85%D9%82%D8%AF%D9%85-5-%D9%81%D9%82%D8%B7-%D9%88%D8%A7%D9%82%D8%B3%D8%A7%D8%B7-%D8%B9%D9%84%D9%8A-%D8%A7%D8%B7%D9%88%D9%84-%D9%81%D8%AA%D8%B1%D9%87-%D8%B3%D8%AF%D8%A7%D8%AF-%D9%85%D8%B9-%D9%85%D8%A7%D9%88%D9%86%D8%AA%D9%86-%D9%81%D9%8A%D9%88-creek-view-mountain-view-ID503656201.html
شقه للبيع بخصم كاش 20% في كمبوند باتيو اورو في قلب التجمع الخامس مع لافيستا | Patio Ora | La Vista,12400000,3,3,164,https://www.dubizzle.com.eg/ad/%D8%B4%D9%82%D9%87-%D9%84%D9%84%D8%A8%D9%8A%D8%B9-%D8%A8%D8%AE%D8%B5%D9%85-%D9%83%D8%A7%D8%B4-20-%D9%81%D9%8A-%D9%83%D9%85%D8%A8%D9%88%D9%86%D8%AF-%D8%A8%D8%A7%D8%AA%D9%8A%D9%88-%D8%A7%D9%88%D8%B1%D9%88-%D9%81%D9%8A-%D9%82%D9%84%D8%A8-%D8%A7%D9%84%D8%AA%D8%AC%D9%85%D8%B9-%D8%A7%D9%84%D8%AE%D8%A7%D9%85%D8%B3-%D9%85%D8%B9-%D9%84%D8%A7%D9%81%D9%8A%D8%B3%D8%AA%D8%A7-patio-ora-la-vista-ID503605172.html
لاول مره في العاصمه امتلك دوبلكس 4غرف بسعر شقه برايم لوكيشين بجوار المطار ودقايق من النهر الاخضر بالتقسيط علي 12 سنه,5550000,4,4,180,https://www.dubizzle.com.eg/ad/%D9%84%D8%A7%D9%88%D9%84-%D9%85%D8%B1%D9%87-%D9%81%D9%8A-%D8%A7%D9%84%D8%B9%D8%A7%D8%B5%D9%85%D9%87-%D8%A7%D9%85%D8%AA%D9%84%D9%83-%D8%AF%D9%88%D8%A8%D9%84%D9%83%D8%B3-4%D8%BA%D8%B1%D9%81-%D8%A8%D8%B3%D8%B9%D8%B1-%D8%B4%D9%82%D9%87-%D8%A8%D8%B1%D8%A7%D9%8A%D9%85-%D9%84%D9%88%D9%83%D9%8A%D8%B4%D9%8A%D9%86-%D8%A8%D8%AC%D9%88%D8%A7%D8%B1-%D8%A7%D9%84%D9%85%D8%B7%D8%A7%D8%B1-%D9%88%D8%AF%D9%82%D8%A7%D9%8A%D9%82-%D9%85%D9%86-%D8%A7%D9%84%D9%86%D9%87%D8%B1-%D8%A7%D9%84%D8%A7%D8%AE%D8%B6%D8%B1-%D8%A8%D8%A7%D9%84%D8%AA%D9%82%D8%B3%D9%8A%D8%B7-%D8%B9%D9%84%D9%8A-12-%D8%B3%D9%86%D9%87-ID503900119.html
شقه للبيع 150متر جاهزه للمعاينه الان مع بنك الاسكان والتعمير في برايم لوكيشين بجوار اكبر منطقه خدمات بالR8 ومطار العاصمه بالتقسيط علي 14سنه بخصم 25%,3600000,3,3,150,https://www.dubizzle.com.eg/ad/%D8%B4%D9%82%D9%87-%D9%84%D9%84%D8%A8%D9%8A%D8%B9-150%D9%85%D8%AA%D8%B1-%D8%AC%D8%A7%D9%87%D8%B2%D9%87-%D9%84%D9%84%D9%85%D8%B9%D8%A7%D9%8A%D9%86%D9%87-%D8%A7%D9%84%D8%A7%D9%86-%D9%85%D8%B9-%D8%A8%D9%86%D9%83-%D8%A7%D9%84%D8%A7%D8%B3%D9%83%D8%A7%D9%86-%D9%88%D8%A7%D9%84%D8%AA%D8%B9%D9%85%D9%8A%D8%B1-%D9%81%D9%8A-%D8%A8%D8%B1%D8%A7%D9%8A%D9%85-%D9%84%D9%88%D9%83%D9%8A%D8%B4%D9%8A%D9%86-%D8%A8%D8%AC%D9%88%D8%A7%D8%B1-%D8%A7%D9%83%D8%A8%D8%B1-%D9%85%D9%86%D8%B7%D9%82%D9%87-%D8%AE%D8%AF%D9%85%D8%A7%D8%AA-%D8%A8%D8%A7%D9%84r8-%D9%88%D9%85%D8%B7%D8%A7%D8%B1-%D8%A7%D9%84%D8%B9%D8%A7%D8%B5%D9%85%D9%87-%D8%A8%D8%A7%D9%84%D8%AA%D9%82%D8%B3%D9%8A%D8%B7-%D8%B9%D9%84%D9%8A-14%D8%B3%D9%86%D9%87-%D8%A8%D8%AE%D8%B5%D9%85-25-ID503899972.html
"اخر شقه 2 نوم علي اللاجون مباشره في Layal بمقدم 87,000 بالتقسيط علي 12سنه بجوار اكبر منطقه خدمات باR8",3500000,2,2,110,https://www.dubizzle.com.eg/ad/%D8%A7%D8%AE%D8%B1-%D8%B4%D9%82%D9%87-2-%D9%86%D9%88%D9%85-%D8%B9%D9%84%D9%8A-%D8%A7%D9%84%D9%84%D8%A7%D8%AC%D9%88%D9%86-%D9%85%D8%A8%D8%A7%D8%B4%D8%B1%D9%87-%D9%81%D9%8A-layal-%D8%A8%D9%85%D9%82%D8%AF%D9%85-87000-%D8%A8%D8%A7%D9%84%D8%AA%D9%82%D8%B3%D9%8A%D8%B7-%D8%B9%D9%84%D9%8A-12%D8%B3%D9%86%D9%87-%D8%A8%D8%AC%D9%88%D8%A7%D8%B1-%D8%A7%D9%83%D8%A8%D8%B1-%D9%85%D9%86%D8%B7%D9%82%D9%87-%D8%AE%D8%AF%D9%85%D8%A7%D8%AA-%D8%A8%D8%A7r8-ID503897743.html
بنتهاوس للبيع في ليك فيو رزيدانس 2 التجمع الخامس موقع متميز و اقل من سعر السوق بمقدم و اقساط Lakeview Residence 2,19287000,3,3,250,https://www.dubizzle.com.eg/ad/%D8%A8%D9%86%D8%AA%D9%87%D8%A7%D9%88%D8%B3-%D9%84%D9%84%D8%A8%D9%8A%D8%B9-%D9%81%D9%8A-%D9%84%D9%8A%D9%83-%D9%81%D9%8A%D9%88-%D8%B1%D8%B2%D9%8A%D8%AF%D8%A7%D9%86%D8%B3-2-%D8%A7%D9%84%D8%AA%D8%AC%D9%85%D8%B9-%D8%A7%D9%84%D8%AE%D8%A7%D9%85%D8%B3-%D9%85%D9%88%D9%82%D8%B9-%D9%85%D8%AA%D9%85%D9%8A%D8%B2-%D9%88-%D8%A7%D9%82%D9%84-%D9%85%D9%86-%D8%B3%D8%B9%D8%B1-%D8%A7%D9%84%D8%B3%D9%88%D9%82-%D8%A8%D9%85%D9%82%D8%AF%D9%85-%D9%88-%D8%A7%D9%82%D8%B3%D8%A7%D8%B7-lakeview-residence-2-ID503901592.html
شقه للبيع في ليك فيو رزيدنس التجمع الخامس موقع متميز واقل من السوق بمقدم و اقساط  Lake view Residence,13800000,3,3,181,https://www.dubizzle.com.eg/ad/%D8%B4%D9%82%D9%87-%D9%84%D9%84%D8%A8%D9%8A%D8%B9-%D9%81%D9%8A-%D9%84%D9%8A%D9%83-%D9%81%D9%8A%D9%88-%D8%B1%D8%B2%D9%8A%D8%AF%D9%86%D8%B3-%D8%A7%D9%84%D8%AA%D8%AC%D9%85%D8%B9-%D8%A7%D9%84%D8%AE%D8%A7%D9%85%D8%B3-%D9%85%D9%88%D9%82%D8%B9-%D9%85%D8%AA%D9%85%D9%8A%D8%B2-%D9%88%D8%A7%D9%82%D9%84-%D9%85%D9%86-%D8%A7%D9%84%D8%B3%D9%88%D9%82-%D8%A8%D9%85%D9%82%D8%AF%D9%85-%D9%88-%D8%A7%D9%82%D8%B3%D8%A7%D8%B7-lake-view-residence-ID503901598.html
شقة للبيع على البحر  الاسكندرية,1300000,2,1,100,https://www.dubizzle.com.eg/ad/%D8%B4%D9%82%D8%A9-%D9%84%D9%84%D8%A8%D9%8A%D8%B9-%D8%B9%D9%84%D9%89-%D8%A7%D9%84%D8%A8%D8%AD%D8%B1-%D8%A7%D9%84%D8%A7%D8%B3%D9%83%D9%86%D8%AF%D8%B1%D9%8A%D8%A9-ID208624171.html
فرصه العمر في المنوفيه! شقه بنظام فيلا وجراچ خاص وڤيو رائع,1699000,3,1,150,https://www.dubizzle.com.eg/ad/%D9%81%D8%B1%D8%B5%D9%87-%D8%A7%D9%84%D8%B9%D9%85%D8%B1-%D9%81%D9%8A-%D8%A7%D9%84%D9%85%D9%86%D9%88%D9%81%D9%8A%D9%87-%D8%B4%D9%82%D9%87-%D8%A8%D9%86%D8%B8%D8%A7%D9%85-%D9%81%D9%8A%D9%84%D8%A7-%D9%88%D8%AC%D8%B1%D8%A7%DA%86-%D8%AE%D8%A7%D8%B5-%D9%88%DA%A4%D9%8A%D9%88-%D8%B1%D8%A7%D8%A6%D8%B9-ID208587862.html
للبيع بمدينتي B1  شقه ٢٥٠متر علي الشارع حره   خطوات من الخدمات     تشطيب خاص بالكامل   اول سكن    موقع ممتاز   مكونه من   ٣غرف نوم منها غرفه ماستر  رس,13000000,4,4,240,https://www.dubizzle.com.eg/ad/%D9%84%D9%84%D8%A8%D9%8A%D8%B9-%D8%A8%D9%85%D8%AF%D9%8A%D9%86%D8%AA%D9%8A-b1-%D8%B4%D9%82%D9%87-%D9%A2%D9%A5%D9%A0%D9%85%D8%AA%D8%B1-%D8%B9%D9%84%D9%8A-%D8%A7%D9%84%D8%B4%D8%A7%D8%B1%D8%B9-%D8%AD%D8%B1%D9%87-%D8%AE%D8%B7%D9%88%D8%A7%D8%AA-%D9%85%D9%86-%D8%A7%D9%84%D8%AE%D8%AF%D9%85%D8%A7%D8%AA-%D8%AA%D8%B4%D8%B7%D9%8A%D8%A8-%D8%AE%D8%A7%D8%B5-%D8%A8%D8%A7%D9%84%D9%83%D8%A7%D9%85%D9%84-%D8%A7%D9%88%D9%84-%D8%B3%D9%83%D9%86-%D9%85%D9%88%D9%82%D8%B9-%D9%85%D9%85%D8%AA%D8%A7%D8%B2-%D9%85%D9%83%D9%88%D9%86%D9%87-%D9%85%D9%86-%D9%A3%D8%BA%D8%B1%D9%81-%D9%86%D9%88%D9%85-%D9%85%D9%86%D9%87%D8%A7-%D8%BA%D8%B1%D9%81%D9%87-%D9%85%D8%A7%D8%B3%D8%AA%D8%B1-%D8%B1%D8%B3-ID503838339.html
استلم فوري شقه 180م متشطبة سوبر لوكس دايركت فيو علي البرج الايقوني للبيع بخصم علي الكاش وبالتقسيط علي 12 سنه بدون فوايد في R3 العاصمة الادارية,7800000,3,3,280,https://www.dubizzle.com.eg/ad/%D8%A7%D8%B3%D8%AA%D9%84%D9%85-%D9%81%D9%88%D8%B1%D9%8A-%D8%B4%D9%82%D9%87-180%D9%85-%D9%85%D8%AA%D8%B4%D8%B7%D8%A8%D8%A9-%D8%B3%D9%88%D8%A8%D8%B1-%D9%84%D9%88%D9%83%D8%B3-%D8%AF%D8%A7%D9%8A%D8%B1%D9%83%D8%AA-%D9%81%D9%8A%D9%88-%D8%B9%D9%84%D9%8A-%D8%A7%D9%84%D8%A8%D8%B1%D8%AC-%D8%A7%D9%84%D8%A7%D9%8A%D9%82%D9%88%D9%86%D9%8A-%D9%84%D9%84%D8%A8%D9%8A%D8%B9-%D8%A8%D8%AE%D8%B5%D9%85-%D8%B9%D9%84%D9%8A-%D8%A7%D9%84%D9%83%D8%A7%D8%B4-%D9%88%D8%A8%D8%A7%D9%84%D8%AA%D9%82%D8%B3%D9%8A%D8%B7-%D8%B9%D9%84%D9%8A-12-%D8%B3%D9%86%D9%87-%D8%A8%D8%AF%D9%88%D9%86-%D9%81%D9%88%D8%A7%D9%8A%D8%AF-%D9%81%D9%8A-r3-%D8%A7%D9%84%D8%B9%D8%A7%D8%B5%D9%85%D8%A9-%D8%A7%D9%84%D8%A7%D8%AF%D8%A7%D8%B1%D9%8A%D8%A9-ID503752415.html
"شقه للبيع بخصم 50% بالتقسيط على 12 سنه بمقدم 1,5% في مرحلة اورجامي جولف في كمبوند تاج سيتي Taj city بجوار المطار و سيتي سنتر الماظه لشركة مدينة مصر",6000000,2,2,130,https://www.dubizzle.com.eg/ad/%D8%B4%D9%82%D9%87-%D9%84%D9%84%D8%A8%D9%8A%D8%B9-%D8%A8%D8%AE%D8%B5%D9%85-50-%D8%A8%D8%A7%D9%84%D8%AA%D9%82%D8%B3%D9%8A%D8%B7-%D8%B9%D9%84%D9%89-12-%D8%B3%D9%86%D9%87-%D8%A8%D9%85%D9%82%D8%AF%D9%85-15-%D9%81%D9%8A-%D9%85%D8%B1%D8%AD%D9%84%D8%A9-%D8%A7%D9%88%D8%B1%D8%AC%D8%A7%D9%85%D9%8A-%D8%AC%D9%88%D9%84%D9%81-%D9%81%D9%8A-%D9%83%D9%85%D8%A8%D9%88%D9%86%D8%AF-%D8%AA%D8%A7%D8%AC-%D8%B3%D9%8A%D8%AA%D9%8A-taj-city-%D8%A8%D8%AC%D9%88%D8%A7%D8%B1-%D8%A7%D9%84%D9%85%D8%B7%D8%A7%D8%B1-%D9%88-%D8%B3%D9%8A%D8%AA%D9%8A-%D8%B3%D9%86%D8%AA%D8%B1-%D8%A7%D9%84%D9%85%D8%A7%D8%B8%D9%87-%D9%84%D8%B4%D8%B1%D9%83%D8%A9-%D9%85%D8%AF%D9%8A%D9%86%D8%A9-%D9%85%D8%B5%D8%B1-ID503748686.html
شقه للبيع في ليك فيو رزيدانس2 التجمع الخامس موقع متميز و اقل من سعر السوق بمقدم و اقساط,11881000,2,2,143,https://www.dubizzle.com.eg/ad/%D8%B4%D9%82%D9%87-%D9%84%D9%84%D8%A8%D9%8A%D8%B9-%D9%81%D9%8A-%D9%84%D9%8A%D9%83-%D9%81%D9%8A%D9%88-%D8%B1%D8%B2%D9%8A%D8%AF%D8%A7%D9%86%D8%B32-%D8%A7%D9%84%D8%AA%D8%AC%D9%85%D8%B9-%D8%A7%D9%84%D8%AE%D8%A7%D9%85%D8%B3-%D9%85%D9%88%D9%82%D8%B9-%D9%85%D8%AA%D9%85%D9%8A%D8%B2-%D9%88-%D8%A7%D9%82%D9%84-%D9%85%D9%86-%D8%B3%D8%B9%D8%B1-%D8%A7%D9%84%D8%B3%D9%88%D9%82-%D8%A8%D9%85%D9%82%D8%AF%D9%85-%D9%88-%D8%A7%D9%82%D8%B3%D8%A7%D8%B7-ID503901606.html
"شقة للبيع في أبو الفوارس – امتداد شارع الطيران، مدينة نصر | 210 متر",6000000,3,3,210,https://www.dubizzle.com.eg/ad/%D8%B4%D9%82%D8%A9-%D9%84%D9%84%D8%A8%D9%8A%D8%B9-%D9%81%D9%8A-%D8%A3%D8%A8%D9%88-%D8%A7%D9%84%D9%81%D9%88%D8%A7%D8%B1%D8%B3-%D8%A7%D9%85%D8%AA%D8%AF%D8%A7%D8%AF-%D8%B4%D8%A7%D8%B1%D8%B9-%D8%A7%D9%84%D8%B7%D9%8A%D8%B1%D8%A7%D9%86-%D9%85%D8%AF%D9%8A%D9%86%D8%A9-%D9%86%D8%B5%D8%B1-210-%D9%85%D8%AA%D8%B1-ID503902221.html
شقة للبيع في ليك فيو ريزيدنس 2 التجمع الخامس بمقدم و اقساط موقع مميز اقل من سعر السوق,13900000,3,3,181,https://www.dubizzle.com.eg/ad/%D8%B4%D9%82%D8%A9-%D9%84%D9%84%D8%A8%D9%8A%D8%B9-%D9%81%D9%8A-%D9%84%D9%8A%D9%83-%D9%81%D9%8A%D9%88-%D8%B1%D9%8A%D8%B2%D9%8A%D8%AF%D9%86%D8%B3-2-%D8%A7%D9%84%D8%AA%D8%AC%D9%85%D8%B9-%D8%A7%D9%84%D8%AE%D8%A7%D9%85%D8%B3-%D8%A8%D9%85%D9%82%D8%AF%D9%85-%D9%88-%D8%A7%D9%82%D8%B3%D8%A7%D8%B7-%D9%85%D9%88%D9%82%D8%B9-%D9%85%D9%85%D9%8A%D8%B2-%D8%A7%D9%82%D9%84-%D9%85%D9%86-%D8%B3%D8%B9%D8%B1-%D8%A7%D9%84%D8%B3%D9%88%D9%82-ID503901609.html
شقه للبيع في ليك فيو رزيدنس2 التجمع الخامس موقع متميز واقل من السوق بمقدم و اقساط  Lake view Residence2,14200000,3,3,181,https://www.dubizzle.com.eg/ad/%D8%B4%D9%82%D9%87-%D9%84%D9%84%D8%A8%D9%8A%D8%B9-%D9%81%D9%8A-%D9%84%D9%8A%D9%83-%D9%81%D9%8A%D9%88-%D8%B1%D8%B2%D9%8A%D8%AF%D9%86%D8%B32-%D8%A7%D9%84%D8%AA%D8%AC%D9%85%D8%B9-%D8%A7%D9%84%D8%AE%D8%A7%D9%85%D8%B3-%D9%85%D9%88%D9%82%D8%B9-%D9%85%D8%AA%D9%85%D9%8A%D8%B2-%D9%88%D8%A7%D9%82%D9%84-%D9%85%D9%86-%D8%A7%D9%84%D8%B3%D9%88%D9%82-%D8%A8%D9%85%D9%82%D8%AF%D9%85-%D9%88-%D8%A7%D9%82%D8%B3%D8%A7%D8%B7-lake-view-residence2-ID503901611.html
شقه مساحتها 265 متر داخل فيلا _ الشروق _ حى النادى  بالتفاصيل الاتيه :,7500000,4,3,265,https://www.dubizzle.com.eg/ad/%D8%B4%D9%82%D9%87-%D9%85%D8%B3%D8%A7%D8%AD%D8%AA%D9%87%D8%A7-265-%D9%85%D8%AA%D8%B1-%D8%AF%D8%A7%D8%AE%D9%84-%D9%81%D9%8A%D9%84%D8%A7-_-%D8%A7%D9%84%D8%B4%D8%B1%D9%88%D9%82-_-%D8%AD%D9%89-%D8%A7%D9%84%D9%86%D8%A7%D8%AF%D9%89-%D8%A8%D8%A7%D9%84%D8%AA%D9%81%D8%A7%D8%B5%D9%8A%D9%84-%D8%A7%D9%84%D8%A7%D8%AA%D9%8A%D9%87-ID503754443.html
شقة للبيع سيدي جابر ( على البحر مباشرة ),7500000,3,1,123,https://www.dubizzle.com.eg/ad/%D8%B4%D9%82%D8%A9-%D9%84%D9%84%D8%A8%D9%8A%D8%B9-%D8%B3%D9%8A%D8%AF%D9%8A-%D8%AC%D8%A7%D8%A8%D8%B1-%D8%B9%D9%84%D9%89-%D8%A7%D9%84%D8%A8%D8%AD%D8%B1-%D9%85%D8%A8%D8%A7%D8%B4%D8%B1%D8%A9-ID503870202.html
فرصه مميزه لامتلك شقه84م بالتكيفات اول سكن بريفادو,6600000,2,1,84,https://www.dubizzle.com.eg/ad/%D9%81%D8%B1%D8%B5%D9%87-%D9%85%D9%85%D9%8A%D8%B2%D9%87-%D9%84%D8%A7%D9%85%D8%AA%D9%84%D9%83-%D8%B4%D9%82%D9%8784%D9%85-%D8%A8%D8%A7%D9%84%D8%AA%D9%83%D9%8A%D9%81%D8%A7%D8%AA-%D8%A7%D9%88%D9%84-%D8%B3%D9%83%D9%86-%D8%A8%D8%B1%D9%8A%D9%81%D8%A7%D8%AF%D9%88-ID503895270.html
بينت هاوس فاخر بروف مفتوح Phase 2 Waterway North Coast Kilo 173 by The Waterway Developmentاستلام 4 سنوات مقدم 10% تقسيط 8 سنوات الموقع: الكيلو 173 طر,32000000,3,4,245,https://www.dubizzle.com.eg/ad/%D8%A8%D9%8A%D9%86%D8%AA-%D9%87%D8%A7%D9%88%D8%B3-%D9%81%D8%A7%D8%AE%D8%B1-%D8%A8%D8%B1%D9%88%D9%81-%D9%85%D9%81%D8%AA%D9%88%D8%AD-phase-2-waterway-north-coast-kilo-173-by-the-waterway-development%D8%A7%D8%B3%D8%AA%D9%84%D8%A7%D9%85-4-%D8%B3%D9%86%D9%88%D8%A7%D8%AA-%D9%85%D9%82%D8%AF%D9%85-10-%D8%AA%D9%82%D8%B3%D9%8A%D8%B7-8-%D8%B3%D9%86%D9%88%D8%A7%D8%AA-%D8%A7%D9%84%D9%85%D9%88%D9%82%D8%B9-%D8%A7%D9%84%D9%83%D9%8A%D9%84%D9%88-173-%D8%B7%D8%B1-ID503878633.html
شقة استلام فورى و متشطبة بالكامل فى اويست اوراسكوم قرب نادى وادى دجلة,7000000,3,3,165,https://www.dubizzle.com.eg/ad/%D8%B4%D9%82%D8%A9-%D8%A7%D8%B3%D8%AA%D9%84%D8%A7%D9%85-%D9%81%D9%88%D8%B1%D9%89-%D9%88-%D9%85%D8%AA%D8%B4%D8%B7%D8%A8%D8%A9-%D8%A8%D8%A7%D9%84%D9%83%D8%A7%D9%85%D9%84-%D9%81%D9%89-%D8%A7%D9%88%D9%8A%D8%B3%D8%AA-%D8%A7%D9%88%D8%B1%D8%A7%D8%B3%D9%83%D9%88%D9%85-%D9%82%D8%B1%D8%A8-%D9%86%D8%A7%D8%AF%D9%89-%D9%88%D8%A7%D8%AF%D9%89-%D8%AF%D8%AC%D9%84%D8%A9-ID503900461.html
للبيع شقة 108م بفيو مفتوح وتشطيب ألترا سوبر لوكس في B15 بجوار الخدمات مباشر,6100000,2,2,108,https://www.dubizzle.com.eg/ad/%D9%84%D9%84%D8%A8%D9%8A%D8%B9-%D8%B4%D9%82%D8%A9-108%D9%85-%D8%A8%D9%81%D9%8A%D9%88-%D9%85%D9%81%D8%AA%D9%88%D8%AD-%D9%88%D8%AA%D8%B4%D8%B7%D9%8A%D8%A8-%D8%A3%D9%84%D8%AA%D8%B1%D8%A7-%D8%B3%D9%88%D8%A8%D8%B1-%D9%84%D9%88%D9%83%D8%B3-%D9%81%D9%8A-b15-%D8%A8%D8%AC%D9%88%D8%A7%D8%B1-%D8%A7%D9%84%D8%AE%D8%AF%D9%85%D8%A7%D8%AA-%D9%85%D8%A8%D8%A7%D8%B4%D8%B1-ID503890140.html
للبيع في مدينتي – B1 – نموذج 700 – مساحة 320 متر – تشطيبات Ultra Super Lux,21000000,5,4,320,https://www.dubizzle.com.eg/ad/%D9%84%D9%84%D8%A8%D9%8A%D8%B9-%D9%81%D9%8A-%D9%85%D8%AF%D9%8A%D9%86%D8%AA%D9%8A-b1-%D9%86%D9%85%D9%88%D8%B0%D8%AC-700-%D9%85%D8%B3%D8%A7%D8%AD%D8%A9-320-%D9%85%D8%AA%D8%B1-%D8%AA%D8%B4%D8%B7%D9%8A%D8%A8%D8%A7%D8%AA-ultra-super-lux-ID503885812.html
للبيع شقة 96م Corner في قلب مدينتي B7 | Wide Garden View,5750000,2,2,96,https://www.dubizzle.com.eg/ad/%D9%84%D9%84%D8%A8%D9%8A%D8%B9-%D8%B4%D9%82%D8%A9-96%D9%85-corner-%D9%81%D9%8A-%D9%82%D9%84%D8%A8-%D9%85%D8%AF%D9%8A%D9%86%D8%AA%D9%8A-b7-wide-garden-view-ID503886341.html
شقة تشطيب كامل للبيع في بالم هيلز نيو كايرو Palm Hills New Cairo القاهرة الجديدة المرحلة الأولى موقع متميز تشمل جراج وعضوية النادي جاهزة للاستلام فوري,11360000,3,3,175,https://www.dubizzle.com.eg/ad/%D8%B4%D9%82%D8%A9-%D8%AA%D8%B4%D8%B7%D9%8A%D8%A8-%D9%83%D8%A7%D9%85%D9%84-%D9%84%D9%84%D8%A8%D9%8A%D8%B9-%D9%81%D9%8A-%D8%A8%D8%A7%D9%84%D9%85-%D9%87%D9%8A%D9%84%D8%B2-%D9%86%D9%8A%D9%88-%D9%83%D8%A7%D9%8A%D8%B1%D9%88-palm-hills-new-cairo-%D8%A7%D9%84%D9%82%D8%A7%D9%87%D8%B1%D8%A9-%D8%A7%D9%84%D8%AC%D8%AF%D9%8A%D8%AF%D8%A9-%D8%A7%D9%84%D9%85%D8%B1%D8%AD%D9%84%D8%A9-%D8%A7%D9%84%D8%A3%D9%88%D9%84%D9%89-%D9%85%D9%88%D9%82%D8%B9-%D9%85%D8%AA%D9%85%D9%8A%D8%B2-%D8%AA%D8%B4%D9%85%D9%84-%D8%AC%D8%B1%D8%A7%D8%AC-%D9%88%D8%B9%D8%B6%D9%88%D9%8A%D8%A9-%D8%A7%D9%84%D9%86%D8%A7%D8%AF%D9%8A-%D8%AC%D8%A7%D9%87%D8%B2%D8%A9-%D9%84%D9%84%D8%A7%D8%B3%D8%AA%D9%84%D8%A7%D9%85-%D9%81%D9%88%D8%B1%D9%8A-ID503850291.html
لعشاق الارضي بجاردن بمدينتي امتلك شقتك 72م +45م جاردن ب b14,7600000,2,1,72,https://www.dubizzle.com.eg/ad/%D9%84%D8%B9%D8%B4%D8%A7%D9%82-%D8%A7%D9%84%D8%A7%D8%B1%D8%B6%D9%8A-%D8%A8%D8%AC%D8%A7%D8%B1%D8%AF%D9%86-%D8%A8%D9%85%D8%AF%D9%8A%D9%86%D8%AA%D9%8A-%D8%A7%D9%85%D8%AA%D9%84%D9%83-%D8%B4%D9%82%D8%AA%D9%83-72%D9%85-45%D9%85-%D8%AC%D8%A7%D8%B1%D8%AF%D9%86-%D8%A8-b14-ID503891212.html
شقة بجاردن متشطبة جاهزة للسكن في اللجريا خلف الربوة,6000000,3,4,200,https://www.dubizzle.com.eg/ad/%D8%B4%D9%82%D8%A9-%D8%A8%D8%AC%D8%A7%D8%B1%D8%AF%D9%86-%D9%85%D8%AA%D8%B4%D8%B7%D8%A8%D8%A9-%D8%AC%D8%A7%D9%87%D8%B2%D8%A9-%D9%84%D9%84%D8%B3%D9%83%D9%86-%D9%81%D9%8A-%D8%A7%D9%84%D9%84%D8%AC%D8%B1%D9%8A%D8%A7-%D8%AE%D9%84%D9%81-%D8%A7%D9%84%D8%B1%D8%A8%D9%88%D8%A9-ID503900457.html
أمتلك شقة في أميز لوكيشن بجوار هايد بارك وقطاميه دونز في كمبوند ذا أيكون التجمع الخامس,4600000,3,2,138,https://www.dubizzle.com.eg/ad/%D8%A3%D9%85%D8%AA%D9%84%D9%83-%D8%B4%D9%82%D8%A9-%D9%81%D9%8A-%D8%A3%D9%85%D9%8A%D8%B2-%D9%84%D9%88%D9%83%D9%8A%D8%B4%D9%86-%D8%A8%D8%AC%D9%88%D8%A7%D8%B1-%D9%87%D8%A7%D9%8A%D8%AF-%D8%A8%D8%A7%D8%B1%D9%83-%D9%88%D9%82%D8%B7%D8%A7%D9%85%D9%8A%D9%87-%D8%AF%D9%88%D9%86%D8%B2-%D9%81%D9%8A-%D9%83%D9%85%D8%A8%D9%88%D9%86%D8%AF-%D8%B0%D8%A7-%D8%A3%D9%8A%D9%83%D9%88%D9%86-%D8%A7%D9%84%D8%AA%D8%AC%D9%85%D8%B9-%D8%A7%D9%84%D8%AE%D8%A7%D9%85%D8%B3-ID503900366.html
شقه للبيع بسعر الكاش في الجولدن اسكوير في قلب التجمع الخامس | علي بعد دقائق من الجامعه الامريكيه | في كمبوند ايكون جاردنز | * Icon Gardens *,5500000,3,3,162,https://www.dubizzle.com.eg/ad/%D8%B4%D9%82%D9%87-%D9%84%D9%84%D8%A8%D9%8A%D8%B9-%D8%A8%D8%B3%D8%B9%D8%B1-%D8%A7%D9%84%D9%83%D8%A7%D8%B4-%D9%81%D9%8A-%D8%A7%D9%84%D8%AC%D9%88%D9%84%D8%AF%D9%86-%D8%A7%D8%B3%D9%83%D9%88%D9%8A%D8%B1-%D9%81%D9%8A-%D9%82%D9%84%D8%A8-%D8%A7%D9%84%D8%AA%D8%AC%D9%85%D8%B9-%D8%A7%D9%84%D8%AE%D8%A7%D9%85%D8%B3-%D8%B9%D9%84%D9%8A-%D8%A8%D8%B9%D8%AF-%D8%AF%D9%82%D8%A7%D8%A6%D9%82-%D9%85%D9%86-%D8%A7%D9%84%D8%AC%D8%A7%D9%85%D8%B9%D9%87-%D8%A7%D9%84%D8%A7%D9%85%D8%B1%D9%8A%D9%83%D9%8A%D9%87-%D9%81%D9%8A-%D9%83%D9%85%D8%A8%D9%88%D9%86%D8%AF-%D8%A7%D9%8A%D9%83%D9%88%D9%86-%D8%AC%D8%A7%D8%B1%D8%AF%D9%86%D8%B2-icon-gardens-ID503599131.html
شقه للبيع 3 غرف في التجمع الخامس في تاج ستي بسعر الكاش او قسط علي 12 سنه دفع بدون مقدم 0%  مع شركه مدينه مصر | القاهره الجديدة  |  taj cit,6450000,3,3,132,https://www.dubizzle.com.eg/ad/%D8%B4%D9%82%D9%87-%D9%84%D9%84%D8%A8%D9%8A%D8%B9-3-%D8%BA%D8%B1%D9%81-%D9%81%D9%8A-%D8%A7%D9%84%D8%AA%D8%AC%D9%85%D8%B9-%D8%A7%D9%84%D8%AE%D8%A7%D9%85%D8%B3-%D9%81%D9%8A-%D8%AA%D8%A7%D8%AC-%D8%B3%D8%AA%D9%8A-%D8%A8%D8%B3%D8%B9%D8%B1-%D8%A7%D9%84%D9%83%D8%A7%D8%B4-%D8%A7%D9%88-%D9%82%D8%B3%D8%B7-%D8%B9%D9%84%D9%8A-12-%D8%B3%D9%86%D9%87-%D8%AF%D9%81%D8%B9-%D8%A8%D8%AF%D9%88%D9%86-%D9%85%D9%82%D8%AF%D9%85-0-%D9%85%D8%B9-%D8%B4%D8%B1%D9%83%D9%87-%D9%85%D8%AF%D9%8A%D9%86%D9%87-%D9%85%D8%B5%D8%B1-%D8%A7%D9%84%D9%82%D8%A7%D9%87%D8%B1%D9%87-%D8%A7%D9%84%D8%AC%D8%AF%D9%8A%D8%AF%D8%A9-taj-cit-ID503571137.html
دوبلكس للبيع بموقع مميز في كمبوند ستون بارك التجمع بجوار قطاميه هايتس,20700000,4,3,268,https://www.dubizzle.com.eg/ad/%D8%AF%D9%88%D8%A8%D9%84%D9%83%D8%B3-%D9%84%D9%84%D8%A8%D9%8A%D8%B9-%D8%A8%D9%85%D9%88%D9%82%D8%B9-%D9%85%D9%85%D9%8A%D8%B2-%D9%81%D9%8A-%D9%83%D9%85%D8%A8%D9%88%D9%86%D8%AF-%D8%B3%D8%AA%D9%88%D9%86-%D8%A8%D8%A7%D8%B1%D9%83-%D8%A7%D9%84%D8%AA%D8%AC%D9%85%D8%B9-%D8%A8%D8%AC%D9%88%D8%A7%D8%B1-%D9%82%D8%B7%D8%A7%D9%85%D9%8A%D9%87-%D9%87%D8%A7%D9%8A%D8%AA%D8%B3-ID503743551.html
شقه للبيع بجاردن 107 متر في التجمع الخامس استلام فوري في كمبوند ماونتن فيو اي سيتي بسعر الكاش او ادفع مقدم 5% وقسط  * Mountain View I City New Cairo *,8000000,2,2,110,https://www.dubizzle.com.eg/ad/%D8%B4%D9%82%D9%87-%D9%84%D9%84%D8%A8%D9%8A%D8%B9-%D8%A8%D8%AC%D8%A7%D8%B1%D8%AF%D9%86-107-%D9%85%D8%AA%D8%B1-%D9%81%D9%8A-%D8%A7%D9%84%D8%AA%D8%AC%D9%85%D8%B9-%D8%A7%D9%84%D8%AE%D8%A7%D9%85%D8%B3-%D8%A7%D8%B3%D8%AA%D9%84%D8%A7%D9%85-%D9%81%D9%88%D8%B1%D9%8A-%D9%81%D9%8A-%D9%83%D9%85%D8%A8%D9%88%D9%86%D8%AF-%D9%85%D8%A7%D9%88%D9%86%D8%AA%D9%86-%D9%81%D9%8A%D9%88-%D8%A7%D9%8A-%D8%B3%D9%8A%D8%AA%D9%8A-%D8%A8%D8%B3%D8%B9%D8%B1-%D8%A7%D9%84%D9%83%D8%A7%D8%B4-%D8%A7%D9%88-%D8%A7%D8%AF%D9%81%D8%B9-%D9%85%D9%82%D8%AF%D9%85-5-%D9%88%D9%82%D8%B3%D8%B7-mountain-view-i-city-new-cairo-ID503734961.html
شقه للبيع ارضي بجاردن في التجمع الخامس استلام فوري في كمبوند ماونتن فيو اي سيتي بسعر الكاش او ادفع مقدم 5% وقسط  * Mountain View I City New Cairo *,8950000,2,3,140,https://www.dubizzle.com.eg/ad/%D8%B4%D9%82%D9%87-%D9%84%D9%84%D8%A8%D9%8A%D8%B9-%D8%A7%D8%B1%D8%B6%D9%8A-%D8%A8%D8%AC%D8%A7%D8%B1%D8%AF%D9%86-%D9%81%D9%8A-%D8%A7%D9%84%D8%AA%D8%AC%D9%85%D8%B9-%D8%A7%D9%84%D8%AE%D8%A7%D9%85%D8%B3-%D8%A7%D8%B3%D8%AA%D9%84%D8%A7%D9%85-%D9%81%D9%88%D8%B1%D9%8A-%D9%81%D9%8A-%D9%83%D9%85%D8%A8%D9%88%D9%86%D8%AF-%D9%85%D8%A7%D9%88%D9%86%D8%AA%D9%86-%D9%81%D9%8A%D9%88-%D8%A7%D9%8A-%D8%B3%D9%8A%D8%AA%D9%8A-%D8%A8%D8%B3%D8%B9%D8%B1-%D8%A7%D9%84%D9%83%D8%A7%D8%B4-%D8%A7%D9%88-%D8%A7%D8%AF%D9%81%D8%B9-%D9%85%D9%82%D8%AF%D9%85-5-%D9%88%D9%82%D8%B3%D8%B7-mountain-view-i-city-new-cairo-ID503734962.html
شقه للبيع في الجولدن اسكوير بمقدم 10% في قلب التجمع الخامس | علي بعد دقائق من الجامعه الامريكيه | في كمبوند ايكون جاردنز | * Icon Gardens *,5000000,2,2,105,https://www.dubizzle.com.eg/ad/%D8%B4%D9%82%D9%87-%D9%84%D9%84%D8%A8%D9%8A%D8%B9-%D9%81%D9%8A-%D8%A7%D9%84%D8%AC%D9%88%D9%84%D8%AF%D9%86-%D8%A7%D8%B3%D9%83%D9%88%D9%8A%D8%B1-%D8%A8%D9%85%D9%82%D8%AF%D9%85-10-%D9%81%D9%8A-%D9%82%D9%84%D8%A8-%D8%A7%D9%84%D8%AA%D8%AC%D9%85%D8%B9-%D8%A7%D9%84%D8%AE%D8%A7%D9%85%D8%B3-%D8%B9%D9%84%D9%8A-%D8%A8%D8%B9%D8%AF-%D8%AF%D9%82%D8%A7%D8%A6%D9%82-%D9%85%D9%86-%D8%A7%D9%84%D8%AC%D8%A7%D9%85%D8%B9%D9%87-%D8%A7%D9%84%D8%A7%D9%85%D8%B1%D9%8A%D9%83%D9%8A%D9%87-%D9%81%D9%8A-%D9%83%D9%85%D8%A8%D9%88%D9%86%D8%AF-%D8%A7%D9%8A%D9%83%D9%88%D9%86-%D8%AC%D8%A7%D8%B1%D8%AF%D9%86%D8%B2-icon-gardens-ID503568467.html
شقه للبيع في كمبوند ايكون جاردنز بمقدم 10% في الجولدن سكوير في التجمع الخامس | دقائق من الجامعه الامريكيه | في كمبوند ايكون جاردنز | * Icon Gardens *,6400000,3,3,158,https://www.dubizzle.com.eg/ad/%D8%B4%D9%82%D9%87-%D9%84%D9%84%D8%A8%D9%8A%D8%B9-%D9%81%D9%8A-%D9%83%D9%85%D8%A8%D9%88%D9%86%D8%AF-%D8%A7%D9%8A%D9%83%D9%88%D9%86-%D8%AC%D8%A7%D8%B1%D8%AF%D9%86%D8%B2-%D8%A8%D9%85%D9%82%D8%AF%D9%85-10-%D9%81%D9%8A-%D8%A7%D9%84%D8%AC%D9%88%D9%84%D8%AF%D9%86-%D8%B3%D9%83%D9%88%D9%8A%D8%B1-%D9%81%D9%8A-%D8%A7%D9%84%D8%AA%D8%AC%D9%85%D8%B9-%D8%A7%D9%84%D8%AE%D8%A7%D9%85%D8%B3-%D8%AF%D9%82%D8%A7%D8%A6%D9%82-%D9%85%D9%86-%D8%A7%D9%84%D8%AC%D8%A7%D9%85%D8%B9%D9%87-%D8%A7%D9%84%D8%A7%D9%85%D8%B1%D9%8A%D9%83%D9%8A%D9%87-%D9%81%D9%8A-%D9%83%D9%85%D8%A8%D9%88%D9%86%D8%AF-%D8%A7%D9%8A%D9%83%D9%88%D9%86-%D8%AC%D8%A7%D8%B1%D8%AF%D9%86%D8%B2-icon-gardens-ID503339418.html
بخصم كش 25% إمتلك شقه للبيع استلام فوري في التجمع الخامس بفيو لاند اسكيب في قلب القاهرة الجديدة - ستون ريزدينس | Stone Residence,6800000,3,3,140,https://www.dubizzle.com.eg/ad/%D8%A8%D8%AE%D8%B5%D9%85-%D9%83%D8%B4-25-%D8%A5%D9%85%D8%AA%D9%84%D9%83-%D8%B4%D9%82%D9%87-%D9%84%D9%84%D8%A8%D9%8A%D8%B9-%D8%A7%D8%B3%D8%AA%D9%84%D8%A7%D9%85-%D9%81%D9%88%D8%B1%D9%8A-%D9%81%D9%8A-%D8%A7%D9%84%D8%AA%D8%AC%D9%85%D8%B9-%D8%A7%D9%84%D8%AE%D8%A7%D9%85%D8%B3-%D8%A8%D9%81%D9%8A%D9%88-%D9%84%D8%A7%D9%86%D8%AF-%D8%A7%D8%B3%D9%83%D9%8A%D8%A8-%D9%81%D9%8A-%D9%82%D9%84%D8%A8-%D8%A7%D9%84%D9%82%D8%A7%D9%87%D8%B1%D8%A9-%D8%A7%D9%84%D8%AC%D8%AF%D9%8A%D8%AF%D8%A9-%D8%B3%D8%AA%D9%88%D9%86-%D8%B1%D9%8A%D8%B2%D8%AF%D9%8A%D9%86%D8%B3-stone-residence-ID502824497.html
بخصم كش 25% إمتلك شقه للبيع غرفتين استلام فوري في التجمع الخامس بفيو لاند اسكيب في قلب القاهرة الجديدة - ستون ريزدينس | Stone Residence,6600000,2,3,125,https://www.dubizzle.com.eg/ad/%D8%A8%D8%AE%D8%B5%D9%85-%D9%83%D8%B4-25-%D8%A5%D9%85%D8%AA%D9%84%D9%83-%D8%B4%D9%82%D9%87-%D9%84%D9%84%D8%A8%D9%8A%D8%B9-%D8%BA%D8%B1%D9%81%D8%AA%D9%8A%D9%86-%D8%A7%D8%B3%D8%AA%D9%84%D8%A7%D9%85-%D9%81%D9%88%D8%B1%D9%8A-%D9%81%D9%8A-%D8%A7%D9%84%D8%AA%D8%AC%D9%85%D8%B9-%D8%A7%D9%84%D8%AE%D8%A7%D9%85%D8%B3-%D8%A8%D9%81%D9%8A%D9%88-%D9%84%D8%A7%D9%86%D8%AF-%D8%A7%D8%B3%D9%83%D9%8A%D8%A8-%D9%81%D9%8A-%D9%82%D9%84%D8%A8-%D8%A7%D9%84%D9%82%D8%A7%D9%87%D8%B1%D8%A9-%D8%A7%D9%84%D8%AC%D8%AF%D9%8A%D8%AF%D8%A9-%D8%B3%D8%AA%D9%88%D9%86-%D8%B1%D9%8A%D8%B2%D8%AF%D9%8A%D9%86%D8%B3-stone-residence-ID502824499.html
شقه للبيع في الشروق كمبوند باتيو سولا ارضي بجاردن بخصم كاش 25% مع لافيستا | بفيو مميز جدا اواقساط علي اطول فتره سداد | Patio Sola_ La Vista,5200000,2,2,108,https://www.dubizzle.com.eg/ad/%D8%B4%D9%82%D9%87-%D9%84%D9%84%D8%A8%D9%8A%D8%B9-%D9%81%D9%8A-%D8%A7%D9%84%D8%B4%D8%B1%D9%88%D9%82-%D9%83%D9%85%D8%A8%D9%88%D9%86%D8%AF-%D8%A8%D8%A7%D8%AA%D9%8A%D9%88-%D8%B3%D9%88%D9%84%D8%A7-%D8%A7%D8%B1%D8%B6%D9%8A-%D8%A8%D8%AC%D8%A7%D8%B1%D8%AF%D9%86-%D8%A8%D8%AE%D8%B5%D9%85-%D9%83%D8%A7%D8%B4-25-%D9%85%D8%B9-%D9%84%D8%A7%D9%81%D9%8A%D8%B3%D8%AA%D8%A7-%D8%A8%D9%81%D9%8A%D9%88-%D9%85%D9%85%D9%8A%D8%B2-%D8%AC%D8%AF%D8%A7-%D8%A7%D9%88%D8%A7%D9%82%D8%B3%D8%A7%D8%B7-%D8%B9%D9%84%D9%8A-%D8%A7%D8%B7%D9%88%D9%84-%D9%81%D8%AA%D8%B1%D9%87-%D8%B3%D8%AF%D8%A7%D8%AF-patio-sola_-la-vista-ID503901442.html
شقه على البحر Fully Finished بالتكييفات شاطئ خاص فيو على كريستال لاجونز للبيع فى ابراج العلمين El Alamein Towers الساحل الشمالي North Caost,4500000,1,1,89,https://www.dubizzle.com.eg/ad/%D8%B4%D9%82%D9%87-%D8%B9%D9%84%D9%89-%D8%A7%D9%84%D8%A8%D8%AD%D8%B1-fully-finished-%D8%A8%D8%A7%D9%84%D8%AA%D9%83%D9%8A%D9%8A%D9%81%D8%A7%D8%AA-%D8%B4%D8%A7%D8%B7%D8%A6-%D8%AE%D8%A7%D8%B5-%D9%81%D9%8A%D9%88-%D8%B9%D9%84%D9%89-%D9%83%D8%B1%D9%8A%D8%B3%D8%AA%D8%A7%D9%84-%D9%84%D8%A7%D8%AC%D9%88%D9%86%D8%B2-%D9%84%D9%84%D8%A8%D9%8A%D8%B9-%D9%81%D9%89-%D8%A7%D8%A8%D8%B1%D8%A7%D8%AC-%D8%A7%D9%84%D8%B9%D9%84%D9%85%D9%8A%D9%86-el-alamein-towers-%D8%A7%D9%84%D8%B3%D8%A7%D8%AD%D9%84-%D8%A7%D9%84%D8%B4%D9%85%D8%A7%D9%84%D9%8A-north-caost-ID503901324.html
شقه للبيع في التجمع الخامس غرفتين بسعر الكاش او ادفع مقدم 10% فقط وقسط علي 10 سنوات في كمبوند كريك تاون امام الرحاب مباشره مع الكازار * Creek Town *,6500000,2,2,137,https://www.dubizzle.com.eg/ad/%D8%B4%D9%82%D9%87-%D9%84%D9%84%D8%A8%D9%8A%D8%B9-%D9%81%D9%8A-%D8%A7%D9%84%D8%AA%D8%AC%D9%85%D8%B9-%D8%A7%D9%84%D8%AE%D8%A7%D9%85%D8%B3-%D8%BA%D8%B1%D9%81%D8%AA%D9%8A%D9%86-%D8%A8%D8%B3%D8%B9%D8%B1-%D8%A7%D9%84%D9%83%D8%A7%D8%B4-%D8%A7%D9%88-%D8%A7%D8%AF%D9%81%D8%B9-%D9%85%D9%82%D8%AF%D9%85-10-%D9%81%D9%82%D8%B7-%D9%88%D9%82%D8%B3%D8%B7-%D8%B9%D9%84%D9%8A-10-%D8%B3%D9%86%D9%88%D8%A7%D8%AA-%D9%81%D9%8A-%D9%83%D9%85%D8%A8%D9%88%D9%86%D8%AF-%D9%83%D8%B1%D9%8A%D9%83-%D8%AA%D8%A7%D9%88%D9%86-%D8%A7%D9%85%D8%A7%D9%85-%D8%A7%D9%84%D8%B1%D8%AD%D8%A7%D8%A8-%D9%85%D8%A8%D8%A7%D8%B4%D8%B1%D9%87-%D9%85%D8%B9-%D8%A7%D9%84%D9%83%D8%A7%D8%B2%D8%A7%D8%B1-creek-town-ID502759515.html
شقة للبيع بتراس في سراي مدينه مصر بخصم كاش 50% او قسط علي 12 سنه بدون مقدم 0% في قلب المستقبل ستي | Sarai,4950000,2,2,137,https://www.dubizzle.com.eg/ad/%D8%B4%D9%82%D8%A9-%D9%84%D9%84%D8%A8%D9%8A%D8%B9-%D8%A8%D8%AA%D8%B1%D8%A7%D8%B3-%D9%81%D9%8A-%D8%B3%D8%B1%D8%A7%D9%8A-%D9%85%D8%AF%D9%8A%D9%86%D9%87-%D9%85%D8%B5%D8%B1-%D8%A8%D8%AE%D8%B5%D9%85-%D9%83%D8%A7%D8%B4-50-%D8%A7%D9%88-%D9%82%D8%B3%D8%B7-%D8%B9%D9%84%D9%8A-12-%D8%B3%D9%86%D9%87-%D8%A8%D8%AF%D9%88%D9%86-%D9%85%D9%82%D8%AF%D9%85-0-%D9%81%D9%8A-%D9%82%D9%84%D8%A8-%D8%A7%D9%84%D9%85%D8%B3%D8%AA%D9%82%D8%A8%D9%84-%D8%B3%D8%AA%D9%8A-sarai-ID503178298.html
شقة للبيع 3 غرف في سراي مدينه مصر في قلب المستقبل ستي بخصم كاش 50% او قسط علي 12 سنه مع اقسط علي اطول فتره سداد| Sarai,5250000,3,3,140,https://www.dubizzle.com.eg/ad/%D8%B4%D9%82%D8%A9-%D9%84%D9%84%D8%A8%D9%8A%D8%B9-3-%D8%BA%D8%B1%D9%81-%D9%81%D9%8A-%D8%B3%D8%B1%D8%A7%D9%8A-%D9%85%D8%AF%D9%8A%D9%86%D9%87-%D9%85%D8%B5%D8%B1-%D9%81%D9%8A-%D9%82%D9%84%D8%A8-%D8%A7%D9%84%D9%85%D8%B3%D8%AA%D9%82%D8%A8%D9%84-%D8%B3%D8%AA%D9%8A-%D8%A8%D8%AE%D8%B5%D9%85-%D9%83%D8%A7%D8%B4-50-%D8%A7%D9%88-%D9%82%D8%B3%D8%B7-%D8%B9%D9%84%D9%8A-12-%D8%B3%D9%86%D9%87-%D9%85%D8%B9-%D8%A7%D9%82%D8%B3%D8%B7-%D8%B9%D9%84%D9%8A-%D8%A7%D8%B7%D9%88%D9%84-%D9%81%D8%AA%D8%B1%D9%87-%D8%B3%D8%AF%D8%A7%D8%AF-sarai-ID503178303.html
دوبلكس 4غرف للبيع بسعر لقطه لمحبي الاستثمار في العاصمه بجوار المطار بنظام مقدمك خصمك علي 12سنه اقساط متساويه,5700000,4,4,180,https://www.dubizzle.com.eg/ad/%D8%AF%D9%88%D8%A8%D9%84%D9%83%D8%B3-4%D8%BA%D8%B1%D9%81-%D9%84%D9%84%D8%A8%D9%8A%D8%B9-%D8%A8%D8%B3%D8%B9%D8%B1-%D9%84%D9%82%D8%B7%D9%87-%D9%84%D9%85%D8%AD%D8%A8%D9%8A-%D8%A7%D9%84%D8%A7%D8%B3%D8%AA%D8%AB%D9%85%D8%A7%D8%B1-%D9%81%D9%8A-%D8%A7%D9%84%D8%B9%D8%A7%D8%B5%D9%85%D9%87-%D8%A8%D8%AC%D9%88%D8%A7%D8%B1-%D8%A7%D9%84%D9%85%D8%B7%D8%A7%D8%B1-%D8%A8%D9%86%D8%B8%D8%A7%D9%85-%D9%85%D9%82%D8%AF%D9%85%D9%83-%D8%AE%D8%B5%D9%85%D9%83-%D8%B9%D9%84%D9%8A-12%D8%B3%D9%86%D9%87-%D8%A7%D9%82%D8%B3%D8%A7%D8%B7-%D9%85%D8%AA%D8%B3%D8%A7%D9%88%D9%8A%D9%87-ID503900932.html
شقة فاخرة بمساحة 250 متر,6250000,4,3,250,https://www.dubizzle.com.eg/ad/%D8%B4%D9%82%D8%A9-%D9%81%D8%A7%D8%AE%D8%B1%D8%A9-%D8%A8%D9%85%D8%B3%D8%A7%D8%AD%D8%A9-250-%D9%85%D8%AA%D8%B1-ID208461829.html
إمتلك شقه للبيع في ارقي في كمبوند جوار التجمع السادس بجوار كمبوند الكازار احصل علي خصم يصل الي 15% من سعر الوحده - علي بعد دقائق من الجامعه الامريكي,4000000,2,2,101,https://www.dubizzle.com.eg/ad/%D8%A5%D9%85%D8%AA%D9%84%D9%83-%D8%B4%D9%82%D9%87-%D9%84%D9%84%D8%A8%D9%8A%D8%B9-%D9%81%D9%8A-%D8%A7%D8%B1%D9%82%D9%8A-%D9%81%D9%8A-%D9%83%D9%85%D8%A8%D9%88%D9%86%D8%AF-%D8%AC%D9%88%D8%A7%D8%B1-%D8%A7%D9%84%D8%AA%D8%AC%D9%85%D8%B9-%D8%A7%D9%84%D8%B3%D8%A7%D8%AF%D8%B3-%D8%A8%D8%AC%D9%88%D8%A7%D8%B1-%D9%83%D9%85%D8%A8%D9%88%D9%86%D8%AF-%D8%A7%D9%84%D9%83%D8%A7%D8%B2%D8%A7%D8%B1-%D8%A7%D8%AD%D8%B5%D9%84-%D8%B9%D9%84%D9%8A-%D8%AE%D8%B5%D9%85-%D9%8A%D8%B5%D9%84-%D8%A7%D9%84%D9%8A-15-%D9%85%D9%86-%D8%B3%D8%B9%D8%B1-%D8%A7%D9%84%D9%88%D8%AD%D8%AF%D9%87-%D8%B9%D9%84%D9%8A-%D8%A8%D8%B9%D8%AF-%D8%AF%D9%82%D8%A7%D8%A6%D9%82-%D9%85%D9%86-%D8%A7%D9%84%D8%AC%D8%A7%D9%85%D8%B9%D9%87-%D8%A7%D9%84%D8%A7%D9%85%D8%B1%D9%8A%D9%83%D9%8A-ID502835329.html
شقه للبيع  في ارقي في كمبوند جوار التجمع السادس بجوار كمبوند الكازار - علي بعد دقائق من الجامعه الامريكيه - كمبوند جيوار احصل علي خصم يصل الي 15%,5300000,3,3,135,https://www.dubizzle.com.eg/ad/%D8%B4%D9%82%D9%87-%D9%84%D9%84%D8%A8%D9%8A%D8%B9-%D9%81%D9%8A-%D8%A7%D8%B1%D9%82%D9%8A-%D9%81%D9%8A-%D9%83%D9%85%D8%A8%D9%88%D9%86%D8%AF-%D8%AC%D9%88%D8%A7%D8%B1-%D8%A7%D9%84%D8%AA%D8%AC%D9%85%D8%B9-%D8%A7%D9%84%D8%B3%D8%A7%D8%AF%D8%B3-%D8%A8%D8%AC%D9%88%D8%A7%D8%B1-%D9%83%D9%85%D8%A8%D9%88%D9%86%D8%AF-%D8%A7%D9%84%D9%83%D8%A7%D8%B2%D8%A7%D8%B1-%D8%B9%D9%84%D9%8A-%D8%A8%D8%B9%D8%AF-%D8%AF%D9%82%D8%A7%D8%A6%D9%82-%D9%85%D9%86-%D8%A7%D9%84%D8%AC%D8%A7%D9%85%D8%B9%D9%87-%D8%A7%D9%84%D8%A7%D9%85%D8%B1%D9%8A%D9%83%D9%8A%D9%87-%D9%83%D9%85%D8%A8%D9%88%D9%86%D8%AF-%D8%AC%D9%8A%D9%88%D8%A7%D8%B1-%D8%A7%D8%AD%D8%B5%D9%84-%D8%B9%D9%84%D9%8A-%D8%AE%D8%B5%D9%85-%D9%8A%D8%B5%D9%84-%D8%A7%D9%84%D9%8A-15-ID502835341.html
للبيع شقه فيو النيل مباشره متشطبه بالتكيفات ومفروشه بالاجهزه والمطبخ علي كورنيش المعادي دقايق من الزمالك,3200000,1,2,72,https://www.dubizzle.com.eg/ad/%D9%84%D9%84%D8%A8%D9%8A%D8%B9-%D8%B4%D9%82%D9%87-%D9%81%D9%8A%D9%88-%D8%A7%D9%84%D9%86%D9%8A%D9%84-%D9%85%D8%A8%D8%A7%D8%B4%D8%B1%D9%87-%D9%85%D8%AA%D8%B4%D8%B7%D8%A8%D9%87-%D8%A8%D8%A7%D9%84%D8%AA%D9%83%D9%8A%D9%81%D8%A7%D8%AA-%D9%88%D9%85%D9%81%D8%B1%D9%88%D8%B4%D9%87-%D8%A8%D8%A7%D9%84%D8%A7%D8%AC%D9%87%D8%B2%D9%87-%D9%88%D8%A7%D9%84%D9%85%D8%B7%D8%A8%D8%AE-%D8%B9%D9%84%D9%8A-%D9%83%D9%88%D8%B1%D9%86%D9%8A%D8%B4-%D8%A7%D9%84%D9%85%D8%B9%D8%A7%D8%AF%D9%8A-%D8%AF%D9%82%D8%A7%D9%8A%D9%82-%D9%85%D9%86-%D8%A7%D9%84%D8%B2%D9%85%D8%A7%D9%84%D9%83-ID503818707.html
شقه 3غرف للبيع صف اول علي اللاجون مباشره متشطبه VIP بالتقسيط علي 12سنه بخصم 40% لفتره محدوده | استفيد بسعر القديم,3800000,3,3,170,https://www.dubizzle.com.eg/ad/%D8%B4%D9%82%D9%87-3%D8%BA%D8%B1%D9%81-%D9%84%D9%84%D8%A8%D9%8A%D8%B9-%D8%B5%D9%81-%D8%A7%D9%88%D9%84-%D8%B9%D9%84%D9%8A-%D8%A7%D9%84%D9%84%D8%A7%D8%AC%D9%88%D9%86-%D9%85%D8%A8%D8%A7%D8%B4%D8%B1%D9%87-%D9%85%D8%AA%D8%B4%D8%B7%D8%A8%D9%87-vip-%D8%A8%D8%A7%D9%84%D8%AA%D9%82%D8%B3%D9%8A%D8%B7-%D8%B9%D9%84%D9%8A-12%D8%B3%D9%86%D9%87-%D8%A8%D8%AE%D8%B5%D9%85-40-%D9%84%D9%81%D8%AA%D8%B1%D9%87-%D9%85%D8%AD%D8%AF%D9%88%D8%AF%D9%87-%D8%A7%D8%B3%D8%AA%D9%81%D9%8A%D8%AF-%D8%A8%D8%B3%D8%B9%D8%B1-%D8%A7%D9%84%D9%82%D8%AF%D9%8A%D9%85-ID503895545.html
Sodic East - Apartment,8200000,2,2,125,https://www.dubizzle.com.eg/ad/sodic-east-apartment-ID206959568.html
شقة للبيع بتوريل الجديدة,4200000,3,2,175,https://www.dubizzle.com.eg/ad/%D8%B4%D9%82%D8%A9-%D9%84%D9%84%D8%A8%D9%8A%D8%B9-%D8%A8%D8%AA%D9%88%D8%B1%D9%8A%D9%84-%D8%A7%D9%84%D8%AC%D8%AF%D9%8A%D8%AF%D8%A9-ID206694600.html
شقه للبيع متشطبه بفيو على برج ايقوني ولاجونز بتقسيط يوصل ل 12 سنه وبمقدم 5% في العاصمه الاداريه الجديده في منطقة ال ار3 ( R3 ),5800000,3,2,200,https://www.dubizzle.com.eg/ad/%D8%B4%D9%82%D9%87-%D9%84%D9%84%D8%A8%D9%8A%D8%B9-%D9%85%D8%AA%D8%B4%D8%B7%D8%A8%D9%87-%D8%A8%D9%81%D9%8A%D9%88-%D8%B9%D9%84%D9%89-%D8%A8%D8%B1%D8%AC-%D8%A7%D9%8A%D9%82%D9%88%D9%86%D9%8A-%D9%88%D9%84%D8%A7%D8%AC%D9%88%D9%86%D8%B2-%D8%A8%D8%AA%D9%82%D8%B3%D9%8A%D8%B7-%D9%8A%D9%88%D8%B5%D9%84-%D9%84-12-%D8%B3%D9%86%D9%87-%D9%88%D8%A8%D9%85%D9%82%D8%AF%D9%85-5-%D9%81%D9%8A-%D8%A7%D9%84%D8%B9%D8%A7%D8%B5%D9%85%D9%87-%D8%A7%D9%84%D8%A7%D8%AF%D8%A7%D8%B1%D9%8A%D9%87-%D8%A7%D9%84%D8%AC%D8%AF%D9%8A%D8%AF%D9%87-%D9%81%D9%8A-%D9%85%D9%86%D8%B7%D9%82%D8%A9-%D8%A7%D9%84-%D8%A7%D8%B13-r3-ID502732273.html
شقة للبيع دقايق من خالد ابن الوليد والبحر -- سيدي بشر بحري,1950000,3,1,110,https://www.dubizzle.com.eg/ad/%D8%B4%D9%82%D8%A9-%D9%84%D9%84%D8%A8%D9%8A%D8%B9-%D8%AF%D9%82%D8%A7%D9%8A%D9%82-%D9%85%D9%86-%D8%AE%D8%A7%D9%84%D8%AF-%D8%A7%D8%A8%D9%86-%D8%A7%D9%84%D9%88%D9%84%D9%8A%D8%AF-%D9%88%D8%A7%D9%84%D8%A8%D8%AD%D8%B1-%D8%B3%D9%8A%D8%AF%D9%8A-%D8%A8%D8%B4%D8%B1-%D8%A8%D8%AD%D8%B1%D9%8A-ID204352901.html
شقة للبيع في ماونتن فيو اي سيتي التجمع الخامس موقع متميز جدا بمقدم و اقساط اقل من سعر السوق مرحلة اللاجون Mountain View iCity,8402730,3,3,175,https://www.dubizzle.com.eg/ad/%D8%B4%D9%82%D8%A9-%D9%84%D9%84%D8%A8%D9%8A%D8%B9-%D9%81%D9%8A-%D9%85%D8%A7%D9%88%D9%86%D8%AA%D9%86-%D9%81%D9%8A%D9%88-%D8%A7%D9%8A-%D8%B3%D9%8A%D8%AA%D9%8A-%D8%A7%D9%84%D8%AA%D8%AC%D9%85%D8%B9-%D8%A7%D9%84%D8%AE%D8%A7%D9%85%D8%B3-%D9%85%D9%88%D9%82%D8%B9-%D9%85%D8%AA%D9%85%D9%8A%D8%B2-%D8%AC%D8%AF%D8%A7-%D8%A8%D9%85%D9%82%D8%AF%D9%85-%D9%88-%D8%A7%D9%82%D8%B3%D8%A7%D8%B7-%D8%A7%D9%82%D9%84-%D9%85%D9%86-%D8%B3%D8%B9%D8%B1-%D8%A7%D9%84%D8%B3%D9%88%D9%82-%D9%85%D8%B1%D8%AD%D9%84%D8%A9-%D8%A7%D9%84%D9%84%D8%A7%D8%AC%D9%88%D9%86-mountain-view-icity-ID503901621.html
شقة للبيع في ماونتن فيو اي سيتي التجمع الخامس بمقدم و اقساط موقع متميز جدا اقل من سعر السوق mountain view i city,6458217,3,3,155,https://www.dubizzle.com.eg/ad/%D8%B4%D9%82%D8%A9-%D9%84%D9%84%D8%A8%D9%8A%D8%B9-%D9%81%D9%8A-%D9%85%D8%A7%D9%88%D9%86%D8%AA%D9%86-%D9%81%D9%8A%D9%88-%D8%A7%D9%8A-%D8%B3%D9%8A%D8%AA%D9%8A-%D8%A7%D9%84%D8%AA%D8%AC%D9%85%D8%B9-%D8%A7%D9%84%D8%AE%D8%A7%D9%85%D8%B3-%D8%A8%D9%85%D9%82%D8%AF%D9%85-%D9%88-%D8%A7%D9%82%D8%B3%D8%A7%D8%B7-%D9%85%D9%88%D9%82%D8%B9-%D9%85%D8%AA%D9%85%D9%8A%D8%B2-%D8%AC%D8%AF%D8%A7-%D8%A7%D9%82%D9%84-%D9%85%D9%86-%D8%B3%D8%B9%D8%B1-%D8%A7%D9%84%D8%B3%D9%88%D9%82-mountain-view-i-city-ID503901631.html
شقة 175 م في البوابة الرابعة في حدائق الاهرام في أكتوبر,3500000,3,2,175,https://www.dubizzle.com.eg/ad/%D8%B4%D9%82%D8%A9-175-%D9%85-%D9%81%D9%8A-%D8%A7%D9%84%D8%A8%D9%88%D8%A7%D8%A8%D8%A9-%D8%A7%D9%84%D8%B1%D8%A7%D8%A8%D8%B9%D8%A9-%D9%81%D9%8A-%D8%AD%D8%AF%D8%A7%D8%A6%D9%82-%D8%A7%D9%84%D8%A7%D9%87%D8%B1%D8%A7%D9%85-%D9%81%D9%8A-%D8%A3%D9%83%D8%AA%D9%88%D8%A8%D8%B1-ID503902216.html
شقه 320م للبيع في مدينتي بسعر لقطه تشطيب خاص راقي دور مميز برايم لوكيشن,21500000,4,4,320,https://www.dubizzle.com.eg/ad/%D8%B4%D9%82%D9%87-320%D9%85-%D9%84%D9%84%D8%A8%D9%8A%D8%B9-%D9%81%D9%8A-%D9%85%D8%AF%D9%8A%D9%86%D8%AA%D9%8A-%D8%A8%D8%B3%D8%B9%D8%B1-%D9%84%D9%82%D8%B7%D9%87-%D8%AA%D8%B4%D8%B7%D9%8A%D8%A8-%D8%AE%D8%A7%D8%B5-%D8%B1%D8%A7%D9%82%D9%8A-%D8%AF%D9%88%D8%B1-%D9%85%D9%85%D9%8A%D8%B2-%D8%A8%D8%B1%D8%A7%D9%8A%D9%85-%D9%84%D9%88%D9%83%D9%8A%D8%B4%D9%86-ID503902217.html
بنتهاوس تشطيب كامل  للبيع في جاليريا التجمع الخامس موقع متميز  اقل من السوق  بمقدم و اقساط,13350000,3,3,195,https://www.dubizzle.com.eg/ad/%D8%A8%D9%86%D8%AA%D9%87%D8%A7%D9%88%D8%B3-%D8%AA%D8%B4%D8%B7%D9%8A%D8%A8-%D9%83%D8%A7%D9%85%D9%84-%D9%84%D9%84%D8%A8%D9%8A%D8%B9-%D9%81%D9%8A-%D8%AC%D8%A7%D9%84%D9%8A%D8%B1%D9%8A%D8%A7-%D8%A7%D9%84%D8%AA%D8%AC%D9%85%D8%B9-%D8%A7%D9%84%D8%AE%D8%A7%D9%85%D8%B3-%D9%85%D9%88%D9%82%D8%B9-%D9%85%D8%AA%D9%85%D9%8A%D8%B2-%D8%A7%D9%82%D9%84-%D9%85%D9%86-%D8%A7%D9%84%D8%B3%D9%88%D9%82-%D8%A8%D9%85%D9%82%D8%AF%D9%85-%D9%88-%D8%A7%D9%82%D8%B3%D8%A7%D8%B7-ID503901646.html
شقة أرضي مرتفع 243 متر بإطلالة مباشرة على نادي هليوبوليس – مدينة الشروق    حي النادي – أحد أرقى مواقع الڤيلات بمدينة الشروق إطلالة مباشرة على نادي هلي,7000000,3,3,243,https://www.dubizzle.com.eg/ad/%D8%B4%D9%82%D8%A9-%D8%A3%D8%B1%D8%B6%D9%8A-%D9%85%D8%B1%D8%AA%D9%81%D8%B9-243-%D9%85%D8%AA%D8%B1-%D8%A8%D8%A5%D8%B7%D9%84%D8%A7%D9%84%D8%A9-%D9%85%D8%A8%D8%A7%D8%B4%D8%B1%D8%A9-%D8%B9%D9%84%D9%89-%D9%86%D8%A7%D8%AF%D9%8A-%D9%87%D9%84%D9%8A%D9%88%D8%A8%D9%88%D9%84%D9%8A%D8%B3-%D9%85%D8%AF%D9%8A%D9%86%D8%A9-%D8%A7%D9%84%D8%B4%D8%B1%D9%88%D9%82-%D8%AD%D9%8A-%D8%A7%D9%84%D9%86%D8%A7%D8%AF%D9%8A-%D8%A3%D8%AD%D8%AF-%D8%A3%D8%B1%D9%82%D9%89-%D9%85%D9%88%D8%A7%D9%82%D8%B9-%D8%A7%D9%84%DA%A4%D9%8A%D9%84%D8%A7%D8%AA-%D8%A8%D9%85%D8%AF%D9%8A%D9%86%D8%A9-%D8%A7%D9%84%D8%B4%D8%B1%D9%88%D9%82-%D8%A5%D8%B7%D9%84%D8%A7%D9%84%D8%A9-%D9%85%D8%A8%D8%A7%D8%B4%D8%B1%D8%A9-%D8%B9%D9%84%D9%89-%D9%86%D8%A7%D8%AF%D9%8A-%D9%87%D9%84%D9%8A-ID503754555.html
شقة 2 غرف نوم للبيع متشطبة بالكامل بفيو مميز علي حمام سباحة موقع حصري في كمبوند ميفيدا التجمع الخامس,18500000,2,2,125,https://www.dubizzle.com.eg/ad/%D8%B4%D9%82%D8%A9-2-%D8%BA%D8%B1%D9%81-%D9%86%D9%88%D9%85-%D9%84%D9%84%D8%A8%D9%8A%D8%B9-%D9%85%D8%AA%D8%B4%D8%B7%D8%A8%D8%A9-%D8%A8%D8%A7%D9%84%D9%83%D8%A7%D9%85%D9%84-%D8%A8%D9%81%D9%8A%D9%88-%D9%85%D9%85%D9%8A%D8%B2-%D8%B9%D9%84%D9%8A-%D8%AD%D9%85%D8%A7%D9%85-%D8%B3%D8%A8%D8%A7%D8%AD%D8%A9-%D9%85%D9%88%D9%82%D8%B9-%D8%AD%D8%B5%D8%B1%D9%8A-%D9%81%D9%8A-%D9%83%D9%85%D8%A8%D9%88%D9%86%D8%AF-%D9%85%D9%8A%D9%81%D9%8A%D8%AF%D8%A7-%D8%A7%D9%84%D8%AA%D8%AC%D9%85%D8%B9-%D8%A7%D9%84%D8%AE%D8%A7%D9%85%D8%B3-ID503753391.html
شقة للبيع متشطبة في حي النادي  300م,12500000,4,4,300,https://www.dubizzle.com.eg/ad/%D8%B4%D9%82%D8%A9-%D9%84%D9%84%D8%A8%D9%8A%D8%B9-%D9%85%D8%AA%D8%B4%D8%B7%D8%A8%D8%A9-%D9%81%D9%8A-%D8%AD%D9%8A-%D8%A7%D9%84%D9%86%D8%A7%D8%AF%D9%8A-300%D9%85-ID503753247.html
فرصة للسكن او الاستثمار شقة 180م في الرحاب بسعر مميز تفاوض وقت الجدية قرب السوق الشرقي 3 غرف في المرحلة التامنة الرحاب 2 Phase 8 Al Rehab 2,10500000,3,3,182,https://www.dubizzle.com.eg/ad/%D9%81%D8%B1%D8%B5%D8%A9-%D9%84%D9%84%D8%B3%D9%83%D9%86-%D8%A7%D9%88-%D8%A7%D9%84%D8%A7%D8%B3%D8%AA%D8%AB%D9%85%D8%A7%D8%B1-%D8%B4%D9%82%D8%A9-180%D9%85-%D9%81%D9%8A-%D8%A7%D9%84%D8%B1%D8%AD%D8%A7%D8%A8-%D8%A8%D8%B3%D8%B9%D8%B1-%D9%85%D9%85%D9%8A%D8%B2-%D8%AA%D9%81%D8%A7%D9%88%D8%B6-%D9%88%D9%82%D8%AA-%D8%A7%D9%84%D8%AC%D8%AF%D9%8A%D8%A9-%D9%82%D8%B1%D8%A8-%D8%A7%D9%84%D8%B3%D9%88%D9%82-%D8%A7%D9%84%D8%B4%D8%B1%D9%82%D9%8A-3-%D8%BA%D8%B1%D9%81-%D9%81%D9%8A-%D8%A7%D9%84%D9%85%D8%B1%D8%AD%D9%84%D8%A9-%D8%A7%D9%84%D8%AA%D8%A7%D9%85%D9%86%D8%A9-%D8%A7%D9%84%D8%B1%D8%AD%D8%A7%D8%A8-2-phase-8-al-rehab-2-ID503752351.html
شقه للبيع في مدينة الشروق فوري متشطبة,6300000,3,3,300,https://www.dubizzle.com.eg/ad/%D8%B4%D9%82%D9%87-%D9%84%D9%84%D8%A8%D9%8A%D8%B9-%D9%81%D9%8A-%D9%85%D8%AF%D9%8A%D9%86%D8%A9-%D8%A7%D9%84%D8%B4%D8%B1%D9%88%D9%82-%D9%81%D9%88%D8%B1%D9%8A-%D9%85%D8%AA%D8%B4%D8%B7%D8%A8%D8%A9-ID503751602.html
دوبلكس أرضي للبيع في ويستاون (سوديك),24000000,3,4,240,https://www.dubizzle.com.eg/ad/%D8%AF%D9%88%D8%A8%D9%84%D9%83%D8%B3-%D8%A3%D8%B1%D8%B6%D9%8A-%D9%84%D9%84%D8%A8%D9%8A%D8%B9-%D9%81%D9%8A-%D9%88%D9%8A%D8%B3%D8%AA%D8%A7%D9%88%D9%86-%D8%B3%D9%88%D8%AF%D9%8A%D9%83-ID503297724.html
شقة للبيع استلام فوري تشطيب فندقي بالحي اللاتيني فيو بحري في قلب العلمين الجديدة بجوار سيتي ايدج و أبراج العلمين على طريق مطروح الرئيسي,4100000,2,2,134,https://www.dubizzle.com.eg/ad/%D8%B4%D9%82%D8%A9-%D9%84%D9%84%D8%A8%D9%8A%D8%B9-%D8%A7%D8%B3%D8%AA%D9%84%D8%A7%D9%85-%D9%81%D9%88%D8%B1%D9%8A-%D8%AA%D8%B4%D8%B7%D9%8A%D8%A8-%D9%81%D9%86%D8%AF%D9%82%D9%8A-%D8%A8%D8%A7%D9%84%D8%AD%D9%8A-%D8%A7%D9%84%D9%84%D8%A7%D8%AA%D9%8A%D9%86%D9%8A-%D9%81%D9%8A%D9%88-%D8%A8%D8%AD%D8%B1%D9%8A-%D9%81%D9%8A-%D9%82%D9%84%D8%A8-%D8%A7%D9%84%D8%B9%D9%84%D9%85%D9%8A%D9%86-%D8%A7%D9%84%D8%AC%D8%AF%D9%8A%D8%AF%D8%A9-%D8%A8%D8%AC%D9%88%D8%A7%D8%B1-%D8%B3%D9%8A%D8%AA%D9%8A-%D8%A7%D9%8A%D8%AF%D8%AC-%D9%88-%D8%A3%D8%A8%D8%B1%D8%A7%D8%AC-%D8%A7%D9%84%D8%B9%D9%84%D9%85%D9%8A%D9%86-%D8%B9%D9%84%D9%89-%D8%B7%D8%B1%D9%8A%D9%82-%D9%85%D8%B7%D8%B1%D9%88%D8%AD-%D8%A7%D9%84%D8%B1%D8%A6%D9%8A%D8%B3%D9%8A-ID503807672.html
أقل سعر دوبلكس 260 متر-3 غرف نوم-موقع مميز-هايد بارك,10500000,3,3,260,https://www.dubizzle.com.eg/ad/%D8%A3%D9%82%D9%84-%D8%B3%D8%B9%D8%B1-%D8%AF%D9%88%D8%A8%D9%84%D9%83%D8%B3-260-%D9%85%D8%AA%D8%B1-3-%D8%BA%D8%B1%D9%81-%D9%86%D9%88%D9%85-%D9%85%D9%88%D9%82%D8%B9-%D9%85%D9%85%D9%8A%D8%B2-%D9%87%D8%A7%D9%8A%D8%AF-%D8%A8%D8%A7%D8%B1%D9%83-ID503898798.html
شقة متشطبة بالكامل بخصم 24%- او تقسيط علي 8 سنين في كمبوند هايد بارك التجمع الخامس دقائق للجامعة الامريكية(Hyde Park New Cairo Compound ),10023000,2,2,116,https://www.dubizzle.com.eg/ad/%D8%B4%D9%82%D8%A9-%D9%85%D8%AA%D8%B4%D8%B7%D8%A8%D8%A9-%D8%A8%D8%A7%D9%84%D9%83%D8%A7%D9%85%D9%84-%D8%A8%D8%AE%D8%B5%D9%85-24-%D8%A7%D9%88-%D8%AA%D9%82%D8%B3%D9%8A%D8%B7-%D8%B9%D9%84%D9%8A-8-%D8%B3%D9%86%D9%8A%D9%86-%D9%81%D9%8A-%D9%83%D9%85%D8%A8%D9%88%D9%86%D8%AF-%D9%87%D8%A7%D9%8A%D8%AF-%D8%A8%D8%A7%D8%B1%D9%83-%D8%A7%D9%84%D8%AA%D8%AC%D9%85%D8%B9-%D8%A7%D9%84%D8%AE%D8%A7%D9%85%D8%B3-%D8%AF%D9%82%D8%A7%D8%A6%D9%82-%D9%84%D9%84%D8%AC%D8%A7%D9%85%D8%B9%D8%A9-%D8%A7%D9%84%D8%A7%D9%85%D8%B1%D9%8A%D9%83%D9%8A%D8%A9hyde-park-new-cairo-compound-ID503899043.html
شقه 3غرف متشطبه بالتكييفات والمطبخ فيو علي لاند اسكيب ريسيل بسعر اقل من الشركه في كمبوند الباتيو اورو التجمع الخامس,11000000,3,2,164,https://www.dubizzle.com.eg/ad/%D8%B4%D9%82%D9%87-3%D8%BA%D8%B1%D9%81-%D9%85%D8%AA%D8%B4%D8%B7%D8%A8%D9%87-%D8%A8%D8%A7%D9%84%D8%AA%D9%83%D9%8A%D9%8A%D9%81%D8%A7%D8%AA-%D9%88%D8%A7%D9%84%D9%85%D8%B7%D8%A8%D8%AE-%D9%81%D9%8A%D9%88-%D8%B9%D9%84%D9%8A-%D9%84%D8%A7%D9%86%D8%AF-%D8%A7%D8%B3%D9%83%D9%8A%D8%A8-%D8%B1%D9%8A%D8%B3%D9%8A%D9%84-%D8%A8%D8%B3%D8%B9%D8%B1-%D8%A7%D9%82%D9%84-%D9%85%D9%86-%D8%A7%D9%84%D8%B4%D8%B1%D9%83%D9%87-%D9%81%D9%8A-%D9%83%D9%85%D8%A8%D9%88%D9%86%D8%AF-%D8%A7%D9%84%D8%A8%D8%A7%D8%AA%D9%8A%D9%88-%D8%A7%D9%88%D8%B1%D9%88-%D8%A7%D9%84%D8%AA%D8%AC%D9%85%D8%B9-%D8%A7%D9%84%D8%AE%D8%A7%D9%85%D8%B3-ID503899318.html
اخر شقه متشطبه vip لقطه في palm hills new cairo باقل سعر جاهزه للمعاينه,13170000,3,4,248,https://www.dubizzle.com.eg/ad/%D8%A7%D8%AE%D8%B1-%D8%B4%D9%82%D9%87-%D9%85%D8%AA%D8%B4%D8%B7%D8%A8%D9%87-vip-%D9%84%D9%82%D8%B7%D9%87-%D9%81%D9%8A-palm-hills-new-cairo-%D8%A8%D8%A7%D9%82%D9%84-%D8%B3%D8%B9%D8%B1-%D8%AC%D8%A7%D9%87%D8%B2%D9%87-%D9%84%D9%84%D9%85%D8%B9%D8%A7%D9%8A%D9%86%D9%87-ID503896528.html
شقة للبيع في كمبوند الدبلوماسيين من المالك بالقرب من ارابيلا بلازا,8750000,4,3,250,https://www.dubizzle.com.eg/ad/%D8%B4%D9%82%D8%A9-%D9%84%D9%84%D8%A8%D9%8A%D8%B9-%D9%81%D9%8A-%D9%83%D9%85%D8%A8%D9%88%D9%86%D8%AF-%D8%A7%D9%84%D8%AF%D8%A8%D9%84%D9%88%D9%85%D8%A7%D8%B3%D9%8A%D9%8A%D9%86-%D9%85%D9%86-%D8%A7%D9%84%D9%85%D8%A7%D9%84%D9%83-%D8%A8%D8%A7%D9%84%D9%82%D8%B1%D8%A8-%D9%85%D9%86-%D8%A7%D8%B1%D8%A7%D8%A8%D9%8A%D9%84%D8%A7-%D8%A8%D9%84%D8%A7%D8%B2%D8%A7-ID503832920.html
شقة متشطبة بالكامل بالتكيفات و استلام فورى فى الشيخ زايد ابراج زد اورا,10000000,3,3,175,https://www.dubizzle.com.eg/ad/%D8%B4%D9%82%D8%A9-%D9%85%D8%AA%D8%B4%D8%B7%D8%A8%D8%A9-%D8%A8%D8%A7%D9%84%D9%83%D8%A7%D9%85%D9%84-%D8%A8%D8%A7%D9%84%D8%AA%D9%83%D9%8A%D9%81%D8%A7%D8%AA-%D9%88-%D8%A7%D8%B3%D8%AA%D9%84%D8%A7%D9%85-%D9%81%D9%88%D8%B1%D9%89-%D9%81%D9%89-%D8%A7%D9%84%D8%B4%D9%8A%D8%AE-%D8%B2%D8%A7%D9%8A%D8%AF-%D8%A7%D8%A8%D8%B1%D8%A7%D8%AC-%D8%B2%D8%AF-%D8%A7%D9%88%D8%B1%D8%A7-ID503899822.html
شقة للبيع في mountain view hyde park تشطيب الترا سوبر لوكس موقع مميز علي لاندسكيب جاهزة للاستلام والسكن الفوري,8800000,2,2,133,https://www.dubizzle.com.eg/ad/%D8%B4%D9%82%D8%A9-%D9%84%D9%84%D8%A8%D9%8A%D8%B9-%D9%81%D9%8A-mountain-view-hyde-park-%D8%AA%D8%B4%D8%B7%D9%8A%D8%A8-%D8%A7%D9%84%D8%AA%D8%B1%D8%A7-%D8%B3%D9%88%D8%A8%D8%B1-%D9%84%D9%88%D9%83%D8%B3-%D9%85%D9%88%D9%82%D8%B9-%D9%85%D9%85%D9%8A%D8%B2-%D8%B9%D9%84%D9%8A-%D9%84%D8%A7%D9%86%D8%AF%D8%B3%D9%83%D9%8A%D8%A8-%D8%AC%D8%A7%D9%87%D8%B2%D8%A9-%D9%84%D9%84%D8%A7%D8%B3%D8%AA%D9%84%D8%A7%D9%85-%D9%88%D8%A7%D9%84%D8%B3%D9%83%D9%86-%D8%A7%D9%84%D9%81%D9%88%D8%B1%D9%8A-ID503717489.html
شقة استلام فوري باقل من سعر السوق مع افضل مطور في العاصمة,4539000,3,3,210,https://www.dubizzle.com.eg/ad/%D8%B4%D9%82%D8%A9-%D8%A7%D8%B3%D8%AA%D9%84%D8%A7%D9%85-%D9%81%D9%88%D8%B1%D9%8A-%D8%A8%D8%A7%D9%82%D9%84-%D9%85%D9%86-%D8%B3%D8%B9%D8%B1-%D8%A7%D9%84%D8%B3%D9%88%D9%82-%D9%85%D8%B9-%D8%A7%D9%81%D8%B6%D9%84-%D9%85%D8%B7%D9%88%D8%B1-%D9%81%D9%8A-%D8%A7%D9%84%D8%B9%D8%A7%D8%B5%D9%85%D8%A9-ID503898879.html
خصم علي السعر مميز شقه 4 غرف بجاردن كامله التشطيب بالتقسيط من بالم هيلز في قلب التجمع,19035000,4,4,190,https://www.dubizzle.com.eg/ad/%D8%AE%D8%B5%D9%85-%D8%B9%D9%84%D9%8A-%D8%A7%D9%84%D8%B3%D8%B9%D8%B1-%D9%85%D9%85%D9%8A%D8%B2-%D8%B4%D9%82%D9%87-4-%D8%BA%D8%B1%D9%81-%D8%A8%D8%AC%D8%A7%D8%B1%D8%AF%D9%86-%D9%83%D8%A7%D9%85%D9%84%D9%87-%D8%A7%D9%84%D8%AA%D8%B4%D8%B7%D9%8A%D8%A8-%D8%A8%D8%A7%D9%84%D8%AA%D9%82%D8%B3%D9%8A%D8%B7-%D9%85%D9%86-%D8%A8%D8%A7%D9%84%D9%85-%D9%87%D9%8A%D9%84%D8%B2-%D9%81%D9%8A-%D9%82%D9%84%D8%A8-%D8%A7%D9%84%D8%AA%D8%AC%D9%85%D8%B9-ID503899925.html
بنتهاوس للبيع في Sodic Eastown القاهرة الجديدة تشطيب كامل بمطبخ وتكييفات وأجهزة مع روف خاص وموقع مميز مناسب للسكن الفاخر,25000000,4,4,244,https://www.dubizzle.com.eg/ad/%D8%A8%D9%86%D8%AA%D9%87%D8%A7%D9%88%D8%B3-%D9%84%D9%84%D8%A8%D9%8A%D8%B9-%D9%81%D9%8A-sodic-eastown-%D8%A7%D9%84%D9%82%D8%A7%D9%87%D8%B1%D8%A9-%D8%A7%D9%84%D8%AC%D8%AF%D9%8A%D8%AF%D8%A9-%D8%AA%D8%B4%D8%B7%D9%8A%D8%A8-%D9%83%D8%A7%D9%85%D9%84-%D8%A8%D9%85%D8%B7%D8%A8%D8%AE-%D9%88%D8%AA%D9%83%D9%8A%D9%8A%D9%81%D8%A7%D8%AA-%D9%88%D8%A3%D8%AC%D9%87%D8%B2%D8%A9-%D9%85%D8%B9-%D8%B1%D9%88%D9%81-%D8%AE%D8%A7%D8%B5-%D9%88%D9%85%D9%88%D9%82%D8%B9-%D9%85%D9%85%D9%8A%D8%B2-%D9%85%D9%86%D8%A7%D8%B3%D8%A8-%D9%84%D9%84%D8%B3%D9%83%D9%86-%D8%A7%D9%84%D9%81%D8%A7%D8%AE%D8%B1-ID503897916.html
شقه للبيع في التجمع الخامس متشطبه بالكامل في قلب الجولدن اسكوير بسعر الكاش او بمقدم 5% فقط في كومباوند ريجينتس اسكوير | Regent's Squer,8700000,3,3,155,https://www.dubizzle.com.eg/ad/%D8%B4%D9%82%D9%87-%D9%84%D9%84%D8%A8%D9%8A%D8%B9-%D9%81%D9%8A-%D8%A7%D9%84%D8%AA%D8%AC%D9%85%D8%B9-%D8%A7%D9%84%D8%AE%D8%A7%D9%85%D8%B3-%D9%85%D8%AA%D8%B4%D8%B7%D8%A8%D9%87-%D8%A8%D8%A7%D9%84%D9%83%D8%A7%D9%85%D9%84-%D9%81%D9%8A-%D9%82%D9%84%D8%A8-%D8%A7%D9%84%D8%AC%D9%88%D9%84%D8%AF%D9%86-%D8%A7%D8%B3%D9%83%D9%88%D9%8A%D8%B1-%D8%A8%D8%B3%D8%B9%D8%B1-%D8%A7%D9%84%D9%83%D8%A7%D8%B4-%D8%A7%D9%88-%D8%A8%D9%85%D9%82%D8%AF%D9%85-5-%D9%81%D9%82%D8%B7-%D9%81%D9%8A-%D9%83%D9%88%D9%85%D8%A8%D8%A7%D9%88%D9%86%D8%AF-%D8%B1%D9%8A%D8%AC%D9%8A%D9%86%D8%AA%D8%B3-%D8%A7%D8%B3%D9%83%D9%88%D9%8A%D8%B1-regents-squer-ID503700518.html
شقه للبيع في قلب الجولدن اسكوير في التجمع الخامس متشطبه بالكامل بسعر الكاش او بمقدم 5% فقط في كومباوند ريجينتس اسكوير | Regent's Squer,6400000,2,2,108,https://www.dubizzle.com.eg/ad/%D8%B4%D9%82%D9%87-%D9%84%D9%84%D8%A8%D9%8A%D8%B9-%D9%81%D9%8A-%D9%82%D9%84%D8%A8-%D8%A7%D9%84%D8%AC%D9%88%D9%84%D8%AF%D9%86-%D8%A7%D8%B3%D9%83%D9%88%D9%8A%D8%B1-%D9%81%D9%8A-%D8%A7%D9%84%D8%AA%D8%AC%D9%85%D8%B9-%D8%A7%D9%84%D8%AE%D8%A7%D9%85%D8%B3-%D9%85%D8%AA%D8%B4%D8%B7%D8%A8%D9%87-%D8%A8%D8%A7%D9%84%D9%83%D8%A7%D9%85%D9%84-%D8%A8%D8%B3%D8%B9%D8%B1-%D8%A7%D9%84%D9%83%D8%A7%D8%B4-%D8%A7%D9%88-%D8%A8%D9%85%D9%82%D8%AF%D9%85-5-%D9%81%D9%82%D8%B7-%D9%81%D9%8A-%D9%83%D9%88%D9%85%D8%A8%D8%A7%D9%88%D9%86%D8%AF-%D8%B1%D9%8A%D8%AC%D9%8A%D9%86%D8%AA%D8%B3-%D8%A7%D8%B3%D9%83%D9%88%D9%8A%D8%B1-regents-squer-ID503700519.html
شقه للبيع في قلب الجولدن اسكوير في التجمع الخامس متشطبه بالكامل بسعر الكاش او بمقدم 5% فقط في كومباوند ريجينتس اسكوير | Regent's Squer,7200000,2,2,129,https://www.dubizzle.com.eg/ad/%D8%B4%D9%82%D9%87-%D9%84%D9%84%D8%A8%D9%8A%D8%B9-%D9%81%D9%8A-%D9%82%D9%84%D8%A8-%D8%A7%D9%84%D8%AC%D9%88%D9%84%D8%AF%D9%86-%D8%A7%D8%B3%D9%83%D9%88%D9%8A%D8%B1-%D9%81%D9%8A-%D8%A7%D9%84%D8%AA%D8%AC%D9%85%D8%B9-%D8%A7%D9%84%D8%AE%D8%A7%D9%85%D8%B3-%D9%85%D8%AA%D8%B4%D8%B7%D8%A8%D9%87-%D8%A8%D8%A7%D9%84%D9%83%D8%A7%D9%85%D9%84-%D8%A8%D8%B3%D8%B9%D8%B1-%D8%A7%D9%84%D9%83%D8%A7%D8%B4-%D8%A7%D9%88-%D8%A8%D9%85%D9%82%D8%AF%D9%85-5-%D9%81%D9%82%D8%B7-%D9%81%D9%8A-%D9%83%D9%88%D9%85%D8%A8%D8%A7%D9%88%D9%86%D8%AF-%D8%B1%D9%8A%D8%AC%D9%8A%D9%86%D8%AA%D8%B3-%D8%A7%D8%B3%D9%83%D9%88%D9%8A%D8%B1-regents-squer-ID503519511.html
شقه للبيع 3غرف بجاردن باقل سعر في العاصمه جاهزه للمعاينه الان مع بنك الاسكان والتعمير بالتقسيط علي 14سنه وبخصم 25%,4800000,3,3,170,https://www.dubizzle.com.eg/ad/%D8%B4%D9%82%D9%87-%D9%84%D9%84%D8%A8%D9%8A%D8%B9-3%D8%BA%D8%B1%D9%81-%D8%A8%D8%AC%D8%A7%D8%B1%D8%AF%D9%86-%D8%A8%D8%A7%D9%82%D9%84-%D8%B3%D8%B9%D8%B1-%D9%81%D9%8A-%D8%A7%D9%84%D8%B9%D8%A7%D8%B5%D9%85%D9%87-%D8%AC%D8%A7%D9%87%D8%B2%D9%87-%D9%84%D9%84%D9%85%D8%B9%D8%A7%D9%8A%D9%86%D9%87-%D8%A7%D9%84%D8%A7%D9%86-%D9%85%D8%B9-%D8%A8%D9%86%D9%83-%D8%A7%D9%84%D8%A7%D8%B3%D9%83%D8%A7%D9%86-%D9%88%D8%A7%D9%84%D8%AA%D8%B9%D9%85%D9%8A%D8%B1-%D8%A8%D8%A7%D9%84%D8%AA%D9%82%D8%B3%D9%8A%D8%B7-%D8%B9%D9%84%D9%8A-14%D8%B3%D9%86%D9%87-%D9%88%D8%A8%D8%AE%D8%B5%D9%85-25-ID503900878.html
"شقه للبيع ب (( هايد بارك )) على شارع التسعين الجنوبي مباشرة وعلى الطريق الدائري الأوسطي، بالقرب من الجامعة الأمريكية (AUC) والعاصمة الإدارية الجديدة",9500000,2,2,117,https://www.dubizzle.com.eg/ad/%D8%B4%D9%82%D9%87-%D9%84%D9%84%D8%A8%D9%8A%D8%B9-%D8%A8-%D9%87%D8%A7%D9%8A%D8%AF-%D8%A8%D8%A7%D8%B1%D9%83-%D8%B9%D9%84%D9%89-%D8%B4%D8%A7%D8%B1%D8%B9-%D8%A7%D9%84%D8%AA%D8%B3%D8%B9%D9%8A%D9%86-%D8%A7%D9%84%D8%AC%D9%86%D9%88%D8%A8%D9%8A-%D9%85%D8%A8%D8%A7%D8%B4%D8%B1%D8%A9-%D9%88%D8%B9%D9%84%D9%89-%D8%A7%D9%84%D8%B7%D8%B1%D9%8A%D9%82-%D8%A7%D9%84%D8%AF%D8%A7%D8%A6%D8%B1%D9%8A-%D8%A7%D9%84%D8%A3%D9%88%D8%B3%D8%B7%D9%8A-%D8%A8%D8%A7%D9%84%D9%82%D8%B1%D8%A8-%D9%85%D9%86-%D8%A7%D9%84%D8%AC%D8%A7%D9%85%D8%B9%D8%A9-%D8%A7%D9%84%D8%A3%D9%85%D8%B1%D9%8A%D9%83%D9%8A%D8%A9-auc-%D9%88%D8%A7%D9%84%D8%B9%D8%A7%D8%B5%D9%85%D8%A9-%D8%A7%D9%84%D8%A5%D8%AF%D8%A7%D8%B1%D9%8A%D8%A9-%D8%A7%D9%84%D8%AC%D8%AF%D9%8A%D8%AF%D8%A9-ID503858686.html
Duplex متشطب بالكامل ومفروش جاهز للاستلام Taj City بأقل سعلا في الماركت,15400000,4,3,298,https://www.dubizzle.com.eg/ad/duplex-%D9%85%D8%AA%D8%B4%D8%B7%D8%A8-%D8%A8%D8%A7%D9%84%D9%83%D8%A7%D9%85%D9%84-%D9%88%D9%85%D9%81%D8%B1%D9%88%D8%B4-%D8%AC%D8%A7%D9%87%D8%B2-%D9%84%D9%84%D8%A7%D8%B3%D8%AA%D9%84%D8%A7%D9%85-taj-city-%D8%A8%D8%A3%D9%82%D9%84-%D8%B3%D8%B9%D9%84%D8%A7-%D9%81%D9%8A-%D8%A7%D9%84%D9%85%D8%A7%D8%B1%D9%83%D8%AA-ID503824722.html
شقه للبيع غرفتين استلام فوري مع تشطيب كامل | او بدفع مقدم 5% مع اقساط تصل الي 15 سنه مبني علي الطراز الفرنسي * Garden city *,6000000,2,2,192,https://www.dubizzle.com.eg/ad/%D8%B4%D9%82%D9%87-%D9%84%D9%84%D8%A8%D9%8A%D8%B9-%D8%BA%D8%B1%D9%81%D8%AA%D9%8A%D9%86-%D8%A7%D8%B3%D8%AA%D9%84%D8%A7%D9%85-%D9%81%D9%88%D8%B1%D9%8A-%D9%85%D8%B9-%D8%AA%D8%B4%D8%B7%D9%8A%D8%A8-%D9%83%D8%A7%D9%85%D9%84-%D8%A7%D9%88-%D8%A8%D8%AF%D9%81%D8%B9-%D9%85%D9%82%D8%AF%D9%85-5-%D9%85%D8%B9-%D8%A7%D9%82%D8%B3%D8%A7%D8%B7-%D8%AA%D8%B5%D9%84-%D8%A7%D9%84%D9%8A-15-%D8%B3%D9%86%D9%87-%D9%85%D8%A8%D9%86%D9%8A-%D8%B9%D9%84%D9%8A-%D8%A7%D9%84%D8%B7%D8%B1%D8%A7%D8%B2-%D8%A7%D9%84%D9%81%D8%B1%D9%86%D8%B3%D9%8A-garden-city-ID503033562.html
شقه 3غرف استلام فوري صف اول علي اللاجون بسعر لقطه وبالتقسيط علي اطول فتره سداد في لوميا R7,6000000,3,3,136,https://www.dubizzle.com.eg/ad/%D8%B4%D9%82%D9%87-3%D8%BA%D8%B1%D9%81-%D8%A7%D8%B3%D8%AA%D9%84%D8%A7%D9%85-%D9%81%D9%88%D8%B1%D9%8A-%D8%B5%D9%81-%D8%A7%D9%88%D9%84-%D8%B9%D9%84%D9%8A-%D8%A7%D9%84%D9%84%D8%A7%D8%AC%D9%88%D9%86-%D8%A8%D8%B3%D8%B9%D8%B1-%D9%84%D9%82%D8%B7%D9%87-%D9%88%D8%A8%D8%A7%D9%84%D8%AA%D9%82%D8%B3%D9%8A%D8%B7-%D8%B9%D9%84%D9%8A-%D8%A7%D8%B7%D9%88%D9%84-%D9%81%D8%AA%D8%B1%D9%87-%D8%B3%D8%AF%D8%A7%D8%AF-%D9%81%D9%8A-%D9%84%D9%88%D9%85%D9%8A%D8%A7-r7-ID503898772.html
شقه نموذج ٣٠٠ بحري فيو جاردن B3,9900000,3,3,185,https://www.dubizzle.com.eg/ad/%D8%B4%D9%82%D9%87-%D9%86%D9%85%D9%88%D8%B0%D8%AC-%D9%A3%D9%A0%D9%A0-%D8%A8%D8%AD%D8%B1%D9%8A-%D9%81%D9%8A%D9%88-%D8%AC%D8%A7%D8%B1%D8%AF%D9%86-b3-ID503749750.html
امتلك شقه للبيع بسعر الكاش في كمبوند باتيو سولا مع لافيستا  خصم الكاش 25% | بفيو مميز جدا | Patio Sola_ La Vista,7200000,3,3,154,https://www.dubizzle.com.eg/ad/%D8%A7%D9%85%D8%AA%D9%84%D9%83-%D8%B4%D9%82%D9%87-%D9%84%D9%84%D8%A8%D9%8A%D8%B9-%D8%A8%D8%B3%D8%B9%D8%B1-%D8%A7%D9%84%D9%83%D8%A7%D8%B4-%D9%81%D9%8A-%D9%83%D9%85%D8%A8%D9%88%D9%86%D8%AF-%D8%A8%D8%A7%D8%AA%D9%8A%D9%88-%D8%B3%D9%88%D9%84%D8%A7-%D9%85%D8%B9-%D9%84%D8%A7%D9%81%D9%8A%D8%B3%D8%AA%D8%A7-%D8%AE%D8%B5%D9%85-%D8%A7%D9%84%D9%83%D8%A7%D8%B4-25-%D8%A8%D9%81%D9%8A%D9%88-%D9%85%D9%85%D9%8A%D8%B2-%D8%AC%D8%AF%D8%A7-patio-sola_-la-vista-ID503415950.html
شقه للبيع في لافيستا في باتيو سولا بمقدم 5% فقط | شقه بفيو مميز جدا واقساط متساويه تصل الي 10 سنوات خصم كاش 25% | Patio Sola _ La Vista,5600000,2,2,123,https://www.dubizzle.com.eg/ad/%D8%B4%D9%82%D9%87-%D9%84%D9%84%D8%A8%D9%8A%D8%B9-%D9%81%D9%8A-%D9%84%D8%A7%D9%81%D9%8A%D8%B3%D8%AA%D8%A7-%D9%81%D9%8A-%D8%A8%D8%A7%D8%AA%D9%8A%D9%88-%D8%B3%D9%88%D9%84%D8%A7-%D8%A8%D9%85%D9%82%D8%AF%D9%85-5-%D9%81%D9%82%D8%B7-%D8%B4%D9%82%D9%87-%D8%A8%D9%81%D9%8A%D9%88-%D9%85%D9%85%D9%8A%D8%B2-%D8%AC%D8%AF%D8%A7-%D9%88%D8%A7%D9%82%D8%B3%D8%A7%D8%B7-%D9%85%D8%AA%D8%B3%D8%A7%D9%88%D9%8A%D9%87-%D8%AA%D8%B5%D9%84-%D8%A7%D9%84%D9%8A-10-%D8%B3%D9%86%D9%88%D8%A7%D8%AA-%D8%AE%D8%B5%D9%85-%D9%83%D8%A7%D8%B4-25-patio-sola-_-la-vista-ID503378515.html
شقه للبيع غرفتين بسعر الكاش في كمبوند باتيو سولا مع لافيستا | بفيو مميز جدا | خصم كاش 25% | Patio Sola_ La Vista,5700000,2,2,123,https://www.dubizzle.com.eg/ad/%D8%B4%D9%82%D9%87-%D9%84%D9%84%D8%A8%D9%8A%D8%B9-%D8%BA%D8%B1%D9%81%D8%AA%D9%8A%D9%86-%D8%A8%D8%B3%D8%B9%D8%B1-%D8%A7%D9%84%D9%83%D8%A7%D8%B4-%D9%81%D9%8A-%D9%83%D9%85%D8%A8%D9%88%D9%86%D8%AF-%D8%A8%D8%A7%D8%AA%D9%8A%D9%88-%D8%B3%D9%88%D9%84%D8%A7-%D9%85%D8%B9-%D9%84%D8%A7%D9%81%D9%8A%D8%B3%D8%AA%D8%A7-%D8%A8%D9%81%D9%8A%D9%88-%D9%85%D9%85%D9%8A%D8%B2-%D8%AC%D8%AF%D8%A7-%D8%AE%D8%B5%D9%85-%D9%83%D8%A7%D8%B4-25-patio-sola_-la-vista-ID503899348.html
امتلك شقه للبيع بكمبوند جيوار بجوار كمبوند الكازار في التجمع السادس علي بعد دقائق من الجامعه الامريكيه - كمبوند جيوار | jiwar,5500000,3,2,138,https://www.dubizzle.com.eg/ad/%D8%A7%D9%85%D8%AA%D9%84%D9%83-%D8%B4%D9%82%D9%87-%D9%84%D9%84%D8%A8%D9%8A%D8%B9-%D8%A8%D9%83%D9%85%D8%A8%D9%88%D9%86%D8%AF-%D8%AC%D9%8A%D9%88%D8%A7%D8%B1-%D8%A8%D8%AC%D9%88%D8%A7%D8%B1-%D9%83%D9%85%D8%A8%D9%88%D9%86%D8%AF-%D8%A7%D9%84%D9%83%D8%A7%D8%B2%D8%A7%D8%B1-%D9%81%D9%8A-%D8%A7%D9%84%D8%AA%D8%AC%D9%85%D8%B9-%D8%A7%D9%84%D8%B3%D8%A7%D8%AF%D8%B3-%D8%B9%D9%84%D9%8A-%D8%A8%D8%B9%D8%AF-%D8%AF%D9%82%D8%A7%D8%A6%D9%82-%D9%85%D9%86-%D8%A7%D9%84%D8%AC%D8%A7%D9%85%D8%B9%D9%87-%D8%A7%D9%84%D8%A7%D9%85%D8%B1%D9%8A%D9%83%D9%8A%D9%87-%D9%83%D9%85%D8%A8%D9%88%D9%86%D8%AF-%D8%AC%D9%8A%D9%88%D8%A7%D8%B1-jiwar-ID502986267.html
فرصة اقل مساحة بأقل سعر شقة فيو بحر بتشطيب كامل super lux للبيع بأعلى عائد استثماري في ابراج العلمين الجديدة الساحل الشمالي alamein towers north coast,4000000,1,1,89,https://www.dubizzle.com.eg/ad/%D9%81%D8%B1%D8%B5%D8%A9-%D8%A7%D9%82%D9%84-%D9%85%D8%B3%D8%A7%D8%AD%D8%A9-%D8%A8%D8%A3%D9%82%D9%84-%D8%B3%D8%B9%D8%B1-%D8%B4%D9%82%D8%A9-%D9%81%D9%8A%D9%88-%D8%A8%D8%AD%D8%B1-%D8%A8%D8%AA%D8%B4%D8%B7%D9%8A%D8%A8-%D9%83%D8%A7%D9%85%D9%84-super-lux-%D9%84%D9%84%D8%A8%D9%8A%D8%B9-%D8%A8%D8%A3%D8%B9%D9%84%D9%89-%D8%B9%D8%A7%D8%A6%D8%AF-%D8%A7%D8%B3%D8%AA%D8%AB%D9%85%D8%A7%D8%B1%D9%8A-%D9%81%D9%8A-%D8%A7%D8%A8%D8%B1%D8%A7%D8%AC-%D8%A7%D9%84%D8%B9%D9%84%D9%85%D9%8A%D9%86-%D8%A7%D9%84%D8%AC%D8%AF%D9%8A%D8%AF%D8%A9-%D8%A7%D9%84%D8%B3%D8%A7%D8%AD%D9%84-%D8%A7%D9%84%D8%B4%D9%85%D8%A7%D9%84%D9%8A-alamein-towers-north-coast-ID503897339.html
شقه للبيع في ماونتن فيو الجديده في قلب التجمع الخامس استلام قريب امام كمبوند هايد بارك واقساط تصل الي 14 سنه Creek View - Mountain View,6800000,2,2,110,https://www.dubizzle.com.eg/ad/%D8%B4%D9%82%D9%87-%D9%84%D9%84%D8%A8%D9%8A%D8%B9-%D9%81%D9%8A-%D9%85%D8%A7%D9%88%D9%86%D8%AA%D9%86-%D9%81%D9%8A%D9%88-%D8%A7%D9%84%D8%AC%D8%AF%D9%8A%D8%AF%D9%87-%D9%81%D9%8A-%D9%82%D9%84%D8%A8-%D8%A7%D9%84%D8%AA%D8%AC%D9%85%D8%B9-%D8%A7%D9%84%D8%AE%D8%A7%D9%85%D8%B3-%D8%A7%D8%B3%D8%AA%D9%84%D8%A7%D9%85-%D9%82%D8%B1%D9%8A%D8%A8-%D8%A7%D9%85%D8%A7%D9%85-%D9%83%D9%85%D8%A8%D9%88%D9%86%D8%AF-%D9%87%D8%A7%D9%8A%D8%AF-%D8%A8%D8%A7%D8%B1%D9%83-%D9%88%D8%A7%D9%82%D8%B3%D8%A7%D8%B7-%D8%AA%D8%B5%D9%84-%D8%A7%D9%84%D9%8A-14-%D8%B3%D9%86%D9%87-creek-view-mountain-view-ID503866327.html
شقه للبيع في التجمع السادس بكمبوند جيوار بجوار كمبوند الكازارعلي بعد دقائق من الجامعه الامريكيه - كمبوند جيوار | jiwar,5200000,2,2,110,https://www.dubizzle.com.eg/ad/%D8%B4%D9%82%D9%87-%D9%84%D9%84%D8%A8%D9%8A%D8%B9-%D9%81%D9%8A-%D8%A7%D9%84%D8%AA%D8%AC%D9%85%D8%B9-%D8%A7%D9%84%D8%B3%D8%A7%D8%AF%D8%B3-%D8%A8%D9%83%D9%85%D8%A8%D9%88%D9%86%D8%AF-%D8%AC%D9%8A%D9%88%D8%A7%D8%B1-%D8%A8%D8%AC%D9%88%D8%A7%D8%B1-%D9%83%D9%85%D8%A8%D9%88%D9%86%D8%AF-%D8%A7%D9%84%D9%83%D8%A7%D8%B2%D8%A7%D8%B1%D8%B9%D9%84%D9%8A-%D8%A8%D8%B9%D8%AF-%D8%AF%D9%82%D8%A7%D8%A6%D9%82-%D9%85%D9%86-%D8%A7%D9%84%D8%AC%D8%A7%D9%85%D8%B9%D9%87-%D8%A7%D9%84%D8%A7%D9%85%D8%B1%D9%8A%D9%83%D9%8A%D9%87-%D9%83%D9%85%D8%A8%D9%88%D9%86%D8%AF-%D8%AC%D9%8A%D9%88%D8%A7%D8%B1-jiwar-ID502920249.html
شقه للبيع في شيراتون علي بعد دقئق من مطار القاهره استلام فوري وتشطيب كامل سوبر لوكس بدفع مقدم 5% فقط واقساط علي 10 سنوات | مشروع ستودا الكازار | Stoda,6800000,2,2,138,https://www.dubizzle.com.eg/ad/%D8%B4%D9%82%D9%87-%D9%84%D9%84%D8%A8%D9%8A%D8%B9-%D9%81%D9%8A-%D8%B4%D9%8A%D8%B1%D8%A7%D8%AA%D9%88%D9%86-%D8%B9%D9%84%D9%8A-%D8%A8%D8%B9%D8%AF-%D8%AF%D9%82%D8%A6%D9%82-%D9%85%D9%86-%D9%85%D8%B7%D8%A7%D8%B1-%D8%A7%D9%84%D9%82%D8%A7%D9%87%D8%B1%D9%87-%D8%A7%D8%B3%D8%AA%D9%84%D8%A7%D9%85-%D9%81%D9%88%D8%B1%D9%8A-%D9%88%D8%AA%D8%B4%D8%B7%D9%8A%D8%A8-%D9%83%D8%A7%D9%85%D9%84-%D8%B3%D9%88%D8%A8%D8%B1-%D9%84%D9%88%D9%83%D8%B3-%D8%A8%D8%AF%D9%81%D8%B9-%D9%85%D9%82%D8%AF%D9%85-5-%D9%81%D9%82%D8%B7-%D9%88%D8%A7%D9%82%D8%B3%D8%A7%D8%B7-%D8%B9%D9%84%D9%8A-10-%D8%B3%D9%86%D9%88%D8%A7%D8%AA-%D9%85%D8%B4%D8%B1%D9%88%D8%B9-%D8%B3%D8%AA%D9%88%D8%AF%D8%A7-%D8%A7%D9%84%D9%83%D8%A7%D8%B2%D8%A7%D8%B1-stoda-ID502804072.html
بخصم كاش 34% شقه للبيع 3 غرف استلام فوري متشطبه بالكامل مع في شيراتون علي بعد دقئق من مطار القاهره  | مشروع ستودا الكازار | Stoda,7600000,3,3,163,https://www.dubizzle.com.eg/ad/%D8%A8%D8%AE%D8%B5%D9%85-%D9%83%D8%A7%D8%B4-34-%D8%B4%D9%82%D9%87-%D9%84%D9%84%D8%A8%D9%8A%D8%B9-3-%D8%BA%D8%B1%D9%81-%D8%A7%D8%B3%D8%AA%D9%84%D8%A7%D9%85-%D9%81%D9%88%D8%B1%D9%8A-%D9%85%D8%AA%D8%B4%D8%B7%D8%A8%D9%87-%D8%A8%D8%A7%D9%84%D9%83%D8%A7%D9%85%D9%84-%D9%85%D8%B9-%D9%81%D9%8A-%D8%B4%D9%8A%D8%B1%D8%A7%D8%AA%D9%88%D9%86-%D8%B9%D9%84%D9%8A-%D8%A8%D8%B9%D8%AF-%D8%AF%D9%82%D8%A6%D9%82-%D9%85%D9%86-%D9%85%D8%B7%D8%A7%D8%B1-%D8%A7%D9%84%D9%82%D8%A7%D9%87%D8%B1%D9%87-%D9%85%D8%B4%D8%B1%D9%88%D8%B9-%D8%B3%D8%AA%D9%88%D8%AF%D8%A7-%D8%A7%D9%84%D9%83%D8%A7%D8%B2%D8%A7%D8%B1-stoda-ID502804074.html
لسرعه البيع شقة للبيع بمقدم وتكملة أقساط بفيو لاندسكيب بأقل من سعر الشركة ريسيل 3 غرف في بلوم فيلدز Bloomfields المستقبل سيتي بجوار مدينتي وسراي,4700000,3,3,165,https://www.dubizzle.com.eg/ad/%D9%84%D8%B3%D8%B1%D8%B9%D9%87-%D8%A7%D9%84%D8%A8%D9%8A%D8%B9-%D8%B4%D9%82%D8%A9-%D9%84%D9%84%D8%A8%D9%8A%D8%B9-%D8%A8%D9%85%D9%82%D8%AF%D9%85-%D9%88%D8%AA%D9%83%D9%85%D9%84%D8%A9-%D8%A3%D9%82%D8%B3%D8%A7%D8%B7-%D8%A8%D9%81%D9%8A%D9%88-%D9%84%D8%A7%D9%86%D8%AF%D8%B3%D9%83%D9%8A%D8%A8-%D8%A8%D8%A3%D9%82%D9%84-%D9%85%D9%86-%D8%B3%D8%B9%D8%B1-%D8%A7%D9%84%D8%B4%D8%B1%D9%83%D8%A9-%D8%B1%D9%8A%D8%B3%D9%8A%D9%84-3-%D8%BA%D8%B1%D9%81-%D9%81%D9%8A-%D8%A8%D9%84%D9%88%D9%85-%D9%81%D9%8A%D9%84%D8%AF%D8%B2-bloomfields-%D8%A7%D9%84%D9%85%D8%B3%D8%AA%D9%82%D8%A8%D9%84-%D8%B3%D9%8A%D8%AA%D9%8A-%D8%A8%D8%AC%D9%88%D8%A7%D8%B1-%D9%85%D8%AF%D9%8A%D9%86%D8%AA%D9%8A-%D9%88%D8%B3%D8%B1%D8%A7%D9%8A-ID503900520.html
شقة للبيع فوري متشطبة في الحي التالت غرف فيلات,7000000,3,3,174,https://www.dubizzle.com.eg/ad/%D8%B4%D9%82%D8%A9-%D9%84%D9%84%D8%A8%D9%8A%D8%B9-%D9%81%D9%88%D8%B1%D9%8A-%D9%85%D8%AA%D8%B4%D8%B7%D8%A8%D8%A9-%D9%81%D9%8A-%D8%A7%D9%84%D8%AD%D9%8A-%D8%A7%D9%84%D8%AA%D8%A7%D9%84%D8%AA-%D8%BA%D8%B1%D9%81-%D9%81%D9%8A%D9%84%D8%A7%D8%AA-ID503748776.html
دوبلكس أرضي للبيع في ويستاون,17500000,4,4,240,https://www.dubizzle.com.eg/ad/%D8%AF%D9%88%D8%A8%D9%84%D9%83%D8%B3-%D8%A3%D8%B1%D8%B6%D9%8A-%D9%84%D9%84%D8%A8%D9%8A%D8%B9-%D9%81%D9%8A-%D9%88%D9%8A%D8%B3%D8%AA%D8%A7%D9%88%D9%86-ID503630813.html
شقة متشطبة بالكامل | استلام فوري | بافضل سعر للبيع في ميفيدا اعمار التجمع الخامس Mivida Emaar New Cairo,24000000,3,4,233,https://www.dubizzle.com.eg/ad/%D8%B4%D9%82%D8%A9-%D9%85%D8%AA%D8%B4%D8%B7%D8%A8%D8%A9-%D8%A8%D8%A7%D9%84%D9%83%D8%A7%D9%85%D9%84-%D8%A7%D8%B3%D8%AA%D9%84%D8%A7%D9%85-%D9%81%D9%88%D8%B1%D9%8A-%D8%A8%D8%A7%D9%81%D8%B6%D9%84-%D8%B3%D8%B9%D8%B1-%D9%84%D9%84%D8%A8%D9%8A%D8%B9-%D9%81%D9%8A-%D9%85%D9%8A%D9%81%D9%8A%D8%AF%D8%A7-%D8%A7%D8%B9%D9%85%D8%A7%D8%B1-%D8%A7%D9%84%D8%AA%D8%AC%D9%85%D8%B9-%D8%A7%D9%84%D8%AE%D8%A7%D9%85%D8%B3-mivida-emaar-new-cairo-ID503588492.html
شقه تشطيب سوبر لوكس للبيع,3500000,3,2,150,https://www.dubizzle.com.eg/ad/%D8%B4%D9%82%D9%87-%D8%AA%D8%B4%D8%B7%D9%8A%D8%A8-%D8%B3%D9%88%D8%A8%D8%B1-%D9%84%D9%88%D9%83%D8%B3-%D9%84%D9%84%D8%A8%D9%8A%D8%B9-ID203150496.html
شقة سوبر لوكس ١٧٥ متر حدائق الاهرام البوابة الرابعة,3200000,3,2,175,https://www.dubizzle.com.eg/ad/%D8%B4%D9%82%D8%A9-%D8%B3%D9%88%D8%A8%D8%B1-%D9%84%D9%88%D9%83%D8%B3-%D9%A1%D9%A7%D9%A5-%D9%85%D8%AA%D8%B1-%D8%AD%D8%AF%D8%A7%D8%A6%D9%82-%D8%A7%D9%84%D8%A7%D9%87%D8%B1%D8%A7%D9%85-%D8%A7%D9%84%D8%A8%D9%88%D8%A7%D8%A8%D8%A9-%D8%A7%D9%84%D8%B1%D8%A7%D8%A8%D8%B9%D8%A9-ID208650027.html
للبيع شقة تشطيب كامل بالتكيفات في التجمع الخامس استلام فوري من المراسم في Fifth Square | فيفث سكوير بجوار ميفيدا,10570000,2,2,116,https://www.dubizzle.com.eg/ad/%D9%84%D9%84%D8%A8%D9%8A%D8%B9-%D8%B4%D9%82%D8%A9-%D8%AA%D8%B4%D8%B7%D9%8A%D8%A8-%D9%83%D8%A7%D9%85%D9%84-%D8%A8%D8%A7%D9%84%D8%AA%D9%83%D9%8A%D9%81%D8%A7%D8%AA-%D9%81%D9%8A-%D8%A7%D9%84%D8%AA%D8%AC%D9%85%D8%B9-%D8%A7%D9%84%D8%AE%D8%A7%D9%85%D8%B3-%D8%A7%D8%B3%D8%AA%D9%84%D8%A7%D9%85-%D9%81%D9%88%D8%B1%D9%8A-%D9%85%D9%86-%D8%A7%D9%84%D9%85%D8%B1%D8%A7%D8%B3%D9%85-%D9%81%D9%8A-fifth-square-%D9%81%D9%8A%D9%81%D8%AB-%D8%B3%D9%83%D9%88%D9%8A%D8%B1-%D8%A8%D8%AC%D9%88%D8%A7%D8%B1-%D9%85%D9%8A%D9%81%D9%8A%D8%AF%D8%A7-ID503899082.html
شقة 161م مفروشه للبيع كاش بأرقي مناطق بالشروق امام بوابة مدينتي ٢,5600000,3,2,161,https://www.dubizzle.com.eg/ad/%D8%B4%D9%82%D8%A9-161%D9%85-%D9%85%D9%81%D8%B1%D9%88%D8%B4%D9%87-%D9%84%D9%84%D8%A8%D9%8A%D8%B9-%D9%83%D8%A7%D8%B4-%D8%A8%D8%A3%D8%B1%D9%82%D9%8A-%D9%85%D9%86%D8%A7%D8%B7%D9%82-%D8%A8%D8%A7%D9%84%D8%B4%D8%B1%D9%88%D9%82-%D8%A7%D9%85%D8%A7%D9%85-%D8%A8%D9%88%D8%A7%D8%A8%D8%A9-%D9%85%D8%AF%D9%8A%D9%86%D8%AA%D9%8A-%D9%A2-ID503753520.html
دوبلكس للبيع الحي الثالث شرق مدينة الشروق  280م,7615000,3,2,280,https://www.dubizzle.com.eg/ad/%D8%AF%D9%88%D8%A8%D9%84%D9%83%D8%B3-%D9%84%D9%84%D8%A8%D9%8A%D8%B9-%D8%A7%D9%84%D8%AD%D9%8A-%D8%A7%D9%84%D8%AB%D8%A7%D9%84%D8%AB-%D8%B4%D8%B1%D9%82-%D9%85%D8%AF%D9%8A%D9%86%D8%A9-%D8%A7%D9%84%D8%B4%D8%B1%D9%88%D9%82-280%D9%85-ID503742843.html
شقه للبيع 260م بالحي الثالث شرق مدينة الشروق,6600000,3,2,260,https://www.dubizzle.com.eg/ad/%D8%B4%D9%82%D9%87-%D9%84%D9%84%D8%A8%D9%8A%D8%B9-260%D9%85-%D8%A8%D8%A7%D9%84%D8%AD%D9%8A-%D8%A7%D9%84%D8%AB%D8%A7%D9%84%D8%AB-%D8%B4%D8%B1%D9%82-%D9%85%D8%AF%D9%8A%D9%86%D8%A9-%D8%A7%D9%84%D8%B4%D8%B1%D9%88%D9%82-ID503741521.html
"شقة للبيع في شارع مهدي عرفة – حي الواحة، مدينة نصر | 219 متر",5000000,3,3,219,https://www.dubizzle.com.eg/ad/%D8%B4%D9%82%D8%A9-%D9%84%D9%84%D8%A8%D9%8A%D8%B9-%D9%81%D9%8A-%D8%B4%D8%A7%D8%B1%D8%B9-%D9%85%D9%87%D8%AF%D9%8A-%D8%B9%D8%B1%D9%81%D8%A9-%D8%AD%D9%8A-%D8%A7%D9%84%D9%88%D8%A7%D8%AD%D8%A9-%D9%85%D8%AF%D9%8A%D9%86%D8%A9-%D9%86%D8%B5%D8%B1-219-%D9%85%D8%AA%D8%B1-ID503902203.html
شقة للبيع 230م الحي التامن   مدينة الشروق,5000000,3,3,230,https://www.dubizzle.com.eg/ad/%D8%B4%D9%82%D8%A9-%D9%84%D9%84%D8%A8%D9%8A%D8%B9-230%D9%85-%D8%A7%D9%84%D8%AD%D9%8A-%D8%A7%D9%84%D8%AA%D8%A7%D9%85%D9%86-%D9%85%D8%AF%D9%8A%D9%86%D8%A9-%D8%A7%D9%84%D8%B4%D8%B1%D9%88%D9%82-ID503752746.html
شقة للبيع غرفتين على شارع ٤٥ الرءيسي  الفيو جانبى ٩٠ متر,2500000,2,1,90,https://www.dubizzle.com.eg/ad/%D8%B4%D9%82%D8%A9-%D9%84%D9%84%D8%A8%D9%8A%D8%B9-%D8%BA%D8%B1%D9%81%D8%AA%D9%8A%D9%86-%D8%B9%D9%84%D9%89-%D8%B4%D8%A7%D8%B1%D8%B9-%D9%A4%D9%A5-%D8%A7%D9%84%D8%B1%D8%A1%D9%8A%D8%B3%D9%8A-%D8%A7%D9%84%D9%81%D9%8A%D9%88-%D8%AC%D8%A7%D9%86%D8%A8%D9%89-%D9%A9%D9%A0-%D9%85%D8%AA%D8%B1-ID503732631.html
"استديو للبيع بالتقسيط في الشيخ زايد ""بدون أوفر"" - كمبوند سكاي رامب (Sky Ramp) بموقع مميز",1500000,1,1,53,https://www.dubizzle.com.eg/ad/%D8%A7%D8%B3%D8%AA%D8%AF%D9%8A%D9%88-%D9%84%D9%84%D8%A8%D9%8A%D8%B9-%D8%A8%D8%A7%D9%84%D8%AA%D9%82%D8%B3%D9%8A%D8%B7-%D9%81%D9%8A-%D8%A7%D9%84%D8%B4%D9%8A%D8%AE-%D8%B2%D8%A7%D9%8A%D8%AF-%D8%A8%D8%AF%D9%88%D9%86-%D8%A3%D9%88%D9%81%D8%B1-%D9%83%D9%85%D8%A8%D9%88%D9%86%D8%AF-%D8%B3%D9%83%D8%A7%D9%8A-%D8%B1%D8%A7%D9%85%D8%A8-sky-ramp-%D8%A8%D9%85%D9%88%D9%82%D8%B9-%D9%85%D9%85%D9%8A%D8%B2-ID503730243.html
اقل سعر في الماركت دوبلكس بمساحه ممتازه - 205 متر 3 غرف - برايم لوكيشن - ابن فييو - for sale in sarai compound,8401000,3,3,205,https://www.dubizzle.com.eg/ad/%D8%A7%D9%82%D9%84-%D8%B3%D8%B9%D8%B1-%D9%81%D9%8A-%D8%A7%D9%84%D9%85%D8%A7%D8%B1%D9%83%D8%AA-%D8%AF%D9%88%D8%A8%D9%84%D9%83%D8%B3-%D8%A8%D9%85%D8%B3%D8%A7%D8%AD%D9%87-%D9%85%D9%85%D8%AA%D8%A7%D8%B2%D9%87-205-%D9%85%D8%AA%D8%B1-3-%D8%BA%D8%B1%D9%81-%D8%A8%D8%B1%D8%A7%D9%8A%D9%85-%D9%84%D9%88%D9%83%D9%8A%D8%B4%D9%86-%D8%A7%D8%A8%D9%86-%D9%81%D9%8A%D9%8A%D9%88-for-sale-in-sarai-compound-ID503899291.html
للبيع شقة في التجمع الخامس استلام فوري تشطيب كامل من المراسم في Fifth Square | فيفث سكوير بجوار ميفيدا,14300000,1,1,115,https://www.dubizzle.com.eg/ad/%D9%84%D9%84%D8%A8%D9%8A%D8%B9-%D8%B4%D9%82%D8%A9-%D9%81%D9%8A-%D8%A7%D9%84%D8%AA%D8%AC%D9%85%D8%B9-%D8%A7%D9%84%D8%AE%D8%A7%D9%85%D8%B3-%D8%A7%D8%B3%D8%AA%D9%84%D8%A7%D9%85-%D9%81%D9%88%D8%B1%D9%8A-%D8%AA%D8%B4%D8%B7%D9%8A%D8%A8-%D9%83%D8%A7%D9%85%D9%84-%D9%85%D9%86-%D8%A7%D9%84%D9%85%D8%B1%D8%A7%D8%B3%D9%85-%D9%81%D9%8A-fifth-square-%D9%81%D9%8A%D9%81%D8%AB-%D8%B3%D9%83%D9%88%D9%8A%D8%B1-%D8%A8%D8%AC%D9%88%D8%A7%D8%B1-%D9%85%D9%8A%D9%81%D9%8A%D8%AF%D8%A7-ID503898630.html
شقة للبيع استلام فوري متشطبة بالتكييفات في اليجريا بيفرلي هيلز الشيخ زايد بسعر لقطة,5500000,3,2,200,https://www.dubizzle.com.eg/ad/%D8%B4%D9%82%D8%A9-%D9%84%D9%84%D8%A8%D9%8A%D8%B9-%D8%A7%D8%B3%D8%AA%D9%84%D8%A7%D9%85-%D9%81%D9%88%D8%B1%D9%8A-%D9%85%D8%AA%D8%B4%D8%B7%D8%A8%D8%A9-%D8%A8%D8%A7%D9%84%D8%AA%D9%83%D9%8A%D9%8A%D9%81%D8%A7%D8%AA-%D9%81%D9%8A-%D8%A7%D9%84%D9%8A%D8%AC%D8%B1%D9%8A%D8%A7-%D8%A8%D9%8A%D9%81%D8%B1%D9%84%D9%8A-%D9%87%D9%8A%D9%84%D8%B2-%D8%A7%D9%84%D8%B4%D9%8A%D8%AE-%D8%B2%D8%A7%D9%8A%D8%AF-%D8%A8%D8%B3%D8%B9%D8%B1-%D9%84%D9%82%D8%B7%D8%A9-ID502783492.html
شقة للبيع استلام قريب  بأقل مقدم نصف تشطيب في Hyde park هايد بارك التجمع الخامس مع أطول فترة سداد بالتقسيط,14390000,2,3,113,https://www.dubizzle.com.eg/ad/%D8%B4%D9%82%D8%A9-%D9%84%D9%84%D8%A8%D9%8A%D8%B9-%D8%A7%D8%B3%D8%AA%D9%84%D8%A7%D9%85-%D9%82%D8%B1%D9%8A%D8%A8-%D8%A8%D8%A3%D9%82%D9%84-%D9%85%D9%82%D8%AF%D9%85-%D9%86%D8%B5%D9%81-%D8%AA%D8%B4%D8%B7%D9%8A%D8%A8-%D9%81%D9%8A-hyde-park-%D9%87%D8%A7%D9%8A%D8%AF-%D8%A8%D8%A7%D8%B1%D9%83-%D8%A7%D9%84%D8%AA%D8%AC%D9%85%D8%B9-%D8%A7%D9%84%D8%AE%D8%A7%D9%85%D8%B3-%D9%85%D8%B9-%D8%A3%D8%B7%D9%88%D9%84-%D9%81%D8%AA%D8%B1%D8%A9-%D8%B3%D8%AF%D8%A7%D8%AF-%D8%A8%D8%A7%D9%84%D8%AA%D9%82%D8%B3%D9%8A%D8%B7-ID503533496.html
استلم فوري بالتقسيط علي 3 سنين شقة للبيع 168م   تشطيب كامل بالتكييفات اميز لوكيشن فيو لاند سكيب في المراسم فيفث سكوير التجمع الخامس القاهرة الجديدة,13685000,3,3,168,https://www.dubizzle.com.eg/ad/%D8%A7%D8%B3%D8%AA%D9%84%D9%85-%D9%81%D9%88%D8%B1%D9%8A-%D8%A8%D8%A7%D9%84%D8%AA%D9%82%D8%B3%D9%8A%D8%B7-%D8%B9%D9%84%D9%8A-3-%D8%B3%D9%86%D9%8A%D9%86-%D8%B4%D9%82%D8%A9-%D9%84%D9%84%D8%A8%D9%8A%D8%B9-168%D9%85-%D8%AA%D8%B4%D8%B7%D9%8A%D8%A8-%D9%83%D8%A7%D9%85%D9%84-%D8%A8%D8%A7%D9%84%D8%AA%D9%83%D9%8A%D9%8A%D9%81%D8%A7%D8%AA-%D8%A7%D9%85%D9%8A%D8%B2-%D9%84%D9%88%D9%83%D9%8A%D8%B4%D9%86-%D9%81%D9%8A%D9%88-%D9%84%D8%A7%D9%86%D8%AF-%D8%B3%D9%83%D9%8A%D8%A8-%D9%81%D9%8A-%D8%A7%D9%84%D9%85%D8%B1%D8%A7%D8%B3%D9%85-%D9%81%D9%8A%D9%81%D8%AB-%D8%B3%D9%83%D9%88%D9%8A%D8%B1-%D8%A7%D9%84%D8%AA%D8%AC%D9%85%D8%B9-%D8%A7%D9%84%D8%AE%D8%A7%D9%85%D8%B3-%D8%A7%D9%84%D9%82%D8%A7%D9%87%D8%B1%D8%A9-%D8%A7%D9%84%D8%AC%D8%AF%D9%8A%D8%AF%D8%A9-ID503727649.html
شقة للبيع في ذا سكوير التجمع الخامس استلام فوري اقل من سعر السوق موقع مميز the square,7500000,3,3,185,https://www.dubizzle.com.eg/ad/%D8%B4%D9%82%D8%A9-%D9%84%D9%84%D8%A8%D9%8A%D8%B9-%D9%81%D9%8A-%D8%B0%D8%A7-%D8%B3%D9%83%D9%88%D9%8A%D8%B1-%D8%A7%D9%84%D8%AA%D8%AC%D9%85%D8%B9-%D8%A7%D9%84%D8%AE%D8%A7%D9%85%D8%B3-%D8%A7%D8%B3%D8%AA%D9%84%D8%A7%D9%85-%D9%81%D9%88%D8%B1%D9%8A-%D8%A7%D9%82%D9%84-%D9%85%D9%86-%D8%B3%D8%B9%D8%B1-%D8%A7%D9%84%D8%B3%D9%88%D9%82-%D9%85%D9%88%D9%82%D8%B9-%D9%85%D9%85%D9%8A%D8%B2-the-square-ID503721064.html
دوبلكس متشطب في تاج سيتي Taj city القاهره الجديده استلام فوري مرحله تاج سلطان Taj Sultan و موقع مميز بسعر لقطه,10000000,3,3,161,https://www.dubizzle.com.eg/ad/%D8%AF%D9%88%D8%A8%D9%84%D9%83%D8%B3-%D9%85%D8%AA%D8%B4%D8%B7%D8%A8-%D9%81%D9%8A-%D8%AA%D8%A7%D8%AC-%D8%B3%D9%8A%D8%AA%D9%8A-taj-city-%D8%A7%D9%84%D9%82%D8%A7%D9%87%D8%B1%D9%87-%D8%A7%D9%84%D8%AC%D8%AF%D9%8A%D8%AF%D9%87-%D8%A7%D8%B3%D8%AA%D9%84%D8%A7%D9%85-%D9%81%D9%88%D8%B1%D9%8A-%D9%85%D8%B1%D8%AD%D9%84%D9%87-%D8%AA%D8%A7%D8%AC-%D8%B3%D9%84%D8%B7%D8%A7%D9%86-taj-sultan-%D9%88-%D9%85%D9%88%D9%82%D8%B9-%D9%85%D9%85%D9%8A%D8%B2-%D8%A8%D8%B3%D8%B9%D8%B1-%D9%84%D9%82%D8%B7%D9%87-ID503397846.html
شقة للبيع فى النرجس الجديدة بالتجمع الخامس من المالك مباشرة استلام فورى,4808000,3,2,144,https://www.dubizzle.com.eg/ad/%D8%B4%D9%82%D8%A9-%D9%84%D9%84%D8%A8%D9%8A%D8%B9-%D9%81%D9%89-%D8%A7%D9%84%D9%86%D8%B1%D8%AC%D8%B3-%D8%A7%D9%84%D8%AC%D8%AF%D9%8A%D8%AF%D8%A9-%D8%A8%D8%A7%D9%84%D8%AA%D8%AC%D9%85%D8%B9-%D8%A7%D9%84%D8%AE%D8%A7%D9%85%D8%B3-%D9%85%D9%86-%D8%A7%D9%84%D9%85%D8%A7%D9%84%D9%83-%D9%85%D8%A8%D8%A7%D8%B4%D8%B1%D8%A9-%D8%A7%D8%B3%D8%AA%D9%84%D8%A7%D9%85-%D9%81%D9%88%D8%B1%D9%89-ID503879052.html
بنتهاوس متشطب بالكامل بالتكييفات والأجهزة والمطبخ فيLake View Residence ليك فيو ريزيدنس 1 القاهره الجديده استلام فوري موقع مميز جداً مباشر على اللاجون,30500000,3,3,266,https://www.dubizzle.com.eg/ad/%D8%A8%D9%86%D8%AA%D9%87%D8%A7%D9%88%D8%B3-%D9%85%D8%AA%D8%B4%D8%B7%D8%A8-%D8%A8%D8%A7%D9%84%D9%83%D8%A7%D9%85%D9%84-%D8%A8%D8%A7%D9%84%D8%AA%D9%83%D9%8A%D9%8A%D9%81%D8%A7%D8%AA-%D9%88%D8%A7%D9%84%D8%A3%D8%AC%D9%87%D8%B2%D8%A9-%D9%88%D8%A7%D9%84%D9%85%D8%B7%D8%A8%D8%AE-%D9%81%D9%8Alake-view-residence-%D9%84%D9%8A%D9%83-%D9%81%D9%8A%D9%88-%D8%B1%D9%8A%D8%B2%D9%8A%D8%AF%D9%86%D8%B3-1-%D8%A7%D9%84%D9%82%D8%A7%D9%87%D8%B1%D9%87-%D8%A7%D9%84%D8%AC%D8%AF%D9%8A%D8%AF%D9%87-%D8%A7%D8%B3%D8%AA%D9%84%D8%A7%D9%85-%D9%81%D9%88%D8%B1%D9%8A-%D9%85%D9%88%D9%82%D8%B9-%D9%85%D9%85%D9%8A%D8%B2-%D8%AC%D8%AF%D8%A7-%D9%85%D8%A8%D8%A7%D8%B4%D8%B1-%D8%B9%D9%84%D9%89-%D8%A7%D9%84%D9%84%D8%A7%D8%AC%D9%88%D9%86-ID502241865.html
شقة للبيع 3 غرف بخصم على سعر المتر فى بيت الوطن بالتجمع الخامس برايم لوكيشن من المالك مباشرة,3630000,3,2,140,https://www.dubizzle.com.eg/ad/%D8%B4%D9%82%D8%A9-%D9%84%D9%84%D8%A8%D9%8A%D8%B9-3-%D8%BA%D8%B1%D9%81-%D8%A8%D8%AE%D8%B5%D9%85-%D8%B9%D9%84%D9%89-%D8%B3%D8%B9%D8%B1-%D8%A7%D9%84%D9%85%D8%AA%D8%B1-%D9%81%D9%89-%D8%A8%D9%8A%D8%AA-%D8%A7%D9%84%D9%88%D8%B7%D9%86-%D8%A8%D8%A7%D9%84%D8%AA%D8%AC%D9%85%D8%B9-%D8%A7%D9%84%D8%AE%D8%A7%D9%85%D8%B3-%D8%A8%D8%B1%D8%A7%D9%8A%D9%85-%D9%84%D9%88%D9%83%D9%8A%D8%B4%D9%86-%D9%85%D9%86-%D8%A7%D9%84%D9%85%D8%A7%D9%84%D9%83-%D9%85%D8%A8%D8%A7%D8%B4%D8%B1%D8%A9-ID503884907.html
شقة للبيع في كمبوند حدائق المهندسين    فرصة استثمارية مميزة لوحدة جاهزة بعائد إيجاري قائم.,4500000,2,1,100,https://www.dubizzle.com.eg/ad/%D8%B4%D9%82%D8%A9-%D9%84%D9%84%D8%A8%D9%8A%D8%B9-%D9%81%D9%8A-%D9%83%D9%85%D8%A8%D9%88%D9%86%D8%AF-%D8%AD%D8%AF%D8%A7%D8%A6%D9%82-%D8%A7%D9%84%D9%85%D9%87%D9%86%D8%AF%D8%B3%D9%8A%D9%86-%D9%81%D8%B1%D8%B5%D8%A9-%D8%A7%D8%B3%D8%AA%D8%AB%D9%85%D8%A7%D8%B1%D9%8A%D8%A9-%D9%85%D9%85%D9%8A%D8%B2%D8%A9-%D9%84%D9%88%D8%AD%D8%AF%D8%A9-%D8%AC%D8%A7%D9%87%D8%B2%D8%A9-%D8%A8%D8%B9%D8%A7%D8%A6%D8%AF-%D8%A5%D9%8A%D8%AC%D8%A7%D8%B1%D9%8A-%D9%82%D8%A7%D8%A6%D9%85-ID503597354.html
شقة للبيع 218 م رشدي (علي ترام مباشرة),7900000,3,3,218,https://www.dubizzle.com.eg/ad/%D8%B4%D9%82%D8%A9-%D9%84%D9%84%D8%A8%D9%8A%D8%B9-218-%D9%85-%D8%B1%D8%B4%D8%AF%D9%8A-%D8%B9%D9%84%D9%8A-%D8%AA%D8%B1%D8%A7%D9%85-%D9%85%D8%A8%D8%A7%D8%B4%D8%B1%D8%A9-ID503203724.html
شقة للبيع 140 متر من المالك مباشرة فى شمال الرحاب التجمع الخامس استلام فورى,4820000,3,2,140,https://www.dubizzle.com.eg/ad/%D8%B4%D9%82%D8%A9-%D9%84%D9%84%D8%A8%D9%8A%D8%B9-140-%D9%85%D8%AA%D8%B1-%D9%85%D9%86-%D8%A7%D9%84%D9%85%D8%A7%D9%84%D9%83-%D9%85%D8%A8%D8%A7%D8%B4%D8%B1%D8%A9-%D9%81%D9%89-%D8%B4%D9%85%D8%A7%D9%84-%D8%A7%D9%84%D8%B1%D8%AD%D8%A7%D8%A8-%D8%A7%D9%84%D8%AA%D8%AC%D9%85%D8%B9-%D8%A7%D9%84%D8%AE%D8%A7%D9%85%D8%B3-%D8%A7%D8%B3%D8%AA%D9%84%D8%A7%D9%85-%D9%81%D9%88%D8%B1%D9%89-ID503899587.html
شقه للبيع غرفتين في التجمع الخامس بمقدم 5% فقط واقساط تصل الي 10 سنوات في كمبوند ذا كريست | مع تشطيب كامل  | واستلام سنتين  * The Crest *,6200000,2,2,110,https://www.dubizzle.com.eg/ad/%D8%B4%D9%82%D9%87-%D9%84%D9%84%D8%A8%D9%8A%D8%B9-%D8%BA%D8%B1%D9%81%D8%AA%D9%8A%D9%86-%D9%81%D9%8A-%D8%A7%D9%84%D8%AA%D8%AC%D9%85%D8%B9-%D8%A7%D9%84%D8%AE%D8%A7%D9%85%D8%B3-%D8%A8%D9%85%D9%82%D8%AF%D9%85-5-%D9%81%D9%82%D8%B7-%D9%88%D8%A7%D9%82%D8%B3%D8%A7%D8%B7-%D8%AA%D8%B5%D9%84-%D8%A7%D9%84%D9%8A-10-%D8%B3%D9%86%D9%88%D8%A7%D8%AA-%D9%81%D9%8A-%D9%83%D9%85%D8%A8%D9%88%D9%86%D8%AF-%D8%B0%D8%A7-%D9%83%D8%B1%D9%8A%D8%B3%D8%AA-%D9%85%D8%B9-%D8%AA%D8%B4%D8%B7%D9%8A%D8%A8-%D9%83%D8%A7%D9%85%D9%84-%D9%88%D8%A7%D8%B3%D8%AA%D9%84%D8%A7%D9%85-%D8%B3%D9%86%D8%AA%D9%8A%D9%86-the-crest-ID503734448.html
المستثمر الصغير جنوب الأحياء 6 أكتوبر,2150000,3,2,135,https://www.dubizzle.com.eg/ad/%D8%A7%D9%84%D9%85%D8%B3%D8%AA%D8%AB%D9%85%D8%B1-%D8%A7%D9%84%D8%B5%D8%BA%D9%8A%D8%B1-%D8%AC%D9%86%D9%88%D8%A8-%D8%A7%D9%84%D8%A3%D8%AD%D9%8A%D8%A7%D8%A1-6-%D8%A3%D9%83%D8%AA%D9%88%D8%A8%D8%B1-ID208646280.html
شقه للبيع في كمبوند ستون ريزدينس استلام فورى  بخصم كاش 25% في التجمع الخامس بفيو لاند اسكيب في قلب القاهرة الجديدة - ستون ريزدينس | Stone Residence,7000000,2,2,155,https://www.dubizzle.com.eg/ad/%D8%B4%D9%82%D9%87-%D9%84%D9%84%D8%A8%D9%8A%D8%B9-%D9%81%D9%8A-%D9%83%D9%85%D8%A8%D9%88%D9%86%D8%AF-%D8%B3%D8%AA%D9%88%D9%86-%D8%B1%D9%8A%D8%B2%D8%AF%D9%8A%D9%86%D8%B3-%D8%A7%D8%B3%D8%AA%D9%84%D8%A7%D9%85-%D9%81%D9%88%D8%B1%D9%89-%D8%A8%D8%AE%D8%B5%D9%85-%D9%83%D8%A7%D8%B4-25-%D9%81%D9%8A-%D8%A7%D9%84%D8%AA%D8%AC%D9%85%D8%B9-%D8%A7%D9%84%D8%AE%D8%A7%D9%85%D8%B3-%D8%A8%D9%81%D9%8A%D9%88-%D9%84%D8%A7%D9%86%D8%AF-%D8%A7%D8%B3%D9%83%D9%8A%D8%A8-%D9%81%D9%8A-%D9%82%D9%84%D8%A8-%D8%A7%D9%84%D9%82%D8%A7%D9%87%D8%B1%D8%A9-%D8%A7%D9%84%D8%AC%D8%AF%D9%8A%D8%AF%D8%A9-%D8%B3%D8%AA%D9%88%D9%86-%D8%B1%D9%8A%D8%B2%D8%AF%D9%8A%D9%86%D8%B3-stone-residence-ID503569147.html
شقه للبيع بخصم كاش 25% استلام فوري في التجمع الخامس بفيو لاند اسكيب في قلب القاهرة الجديدة - ستون ريزدينس | Stone Residence,6800000,2,2,140,https://www.dubizzle.com.eg/ad/%D8%B4%D9%82%D9%87-%D9%84%D9%84%D8%A8%D9%8A%D8%B9-%D8%A8%D8%AE%D8%B5%D9%85-%D9%83%D8%A7%D8%B4-25-%D8%A7%D8%B3%D8%AA%D9%84%D8%A7%D9%85-%D9%81%D9%88%D8%B1%D9%8A-%D9%81%D9%8A-%D8%A7%D9%84%D8%AA%D8%AC%D9%85%D8%B9-%D8%A7%D9%84%D8%AE%D8%A7%D9%85%D8%B3-%D8%A8%D9%81%D9%8A%D9%88-%D9%84%D8%A7%D9%86%D8%AF-%D8%A7%D8%B3%D9%83%D9%8A%D8%A8-%D9%81%D9%8A-%D9%82%D9%84%D8%A8-%D8%A7%D9%84%D9%82%D8%A7%D9%87%D8%B1%D8%A9-%D8%A7%D9%84%D8%AC%D8%AF%D9%8A%D8%AF%D8%A9-%D8%B3%D8%AA%D9%88%D9%86-%D8%B1%D9%8A%D8%B2%D8%AF%D9%8A%D9%86%D8%B3-stone-residence-ID503347916.html
شقه للبيع في شيراتون علي بعد دقايق من مطار القاهره استلام فوري متشطب بالكامل بسعر الكاش او مقدم 11% واقساط علي 10 سنوات | مشروع ستودا الكازار | Stoda,6800000,2,2,134,https://www.dubizzle.com.eg/ad/%D8%B4%D9%82%D9%87-%D9%84%D9%84%D8%A8%D9%8A%D8%B9-%D9%81%D9%8A-%D8%B4%D9%8A%D8%B1%D8%A7%D8%AA%D9%88%D9%86-%D8%B9%D9%84%D9%8A-%D8%A8%D8%B9%D8%AF-%D8%AF%D9%82%D8%A7%D9%8A%D9%82-%D9%85%D9%86-%D9%85%D8%B7%D8%A7%D8%B1-%D8%A7%D9%84%D9%82%D8%A7%D9%87%D8%B1%D9%87-%D8%A7%D8%B3%D8%AA%D9%84%D8%A7%D9%85-%D9%81%D9%88%D8%B1%D9%8A-%D9%85%D8%AA%D8%B4%D8%B7%D8%A8-%D8%A8%D8%A7%D9%84%D9%83%D8%A7%D9%85%D9%84-%D8%A8%D8%B3%D8%B9%D8%B1-%D8%A7%D9%84%D9%83%D8%A7%D8%B4-%D8%A7%D9%88-%D9%85%D9%82%D8%AF%D9%85-11-%D9%88%D8%A7%D9%82%D8%B3%D8%A7%D8%B7-%D8%B9%D9%84%D9%8A-10-%D8%B3%D9%86%D9%88%D8%A7%D8%AA-%D9%85%D8%B4%D8%B1%D9%88%D8%B9-%D8%B3%D8%AA%D9%88%D8%AF%D8%A7-%D8%A7%D9%84%D9%83%D8%A7%D8%B2%D8%A7%D8%B1-stoda-ID503182064.html
شقه للبيع استلام فورى بسعر الكاش ف علي بعد دقايق من مطار القاهره وتشطيب كامل سوبر لوكس بدفع مقدم 11%  واقساط علي 10 سنوات | مشروع ستودا الكازار | Stod,7200000,3,2,150,https://www.dubizzle.com.eg/ad/%D8%B4%D9%82%D9%87-%D9%84%D9%84%D8%A8%D9%8A%D8%B9-%D8%A7%D8%B3%D8%AA%D9%84%D8%A7%D9%85-%D9%81%D9%88%D8%B1%D9%89-%D8%A8%D8%B3%D8%B9%D8%B1-%D8%A7%D9%84%D9%83%D8%A7%D8%B4-%D9%81-%D8%B9%D9%84%D9%8A-%D8%A8%D8%B9%D8%AF-%D8%AF%D9%82%D8%A7%D9%8A%D9%82-%D9%85%D9%86-%D9%85%D8%B7%D8%A7%D8%B1-%D8%A7%D9%84%D9%82%D8%A7%D9%87%D8%B1%D9%87-%D9%88%D8%AA%D8%B4%D8%B7%D9%8A%D8%A8-%D9%83%D8%A7%D9%85%D9%84-%D8%B3%D9%88%D8%A8%D8%B1-%D9%84%D9%88%D9%83%D8%B3-%D8%A8%D8%AF%D9%81%D8%B9-%D9%85%D9%82%D8%AF%D9%85-11-%D9%88%D8%A7%D9%82%D8%B3%D8%A7%D8%B7-%D8%B9%D9%84%D9%8A-10-%D8%B3%D9%86%D9%88%D8%A7%D8%AA-%D9%85%D8%B4%D8%B1%D9%88%D8%B9-%D8%B3%D8%AA%D9%88%D8%AF%D8%A7-%D8%A7%D9%84%D9%83%D8%A7%D8%B2%D8%A7%D8%B1-stod-ID502960604.html
شقه للبيع استلام فوري بسعر الكاش في نيو جاردن سيتي متشطبه بالكامل بالتكيفات | او بمقدم 5% واقساط علي اطول سداد * Garden city *,5700000,2,2,138,https://www.dubizzle.com.eg/ad/%D8%B4%D9%82%D9%87-%D9%84%D9%84%D8%A8%D9%8A%D8%B9-%D8%A7%D8%B3%D8%AA%D9%84%D8%A7%D9%85-%D9%81%D9%88%D8%B1%D9%8A-%D8%A8%D8%B3%D8%B9%D8%B1-%D8%A7%D9%84%D9%83%D8%A7%D8%B4-%D9%81%D9%8A-%D9%86%D9%8A%D9%88-%D8%AC%D8%A7%D8%B1%D8%AF%D9%86-%D8%B3%D9%8A%D8%AA%D9%8A-%D9%85%D8%AA%D8%B4%D8%B7%D8%A8%D9%87-%D8%A8%D8%A7%D9%84%D9%83%D8%A7%D9%85%D9%84-%D8%A8%D8%A7%D9%84%D8%AA%D9%83%D9%8A%D9%81%D8%A7%D8%AA-%D8%A7%D9%88-%D8%A8%D9%85%D9%82%D8%AF%D9%85-5-%D9%88%D8%A7%D9%82%D8%B3%D8%A7%D8%B7-%D8%B9%D9%84%D9%8A-%D8%A7%D8%B7%D9%88%D9%84-%D8%B3%D8%AF%D8%A7%D8%AF-garden-city-ID503664655.html
شقه للبيع في هايد بارك التجمع السادس سور في سور مع زيد ايست | علي بعد دقائق من لافيستا - دفع مقدم 5% واقساط تصل الي 10 سنوات Hyde Park New Cairo,5500000,2,2,100,https://www.dubizzle.com.eg/ad/%D8%B4%D9%82%D9%87-%D9%84%D9%84%D8%A8%D9%8A%D8%B9-%D9%81%D9%8A-%D9%87%D8%A7%D9%8A%D8%AF-%D8%A8%D8%A7%D8%B1%D9%83-%D8%A7%D9%84%D8%AA%D8%AC%D9%85%D8%B9-%D8%A7%D9%84%D8%B3%D8%A7%D8%AF%D8%B3-%D8%B3%D9%88%D8%B1-%D9%81%D9%8A-%D8%B3%D9%88%D8%B1-%D9%85%D8%B9-%D8%B2%D9%8A%D8%AF-%D8%A7%D9%8A%D8%B3%D8%AA-%D8%B9%D9%84%D9%8A-%D8%A8%D8%B9%D8%AF-%D8%AF%D9%82%D8%A7%D8%A6%D9%82-%D9%85%D9%86-%D9%84%D8%A7%D9%81%D9%8A%D8%B3%D8%AA%D8%A7-%D8%AF%D9%81%D8%B9-%D9%85%D9%82%D8%AF%D9%85-5-%D9%88%D8%A7%D9%82%D8%B3%D8%A7%D8%B7-%D8%AA%D8%B5%D9%84-%D8%A7%D9%84%D9%8A-10-%D8%B3%D9%86%D9%88%D8%A7%D8%AA-hyde-park-new-cairo-ID503650912.html
شقه للبيع استلام فوري بسعر الكاش في نيو جاردن سيتي متشطبه بالكامل | او بمقدم 5% مبني علي الطراز الفرنسي * Garden city *,5400000,2,2,124,https://www.dubizzle.com.eg/ad/%D8%B4%D9%82%D9%87-%D9%84%D9%84%D8%A8%D9%8A%D8%B9-%D8%A7%D8%B3%D8%AA%D9%84%D8%A7%D9%85-%D9%81%D9%88%D8%B1%D9%8A-%D8%A8%D8%B3%D8%B9%D8%B1-%D8%A7%D9%84%D9%83%D8%A7%D8%B4-%D9%81%D9%8A-%D9%86%D9%8A%D9%88-%D8%AC%D8%A7%D8%B1%D8%AF%D9%86-%D8%B3%D9%8A%D8%AA%D9%8A-%D9%85%D8%AA%D8%B4%D8%B7%D8%A8%D9%87-%D8%A8%D8%A7%D9%84%D9%83%D8%A7%D9%85%D9%84-%D8%A7%D9%88-%D8%A8%D9%85%D9%82%D8%AF%D9%85-5-%D9%85%D8%A8%D9%86%D9%8A-%D8%B9%D9%84%D9%8A-%D8%A7%D9%84%D8%B7%D8%B1%D8%A7%D8%B2-%D8%A7%D9%84%D9%81%D8%B1%D9%86%D8%B3%D9%8A-garden-city-ID503354865.html
شقه للبيع في قلب العاصمه الاداريه في نيو جاردن سيتي استلام فورى متشطبه بالكامل بسعر الكاش او اقساط حتي 12 سنه Garden city *,6100000,3,3,192,https://www.dubizzle.com.eg/ad/%D8%B4%D9%82%D9%87-%D9%84%D9%84%D8%A8%D9%8A%D8%B9-%D9%81%D9%8A-%D9%82%D9%84%D8%A8-%D8%A7%D9%84%D8%B9%D8%A7%D8%B5%D9%85%D9%87-%D8%A7%D9%84%D8%A7%D8%AF%D8%A7%D8%B1%D9%8A%D9%87-%D9%81%D9%8A-%D9%86%D9%8A%D9%88-%D8%AC%D8%A7%D8%B1%D8%AF%D9%86-%D8%B3%D9%8A%D8%AA%D9%8A-%D8%A7%D8%B3%D8%AA%D9%84%D8%A7%D9%85-%D9%81%D9%88%D8%B1%D9%89-%D9%85%D8%AA%D8%B4%D8%B7%D8%A8%D9%87-%D8%A8%D8%A7%D9%84%D9%83%D8%A7%D9%85%D9%84-%D8%A8%D8%B3%D8%B9%D8%B1-%D8%A7%D9%84%D9%83%D8%A7%D8%B4-%D8%A7%D9%88-%D8%A7%D9%82%D8%B3%D8%A7%D8%B7-%D8%AD%D8%AA%D9%8A-12-%D8%B3%D9%86%D9%87-garden-city-ID503182116.html
للبيع من المالك شقه  ١٢٠م مميزة بمدينة نصر – مكرم عبيد الرئيسي,3150000,2,1,120,https://www.dubizzle.com.eg/ad/%D9%84%D9%84%D8%A8%D9%8A%D8%B9-%D9%85%D9%86-%D8%A7%D9%84%D9%85%D8%A7%D9%84%D9%83-%D8%B4%D9%82%D9%87-%D9%A1%D9%A2%D9%A0%D9%85-%D9%85%D9%85%D9%8A%D8%B2%D8%A9-%D8%A8%D9%85%D8%AF%D9%8A%D9%86%D8%A9-%D9%86%D8%B5%D8%B1-%D9%85%D9%83%D8%B1%D9%85-%D8%B9%D8%A8%D9%8A%D8%AF-%D8%A7%D9%84%D8%B1%D8%A6%D9%8A%D8%B3%D9%8A-ID208272505.html
شقه للبيع في  قلب التجمع الخامس في الجولدن سكوير في كمبوند ايكون مقدم 5%  وقسط علي 10 سنوات مع خصم كاش 35% | * Icon *,4500000,3,3,158,https://www.dubizzle.com.eg/ad/%D8%B4%D9%82%D9%87-%D9%84%D9%84%D8%A8%D9%8A%D8%B9-%D9%81%D9%8A-%D9%82%D9%84%D8%A8-%D8%A7%D9%84%D8%AA%D8%AC%D9%85%D8%B9-%D8%A7%D9%84%D8%AE%D8%A7%D9%85%D8%B3-%D9%81%D9%8A-%D8%A7%D9%84%D8%AC%D9%88%D9%84%D8%AF%D9%86-%D8%B3%D9%83%D9%88%D9%8A%D8%B1-%D9%81%D9%8A-%D9%83%D9%85%D8%A8%D9%88%D9%86%D8%AF-%D8%A7%D9%8A%D9%83%D9%88%D9%86-%D9%85%D9%82%D8%AF%D9%85-5-%D9%88%D9%82%D8%B3%D8%B7-%D8%B9%D9%84%D9%8A-10-%D8%B3%D9%86%D9%88%D8%A7%D8%AA-%D9%85%D8%B9-%D8%AE%D8%B5%D9%85-%D9%83%D8%A7%D8%B4-35-icon-ID503589686.html
شقه للبيع بخصم كاش 50% بالقرب من الجولدن اسكوير والجامعه الامريكيه في كمبوند تاج سيتي بفيو مميز في التجمع الخامس| Taj city,5100000,2,2,114,https://www.dubizzle.com.eg/ad/%D8%B4%D9%82%D9%87-%D9%84%D9%84%D8%A8%D9%8A%D8%B9-%D8%A8%D8%AE%D8%B5%D9%85-%D9%83%D8%A7%D8%B4-50-%D8%A8%D8%A7%D9%84%D9%82%D8%B1%D8%A8-%D9%85%D9%86-%D8%A7%D9%84%D8%AC%D9%88%D9%84%D8%AF%D9%86-%D8%A7%D8%B3%D9%83%D9%88%D9%8A%D8%B1-%D9%88%D8%A7%D9%84%D8%AC%D8%A7%D9%85%D8%B9%D9%87-%D8%A7%D9%84%D8%A7%D9%85%D8%B1%D9%8A%D9%83%D9%8A%D9%87-%D9%81%D9%8A-%D9%83%D9%85%D8%A8%D9%88%D9%86%D8%AF-%D8%AA%D8%A7%D8%AC-%D8%B3%D9%8A%D8%AA%D9%8A-%D8%A8%D9%81%D9%8A%D9%88-%D9%85%D9%85%D9%8A%D8%B2-%D9%81%D9%8A-%D8%A7%D9%84%D8%AA%D8%AC%D9%85%D8%B9-%D8%A7%D9%84%D8%AE%D8%A7%D9%85%D8%B3-taj-city-ID503416891.html
( أستفاد بأكبر خصم ) وأقل سعرشقة لقطة للبيع في كمبوند سراي Sarai و اميز لوكيشن فـ الكمبوند عند مدخل التجمع الخامس بنص السعر,2816000,1,2,79,https://www.dubizzle.com.eg/ad/%D8%A3%D8%B3%D8%AA%D9%81%D8%A7%D8%AF-%D8%A8%D8%A3%D9%83%D8%A8%D8%B1-%D8%AE%D8%B5%D9%85-%D9%88%D8%A3%D9%82%D9%84-%D8%B3%D8%B9%D8%B1%D8%B4%D9%82%D8%A9-%D9%84%D9%82%D8%B7%D8%A9-%D9%84%D9%84%D8%A8%D9%8A%D8%B9-%D9%81%D9%8A-%D9%83%D9%85%D8%A8%D9%88%D9%86%D8%AF-%D8%B3%D8%B1%D8%A7%D9%8A-sarai-%D9%88-%D8%A7%D9%85%D9%8A%D8%B2-%D9%84%D9%88%D9%83%D9%8A%D8%B4%D9%86-%D9%81%D9%80-%D8%A7%D9%84%D9%83%D9%85%D8%A8%D9%88%D9%86%D8%AF-%D8%B9%D9%86%D8%AF-%D9%85%D8%AF%D8%AE%D9%84-%D8%A7%D9%84%D8%AA%D8%AC%D9%85%D8%B9-%D8%A7%D9%84%D8%AE%D8%A7%D9%85%D8%B3-%D8%A8%D9%86%D8%B5-%D8%A7%D9%84%D8%B3%D8%B9%D8%B1-ID503692450.html
أستلم شقتك متشطبة في الحي الاتيني و بأقل سعر جاهزة عـ الفرش فـ مدينة العلمين الجديدة,3983000,2,2,137,https://www.dubizzle.com.eg/ad/%D8%A3%D8%B3%D8%AA%D9%84%D9%85-%D8%B4%D9%82%D8%AA%D9%83-%D9%85%D8%AA%D8%B4%D8%B7%D8%A8%D8%A9-%D9%81%D9%8A-%D8%A7%D9%84%D8%AD%D9%8A-%D8%A7%D9%84%D8%A7%D8%AA%D9%8A%D9%86%D9%8A-%D9%88-%D8%A8%D8%A3%D9%82%D9%84-%D8%B3%D8%B9%D8%B1-%D8%AC%D8%A7%D9%87%D8%B2%D8%A9-%D8%B9%D9%80-%D8%A7%D9%84%D9%81%D8%B1%D8%B4-%D9%81%D9%80-%D9%85%D8%AF%D9%8A%D9%86%D8%A9-%D8%A7%D9%84%D8%B9%D9%84%D9%85%D9%8A%D9%86-%D8%A7%D9%84%D8%AC%D8%AF%D9%8A%D8%AF%D8%A9-ID503559913.html
أستفاد بالسعر القديم شقة لقطة للبيع بأقل سعر فـ اميز لوكيشن عند مدخل التجمع الخامس فـ كمبوند سراي Sarai بنص سعرها,2316000,1,2,62,https://www.dubizzle.com.eg/ad/%D8%A3%D8%B3%D8%AA%D9%81%D8%A7%D8%AF-%D8%A8%D8%A7%D9%84%D8%B3%D8%B9%D8%B1-%D8%A7%D9%84%D9%82%D8%AF%D9%8A%D9%85-%D8%B4%D9%82%D8%A9-%D9%84%D9%82%D8%B7%D8%A9-%D9%84%D9%84%D8%A8%D9%8A%D8%B9-%D8%A8%D8%A3%D9%82%D9%84-%D8%B3%D8%B9%D8%B1-%D9%81%D9%80-%D8%A7%D9%85%D9%8A%D8%B2-%D9%84%D9%88%D9%83%D9%8A%D8%B4%D9%86-%D8%B9%D9%86%D8%AF-%D9%85%D8%AF%D8%AE%D9%84-%D8%A7%D9%84%D8%AA%D8%AC%D9%85%D8%B9-%D8%A7%D9%84%D8%AE%D8%A7%D9%85%D8%B3-%D9%81%D9%80-%D9%83%D9%85%D8%A8%D9%88%D9%86%D8%AF-%D8%B3%D8%B1%D8%A7%D9%8A-sarai-%D8%A8%D9%86%D8%B5-%D8%B3%D8%B9%D8%B1%D9%87%D8%A7-ID503565362.html
شقه للبيع 3 غرف في التجمع الخامس في تاج ستي بسعر الكاش او قسط علي 12 سنه دفع بدون مقدم 0%  مع شركه مدينه مصر | القاهره الجديدة  |  taj cit,6450000,3,3,132,https://www.dubizzle.com.eg/ad/%D8%B4%D9%82%D9%87-%D9%84%D9%84%D8%A8%D9%8A%D8%B9-3-%D8%BA%D8%B1%D9%81-%D9%81%D9%8A-%D8%A7%D9%84%D8%AA%D8%AC%D9%85%D8%B9-%D8%A7%D9%84%D8%AE%D8%A7%D9%85%D8%B3-%D9%81%D9%8A-%D8%AA%D8%A7%D8%AC-%D8%B3%D8%AA%D9%8A-%D8%A8%D8%B3%D8%B9%D8%B1-%D8%A7%D9%84%D9%83%D8%A7%D8%B4-%D8%A7%D9%88-%D9%82%D8%B3%D8%B7-%D8%B9%D9%84%D9%8A-12-%D8%B3%D9%86%D9%87-%D8%AF%D9%81%D8%B9-%D8%A8%D8%AF%D9%88%D9%86-%D9%85%D9%82%D8%AF%D9%85-0-%D9%85%D8%B9-%D8%B4%D8%B1%D9%83%D9%87-%D9%85%D8%AF%D9%8A%D9%86%D9%87-%D9%85%D8%B5%D8%B1-%D8%A7%D9%84%D9%82%D8%A7%D9%87%D8%B1%D9%87-%D8%A7%D9%84%D8%AC%D8%AF%D9%8A%D8%AF%D8%A9-taj-cit-ID503338632.html
شقة  للبيع   بكمبوند الخمايل Khamael Compound  مرحلة تالتة ب  تشطيب   الترا مودرن  استلام مساحة 160 م فيو مفتوح,6000000,3,2,160,https://www.dubizzle.com.eg/ad/%D8%B4%D9%82%D8%A9-%D9%84%D9%84%D8%A8%D9%8A%D8%B9-%D8%A8%D9%83%D9%85%D8%A8%D9%88%D9%86%D8%AF-%D8%A7%D9%84%D8%AE%D9%85%D8%A7%D9%8A%D9%84-khamael-compound-%D9%85%D8%B1%D8%AD%D9%84%D8%A9-%D8%AA%D8%A7%D9%84%D8%AA%D8%A9-%D8%A8-%D8%AA%D8%B4%D8%B7%D9%8A%D8%A8-%D8%A7%D9%84%D8%AA%D8%B1%D8%A7-%D9%85%D9%88%D8%AF%D8%B1%D9%86-%D8%A7%D8%B3%D8%AA%D9%84%D8%A7%D9%85-%D9%85%D8%B3%D8%A7%D8%AD%D8%A9-160-%D9%85-%D9%81%D9%8A%D9%88-%D9%85%D9%81%D8%AA%D9%88%D8%AD-ID503901360.html
للبيع شقة لقطة 134م الدور الثالث في كمبوند ذا ادريس متشطب كامل الترا سوبر لوكس برايم لوكيشن واطلالة مميزة على لاند سكيب وقريب للنادي والكيدز ايريا,7585000,3,2,134,https://www.dubizzle.com.eg/ad/%D9%84%D9%84%D8%A8%D9%8A%D8%B9-%D8%B4%D9%82%D8%A9-%D9%84%D9%82%D8%B7%D8%A9-134%D9%85-%D8%A7%D9%84%D8%AF%D9%88%D8%B1-%D8%A7%D9%84%D8%AB%D8%A7%D9%84%D8%AB-%D9%81%D9%8A-%D9%83%D9%85%D8%A8%D9%88%D9%86%D8%AF-%D8%B0%D8%A7-%D8%A7%D8%AF%D8%B1%D9%8A%D8%B3-%D9%85%D8%AA%D8%B4%D8%B7%D8%A8-%D9%83%D8%A7%D9%85%D9%84-%D8%A7%D9%84%D8%AA%D8%B1%D8%A7-%D8%B3%D9%88%D8%A8%D8%B1-%D9%84%D9%88%D9%83%D8%B3-%D8%A8%D8%B1%D8%A7%D9%8A%D9%85-%D9%84%D9%88%D9%83%D9%8A%D8%B4%D9%86-%D9%88%D8%A7%D8%B7%D9%84%D8%A7%D9%84%D8%A9-%D9%85%D9%85%D9%8A%D8%B2%D8%A9-%D8%B9%D9%84%D9%89-%D9%84%D8%A7%D9%86%D8%AF-%D8%B3%D9%83%D9%8A%D8%A8-%D9%88%D9%82%D8%B1%D9%8A%D8%A8-%D9%84%D9%84%D9%86%D8%A7%D8%AF%D9%8A-%D9%88%D8%A7%D9%84%D9%83%D9%8A%D8%AF%D8%B2-%D8%A7%D9%8A%D8%B1%D9%8A%D8%A7-ID503901351.html
باقل سعر و اميز لوكيشين شقه 2 غرفه للبيع باقساط بكمبوند ليك فيو ريزدنيس 2 الجولدن سكوير,9705000,2,2,133,https://www.dubizzle.com.eg/ad/%D8%A8%D8%A7%D9%82%D9%84-%D8%B3%D8%B9%D8%B1-%D9%88-%D8%A7%D9%85%D9%8A%D8%B2-%D9%84%D9%88%D9%83%D9%8A%D8%B4%D9%8A%D9%86-%D8%B4%D9%82%D9%87-2-%D8%BA%D8%B1%D9%81%D9%87-%D9%84%D9%84%D8%A8%D9%8A%D8%B9-%D8%A8%D8%A7%D9%82%D8%B3%D8%A7%D8%B7-%D8%A8%D9%83%D9%85%D8%A8%D9%88%D9%86%D8%AF-%D9%84%D9%8A%D9%83-%D9%81%D9%8A%D9%88-%D8%B1%D9%8A%D8%B2%D8%AF%D9%86%D9%8A%D8%B3-2-%D8%A7%D9%84%D8%AC%D9%88%D9%84%D8%AF%D9%86-%D8%B3%D9%83%D9%88%D9%8A%D8%B1-ID503890551.html
للبيع شقة 290 متر جنوب الاكاديمية استلام فوري واجهة بحري بانوراما موقع مميز,12000000,4,3,290,https://www.dubizzle.com.eg/ad/%D9%84%D9%84%D8%A8%D9%8A%D8%B9-%D8%B4%D9%82%D8%A9-290-%D9%85%D8%AA%D8%B1-%D8%AC%D9%86%D9%88%D8%A8-%D8%A7%D9%84%D8%A7%D9%83%D8%A7%D8%AF%D9%8A%D9%85%D9%8A%D8%A9-%D8%A7%D8%B3%D8%AA%D9%84%D8%A7%D9%85-%D9%81%D9%88%D8%B1%D9%8A-%D9%88%D8%A7%D8%AC%D9%87%D8%A9-%D8%A8%D8%AD%D8%B1%D9%8A-%D8%A8%D8%A7%D9%86%D9%88%D8%B1%D8%A7%D9%85%D8%A7-%D9%85%D9%88%D9%82%D8%B9-%D9%85%D9%85%D9%8A%D8%B2-ID503902198.html
شقة 143م 3 غرف ( متشطبه و استلام فوري ) للبيع في كمبوند الحى اللاتيني في مدينة العلمين الجديدة - الساحل الشمالي,5641000,3,2,143,https://www.dubizzle.com.eg/ad/%D8%B4%D9%82%D8%A9-143%D9%85-3-%D8%BA%D8%B1%D9%81-%D9%85%D8%AA%D8%B4%D8%B7%D8%A8%D9%87-%D9%88-%D8%A7%D8%B3%D8%AA%D9%84%D8%A7%D9%85-%D9%81%D9%88%D8%B1%D9%8A-%D9%84%D9%84%D8%A8%D9%8A%D8%B9-%D9%81%D9%8A-%D9%83%D9%85%D8%A8%D9%88%D9%86%D8%AF-%D8%A7%D9%84%D8%AD%D9%89-%D8%A7%D9%84%D9%84%D8%A7%D8%AA%D9%8A%D9%86%D9%8A-%D9%81%D9%8A-%D9%85%D8%AF%D9%8A%D9%86%D8%A9-%D8%A7%D9%84%D8%B9%D9%84%D9%85%D9%8A%D9%86-%D8%A7%D9%84%D8%AC%D8%AF%D9%8A%D8%AF%D8%A9-%D8%A7%D9%84%D8%B3%D8%A7%D8%AD%D9%84-%D8%A7%D9%84%D8%B4%D9%85%D8%A7%D9%84%D9%8A-ID503902048.html
شقتين مفتوحين على بعض تشطيب سوبر لوكس ومطبخ بيلت ان جاهزه ع السكن,2600000,3,1,160,https://www.dubizzle.com.eg/ad/%D8%B4%D9%82%D8%AA%D9%8A%D9%86-%D9%85%D9%81%D8%AA%D9%88%D8%AD%D9%8A%D9%86-%D8%B9%D9%84%D9%89-%D8%A8%D8%B9%D8%B6-%D8%AA%D8%B4%D8%B7%D9%8A%D8%A8-%D8%B3%D9%88%D8%A8%D8%B1-%D9%84%D9%88%D9%83%D8%B3-%D9%88%D9%85%D8%B7%D8%A8%D8%AE-%D8%A8%D9%8A%D9%84%D8%AA-%D8%A7%D9%86-%D8%AC%D8%A7%D9%87%D8%B2%D9%87-%D8%B9-%D8%A7%D9%84%D8%B3%D9%83%D9%86-ID208099777.html
شقة غرفتين / استلام فوررى / للبيع بخصم 40% عالكاش / للبيع ف صن كابيتال - حدائق اكتوبر - الجيزة   Sun Capital شقه للبيع في صن كابيتال,4999800,2,2,117,https://www.dubizzle.com.eg/ad/%D8%B4%D9%82%D8%A9-%D8%BA%D8%B1%D9%81%D8%AA%D9%8A%D9%86-%D8%A7%D8%B3%D8%AA%D9%84%D8%A7%D9%85-%D9%81%D9%88%D8%B1%D8%B1%D9%89-%D9%84%D9%84%D8%A8%D9%8A%D8%B9-%D8%A8%D8%AE%D8%B5%D9%85-40-%D8%B9%D8%A7%D9%84%D9%83%D8%A7%D8%B4-%D9%84%D9%84%D8%A8%D9%8A%D8%B9-%D9%81-%D8%B5%D9%86-%D9%83%D8%A7%D8%A8%D9%8A%D8%AA%D8%A7%D9%84-%D8%AD%D8%AF%D8%A7%D8%A6%D9%82-%D8%A7%D9%83%D8%AA%D9%88%D8%A8%D8%B1-%D8%A7%D9%84%D8%AC%D9%8A%D8%B2%D8%A9-sun-capital-%D8%B4%D9%82%D9%87-%D9%84%D9%84%D8%A8%D9%8A%D8%B9-%D9%81%D9%8A-%D8%B5%D9%86-%D9%83%D8%A7%D8%A8%D9%8A%D8%AA%D8%A7%D9%84-ID502151007.html
شقه بالنرجس عمارات التجمع الخامس  دور أراضي ٢٥٠ متر,6500000,3,3,250,https://www.dubizzle.com.eg/ad/%D8%B4%D9%82%D9%87-%D8%A8%D8%A7%D9%84%D9%86%D8%B1%D8%AC%D8%B3-%D8%B9%D9%85%D8%A7%D8%B1%D8%A7%D8%AA-%D8%A7%D9%84%D8%AA%D8%AC%D9%85%D8%B9-%D8%A7%D9%84%D8%AE%D8%A7%D9%85%D8%B3-%D8%AF%D9%88%D8%B1-%D8%A3%D8%B1%D8%A7%D8%B6%D9%8A-%D9%A2%D9%A5%D9%A0-%D9%85%D8%AA%D8%B1-ID503902197.html
شقة ١٨٠ متر بجاردن ريسيل في كمبوند بلو تري,11000000,3,4,180,https://www.dubizzle.com.eg/ad/%D8%B4%D9%82%D8%A9-%D9%A1%D9%A8%D9%A0-%D9%85%D8%AA%D8%B1-%D8%A8%D8%AC%D8%A7%D8%B1%D8%AF%D9%86-%D8%B1%D9%8A%D8%B3%D9%8A%D9%84-%D9%81%D9%8A-%D9%83%D9%85%D8%A8%D9%88%D9%86%D8%AF-%D8%A8%D9%84%D9%88-%D8%AA%D8%B1%D9%8A-ID208454606.html
*شقة لقطة للبيع في الشروق *    دور أول فيلا 310م - الحي الثالث شرق فيلات,5500000,4,3,310,https://www.dubizzle.com.eg/ad/%D8%B4%D9%82%D8%A9-%D9%84%D9%82%D8%B7%D8%A9-%D9%84%D9%84%D8%A8%D9%8A%D8%B9-%D9%81%D9%8A-%D8%A7%D9%84%D8%B4%D8%B1%D9%88%D9%82-%D8%AF%D9%88%D8%B1-%D8%A3%D9%88%D9%84-%D9%81%D9%8A%D9%84%D8%A7-310%D9%85-%D8%A7%D9%84%D8%AD%D9%8A-%D8%A7%D9%84%D8%AB%D8%A7%D9%84%D8%AB-%D8%B4%D8%B1%D9%82-%D9%81%D9%8A%D9%84%D8%A7%D8%AA-ID503754069.html
"شقة للبيع الترا سوبر لوكس في شارع حلمي عبد العاطي – المنطقة الثامنة، مدينة نصر | 240 م",6400000,3,2,240,https://www.dubizzle.com.eg/ad/%D8%B4%D9%82%D8%A9-%D9%84%D9%84%D8%A8%D9%8A%D8%B9-%D8%A7%D9%84%D8%AA%D8%B1%D8%A7-%D8%B3%D9%88%D8%A8%D8%B1-%D9%84%D9%88%D9%83%D8%B3-%D9%81%D9%8A-%D8%B4%D8%A7%D8%B1%D8%B9-%D8%AD%D9%84%D9%85%D9%8A-%D8%B9%D8%A8%D8%AF-%D8%A7%D9%84%D8%B9%D8%A7%D8%B7%D9%8A-%D8%A7%D9%84%D9%85%D9%86%D8%B7%D9%82%D8%A9-%D8%A7%D9%84%D8%AB%D8%A7%D9%85%D9%86%D8%A9-%D9%85%D8%AF%D9%8A%D9%86%D8%A9-%D9%86%D8%B5%D8%B1-240-%D9%85-ID503902191.html
"شقة للبيع  بالمنطقة السادس بمدينة الشروق،",3150000,3,2,165,https://www.dubizzle.com.eg/ad/%D8%B4%D9%82%D8%A9-%D9%84%D9%84%D8%A8%D9%8A%D8%B9-%D8%A8%D8%A7%D9%84%D9%85%D9%86%D8%B7%D9%82%D8%A9-%D8%A7%D9%84%D8%B3%D8%A7%D8%AF%D8%B3-%D8%A8%D9%85%D8%AF%D9%8A%D9%86%D8%A9-%D8%A7%D9%84%D8%B4%D8%B1%D9%88%D9%82-ID503754362.html
شقة للبيع بالمنطقة الثامنة 165م  – المجاورة الثانية | مدينة الشروق,4500000,3,1,165,https://www.dubizzle.com.eg/ad/%D8%B4%D9%82%D8%A9-%D9%84%D9%84%D8%A8%D9%8A%D8%B9-%D8%A8%D8%A7%D9%84%D9%85%D9%86%D8%B7%D9%82%D8%A9-%D8%A7%D9%84%D8%AB%D8%A7%D9%85%D9%86%D8%A9-165%D9%85-%D8%A7%D9%84%D9%85%D8%AC%D8%A7%D9%88%D8%B1%D8%A9-%D8%A7%D9%84%D8%AB%D8%A7%D9%86%D9%8A%D8%A9-%D9%85%D8%AF%D9%8A%D9%86%D8%A9-%D8%A7%D9%84%D8%B4%D8%B1%D9%88%D9%82-ID503742547.html
شقة للبيع ألترا سوبر لوكس الحي التالت غرب  مدينة الشروق الدور الاول,4600000,3,2,165,https://www.dubizzle.com.eg/ad/%D8%B4%D9%82%D8%A9-%D9%84%D9%84%D8%A8%D9%8A%D8%B9-%D8%A3%D9%84%D8%AA%D8%B1%D8%A7-%D8%B3%D9%88%D8%A8%D8%B1-%D9%84%D9%88%D9%83%D8%B3-%D8%A7%D9%84%D8%AD%D9%8A-%D8%A7%D9%84%D8%AA%D8%A7%D9%84%D8%AA-%D8%BA%D8%B1%D8%A8-%D9%85%D8%AF%D9%8A%D9%86%D8%A9-%D8%A7%D9%84%D8%B4%D8%B1%D9%88%D9%82-%D8%A7%D9%84%D8%AF%D9%88%D8%B1-%D8%A7%D9%84%D8%A7%D9%88%D9%84-ID503897544.html
شقة للبيع لقطة 185 متر فى  المنطقة الاولى الشروق تسليم فورى,3600000,3,3,185,https://www.dubizzle.com.eg/ad/%D8%B4%D9%82%D8%A9-%D9%84%D9%84%D8%A8%D9%8A%D8%B9-%D9%84%D9%82%D8%B7%D8%A9-185-%D9%85%D8%AA%D8%B1-%D9%81%D9%89-%D8%A7%D9%84%D9%85%D9%86%D8%B7%D9%82%D8%A9-%D8%A7%D9%84%D8%A7%D9%88%D9%84%D9%89-%D8%A7%D9%84%D8%B4%D8%B1%D9%88%D9%82-%D8%AA%D8%B3%D9%84%D9%8A%D9%85-%D9%81%D9%88%D8%B1%D9%89-ID503751428.html
لسرعة البيع شقة200م كمبوندجاردن هيلز٦اكتوبر,3100000,3,3,200,https://www.dubizzle.com.eg/ad/%D9%84%D8%B3%D8%B1%D8%B9%D8%A9-%D8%A7%D9%84%D8%A8%D9%8A%D8%B9-%D8%B4%D9%82%D8%A9200%D9%85-%D9%83%D9%85%D8%A8%D9%88%D9%86%D8%AF%D8%AC%D8%A7%D8%B1%D8%AF%D9%86-%D9%87%D9%8A%D9%84%D8%B2%D9%A6%D8%A7%D9%83%D8%AA%D9%88%D8%A8%D8%B1-ID197005234.html
شقه  للبيع ١٢٥م متشطبة فيو مفتوح,2250000,3,2,125,https://www.dubizzle.com.eg/ad/%D8%B4%D9%82%D9%87-%D9%84%D9%84%D8%A8%D9%8A%D8%B9-%D9%A1%D9%A2%D9%A5%D9%85-%D9%85%D8%AA%D8%B4%D8%B7%D8%A8%D8%A9-%D9%81%D9%8A%D9%88-%D9%85%D9%81%D8%AA%D9%88%D8%AD-ID503753894.html
بنتهاوس للبيع قطاميه كوست الساحل الشمالي  موقع متميز,25000000,3,3,175,https://www.dubizzle.com.eg/ad/%D8%A8%D9%86%D8%AA%D9%87%D8%A7%D9%88%D8%B3-%D9%84%D9%84%D8%A8%D9%8A%D8%B9-%D9%82%D8%B7%D8%A7%D9%85%D9%8A%D9%87-%D9%83%D9%88%D8%B3%D8%AA-%D8%A7%D9%84%D8%B3%D8%A7%D8%AD%D9%84-%D8%A7%D9%84%D8%B4%D9%85%D8%A7%D9%84%D9%8A-%D9%85%D9%88%D9%82%D8%B9-%D9%85%D8%AA%D9%85%D9%8A%D8%B2-ID503594980.html
اقل سعر بنتهاوس 170م 3 غرف استلام فوري تشطيب كامل بالتكييفات برايم لوكيشن فيو مباشر علي لاند سكيب في المراسم فيفث سكوير التجمع الخامس القاهرة الجديدة,10800000,3,3,170,https://www.dubizzle.com.eg/ad/%D8%A7%D9%82%D9%84-%D8%B3%D8%B9%D8%B1-%D8%A8%D9%86%D8%AA%D9%87%D8%A7%D9%88%D8%B3-170%D9%85-3-%D8%BA%D8%B1%D9%81-%D8%A7%D8%B3%D8%AA%D9%84%D8%A7%D9%85-%D9%81%D9%88%D8%B1%D9%8A-%D8%AA%D8%B4%D8%B7%D9%8A%D8%A8-%D9%83%D8%A7%D9%85%D9%84-%D8%A8%D8%A7%D9%84%D8%AA%D9%83%D9%8A%D9%8A%D9%81%D8%A7%D8%AA-%D8%A8%D8%B1%D8%A7%D9%8A%D9%85-%D9%84%D9%88%D9%83%D9%8A%D8%B4%D9%86-%D9%81%D9%8A%D9%88-%D9%85%D8%A8%D8%A7%D8%B4%D8%B1-%D8%B9%D9%84%D9%8A-%D9%84%D8%A7%D9%86%D8%AF-%D8%B3%D9%83%D9%8A%D8%A8-%D9%81%D9%8A-%D8%A7%D9%84%D9%85%D8%B1%D8%A7%D8%B3%D9%85-%D9%81%D9%8A%D9%81%D8%AB-%D8%B3%D9%83%D9%88%D9%8A%D8%B1-%D8%A7%D9%84%D8%AA%D8%AC%D9%85%D8%B9-%D8%A7%D9%84%D8%AE%D8%A7%D9%85%D8%B3-%D8%A7%D9%84%D9%82%D8%A7%D9%87%D8%B1%D8%A9-%D8%A7%D9%84%D8%AC%D8%AF%D9%8A%D8%AF%D8%A9-ID503646722.html
شقة لقطة للبيع فيو لاند سكيب باحسن موقع في نيو جاردن سيتي - بالعاصمة الادارية وباقل سعر فس الماركت,4896000,2,2,134,https://www.dubizzle.com.eg/ad/%D8%B4%D9%82%D8%A9-%D9%84%D9%82%D8%B7%D8%A9-%D9%84%D9%84%D8%A8%D9%8A%D8%B9-%D9%81%D9%8A%D9%88-%D9%84%D8%A7%D9%86%D8%AF-%D8%B3%D9%83%D9%8A%D8%A8-%D8%A8%D8%A7%D8%AD%D8%B3%D9%86-%D9%85%D9%88%D9%82%D8%B9-%D9%81%D9%8A-%D9%86%D9%8A%D9%88-%D8%AC%D8%A7%D8%B1%D8%AF%D9%86-%D8%B3%D9%8A%D8%AA%D9%8A-%D8%A8%D8%A7%D9%84%D8%B9%D8%A7%D8%B5%D9%85%D8%A9-%D8%A7%D9%84%D8%A7%D8%AF%D8%A7%D8%B1%D9%8A%D8%A9-%D9%88%D8%A8%D8%A7%D9%82%D9%84-%D8%B3%D8%B9%D8%B1-%D9%81%D8%B3-%D8%A7%D9%84%D9%85%D8%A7%D8%B1%D9%83%D8%AA-ID503897881.html
شقه استلام فورى و متشطبه فى او ويست امام مول مصر,9000000,3,2,170,https://www.dubizzle.com.eg/ad/%D8%B4%D9%82%D9%87-%D8%A7%D8%B3%D8%AA%D9%84%D8%A7%D9%85-%D9%81%D9%88%D8%B1%D9%89-%D9%88-%D9%85%D8%AA%D8%B4%D8%B7%D8%A8%D9%87-%D9%81%D9%89-%D8%A7%D9%88-%D9%88%D9%8A%D8%B3%D8%AA-%D8%A7%D9%85%D8%A7%D9%85-%D9%85%D9%88%D9%84-%D9%85%D8%B5%D8%B1-ID503899234.html
شقه للبيع غرفتين بسعر لقطه في الشيخ زايد بمقدم 10% وقسك لحد 10 سنين باعلي نسبه انشاءات,4856000,2,2,116,https://www.dubizzle.com.eg/ad/%D8%B4%D9%82%D9%87-%D9%84%D9%84%D8%A8%D9%8A%D8%B9-%D8%BA%D8%B1%D9%81%D8%AA%D9%8A%D9%86-%D8%A8%D8%B3%D8%B9%D8%B1-%D9%84%D9%82%D8%B7%D9%87-%D9%81%D9%8A-%D8%A7%D9%84%D8%B4%D9%8A%D8%AE-%D8%B2%D8%A7%D9%8A%D8%AF-%D8%A8%D9%85%D9%82%D8%AF%D9%85-10-%D9%88%D9%82%D8%B3%D9%83-%D9%84%D8%AD%D8%AF-10-%D8%B3%D9%86%D9%8A%D9%86-%D8%A8%D8%A7%D8%B9%D9%84%D9%8A-%D9%86%D8%B3%D8%A8%D9%87-%D8%A7%D9%86%D8%B4%D8%A7%D8%A1%D8%A7%D8%AA-ID503898107.html
شقة أستلام فوري متشطبه في او ويست بجانب مول مصر,9000000,3,3,200,https://www.dubizzle.com.eg/ad/%D8%B4%D9%82%D8%A9-%D8%A3%D8%B3%D8%AA%D9%84%D8%A7%D9%85-%D9%81%D9%88%D8%B1%D9%8A-%D9%85%D8%AA%D8%B4%D8%B7%D8%A8%D9%87-%D9%81%D9%8A-%D8%A7%D9%88-%D9%88%D9%8A%D8%B3%D8%AA-%D8%A8%D8%AC%D8%A7%D9%86%D8%A8-%D9%85%D9%88%D9%84-%D9%85%D8%B5%D8%B1-ID502712032.html
شقة 120 م متشطبه بالكامل للبيع داخل هايد بارك -التجمع الخامس - القاهره الجديده - بأقل مقدم وتقسيط 8 سنوات -استلم بعد سنه - 2 غرف,13200000,2,3,120,https://www.dubizzle.com.eg/ad/%D8%B4%D9%82%D8%A9-120-%D9%85-%D9%85%D8%AA%D8%B4%D8%B7%D8%A8%D9%87-%D8%A8%D8%A7%D9%84%D9%83%D8%A7%D9%85%D9%84-%D9%84%D9%84%D8%A8%D9%8A%D8%B9-%D8%AF%D8%A7%D8%AE%D9%84-%D9%87%D8%A7%D9%8A%D8%AF-%D8%A8%D8%A7%D8%B1%D9%83-%D8%A7%D9%84%D8%AA%D8%AC%D9%85%D8%B9-%D8%A7%D9%84%D8%AE%D8%A7%D9%85%D8%B3-%D8%A7%D9%84%D9%82%D8%A7%D9%87%D8%B1%D9%87-%D8%A7%D9%84%D8%AC%D8%AF%D9%8A%D8%AF%D9%87-%D8%A8%D8%A3%D9%82%D9%84-%D9%85%D9%82%D8%AF%D9%85-%D9%88%D8%AA%D9%82%D8%B3%D9%8A%D8%B7-8-%D8%B3%D9%86%D9%88%D8%A7%D8%AA-%D8%A7%D8%B3%D8%AA%D9%84%D9%85-%D8%A8%D8%B9%D8%AF-%D8%B3%D9%86%D9%87-2-%D8%BA%D8%B1%D9%81-ID503543777.html
شقة للبيع استلام فوري في اب تاون كايرو متشطبة بالكامل كورنر بفيو مميز,19675000,3,3,175,https://www.dubizzle.com.eg/ad/%D8%B4%D9%82%D8%A9-%D9%84%D9%84%D8%A8%D9%8A%D8%B9-%D8%A7%D8%B3%D8%AA%D9%84%D8%A7%D9%85-%D9%81%D9%88%D8%B1%D9%8A-%D9%81%D9%8A-%D8%A7%D8%A8-%D8%AA%D8%A7%D9%88%D9%86-%D9%83%D8%A7%D9%8A%D8%B1%D9%88-%D9%85%D8%AA%D8%B4%D8%B7%D8%A8%D8%A9-%D8%A8%D8%A7%D9%84%D9%83%D8%A7%D9%85%D9%84-%D9%83%D9%88%D8%B1%D9%86%D8%B1-%D8%A8%D9%81%D9%8A%D9%88-%D9%85%D9%85%D9%8A%D8%B2-ID503650331.html
للبيع دور اول نص تشطيب 3 غرف 3 حمام بسعر لقطه في كومباوند الخمائل الشيخ زيد,5300000,3,3,170,https://www.dubizzle.com.eg/ad/%D9%84%D9%84%D8%A8%D9%8A%D8%B9-%D8%AF%D9%88%D8%B1-%D8%A7%D9%88%D9%84-%D9%86%D8%B5-%D8%AA%D8%B4%D8%B7%D9%8A%D8%A8-3-%D8%BA%D8%B1%D9%81-3-%D8%AD%D9%85%D8%A7%D9%85-%D8%A8%D8%B3%D8%B9%D8%B1-%D9%84%D9%82%D8%B7%D9%87-%D9%81%D9%8A-%D9%83%D9%88%D9%85%D8%A8%D8%A7%D9%88%D9%86%D8%AF-%D8%A7%D9%84%D8%AE%D9%85%D8%A7%D8%A6%D9%84-%D8%A7%D9%84%D8%B4%D9%8A%D8%AE-%D8%B2%D9%8A%D8%AF-ID503898027.html
دوبليكس مميزه  للبيع  فى O west برايم  لوكيشين بالقرب من مول مصر,7300000,3,3,212,https://www.dubizzle.com.eg/ad/%D8%AF%D9%88%D8%A8%D9%84%D9%8A%D9%83%D8%B3-%D9%85%D9%85%D9%8A%D8%B2%D9%87-%D9%84%D9%84%D8%A8%D9%8A%D8%B9-%D9%81%D9%89-o-west-%D8%A8%D8%B1%D8%A7%D9%8A%D9%85-%D9%84%D9%88%D9%83%D9%8A%D8%B4%D9%8A%D9%86-%D8%A8%D8%A7%D9%84%D9%82%D8%B1%D8%A8-%D9%85%D9%86-%D9%85%D9%88%D9%84-%D9%85%D8%B5%D8%B1-ID502924703.html
للبيع ارضي بجاردن اول سكن بالمطبخ في الخمائل الشيخ زايد بسعر لقطه,7800000,3,2,154,https://www.dubizzle.com.eg/ad/%D9%84%D9%84%D8%A8%D9%8A%D8%B9-%D8%A7%D8%B1%D8%B6%D9%8A-%D8%A8%D8%AC%D8%A7%D8%B1%D8%AF%D9%86-%D8%A7%D9%88%D9%84-%D8%B3%D9%83%D9%86-%D8%A8%D8%A7%D9%84%D9%85%D8%B7%D8%A8%D8%AE-%D9%81%D9%8A-%D8%A7%D9%84%D8%AE%D9%85%D8%A7%D8%A6%D9%84-%D8%A7%D9%84%D8%B4%D9%8A%D8%AE-%D8%B2%D8%A7%D9%8A%D8%AF-%D8%A8%D8%B3%D8%B9%D8%B1-%D9%84%D9%82%D8%B7%D9%87-ID503899344.html
للبيع شقة 180 في كمبوند ماونتن فيو اي سيتي استلام فوري  بجوار اكتوبر بلازا سوديك و كيان بسعر لقطه من المالك October Plaza SODIC Mountain View i City,6700000,4,4,180,https://www.dubizzle.com.eg/ad/%D9%84%D9%84%D8%A8%D9%8A%D8%B9-%D8%B4%D9%82%D8%A9-180-%D9%81%D9%8A-%D9%83%D9%85%D8%A8%D9%88%D9%86%D8%AF-%D9%85%D8%A7%D9%88%D9%86%D8%AA%D9%86-%D9%81%D9%8A%D9%88-%D8%A7%D9%8A-%D8%B3%D9%8A%D8%AA%D9%8A-%D8%A7%D8%B3%D8%AA%D9%84%D8%A7%D9%85-%D9%81%D9%88%D8%B1%D9%8A-%D8%A8%D8%AC%D9%88%D8%A7%D8%B1-%D8%A7%D9%83%D8%AA%D9%88%D8%A8%D8%B1-%D8%A8%D9%84%D8%A7%D8%B2%D8%A7-%D8%B3%D9%88%D8%AF%D9%8A%D9%83-%D9%88-%D9%83%D9%8A%D8%A7%D9%86-%D8%A8%D8%B3%D8%B9%D8%B1-%D9%84%D9%82%D8%B7%D9%87-%D9%85%D9%86-%D8%A7%D9%84%D9%85%D8%A7%D9%84%D9%83-october-plaza-sodic-mountain-view-i-city-ID502669136.html
شقة للبيع بخصم 50 % عند الدفع ف لوكيشن مميز على امتداد شارع الثوره فى ( مصر الجديدة ),4000000,3,3,156,https://www.dubizzle.com.eg/ad/%D8%B4%D9%82%D8%A9-%D9%84%D9%84%D8%A8%D9%8A%D8%B9-%D8%A8%D8%AE%D8%B5%D9%85-50-%D8%B9%D9%86%D8%AF-%D8%A7%D9%84%D8%AF%D9%81%D8%B9-%D9%81-%D9%84%D9%88%D9%83%D9%8A%D8%B4%D9%86-%D9%85%D9%85%D9%8A%D8%B2-%D8%B9%D9%84%D9%89-%D8%A7%D9%85%D8%AA%D8%AF%D8%A7%D8%AF-%D8%B4%D8%A7%D8%B1%D8%B9-%D8%A7%D9%84%D8%AB%D9%88%D8%B1%D9%87-%D9%81%D9%89-%D9%85%D8%B5%D8%B1-%D8%A7%D9%84%D8%AC%D8%AF%D9%8A%D8%AF%D8%A9-ID503761954.html
شقه مميزه للبيع بخصم 50 % فيو مميز جدا على لاند سكيب على امتداد ( التجمع الخامس ),3450000,3,3,147,https://www.dubizzle.com.eg/ad/%D8%B4%D9%82%D9%87-%D9%85%D9%85%D9%8A%D8%B2%D9%87-%D9%84%D9%84%D8%A8%D9%8A%D8%B9-%D8%A8%D8%AE%D8%B5%D9%85-50-%D9%81%D9%8A%D9%88-%D9%85%D9%85%D9%8A%D8%B2-%D8%AC%D8%AF%D8%A7-%D8%B9%D9%84%D9%89-%D9%84%D8%A7%D9%86%D8%AF-%D8%B3%D9%83%D9%8A%D8%A8-%D8%B9%D9%84%D9%89-%D8%A7%D9%85%D8%AA%D8%AF%D8%A7%D8%AF-%D8%A7%D9%84%D8%AA%D8%AC%D9%85%D8%B9-%D8%A7%D9%84%D8%AE%D8%A7%D9%85%D8%B3-ID503340516.html
شقة بأميز كومباوند في شيراتون مصر الجديدة دقائق من مول سيتي سنتر الماظة ومطار القاهرة الدولي,6800000,2,1,110,https://www.dubizzle.com.eg/ad/%D8%B4%D9%82%D8%A9-%D8%A8%D8%A3%D9%85%D9%8A%D8%B2-%D9%83%D9%88%D9%85%D8%A8%D8%A7%D9%88%D9%86%D8%AF-%D9%81%D9%8A-%D8%B4%D9%8A%D8%B1%D8%A7%D8%AA%D9%88%D9%86-%D9%85%D8%B5%D8%B1-%D8%A7%D9%84%D8%AC%D8%AF%D9%8A%D8%AF%D8%A9-%D8%AF%D9%82%D8%A7%D8%A6%D9%82-%D9%85%D9%86-%D9%85%D9%88%D9%84-%D8%B3%D9%8A%D8%AA%D9%8A-%D8%B3%D9%86%D8%AA%D8%B1-%D8%A7%D9%84%D9%85%D8%A7%D8%B8%D8%A9-%D9%88%D9%85%D8%B7%D8%A7%D8%B1-%D8%A7%D9%84%D9%82%D8%A7%D9%87%D8%B1%D8%A9-%D8%A7%D9%84%D8%AF%D9%88%D9%84%D9%8A-ID503287937.html
شقة لقطة للبيع في زهراء المعادي بسعر مش هيتكرر تاني جمب كارفور المعادي,3400000,3,3,115,https://www.dubizzle.com.eg/ad/%D8%B4%D9%82%D8%A9-%D9%84%D9%82%D8%B7%D8%A9-%D9%84%D9%84%D8%A8%D9%8A%D8%B9-%D9%81%D9%8A-%D8%B2%D9%87%D8%B1%D8%A7%D8%A1-%D8%A7%D9%84%D9%85%D8%B9%D8%A7%D8%AF%D9%8A-%D8%A8%D8%B3%D8%B9%D8%B1-%D9%85%D8%B4-%D9%87%D9%8A%D8%AA%D9%83%D8%B1%D8%B1-%D8%AA%D8%A7%D9%86%D9%8A-%D8%AC%D9%85%D8%A8-%D9%83%D8%A7%D8%B1%D9%81%D9%88%D8%B1-%D8%A7%D9%84%D9%85%D8%B9%D8%A7%D8%AF%D9%8A-ID503724644.html
شقة بافضل سعر للبيع في بيت الوطن التجمع الخامس ٣ غرف بالقسط,3700000,3,3,150,https://www.dubizzle.com.eg/ad/%D8%B4%D9%82%D8%A9-%D8%A8%D8%A7%D9%81%D8%B6%D9%84-%D8%B3%D8%B9%D8%B1-%D9%84%D9%84%D8%A8%D9%8A%D8%B9-%D9%81%D9%8A-%D8%A8%D9%8A%D8%AA-%D8%A7%D9%84%D9%88%D8%B7%D9%86-%D8%A7%D9%84%D8%AA%D8%AC%D9%85%D8%B9-%D8%A7%D9%84%D8%AE%D8%A7%D9%85%D8%B3-%D9%A3-%D8%BA%D8%B1%D9%81-%D8%A8%D8%A7%D9%84%D9%82%D8%B3%D8%B7-ID503705356.html
شقة للبيع في المعادي في كومباوند وادي دجلة قسط على ١٠ سنين,7400000,2,1,115,https://www.dubizzle.com.eg/ad/%D8%B4%D9%82%D8%A9-%D9%84%D9%84%D8%A8%D9%8A%D8%B9-%D9%81%D9%8A-%D8%A7%D9%84%D9%85%D8%B9%D8%A7%D8%AF%D9%8A-%D9%81%D9%8A-%D9%83%D9%88%D9%85%D8%A8%D8%A7%D9%88%D9%86%D8%AF-%D9%88%D8%A7%D8%AF%D9%8A-%D8%AF%D8%AC%D9%84%D8%A9-%D9%82%D8%B3%D8%B7-%D8%B9%D9%84%D9%89-%D9%A1%D9%A0-%D8%B3%D9%86%D9%8A%D9%86-ID503501331.html
علي النيل غرفه فندقيه أعلى عائد استثماري بالدولار بالتقسيط و فرش والاجهزه والتكيفات اقل سعر بجوار فندق هيلتون فيو الاهرامات ديركت علي كورنيش المعادي,4360000,1,1,45,https://www.dubizzle.com.eg/ad/%D8%B9%D9%84%D9%8A-%D8%A7%D9%84%D9%86%D9%8A%D9%84-%D8%BA%D8%B1%D9%81%D9%87-%D9%81%D9%86%D8%AF%D9%82%D9%8A%D9%87-%D8%A3%D8%B9%D9%84%D9%89-%D8%B9%D8%A7%D8%A6%D8%AF-%D8%A7%D8%B3%D8%AA%D8%AB%D9%85%D8%A7%D8%B1%D9%8A-%D8%A8%D8%A7%D9%84%D8%AF%D9%88%D9%84%D8%A7%D8%B1-%D8%A8%D8%A7%D9%84%D8%AA%D9%82%D8%B3%D9%8A%D8%B7-%D9%88-%D9%81%D8%B1%D8%B4-%D9%88%D8%A7%D9%84%D8%A7%D8%AC%D9%87%D8%B2%D9%87-%D9%88%D8%A7%D9%84%D8%AA%D9%83%D9%8A%D9%81%D8%A7%D8%AA-%D8%A7%D9%82%D9%84-%D8%B3%D8%B9%D8%B1-%D8%A8%D8%AC%D9%88%D8%A7%D8%B1-%D9%81%D9%86%D8%AF%D9%82-%D9%87%D9%8A%D9%84%D8%AA%D9%88%D9%86-%D9%81%D9%8A%D9%88-%D8%A7%D9%84%D8%A7%D9%87%D8%B1%D8%A7%D9%85%D8%A7%D8%AA-%D8%AF%D9%8A%D8%B1%D9%83%D8%AA-%D8%B9%D9%84%D9%8A-%D9%83%D9%88%D8%B1%D9%86%D9%8A%D8%B4-%D8%A7%D9%84%D9%85%D8%B9%D8%A7%D8%AF%D9%8A-ID503876253.html
دوبلكس للبيع 5غرف ماستر بجاردن جاهز للمعاينه الان بالتقسيط علي 14سنه بخصم 25% مع بنك الاسكان والتعمير بجوار اكبر منطقه خدمات بالR8 ومطار العاصمه,7700000,5,5,310,https://www.dubizzle.com.eg/ad/%D8%AF%D9%88%D8%A8%D9%84%D9%83%D8%B3-%D9%84%D9%84%D8%A8%D9%8A%D8%B9-5%D8%BA%D8%B1%D9%81-%D9%85%D8%A7%D8%B3%D8%AA%D8%B1-%D8%A8%D8%AC%D8%A7%D8%B1%D8%AF%D9%86-%D8%AC%D8%A7%D9%87%D8%B2-%D9%84%D9%84%D9%85%D8%B9%D8%A7%D9%8A%D9%86%D9%87-%D8%A7%D9%84%D8%A7%D9%86-%D8%A8%D8%A7%D9%84%D8%AA%D9%82%D8%B3%D9%8A%D8%B7-%D8%B9%D9%84%D9%8A-14%D8%B3%D9%86%D9%87-%D8%A8%D8%AE%D8%B5%D9%85-25-%D9%85%D8%B9-%D8%A8%D9%86%D9%83-%D8%A7%D9%84%D8%A7%D8%B3%D9%83%D8%A7%D9%86-%D9%88%D8%A7%D9%84%D8%AA%D8%B9%D9%85%D9%8A%D8%B1-%D8%A8%D8%AC%D9%88%D8%A7%D8%B1-%D8%A7%D9%83%D8%A8%D8%B1-%D9%85%D9%86%D8%B7%D9%82%D9%87-%D8%AE%D8%AF%D9%85%D8%A7%D8%AA-%D8%A8%D8%A7%D9%84r8-%D9%88%D9%85%D8%B7%D8%A7%D8%B1-%D8%A7%D9%84%D8%B9%D8%A7%D8%B5%D9%85%D9%87-ID503900687.html
شقه للبيع استلام فوري باقل سعر في التجمع الخامس وبالتقسيط علي اطول فتره سداد في كمبوند الباتيو اورو El patio oro وبالقرب من ستون ريزيدنس التجمع الخامس,11500000,3,3,164,https://www.dubizzle.com.eg/ad/%D8%B4%D9%82%D9%87-%D9%84%D9%84%D8%A8%D9%8A%D8%B9-%D8%A7%D8%B3%D8%AA%D9%84%D8%A7%D9%85-%D9%81%D9%88%D8%B1%D9%8A-%D8%A8%D8%A7%D9%82%D9%84-%D8%B3%D8%B9%D8%B1-%D9%81%D9%8A-%D8%A7%D9%84%D8%AA%D8%AC%D9%85%D8%B9-%D8%A7%D9%84%D8%AE%D8%A7%D9%85%D8%B3-%D9%88%D8%A8%D8%A7%D9%84%D8%AA%D9%82%D8%B3%D9%8A%D8%B7-%D8%B9%D9%84%D9%8A-%D8%A7%D8%B7%D9%88%D9%84-%D9%81%D8%AA%D8%B1%D9%87-%D8%B3%D8%AF%D8%A7%D8%AF-%D9%81%D9%8A-%D9%83%D9%85%D8%A8%D9%88%D9%86%D8%AF-%D8%A7%D9%84%D8%A8%D8%A7%D8%AA%D9%8A%D9%88-%D8%A7%D9%88%D8%B1%D9%88-el-patio-oro-%D9%88%D8%A8%D8%A7%D9%84%D9%82%D8%B1%D8%A8-%D9%85%D9%86-%D8%B3%D8%AA%D9%88%D9%86-%D8%B1%D9%8A%D8%B2%D9%8A%D8%AF%D9%86%D8%B3-%D8%A7%D9%84%D8%AA%D8%AC%D9%85%D8%B9-%D8%A7%D9%84%D8%AE%D8%A7%D9%85%D8%B3-ID503897907.html
شقه للبيع اول مطل دولي امام بنزينه طاقه فيو مفتوح ١٥٠ متر,4000000,3,2,300,https://www.dubizzle.com.eg/ad/%D8%B4%D9%82%D9%87-%D9%84%D9%84%D8%A8%D9%8A%D8%B9-%D8%A7%D9%88%D9%84-%D9%85%D8%B7%D9%84-%D8%AF%D9%88%D9%84%D9%8A-%D8%A7%D9%85%D8%A7%D9%85-%D8%A8%D9%86%D8%B2%D9%8A%D9%86%D9%87-%D8%B7%D8%A7%D9%82%D9%87-%D9%81%D9%8A%D9%88-%D9%85%D9%81%D8%AA%D9%88%D8%AD-%D9%A1%D9%A5%D9%A0-%D9%85%D8%AA%D8%B1-ID503767355.html
شقه للبيع ف اميز لوكيشن ب العاصمه الاداريه دقايق من فندق الماسه والمطار,5500000,3,2,146,https://www.dubizzle.com.eg/ad/%D8%B4%D9%82%D9%87-%D9%84%D9%84%D8%A8%D9%8A%D8%B9-%D9%81-%D8%A7%D9%85%D9%8A%D8%B2-%D9%84%D9%88%D9%83%D9%8A%D8%B4%D9%86-%D8%A8-%D8%A7%D9%84%D8%B9%D8%A7%D8%B5%D9%85%D9%87-%D8%A7%D9%84%D8%A7%D8%AF%D8%A7%D8%B1%D9%8A%D9%87-%D8%AF%D9%82%D8%A7%D9%8A%D9%82-%D9%85%D9%86-%D9%81%D9%86%D8%AF%D9%82-%D8%A7%D9%84%D9%85%D8%A7%D8%B3%D9%87-%D9%88%D8%A7%D9%84%D9%85%D8%B7%D8%A7%D8%B1-ID503711536.html
شقه للبيع في الحي الثالث مساحه ١٧٠ متر صافي دور ثالث,5500000,3,2,170,https://www.dubizzle.com.eg/ad/%D8%B4%D9%82%D9%87-%D9%84%D9%84%D8%A8%D9%8A%D8%B9-%D9%81%D9%8A-%D8%A7%D9%84%D8%AD%D9%8A-%D8%A7%D9%84%D8%AB%D8%A7%D9%84%D8%AB-%D9%85%D8%B3%D8%A7%D8%AD%D9%87-%D9%A1%D9%A7%D9%A0-%D9%85%D8%AA%D8%B1-%D8%B5%D8%A7%D9%81%D9%8A-%D8%AF%D9%88%D8%B1-%D8%AB%D8%A7%D9%84%D8%AB-ID503771683.html
شقه في بالم هيلز التجمع الخامس-متشطبه بالكامل - فييو لاجون - بالتقسيط for sale in palm hills new cairo,11000000,3,3,172,https://www.dubizzle.com.eg/ad/%D8%B4%D9%82%D9%87-%D9%81%D9%8A-%D8%A8%D8%A7%D9%84%D9%85-%D9%87%D9%8A%D9%84%D8%B2-%D8%A7%D9%84%D8%AA%D8%AC%D9%85%D8%B9-%D8%A7%D9%84%D8%AE%D8%A7%D9%85%D8%B3-%D9%85%D8%AA%D8%B4%D8%B7%D8%A8%D9%87-%D8%A8%D8%A7%D9%84%D9%83%D8%A7%D9%85%D9%84-%D9%81%D9%8A%D9%8A%D9%88-%D9%84%D8%A7%D8%AC%D9%88%D9%86-%D8%A8%D8%A7%D9%84%D8%AA%D9%82%D8%B3%D9%8A%D8%B7-for-sale-in-palm-hills-new-cairo-ID503888831.html
فرصة للجادين من الاطباء واصحاب المكاتب والمشاريع,2250000,2,1,90,https://www.dubizzle.com.eg/ad/%D9%81%D8%B1%D8%B5%D8%A9-%D9%84%D9%84%D8%AC%D8%A7%D8%AF%D9%8A%D9%86-%D9%85%D9%86-%D8%A7%D9%84%D8%A7%D8%B7%D8%A8%D8%A7%D8%A1-%D9%88%D8%A7%D8%B5%D8%AD%D8%A7%D8%A8-%D8%A7%D9%84%D9%85%D9%83%D8%A7%D8%AA%D8%A8-%D9%88%D8%A7%D9%84%D9%85%D8%B4%D8%A7%D8%B1%D9%8A%D8%B9-ID208645556.html
بالتقسيط علي اطول فترة سداد و بأقل سعر في لافيستا التجمع الخامس بكمبوند الباتيو ريفا شقه ارضي بجاردن للبيع برايم لوكيشن El Patio Riva,9000000,2,2,120,https://www.dubizzle.com.eg/ad/%D8%A8%D8%A7%D9%84%D8%AA%D9%82%D8%B3%D9%8A%D8%B7-%D8%B9%D9%84%D9%8A-%D8%A7%D8%B7%D9%88%D9%84-%D9%81%D8%AA%D8%B1%D8%A9-%D8%B3%D8%AF%D8%A7%D8%AF-%D9%88-%D8%A8%D8%A3%D9%82%D9%84-%D8%B3%D8%B9%D8%B1-%D9%81%D9%8A-%D9%84%D8%A7%D9%81%D9%8A%D8%B3%D8%AA%D8%A7-%D8%A7%D9%84%D8%AA%D8%AC%D9%85%D8%B9-%D8%A7%D9%84%D8%AE%D8%A7%D9%85%D8%B3-%D8%A8%D9%83%D9%85%D8%A8%D9%88%D9%86%D8%AF-%D8%A7%D9%84%D8%A8%D8%A7%D8%AA%D9%8A%D9%88-%D8%B1%D9%8A%D9%81%D8%A7-%D8%B4%D9%82%D9%87-%D8%A7%D8%B1%D8%B6%D9%8A-%D8%A8%D8%AC%D8%A7%D8%B1%D8%AF%D9%86-%D9%84%D9%84%D8%A8%D9%8A%D8%B9-%D8%A8%D8%B1%D8%A7%D9%8A%D9%85-%D9%84%D9%88%D9%83%D9%8A%D8%B4%D9%86-el-patio-riva-ID503244336.html
بخصم 50٪ علي الكاش استلام فوري متشطب الترا سوبر لوكس في اميز احياء العاصمة علي الطراز الفرنسي,4200000,2,2,125,https://www.dubizzle.com.eg/ad/%D8%A8%D8%AE%D8%B5%D9%85-50-%D8%B9%D9%84%D9%8A-%D8%A7%D9%84%D9%83%D8%A7%D8%B4-%D8%A7%D8%B3%D8%AA%D9%84%D8%A7%D9%85-%D9%81%D9%88%D8%B1%D9%8A-%D9%85%D8%AA%D8%B4%D8%B7%D8%A8-%D8%A7%D9%84%D8%AA%D8%B1%D8%A7-%D8%B3%D9%88%D8%A8%D8%B1-%D9%84%D9%88%D9%83%D8%B3-%D9%81%D9%8A-%D8%A7%D9%85%D9%8A%D8%B2-%D8%A7%D8%AD%D9%8A%D8%A7%D8%A1-%D8%A7%D9%84%D8%B9%D8%A7%D8%B5%D9%85%D8%A9-%D8%B9%D9%84%D9%8A-%D8%A7%D9%84%D8%B7%D8%B1%D8%A7%D8%B2-%D8%A7%D9%84%D9%81%D8%B1%D9%86%D8%B3%D9%8A-ID502843006.html
استلام فوري متشطب شقة 225م ارضي بجاردن للبيع في اميز كمبوندات العاصمة الادارية كمبوند jade park,6870000,3,3,225,https://www.dubizzle.com.eg/ad/%D8%A7%D8%B3%D8%AA%D9%84%D8%A7%D9%85-%D9%81%D9%88%D8%B1%D9%8A-%D9%85%D8%AA%D8%B4%D8%B7%D8%A8-%D8%B4%D9%82%D8%A9-225%D9%85-%D8%A7%D8%B1%D8%B6%D9%8A-%D8%A8%D8%AC%D8%A7%D8%B1%D8%AF%D9%86-%D9%84%D9%84%D8%A8%D9%8A%D8%B9-%D9%81%D9%8A-%D8%A7%D9%85%D9%8A%D8%B2-%D9%83%D9%85%D8%A8%D9%88%D9%86%D8%AF%D8%A7%D8%AA-%D8%A7%D9%84%D8%B9%D8%A7%D8%B5%D9%85%D8%A9-%D8%A7%D9%84%D8%A7%D8%AF%D8%A7%D8%B1%D9%8A%D8%A9-%D9%83%D9%85%D8%A8%D9%88%D9%86%D8%AF-jade-park-ID503529824.html
استلم فوري في العلمين الجديده شقه 3 غرف بحري متشطبه بالكامل للبيع في الحي اللاتيني The Lain District,9700000,3,2,188,https://www.dubizzle.com.eg/ad/%D8%A7%D8%B3%D8%AA%D9%84%D9%85-%D9%81%D9%88%D8%B1%D9%8A-%D9%81%D9%8A-%D8%A7%D9%84%D8%B9%D9%84%D9%85%D9%8A%D9%86-%D8%A7%D9%84%D8%AC%D8%AF%D9%8A%D8%AF%D9%87-%D8%B4%D9%82%D9%87-3-%D8%BA%D8%B1%D9%81-%D8%A8%D8%AD%D8%B1%D9%8A-%D9%85%D8%AA%D8%B4%D8%B7%D8%A8%D9%87-%D8%A8%D8%A7%D9%84%D9%83%D8%A7%D9%85%D9%84-%D9%84%D9%84%D8%A8%D9%8A%D8%B9-%D9%81%D9%8A-%D8%A7%D9%84%D8%AD%D9%8A-%D8%A7%D9%84%D9%84%D8%A7%D8%AA%D9%8A%D9%86%D9%8A-the-lain-district-ID503301753.html
بمقدم 330 الف واقساط علي 10 سنين امتلك شقتك في قلب التجمع الخامس من الكزار,6600000,2,2,115,https://www.dubizzle.com.eg/ad/%D8%A8%D9%85%D9%82%D8%AF%D9%85-330-%D8%A7%D9%84%D9%81-%D9%88%D8%A7%D9%82%D8%B3%D8%A7%D8%B7-%D8%B9%D9%84%D9%8A-10-%D8%B3%D9%86%D9%8A%D9%86-%D8%A7%D9%85%D8%AA%D9%84%D9%83-%D8%B4%D9%82%D8%AA%D9%83-%D9%81%D9%8A-%D9%82%D9%84%D8%A8-%D8%A7%D9%84%D8%AA%D8%AC%D9%85%D8%B9-%D8%A7%D9%84%D8%AE%D8%A7%D9%85%D8%B3-%D9%85%D9%86-%D8%A7%D9%84%D9%83%D8%B2%D8%A7%D8%B1-ID502874800.html
لسرعة البيع بنتهاوس130م بروف105م جاردن هيلز,3350000,3,3,230,https://www.dubizzle.com.eg/ad/%D9%84%D8%B3%D8%B1%D8%B9%D8%A9-%D8%A7%D9%84%D8%A8%D9%8A%D8%B9-%D8%A8%D9%86%D8%AA%D9%87%D8%A7%D9%88%D8%B3130%D9%85-%D8%A8%D8%B1%D9%88%D9%81105%D9%85-%D8%AC%D8%A7%D8%B1%D8%AF%D9%86-%D9%87%D9%8A%D9%84%D8%B2-ID197957993.html
شقه للبيع كاش ف مدينتي 116م b12 سعر لقطه,4200000,3,2,116,https://www.dubizzle.com.eg/ad/%D8%B4%D9%82%D9%87-%D9%84%D9%84%D8%A8%D9%8A%D8%B9-%D9%83%D8%A7%D8%B4-%D9%81-%D9%85%D8%AF%D9%8A%D9%86%D8%AA%D9%8A-116%D9%85-b12-%D8%B3%D8%B9%D8%B1-%D9%84%D9%82%D8%B7%D9%87-ID503902183.html
للبيع شقة لقطة بمدينة الشروق – المنطقة الثانية,2600000,3,2,135,https://www.dubizzle.com.eg/ad/%D9%84%D9%84%D8%A8%D9%8A%D8%B9-%D8%B4%D9%82%D8%A9-%D9%84%D9%82%D8%B7%D8%A9-%D8%A8%D9%85%D8%AF%D9%8A%D9%86%D8%A9-%D8%A7%D9%84%D8%B4%D8%B1%D9%88%D9%82-%D8%A7%D9%84%D9%85%D9%86%D8%B7%D9%82%D8%A9-%D8%A7%D9%84%D8%AB%D8%A7%D9%86%D9%8A%D8%A9-ID503753978.html
شقة 176م امامي بحري دور اول المنطقة الخامسة تقسيط على ٢٤ شهر,3345000,3,2,176,https://www.dubizzle.com.eg/ad/%D8%B4%D9%82%D8%A9-176%D9%85-%D8%A7%D9%85%D8%A7%D9%85%D9%8A-%D8%A8%D8%AD%D8%B1%D9%8A-%D8%AF%D9%88%D8%B1-%D8%A7%D9%88%D9%84-%D8%A7%D9%84%D9%85%D9%86%D8%B7%D9%82%D8%A9-%D8%A7%D9%84%D8%AE%D8%A7%D9%85%D8%B3%D8%A9-%D8%AA%D9%82%D8%B3%D9%8A%D8%B7-%D8%B9%D9%84%D9%89-%D9%A2%D9%A4-%D8%B4%D9%87%D8%B1-ID502709972.html
شقة 150م دور تاني امامي بجوار المونوريل ومحور بن زايد والنادي الاهلي واقساط  ٣٦ شهر,3600000,3,3,150,https://www.dubizzle.com.eg/ad/%D8%B4%D9%82%D8%A9-150%D9%85-%D8%AF%D9%88%D8%B1-%D8%AA%D8%A7%D9%86%D9%8A-%D8%A7%D9%85%D8%A7%D9%85%D9%8A-%D8%A8%D8%AC%D9%88%D8%A7%D8%B1-%D8%A7%D9%84%D9%85%D9%88%D9%86%D9%88%D8%B1%D9%8A%D9%84-%D9%88%D9%85%D8%AD%D9%88%D8%B1-%D8%A8%D9%86-%D8%B2%D8%A7%D9%8A%D8%AF-%D9%88%D8%A7%D9%84%D9%86%D8%A7%D8%AF%D9%8A-%D8%A7%D9%84%D8%A7%D9%87%D9%84%D9%8A-%D9%88%D8%A7%D9%82%D8%B3%D8%A7%D8%B7-%D9%A3%D9%A6-%D8%B4%D9%87%D8%B1-ID502669112.html
دوبليكس راقى  متفرع من  الإقبال قرب البحر,6000000,3,2,200,https://www.dubizzle.com.eg/ad/%D8%AF%D9%88%D8%A8%D9%84%D9%8A%D9%83%D8%B3-%D8%B1%D8%A7%D9%82%D9%89-%D9%85%D8%AA%D9%81%D8%B1%D8%B9-%D9%85%D9%86-%D8%A7%D9%84%D8%A5%D9%82%D8%A8%D8%A7%D9%84-%D9%82%D8%B1%D8%A8-%D8%A7%D9%84%D8%A8%D8%AD%D8%B1-ID208541331.html
شقة لقطة في عمارة فندقية و موقع متميز بميدان هليوبوليس مصر الجديدة,6900000,2,2,125,https://www.dubizzle.com.eg/ad/%D8%B4%D9%82%D8%A9-%D9%84%D9%82%D8%B7%D8%A9-%D9%81%D9%8A-%D8%B9%D9%85%D8%A7%D8%B1%D8%A9-%D9%81%D9%86%D8%AF%D9%82%D9%8A%D8%A9-%D9%88-%D9%85%D9%88%D9%82%D8%B9-%D9%85%D8%AA%D9%85%D9%8A%D8%B2-%D8%A8%D9%85%D9%8A%D8%AF%D8%A7%D9%86-%D9%87%D9%84%D9%8A%D9%88%D8%A8%D9%88%D9%84%D9%8A%D8%B3-%D9%85%D8%B5%D8%B1-%D8%A7%D9%84%D8%AC%D8%AF%D9%8A%D8%AF%D8%A9-ID208175802.html
امتلك دوبلكس برووف متشطب عالمفتاح  بالسعر القديم بأفخم كمبوند بالقاهره الجديده,26000000,4,4,220,https://www.dubizzle.com.eg/ad/%D8%A7%D9%85%D8%AA%D9%84%D9%83-%D8%AF%D9%88%D8%A8%D9%84%D9%83%D8%B3-%D8%A8%D8%B1%D9%88%D9%88%D9%81-%D9%85%D8%AA%D8%B4%D8%B7%D8%A8-%D8%B9%D8%A7%D9%84%D9%85%D9%81%D8%AA%D8%A7%D8%AD-%D8%A8%D8%A7%D9%84%D8%B3%D8%B9%D8%B1-%D8%A7%D9%84%D9%82%D8%AF%D9%8A%D9%85-%D8%A8%D8%A3%D9%81%D8%AE%D9%85-%D9%83%D9%85%D8%A8%D9%88%D9%86%D8%AF-%D8%A8%D8%A7%D9%84%D9%82%D8%A7%D9%87%D8%B1%D9%87-%D8%A7%D9%84%D8%AC%D8%AF%D9%8A%D8%AF%D9%87-ID503570802.html
شقتك في التجمع الخامس بمقدم 10% فقط,5527900,3,3,149,https://www.dubizzle.com.eg/ad/%D8%B4%D9%82%D8%AA%D9%83-%D9%81%D9%8A-%D8%A7%D9%84%D8%AA%D8%AC%D9%85%D8%B9-%D8%A7%D9%84%D8%AE%D8%A7%D9%85%D8%B3-%D8%A8%D9%85%D9%82%D8%AF%D9%85-10-%D9%81%D9%82%D8%B7-ID503901886.html
شقه لقطه في اميز لوكيشن في مدينه الشروق المنطقه السابعه ــ خطوات من أهم المحاور الرئيسية,4200000,3,2,205,https://www.dubizzle.com.eg/ad/%D8%B4%D9%82%D9%87-%D9%84%D9%82%D8%B7%D9%87-%D9%81%D9%8A-%D8%A7%D9%85%D9%8A%D8%B2-%D9%84%D9%88%D9%83%D9%8A%D8%B4%D9%86-%D9%81%D9%8A-%D9%85%D8%AF%D9%8A%D9%86%D9%87-%D8%A7%D9%84%D8%B4%D8%B1%D9%88%D9%82-%D8%A7%D9%84%D9%85%D9%86%D8%B7%D9%82%D9%87-%D8%A7%D9%84%D8%B3%D8%A7%D8%A8%D8%B9%D9%87-%D9%80%D9%80-%D8%AE%D8%B7%D9%88%D8%A7%D8%AA-%D9%85%D9%86-%D8%A3%D9%87%D9%85-%D8%A7%D9%84%D9%85%D8%AD%D8%A7%D9%88%D8%B1-%D8%A7%D9%84%D8%B1%D8%A6%D9%8A%D8%B3%D9%8A%D8%A9-ID503893803.html
"شقة للبيع في شارع عزت سلامة – موازي مصطفى النحاس، مدينة نصر | 300 متر",7500000,4,2,300,https://www.dubizzle.com.eg/ad/%D8%B4%D9%82%D8%A9-%D9%84%D9%84%D8%A8%D9%8A%D8%B9-%D9%81%D9%8A-%D8%B4%D8%A7%D8%B1%D8%B9-%D8%B9%D8%B2%D8%AA-%D8%B3%D9%84%D8%A7%D9%85%D8%A9-%D9%85%D9%88%D8%A7%D8%B2%D9%8A-%D9%85%D8%B5%D8%B7%D9%81%D9%89-%D8%A7%D9%84%D9%86%D8%AD%D8%A7%D8%B3-%D9%85%D8%AF%D9%8A%D9%86%D8%A9-%D9%86%D8%B5%D8%B1-300-%D9%85%D8%AA%D8%B1-ID503902177.html
بأوفر لايقارن فيلاا 1100م استلام فوري متشطبه 10غرف,38000000,10,10,100,https://www.dubizzle.com.eg/ad/%D8%A8%D8%A3%D9%88%D9%81%D8%B1-%D9%84%D8%A7%D9%8A%D9%82%D8%A7%D8%B1%D9%86-%D9%81%D9%8A%D9%84%D8%A7%D8%A7-1100%D9%85-%D8%A7%D8%B3%D8%AA%D9%84%D8%A7%D9%85-%D9%81%D9%88%D8%B1%D9%8A-%D9%85%D8%AA%D8%B4%D8%B7%D8%A8%D9%87-10%D8%BA%D8%B1%D9%81-ID503900118.html
شقة للبيع في ويست تاون مطلة على المناظر الطبيعية,17850000,4,4,250,https://www.dubizzle.com.eg/ad/%D8%B4%D9%82%D8%A9-%D9%84%D9%84%D8%A8%D9%8A%D8%B9-%D9%81%D9%8A-%D9%88%D9%8A%D8%B3%D8%AA-%D8%AA%D8%A7%D9%88%D9%86-%D9%85%D8%B7%D9%84%D8%A9-%D8%B9%D9%84%D9%89-%D8%A7%D9%84%D9%85%D9%86%D8%A7%D8%B8%D8%B1-%D8%A7%D9%84%D8%B7%D8%A8%D9%8A%D8%B9%D9%8A%D8%A9-ID502953632.html
اميز تقسيمة شقة بجاردن في المراسم فيفث سكوير معروض باقل من سعر الماركت لسرعة البيع السعر المطلوب 12مليون ونص القاهره الجديدة,12000000,4,3,195,https://www.dubizzle.com.eg/ad/%D8%A7%D9%85%D9%8A%D8%B2-%D8%AA%D9%82%D8%B3%D9%8A%D9%85%D8%A9-%D8%B4%D9%82%D8%A9-%D8%A8%D8%AC%D8%A7%D8%B1%D8%AF%D9%86-%D9%81%D9%8A-%D8%A7%D9%84%D9%85%D8%B1%D8%A7%D8%B3%D9%85-%D9%81%D9%8A%D9%81%D8%AB-%D8%B3%D9%83%D9%88%D9%8A%D8%B1-%D9%85%D8%B9%D8%B1%D9%88%D8%B6-%D8%A8%D8%A7%D9%82%D9%84-%D9%85%D9%86-%D8%B3%D8%B9%D8%B1-%D8%A7%D9%84%D9%85%D8%A7%D8%B1%D9%83%D8%AA-%D9%84%D8%B3%D8%B1%D8%B9%D8%A9-%D8%A7%D9%84%D8%A8%D9%8A%D8%B9-%D8%A7%D9%84%D8%B3%D8%B9%D8%B1-%D8%A7%D9%84%D9%85%D8%B7%D9%84%D9%88%D8%A8-12%D9%85%D9%84%D9%8A%D9%88%D9%86-%D9%88%D9%86%D8%B5-%D8%A7%D9%84%D9%82%D8%A7%D9%87%D8%B1%D9%87-%D8%A7%D9%84%D8%AC%D8%AF%D9%8A%D8%AF%D8%A9-ID503866303.html
شقة للبيع في ليك فيو ريزيدنس 2 التجمع الخامس Lake View Residence 2 New Cairo,10392000,3,3,143,https://www.dubizzle.com.eg/ad/%D8%B4%D9%82%D8%A9-%D9%84%D9%84%D8%A8%D9%8A%D8%B9-%D9%81%D9%8A-%D9%84%D9%8A%D9%83-%D9%81%D9%8A%D9%88-%D8%B1%D9%8A%D8%B2%D9%8A%D8%AF%D9%86%D8%B3-2-%D8%A7%D9%84%D8%AA%D8%AC%D9%85%D8%B9-%D8%A7%D9%84%D8%AE%D8%A7%D9%85%D8%B3-lake-view-residence-2-new-cairo-ID503899284.html
"شقة مميزة للبيع في ماونتن فيو هايد بارك – التجمع الخامس  فرصة رائعة لامتلاك شقة داخل واحد من أرقى وأفضل كمبوندات القاهرة الجديدة، ماونتن فيو هايد بارك",9000000,2,2,133,https://www.dubizzle.com.eg/ad/%D8%B4%D9%82%D8%A9-%D9%85%D9%85%D9%8A%D8%B2%D8%A9-%D9%84%D9%84%D8%A8%D9%8A%D8%B9-%D9%81%D9%8A-%D9%85%D8%A7%D9%88%D9%86%D8%AA%D9%86-%D9%81%D9%8A%D9%88-%D9%87%D8%A7%D9%8A%D8%AF-%D8%A8%D8%A7%D8%B1%D9%83-%D8%A7%D9%84%D8%AA%D8%AC%D9%85%D8%B9-%D8%A7%D9%84%D8%AE%D8%A7%D9%85%D8%B3-%D9%81%D8%B1%D8%B5%D8%A9-%D8%B1%D8%A7%D8%A6%D8%B9%D8%A9-%D9%84%D8%A7%D9%85%D8%AA%D9%84%D8%A7%D9%83-%D8%B4%D9%82%D8%A9-%D8%AF%D8%A7%D8%AE%D9%84-%D9%88%D8%A7%D8%AD%D8%AF-%D9%85%D9%86-%D8%A3%D8%B1%D9%82%D9%89-%D9%88%D8%A3%D9%81%D8%B6%D9%84-%D9%83%D9%85%D8%A8%D9%88%D9%86%D8%AF%D8%A7%D8%AA-%D8%A7%D9%84%D9%82%D8%A7%D9%87%D8%B1%D8%A9-%D8%A7%D9%84%D8%AC%D8%AF%D9%8A%D8%AF%D8%A9-%D9%85%D8%A7%D9%88%D9%86%D8%AA%D9%86-%D9%81%D9%8A%D9%88-%D9%87%D8%A7%D9%8A%D8%AF-%D8%A8%D8%A7%D8%B1%D9%83-ID503885628.html
"شقة للبيع – المقصد، العاصمة الإدارية الجديدة (من المالك مباشرة)",3200000,3,3,134,https://www.dubizzle.com.eg/ad/%D8%B4%D9%82%D8%A9-%D9%84%D9%84%D8%A8%D9%8A%D8%B9-%D8%A7%D9%84%D9%85%D9%82%D8%B5%D8%AF-%D8%A7%D9%84%D8%B9%D8%A7%D8%B5%D9%85%D8%A9-%D8%A7%D9%84%D8%A5%D8%AF%D8%A7%D8%B1%D9%8A%D8%A9-%D8%A7%D9%84%D8%AC%D8%AF%D9%8A%D8%AF%D8%A9-%D9%85%D9%86-%D8%A7%D9%84%D9%85%D8%A7%D9%84%D9%83-%D9%85%D8%A8%D8%A7%D8%B4%D8%B1%D8%A9-ID502508835.html
بنتهاوس للبيع في باديا - BADYA بالم هيلز,5857000,3,3,137,https://www.dubizzle.com.eg/ad/%D8%A8%D9%86%D8%AA%D9%87%D8%A7%D9%88%D8%B3-%D9%84%D9%84%D8%A8%D9%8A%D8%B9-%D9%81%D9%8A-%D8%A8%D8%A7%D8%AF%D9%8A%D8%A7-badya-%D8%A8%D8%A7%D9%84%D9%85-%D9%87%D9%8A%D9%84%D8%B2-ID503845730.html
شقة للبيع في الياسمين ٨ - التجمع الاول- القاهرة الجديدة من المالك,8500000,4,3,285,https://www.dubizzle.com.eg/ad/%D8%B4%D9%82%D8%A9-%D9%84%D9%84%D8%A8%D9%8A%D8%B9-%D9%81%D9%8A-%D8%A7%D9%84%D9%8A%D8%A7%D8%B3%D9%85%D9%8A%D9%86-%D9%A8-%D8%A7%D9%84%D8%AA%D8%AC%D9%85%D8%B9-%D8%A7%D9%84%D8%A7%D9%88%D9%84-%D8%A7%D9%84%D9%82%D8%A7%D9%87%D8%B1%D8%A9-%D8%A7%D9%84%D8%AC%D8%AF%D9%8A%D8%AF%D8%A9-%D9%85%D9%86-%D8%A7%D9%84%D9%85%D8%A7%D9%84%D9%83-ID503886424.html
شقة متشطبة بالكامل الترا سوبر لوكس ومفروشة للبيع استلام فوري في كمبوند ميفيدا اعمار التجمع الخامس Mivida Emaar New Cairo,21500000,3,3,191,https://www.dubizzle.com.eg/ad/%D8%B4%D9%82%D8%A9-%D9%85%D8%AA%D8%B4%D8%B7%D8%A8%D8%A9-%D8%A8%D8%A7%D9%84%D9%83%D8%A7%D9%85%D9%84-%D8%A7%D9%84%D8%AA%D8%B1%D8%A7-%D8%B3%D9%88%D8%A8%D8%B1-%D9%84%D9%88%D9%83%D8%B3-%D9%88%D9%85%D9%81%D8%B1%D9%88%D8%B4%D8%A9-%D9%84%D9%84%D8%A8%D9%8A%D8%B9-%D8%A7%D8%B3%D8%AA%D9%84%D8%A7%D9%85-%D9%81%D9%88%D8%B1%D9%8A-%D9%81%D9%8A-%D9%83%D9%85%D8%A8%D9%88%D9%86%D8%AF-%D9%85%D9%8A%D9%81%D9%8A%D8%AF%D8%A7-%D8%A7%D8%B9%D9%85%D8%A7%D8%B1-%D8%A7%D9%84%D8%AA%D8%AC%D9%85%D8%B9-%D8%A7%D9%84%D8%AE%D8%A7%D9%85%D8%B3-mivida-emaar-new-cairo-ID503579205.html
اقل من سعر الماركت موقع مميز مقدم واقساط اي فيلا جاردن 3 غرف للبيع في كمباوند ماونتن فيو اي سيتي التجمع الخامس,7975000,3,3,180,https://www.dubizzle.com.eg/ad/%D8%A7%D9%82%D9%84-%D9%85%D9%86-%D8%B3%D8%B9%D8%B1-%D8%A7%D9%84%D9%85%D8%A7%D8%B1%D9%83%D8%AA-%D9%85%D9%88%D9%82%D8%B9-%D9%85%D9%85%D9%8A%D8%B2-%D9%85%D9%82%D8%AF%D9%85-%D9%88%D8%A7%D9%82%D8%B3%D8%A7%D8%B7-%D8%A7%D9%8A-%D9%81%D9%8A%D9%84%D8%A7-%D8%AC%D8%A7%D8%B1%D8%AF%D9%86-3-%D8%BA%D8%B1%D9%81-%D9%84%D9%84%D8%A8%D9%8A%D8%B9-%D9%81%D9%8A-%D9%83%D9%85%D8%A8%D8%A7%D9%88%D9%86%D8%AF-%D9%85%D8%A7%D9%88%D9%86%D8%AA%D9%86-%D9%81%D9%8A%D9%88-%D8%A7%D9%8A-%D8%B3%D9%8A%D8%AA%D9%8A-%D8%A7%D9%84%D8%AA%D8%AC%D9%85%D8%B9-%D8%A7%D9%84%D8%AE%D8%A7%D9%85%D8%B3-ID503747419.html
شقة للبيع في لافينير المستقبل سيتي استلام فوري موقع مميز اقل من سعر السوق Lavenir,4500000,3,3,160,https://www.dubizzle.com.eg/ad/%D8%B4%D9%82%D8%A9-%D9%84%D9%84%D8%A8%D9%8A%D8%B9-%D9%81%D9%8A-%D9%84%D8%A7%D9%81%D9%8A%D9%86%D9%8A%D8%B1-%D8%A7%D9%84%D9%85%D8%B3%D8%AA%D9%82%D8%A8%D9%84-%D8%B3%D9%8A%D8%AA%D9%8A-%D8%A7%D8%B3%D8%AA%D9%84%D8%A7%D9%85-%D9%81%D9%88%D8%B1%D9%8A-%D9%85%D9%88%D9%82%D8%B9-%D9%85%D9%85%D9%8A%D8%B2-%D8%A7%D9%82%D9%84-%D9%85%D9%86-%D8%B3%D8%B9%D8%B1-%D8%A7%D9%84%D8%B3%D9%88%D9%82-lavenir-ID503425348.html
أخرشقه  للبيع متشطبه بالكامل أستلام فوري اخل بيفرلي هيلز,8200000,3,3,180,https://www.dubizzle.com.eg/ad/%D8%A3%D8%AE%D8%B1%D8%B4%D9%82%D9%87-%D9%84%D9%84%D8%A8%D9%8A%D8%B9-%D9%85%D8%AA%D8%B4%D8%B7%D8%A8%D9%87-%D8%A8%D8%A7%D9%84%D9%83%D8%A7%D9%85%D9%84-%D8%A3%D8%B3%D8%AA%D9%84%D8%A7%D9%85-%D9%81%D9%88%D8%B1%D9%8A-%D8%A7%D8%AE%D9%84-%D8%A8%D9%8A%D9%81%D8%B1%D9%84%D9%8A-%D9%87%D9%8A%D9%84%D8%B2-ID503146889.html
دوبلكس ارضي بحديقة للبيع في لافينير المستقبل سيتي لوكيشين مميز اقل من سعر السوق lavenir,7300000,4,3,245,https://www.dubizzle.com.eg/ad/%D8%AF%D9%88%D8%A8%D9%84%D9%83%D8%B3-%D8%A7%D8%B1%D8%B6%D9%8A-%D8%A8%D8%AD%D8%AF%D9%8A%D9%82%D8%A9-%D9%84%D9%84%D8%A8%D9%8A%D8%B9-%D9%81%D9%8A-%D9%84%D8%A7%D9%81%D9%8A%D9%86%D9%8A%D8%B1-%D8%A7%D9%84%D9%85%D8%B3%D8%AA%D9%82%D8%A8%D9%84-%D8%B3%D9%8A%D8%AA%D9%8A-%D9%84%D9%88%D9%83%D9%8A%D8%B4%D9%8A%D9%86-%D9%85%D9%85%D9%8A%D8%B2-%D8%A7%D9%82%D9%84-%D9%85%D9%86-%D8%B3%D8%B9%D8%B1-%D8%A7%D9%84%D8%B3%D9%88%D9%82-lavenir-ID503111558.html
بأقل سعر في الماركت شقه 3 غرف برايم لوكيشن للبيع بكمبوند لافيستا الباتيو سولا La Vista Patio Sola,9700000,3,2,160,https://www.dubizzle.com.eg/ad/%D8%A8%D8%A3%D9%82%D9%84-%D8%B3%D8%B9%D8%B1-%D9%81%D9%8A-%D8%A7%D9%84%D9%85%D8%A7%D8%B1%D9%83%D8%AA-%D8%B4%D9%82%D9%87-3-%D8%BA%D8%B1%D9%81-%D8%A8%D8%B1%D8%A7%D9%8A%D9%85-%D9%84%D9%88%D9%83%D9%8A%D8%B4%D9%86-%D9%84%D9%84%D8%A8%D9%8A%D8%B9-%D8%A8%D9%83%D9%85%D8%A8%D9%88%D9%86%D8%AF-%D9%84%D8%A7%D9%81%D9%8A%D8%B3%D8%AA%D8%A7-%D8%A7%D9%84%D8%A8%D8%A7%D8%AA%D9%8A%D9%88-%D8%B3%D9%88%D9%84%D8%A7-la-vista-patio-sola-ID503416913.html
اخر شقه 3 غرف متشطبه بالكامل للبيع في العلمين الجديده فيو مميز علي البحر بالتقسيط علي اطول فترة سداد New Alamein,12100000,3,3,230,https://www.dubizzle.com.eg/ad/%D8%A7%D8%AE%D8%B1-%D8%B4%D9%82%D9%87-3-%D8%BA%D8%B1%D9%81-%D9%85%D8%AA%D8%B4%D8%B7%D8%A8%D9%87-%D8%A8%D8%A7%D9%84%D9%83%D8%A7%D9%85%D9%84-%D9%84%D9%84%D8%A8%D9%8A%D8%B9-%D9%81%D9%8A-%D8%A7%D9%84%D8%B9%D9%84%D9%85%D9%8A%D9%86-%D8%A7%D9%84%D8%AC%D8%AF%D9%8A%D8%AF%D9%87-%D9%81%D9%8A%D9%88-%D9%85%D9%85%D9%8A%D8%B2-%D8%B9%D9%84%D9%8A-%D8%A7%D9%84%D8%A8%D8%AD%D8%B1-%D8%A8%D8%A7%D9%84%D8%AA%D9%82%D8%B3%D9%8A%D8%B7-%D8%B9%D9%84%D9%8A-%D8%A7%D8%B7%D9%88%D9%84-%D9%81%D8%AA%D8%B1%D8%A9-%D8%B3%D8%AF%D8%A7%D8%AF-new-alamein-ID503174110.html
بالتقسيط علي اطول فترة سدادامتلك مع لافيستا بأقل سعر في الماركت شقه بجاردن برايم لوكيشن بكمبوند متكامل الخدمات دايركت علي طريق السويس,7100000,2,2,120,https://www.dubizzle.com.eg/ad/%D8%A8%D8%A7%D9%84%D8%AA%D9%82%D8%B3%D9%8A%D8%B7-%D8%B9%D9%84%D9%8A-%D8%A7%D8%B7%D9%88%D9%84-%D9%81%D8%AA%D8%B1%D8%A9-%D8%B3%D8%AF%D8%A7%D8%AF%D8%A7%D9%85%D8%AA%D9%84%D9%83-%D9%85%D8%B9-%D9%84%D8%A7%D9%81%D9%8A%D8%B3%D8%AA%D8%A7-%D8%A8%D8%A3%D9%82%D9%84-%D8%B3%D8%B9%D8%B1-%D9%81%D9%8A-%D8%A7%D9%84%D9%85%D8%A7%D8%B1%D9%83%D8%AA-%D8%B4%D9%82%D9%87-%D8%A8%D8%AC%D8%A7%D8%B1%D8%AF%D9%86-%D8%A8%D8%B1%D8%A7%D9%8A%D9%85-%D9%84%D9%88%D9%83%D9%8A%D8%B4%D9%86-%D8%A8%D9%83%D9%85%D8%A8%D9%88%D9%86%D8%AF-%D9%85%D8%AA%D9%83%D8%A7%D9%85%D9%84-%D8%A7%D9%84%D8%AE%D8%AF%D9%85%D8%A7%D8%AA-%D8%AF%D8%A7%D9%8A%D8%B1%D9%83%D8%AA-%D8%B9%D9%84%D9%8A-%D8%B7%D8%B1%D9%8A%D9%82-%D8%A7%D9%84%D8%B3%D9%88%D9%8A%D8%B3-ID503142607.html
استلام فورى باقل سعر شقة للبيع علي البحر بحرى صريح فيو فى الحى اللاتينى في قلب مدينة العلمين متشطبة بالكامل بالقرب مراسى و سوديك Latin El Alamein,3500000,3,2,135,https://www.dubizzle.com.eg/ad/%D8%A7%D8%B3%D8%AA%D9%84%D8%A7%D9%85-%D9%81%D9%88%D8%B1%D9%89-%D8%A8%D8%A7%D9%82%D9%84-%D8%B3%D8%B9%D8%B1-%D8%B4%D9%82%D8%A9-%D9%84%D9%84%D8%A8%D9%8A%D8%B9-%D8%B9%D9%84%D9%8A-%D8%A7%D9%84%D8%A8%D8%AD%D8%B1-%D8%A8%D8%AD%D8%B1%D9%89-%D8%B5%D8%B1%D9%8A%D8%AD-%D9%81%D9%8A%D9%88-%D9%81%D9%89-%D8%A7%D9%84%D8%AD%D9%89-%D8%A7%D9%84%D9%84%D8%A7%D8%AA%D9%8A%D9%86%D9%89-%D9%81%D9%8A-%D9%82%D9%84%D8%A8-%D9%85%D8%AF%D9%8A%D9%86%D8%A9-%D8%A7%D9%84%D8%B9%D9%84%D9%85%D9%8A%D9%86-%D9%85%D8%AA%D8%B4%D8%B7%D8%A8%D8%A9-%D8%A8%D8%A7%D9%84%D9%83%D8%A7%D9%85%D9%84-%D8%A8%D8%A7%D9%84%D9%82%D8%B1%D8%A8-%D9%85%D8%B1%D8%A7%D8%B3%D9%89-%D9%88-%D8%B3%D9%88%D8%AF%D9%8A%D9%83-latin-el-alamein-ID503900740.html
دوبلكس بجاردن للبيع استلام فوري متشطب 390 م روف 118 م برايم لوكيشن في كمبوند في الجولدن سكوير التجمع الخامس القاهره الجديده,50000000,4,4,390,https://www.dubizzle.com.eg/ad/%D8%AF%D9%88%D8%A8%D9%84%D9%83%D8%B3-%D8%A8%D8%AC%D8%A7%D8%B1%D8%AF%D9%86-%D9%84%D9%84%D8%A8%D9%8A%D8%B9-%D8%A7%D8%B3%D8%AA%D9%84%D8%A7%D9%85-%D9%81%D9%88%D8%B1%D9%8A-%D9%85%D8%AA%D8%B4%D8%B7%D8%A8-390-%D9%85-%D8%B1%D9%88%D9%81-118-%D9%85-%D8%A8%D8%B1%D8%A7%D9%8A%D9%85-%D9%84%D9%88%D9%83%D9%8A%D8%B4%D9%86-%D9%81%D9%8A-%D9%83%D9%85%D8%A8%D9%88%D9%86%D8%AF-%D9%81%D9%8A-%D8%A7%D9%84%D8%AC%D9%88%D9%84%D8%AF%D9%86-%D8%B3%D9%83%D9%88%D9%8A%D8%B1-%D8%A7%D9%84%D8%AA%D8%AC%D9%85%D8%B9-%D8%A7%D9%84%D8%AE%D8%A7%D9%85%D8%B3-%D8%A7%D9%84%D9%82%D8%A7%D9%87%D8%B1%D9%87-%D8%A7%D9%84%D8%AC%D8%AF%D9%8A%D8%AF%D9%87-ID503834234.html
شقه للبيع في كمبوند فيفث سكويرالمراسم استلام فوري متشطبه بالتكييفات تكمله اقساط,13664590,3,3,170,https://www.dubizzle.com.eg/ad/%D8%B4%D9%82%D9%87-%D9%84%D9%84%D8%A8%D9%8A%D8%B9-%D9%81%D9%8A-%D9%83%D9%85%D8%A8%D9%88%D9%86%D8%AF-%D9%81%D9%8A%D9%81%D8%AB-%D8%B3%D9%83%D9%88%D9%8A%D8%B1%D8%A7%D9%84%D9%85%D8%B1%D8%A7%D8%B3%D9%85-%D8%A7%D8%B3%D8%AA%D9%84%D8%A7%D9%85-%D9%81%D9%88%D8%B1%D9%8A-%D9%85%D8%AA%D8%B4%D8%B7%D8%A8%D9%87-%D8%A8%D8%A7%D9%84%D8%AA%D9%83%D9%8A%D9%8A%D9%81%D8%A7%D8%AA-%D8%AA%D9%83%D9%85%D9%84%D9%87-%D8%A7%D9%82%D8%B3%D8%A7%D8%B7-ID503901004.html
ستوديو للبيع بمقدم 150الف في تاج سيتي دقائق من مطار القاهرة علي طريق السويس,3810000,1,1,72,https://www.dubizzle.com.eg/ad/%D8%B3%D8%AA%D9%88%D8%AF%D9%8A%D9%88-%D9%84%D9%84%D8%A8%D9%8A%D8%B9-%D8%A8%D9%85%D9%82%D8%AF%D9%85-150%D8%A7%D9%84%D9%81-%D9%81%D9%8A-%D8%AA%D8%A7%D8%AC-%D8%B3%D9%8A%D8%AA%D9%8A-%D8%AF%D9%82%D8%A7%D8%A6%D9%82-%D9%85%D9%86-%D9%85%D8%B7%D8%A7%D8%B1-%D8%A7%D9%84%D9%82%D8%A7%D9%87%D8%B1%D8%A9-%D8%B9%D9%84%D9%8A-%D8%B7%D8%B1%D9%8A%D9%82-%D8%A7%D9%84%D8%B3%D9%88%D9%8A%D8%B3-ID503794203.html
شقة 109 متر سوبر لوكس للبيع في كمبوند The Address - الشيخ زايد | فرصة للسكن والاستثمار,6750000,3,2,109,https://www.dubizzle.com.eg/ad/%D8%B4%D9%82%D8%A9-109-%D9%85%D8%AA%D8%B1-%D8%B3%D9%88%D8%A8%D8%B1-%D9%84%D9%88%D9%83%D8%B3-%D9%84%D9%84%D8%A8%D9%8A%D8%B9-%D9%81%D9%8A-%D9%83%D9%85%D8%A8%D9%88%D9%86%D8%AF-the-address-%D8%A7%D9%84%D8%B4%D9%8A%D8%AE-%D8%B2%D8%A7%D9%8A%D8%AF-%D9%81%D8%B1%D8%B5%D8%A9-%D9%84%D9%84%D8%B3%D9%83%D9%86-%D9%88%D8%A7%D9%84%D8%A7%D8%B3%D8%AA%D8%AB%D9%85%D8%A7%D8%B1-ID503889582.html
بسعر تجاري لقطة | روف مقنن شقة 270م للبيع بالحي 16 زايد,4500000,3,3,270,https://www.dubizzle.com.eg/ad/%D8%A8%D8%B3%D8%B9%D8%B1-%D8%AA%D8%AC%D8%A7%D8%B1%D9%8A-%D9%84%D9%82%D8%B7%D8%A9-%D8%B1%D9%88%D9%81-%D9%85%D9%82%D9%86%D9%86-%D8%B4%D9%82%D8%A9-270%D9%85-%D9%84%D9%84%D8%A8%D9%8A%D8%B9-%D8%A8%D8%A7%D9%84%D8%AD%D9%8A-16-%D8%B2%D8%A7%D9%8A%D8%AF-ID503761666.html
للبيع شقة مميزه,5900000,3,3,250,https://www.dubizzle.com.eg/ad/%D9%84%D9%84%D8%A8%D9%8A%D8%B9-%D8%B4%D9%82%D8%A9-%D9%85%D9%85%D9%8A%D8%B2%D9%87-ID208645385.html
شقة للبيع 139 مترالحي التاني بيت الوطن بجاردن 130 متر استلام فوري,2650000,3,2,139,https://www.dubizzle.com.eg/ad/%D8%B4%D9%82%D8%A9-%D9%84%D9%84%D8%A8%D9%8A%D8%B9-139-%D9%85%D8%AA%D8%B1%D8%A7%D9%84%D8%AD%D9%8A-%D8%A7%D9%84%D8%AA%D8%A7%D9%86%D9%8A-%D8%A8%D9%8A%D8%AA-%D8%A7%D9%84%D9%88%D8%B7%D9%86-%D8%A8%D8%AC%D8%A7%D8%B1%D8%AF%D9%86-130-%D9%85%D8%AA%D8%B1-%D8%A7%D8%B3%D8%AA%D9%84%D8%A7%D9%85-%D9%81%D9%88%D8%B1%D9%8A-ID208582147.html
للبيع | دوبلكس فاخر بأحد أفضل مواقع كمبوند جايد,26300000,4,3,260,https://www.dubizzle.com.eg/ad/%D9%84%D9%84%D8%A8%D9%8A%D8%B9-%D8%AF%D9%88%D8%A8%D9%84%D9%83%D8%B3-%D9%81%D8%A7%D8%AE%D8%B1-%D8%A8%D8%A3%D8%AD%D8%AF-%D8%A3%D9%81%D8%B6%D9%84-%D9%85%D9%88%D8%A7%D9%82%D8%B9-%D9%83%D9%85%D8%A8%D9%88%D9%86%D8%AF-%D8%AC%D8%A7%D9%8A%D8%AF-ID503683074.html
شقة للبيع استلام فوري بفيو مميز بأقل من سعر السوق ريسيل 3 غرف في كمبوند بلوم فيلدز Bloomfields المستقبل سيتي بجوار مدينتي وسراي,4700000,3,2,149,https://www.dubizzle.com.eg/ad/%D8%B4%D9%82%D8%A9-%D9%84%D9%84%D8%A8%D9%8A%D8%B9-%D8%A7%D8%B3%D8%AA%D9%84%D8%A7%D9%85-%D9%81%D9%88%D8%B1%D9%8A-%D8%A8%D9%81%D9%8A%D9%88-%D9%85%D9%85%D9%8A%D8%B2-%D8%A8%D8%A3%D9%82%D9%84-%D9%85%D9%86-%D8%B3%D8%B9%D8%B1-%D8%A7%D9%84%D8%B3%D9%88%D9%82-%D8%B1%D9%8A%D8%B3%D9%8A%D9%84-3-%D8%BA%D8%B1%D9%81-%D9%81%D9%8A-%D9%83%D9%85%D8%A8%D9%88%D9%86%D8%AF-%D8%A8%D9%84%D9%88%D9%85-%D9%81%D9%8A%D9%84%D8%AF%D8%B2-bloomfields-%D8%A7%D9%84%D9%85%D8%B3%D8%AA%D9%82%D8%A8%D9%84-%D8%B3%D9%8A%D8%AA%D9%8A-%D8%A8%D8%AC%D9%88%D8%A7%D8%B1-%D9%85%D8%AF%D9%8A%D9%86%D8%AA%D9%8A-%D9%88%D8%B3%D8%B1%D8%A7%D9%8A-ID503900348.html
شقه للبيع في الحي الترفيهي  دور تاني علي الطريق الرئيسي بسعر ممتاز,1250000,2,1,65,https://www.dubizzle.com.eg/ad/%D8%B4%D9%82%D9%87-%D9%84%D9%84%D8%A8%D9%8A%D8%B9-%D9%81%D9%8A-%D8%A7%D9%84%D8%AD%D9%8A-%D8%A7%D9%84%D8%AA%D8%B1%D9%81%D9%8A%D9%87%D9%8A-%D8%AF%D9%88%D8%B1-%D8%AA%D8%A7%D9%86%D9%8A-%D8%B9%D9%84%D9%8A-%D8%A7%D9%84%D8%B7%D8%B1%D9%8A%D9%82-%D8%A7%D9%84%D8%B1%D8%A6%D9%8A%D8%B3%D9%8A-%D8%A8%D8%B3%D8%B9%D8%B1-%D9%85%D9%85%D8%AA%D8%A7%D8%B2-ID208331421.html
شقه للبيع فى الشيخ زايد بسعر لقطة بالتقسيط فى موقع مميز جدا كمبوند LUGAR GATES  امام مطار سفنكس بجوار سوديك,5365000,1,1,65,https://www.dubizzle.com.eg/ad/%D8%B4%D9%82%D9%87-%D9%84%D9%84%D8%A8%D9%8A%D8%B9-%D9%81%D9%89-%D8%A7%D9%84%D8%B4%D9%8A%D8%AE-%D8%B2%D8%A7%D9%8A%D8%AF-%D8%A8%D8%B3%D8%B9%D8%B1-%D9%84%D9%82%D8%B7%D8%A9-%D8%A8%D8%A7%D9%84%D8%AA%D9%82%D8%B3%D9%8A%D8%B7-%D9%81%D9%89-%D9%85%D9%88%D9%82%D8%B9-%D9%85%D9%85%D9%8A%D8%B2-%D8%AC%D8%AF%D8%A7-%D9%83%D9%85%D8%A8%D9%88%D9%86%D8%AF-lugar-gates-%D8%A7%D9%85%D8%A7%D9%85-%D9%85%D8%B7%D8%A7%D8%B1-%D8%B3%D9%81%D9%86%D9%83%D8%B3-%D8%A8%D8%AC%D9%88%D8%A7%D8%B1-%D8%B3%D9%88%D8%AF%D9%8A%D9%83-ID503900929.html
شقة للبيع في STEI8HT by LMD | 172 م,23000000,3,3,172,https://www.dubizzle.com.eg/ad/%D8%B4%D9%82%D8%A9-%D9%84%D9%84%D8%A8%D9%8A%D8%B9-%D9%81%D9%8A-stei8ht-by-lmd-172-%D9%85-ID208644724.html
بأقل سعر في الماركت للبيع شقة لقطة استلام فوري وكاملة التشطيب بالارضيات فيو لاجون بأميز لوكيشن في العلمين الجديدة بالحي اللاتيني Latini City,3900000,2,2,137,https://www.dubizzle.com.eg/ad/%D8%A8%D8%A3%D9%82%D9%84-%D8%B3%D8%B9%D8%B1-%D9%81%D9%8A-%D8%A7%D9%84%D9%85%D8%A7%D8%B1%D9%83%D8%AA-%D9%84%D9%84%D8%A8%D9%8A%D8%B9-%D8%B4%D9%82%D8%A9-%D9%84%D9%82%D8%B7%D8%A9-%D8%A7%D8%B3%D8%AA%D9%84%D8%A7%D9%85-%D9%81%D9%88%D8%B1%D9%8A-%D9%88%D9%83%D8%A7%D9%85%D9%84%D8%A9-%D8%A7%D9%84%D8%AA%D8%B4%D8%B7%D9%8A%D8%A8-%D8%A8%D8%A7%D9%84%D8%A7%D8%B1%D8%B6%D9%8A%D8%A7%D8%AA-%D9%81%D9%8A%D9%88-%D9%84%D8%A7%D8%AC%D9%88%D9%86-%D8%A8%D8%A3%D9%85%D9%8A%D8%B2-%D9%84%D9%88%D9%83%D9%8A%D8%B4%D9%86-%D9%81%D9%8A-%D8%A7%D9%84%D8%B9%D9%84%D9%85%D9%8A%D9%86-%D8%A7%D9%84%D8%AC%D8%AF%D9%8A%D8%AF%D8%A9-%D8%A8%D8%A7%D9%84%D8%AD%D9%8A-%D8%A7%D9%84%D9%84%D8%A7%D8%AA%D9%8A%D9%86%D9%8A-latini-city-ID503854616.html
شقة للبيع في ابراج العلمين فوري صف اول علي البحر متشطبه بالتكيفات من حسن علام El Alamein الساحل الشمالي بجوار فندق ريكسوس و مارينا8 North Coast,7000000,1,1,84,https://www.dubizzle.com.eg/ad/%D8%B4%D9%82%D8%A9-%D9%84%D9%84%D8%A8%D9%8A%D8%B9-%D9%81%D9%8A-%D8%A7%D8%A8%D8%B1%D8%A7%D8%AC-%D8%A7%D9%84%D8%B9%D9%84%D9%85%D9%8A%D9%86-%D9%81%D9%88%D8%B1%D9%8A-%D8%B5%D9%81-%D8%A7%D9%88%D9%84-%D8%B9%D9%84%D9%8A-%D8%A7%D9%84%D8%A8%D8%AD%D8%B1-%D9%85%D8%AA%D8%B4%D8%B7%D8%A8%D9%87-%D8%A8%D8%A7%D9%84%D8%AA%D9%83%D9%8A%D9%81%D8%A7%D8%AA-%D9%85%D9%86-%D8%AD%D8%B3%D9%86-%D8%B9%D9%84%D8%A7%D9%85-el-alamein-%D8%A7%D9%84%D8%B3%D8%A7%D8%AD%D9%84-%D8%A7%D9%84%D8%B4%D9%85%D8%A7%D9%84%D9%8A-%D8%A8%D8%AC%D9%88%D8%A7%D8%B1-%D9%81%D9%86%D8%AF%D9%82-%D8%B1%D9%8A%D9%83%D8%B3%D9%88%D8%B3-%D9%88-%D9%85%D8%A7%D8%B1%D9%8A%D9%86%D8%A78-north-coast-ID503875159.html
شقة استلام فوري للبيع في ماونتن فيو اي سيتي شاملة عضوية النادي والجراج  - Phase Club Park Mountain View iCity,7000000,3,2,169,https://www.dubizzle.com.eg/ad/%D8%B4%D9%82%D8%A9-%D8%A7%D8%B3%D8%AA%D9%84%D8%A7%D9%85-%D9%81%D9%88%D8%B1%D9%8A-%D9%84%D9%84%D8%A8%D9%8A%D8%B9-%D9%81%D9%8A-%D9%85%D8%A7%D9%88%D9%86%D8%AA%D9%86-%D9%81%D9%8A%D9%88-%D8%A7%D9%8A-%D8%B3%D9%8A%D8%AA%D9%8A-%D8%B4%D8%A7%D9%85%D9%84%D8%A9-%D8%B9%D8%B6%D9%88%D9%8A%D8%A9-%D8%A7%D9%84%D9%86%D8%A7%D8%AF%D9%8A-%D9%88%D8%A7%D9%84%D8%AC%D8%B1%D8%A7%D8%AC-phase-club-park-mountain-view-icity-ID503876680.html
شقة للبيع متشطبة بالكامل استلام فوري في مدينتى - Madinaty,5400000,2,1,106,https://www.dubizzle.com.eg/ad/%D8%B4%D9%82%D8%A9-%D9%84%D9%84%D8%A8%D9%8A%D8%B9-%D9%85%D8%AA%D8%B4%D8%B7%D8%A8%D8%A9-%D8%A8%D8%A7%D9%84%D9%83%D8%A7%D9%85%D9%84-%D8%A7%D8%B3%D8%AA%D9%84%D8%A7%D9%85-%D9%81%D9%88%D8%B1%D9%8A-%D9%81%D9%8A-%D9%85%D8%AF%D9%8A%D9%86%D8%AA%D9%89-madinaty-ID503724249.html
وحده دوبلكس علوي وبنتهاوس بموقع مميز جدًا للبيع في ويستاون,18000000,3,4,356,https://www.dubizzle.com.eg/ad/%D9%88%D8%AD%D8%AF%D9%87-%D8%AF%D9%88%D8%A8%D9%84%D9%83%D8%B3-%D8%B9%D9%84%D9%88%D9%8A-%D9%88%D8%A8%D9%86%D8%AA%D9%87%D8%A7%D9%88%D8%B3-%D8%A8%D9%85%D9%88%D9%82%D8%B9-%D9%85%D9%85%D9%8A%D8%B2-%D8%AC%D8%AF%D8%A7-%D9%84%D9%84%D8%A8%D9%8A%D8%B9-%D9%81%D9%8A-%D9%88%D9%8A%D8%B3%D8%AA%D8%A7%D9%88%D9%86-ID502888642.html
بنتهاوس للبيع متشطب بالكامل استلام فوري في لافيستا توباز – العين السخنة,13136250,3,3,150,https://www.dubizzle.com.eg/ad/%D8%A8%D9%86%D8%AA%D9%87%D8%A7%D9%88%D8%B3-%D9%84%D9%84%D8%A8%D9%8A%D8%B9-%D9%85%D8%AA%D8%B4%D8%B7%D8%A8-%D8%A8%D8%A7%D9%84%D9%83%D8%A7%D9%85%D9%84-%D8%A7%D8%B3%D8%AA%D9%84%D8%A7%D9%85-%D9%81%D9%88%D8%B1%D9%8A-%D9%81%D9%8A-%D9%84%D8%A7%D9%81%D9%8A%D8%B3%D8%AA%D8%A7-%D8%AA%D9%88%D8%A8%D8%A7%D8%B2-%D8%A7%D9%84%D8%B9%D9%8A%D9%86-%D8%A7%D9%84%D8%B3%D8%AE%D9%86%D8%A9-ID503899406.html
لقطه  للبيع بمدينتي شقه 100م في B15 بسعر مغري جدا  مساحه 100 متر  دور متكرر     مكونه من 2 نوم   و 2 حمام    امام الخدمات و المسجد  تشطيب ششركه   موقع مميز مطلوب سعر مفاجااه  خالصه كاش   جاهزه للسكن   التواصل فون او واتساب  01002715806,5450000,2,2,100,https://www.dubizzle.com.eg/ad/%D9%84%D9%82%D8%B7%D9%87-%D9%84%D9%84%D8%A8%D9%8A%D8%B9-%D8%A8%D9%85%D8%AF%D9%8A%D9%86%D8%AA%D9%8A-%D8%B4%D9%82%D9%87-100%D9%85-%D9%81%D9%8A-b15-%D8%A8%D8%B3%D8%B9%D8%B1-%D9%85%D8%BA%D8%B1%D9%8A-%D8%AC%D8%AF%D8%A7-%D9%85%D8%B3%D8%A7%D8%AD%D9%87-100-%D9%85%D8%AA%D8%B1-%D8%AF%D9%88%D8%B1-%D9%85%D8%AA%D9%83%D8%B1%D8%B1-%D9%85%D9%83%D9%88%D9%86%D9%87-%D9%85%D9%86-2-%D9%86%D9%88%D9%85-%D9%88-2-%D8%AD%D9%85%D8%A7%D9%85-%D8%A7%D9%85%D8%A7%D9%85-%D8%A7%D9%84%D8%AE%D8%AF%D9%85%D8%A7%D8%AA-%D9%88-%D8%A7%D9%84%D9%85%D8%B3%D8%AC%D8%AF-%D8%AA%D8%B4%D8%B7%D9%8A%D8%A8-%D8%B4%D8%B4%D8%B1%D9%83%D9%87-%D9%85%D9%88%D9%82%D8%B9-%D9%85%D9%85%D9%8A%D8%B2-%D9%85%D8%B7%D9%84%D9%88%D8%A8-%D8%B3%D8%B9%D8%B1-%D9%85%D9%81%D8%A7%D8%AC%D8%A7%D8%A7%D9%87-%D8%AE%D8%A7%D9%84%D8%B5%D9%87-%D9%83%D8%A7%D8%B4-%D8%AC%D8%A7%D9%87%D8%B2%D9%87-%D9%84%D9%84%D8%B3%D9%83%D9%86-%D8%A7%D9%84%D8%AA%D9%88%D8%A7%D8%B5%D9%84-%D9%81%D9%88%D9%86-%D8%A7%D9%88-%D9%88%D8%A7%D8%AA%D8%B3%D8%A7%D8%A8-01002715806-ID503902171.html
شقة للبيع التجمع الخامس بيت الوطن ناصية مميزة القاهرة الجديدة,6700000,3,3,235,https://www.dubizzle.com.eg/ad/%D8%B4%D9%82%D8%A9-%D9%84%D9%84%D8%A8%D9%8A%D8%B9-%D8%A7%D9%84%D8%AA%D8%AC%D9%85%D8%B9-%D8%A7%D9%84%D8%AE%D8%A7%D9%85%D8%B3-%D8%A8%D9%8A%D8%AA-%D8%A7%D9%84%D9%88%D8%B7%D9%86-%D9%86%D8%A7%D8%B5%D9%8A%D8%A9-%D9%85%D9%85%D9%8A%D8%B2%D8%A9-%D8%A7%D9%84%D9%82%D8%A7%D9%87%D8%B1%D8%A9-%D8%A7%D9%84%D8%AC%D8%AF%D9%8A%D8%AF%D8%A9-ID208518083.html
"شقة 3 غرف للبيع في ويست دايز من IL Cazar، التوسعات الشمالية، 6 أكتوبر | متشطبة | خصم كاش حتى 35%",4500000,1,1,95,https://www.dubizzle.com.eg/ad/%D8%B4%D9%82%D8%A9-3-%D8%BA%D8%B1%D9%81-%D9%84%D9%84%D8%A8%D9%8A%D8%B9-%D9%81%D9%8A-%D9%88%D9%8A%D8%B3%D8%AA-%D8%AF%D8%A7%D9%8A%D8%B2-%D9%85%D9%86-il-cazar-%D8%A7%D9%84%D8%AA%D9%88%D8%B3%D8%B9%D8%A7%D8%AA-%D8%A7%D9%84%D8%B4%D9%85%D8%A7%D9%84%D9%8A%D8%A9-6-%D8%A3%D9%83%D8%AA%D9%88%D8%A8%D8%B1-%D9%85%D8%AA%D8%B4%D8%B7%D8%A8%D8%A9-%D8%AE%D8%B5%D9%85-%D9%83%D8%A7%D8%B4-%D8%AD%D8%AA%D9%89-35-ID503754275.html
استلم شقتك متشطبه جاهزة علي الاستلام في قلب الشيخ زايد امام أبراج زيد,5280000,3,3,192,https://www.dubizzle.com.eg/ad/%D8%A7%D8%B3%D8%AA%D9%84%D9%85-%D8%B4%D9%82%D8%AA%D9%83-%D9%85%D8%AA%D8%B4%D8%B7%D8%A8%D9%87-%D8%AC%D8%A7%D9%87%D8%B2%D8%A9-%D8%B9%D9%84%D9%8A-%D8%A7%D9%84%D8%A7%D8%B3%D8%AA%D9%84%D8%A7%D9%85-%D9%81%D9%8A-%D9%82%D9%84%D8%A8-%D8%A7%D9%84%D8%B4%D9%8A%D8%AE-%D8%B2%D8%A7%D9%8A%D8%AF-%D8%A7%D9%85%D8%A7%D9%85-%D8%A3%D8%A8%D8%B1%D8%A7%D8%AC-%D8%B2%D9%8A%D8%AF-ID503637209.html
شقه ١٢٠م الترا سوبر لوكس مميزه جدا بدون عفش بافضل واهدى منطقه(ن),2250000,3,2,120,https://www.dubizzle.com.eg/ad/%D8%B4%D9%82%D9%87-%D9%A1%D9%A2%D9%A0%D9%85-%D8%A7%D9%84%D8%AA%D8%B1%D8%A7-%D8%B3%D9%88%D8%A8%D8%B1-%D9%84%D9%88%D9%83%D8%B3-%D9%85%D9%85%D9%8A%D8%B2%D9%87-%D8%AC%D8%AF%D8%A7-%D8%A8%D8%AF%D9%88%D9%86-%D8%B9%D9%81%D8%B4-%D8%A8%D8%A7%D9%81%D8%B6%D9%84-%D9%88%D8%A7%D9%87%D8%AF%D9%89-%D9%85%D9%86%D8%B7%D9%82%D9%87%D9%86-ID208632561.html
شقة للبيع,1900000,3,1,110,https://www.dubizzle.com.eg/ad/%D8%B4%D9%82%D8%A9-%D9%84%D9%84%D8%A8%D9%8A%D8%B9-ID208614967.html
شقه 3 غرف للبيع من بنك التعمير والاسكان بموقع مميز بجوار زايد 2000,6000000,3,2,140,https://www.dubizzle.com.eg/ad/%D8%B4%D9%82%D9%87-3-%D8%BA%D8%B1%D9%81-%D9%84%D9%84%D8%A8%D9%8A%D8%B9-%D9%85%D9%86-%D8%A8%D9%86%D9%83-%D8%A7%D9%84%D8%AA%D8%B9%D9%85%D9%8A%D8%B1-%D9%88%D8%A7%D9%84%D8%A7%D8%B3%D9%83%D8%A7%D9%86-%D8%A8%D9%85%D9%88%D9%82%D8%B9-%D9%85%D9%85%D9%8A%D8%B2-%D8%A8%D8%AC%D9%88%D8%A7%D8%B1-%D8%B2%D8%A7%D9%8A%D8%AF-2000-ID503750841.html
شقة للبيع ارضي بجاردن ريسيل استلام فوري برايم لوكيشن بسعر لقطة فيو لاند سكيب في كمبوند لافينير - الاهلي صبور,5600000,3,3,162,https://www.dubizzle.com.eg/ad/%D8%B4%D9%82%D8%A9-%D9%84%D9%84%D8%A8%D9%8A%D8%B9-%D8%A7%D8%B1%D8%B6%D9%8A-%D8%A8%D8%AC%D8%A7%D8%B1%D8%AF%D9%86-%D8%B1%D9%8A%D8%B3%D9%8A%D9%84-%D8%A7%D8%B3%D8%AA%D9%84%D8%A7%D9%85-%D9%81%D9%88%D8%B1%D9%8A-%D8%A8%D8%B1%D8%A7%D9%8A%D9%85-%D9%84%D9%88%D9%83%D9%8A%D8%B4%D9%86-%D8%A8%D8%B3%D8%B9%D8%B1-%D9%84%D9%82%D8%B7%D8%A9-%D9%81%D9%8A%D9%88-%D9%84%D8%A7%D9%86%D8%AF-%D8%B3%D9%83%D9%8A%D8%A8-%D9%81%D9%8A-%D9%83%D9%85%D8%A8%D9%88%D9%86%D8%AF-%D9%84%D8%A7%D9%81%D9%8A%D9%86%D9%8A%D8%B1-%D8%A7%D9%84%D8%A7%D9%87%D9%84%D9%8A-%D8%B5%D8%A8%D9%88%D8%B1-ID503753986.html
دوبلكس استلام فوري للبيع في صن كابيتال - بأطلاله بانورامية علي الاهرامات وبالقرب من المتحف المصري الكبير,6876000,3,2,181,https://www.dubizzle.com.eg/ad/%D8%AF%D9%88%D8%A8%D9%84%D9%83%D8%B3-%D8%A7%D8%B3%D8%AA%D9%84%D8%A7%D9%85-%D9%81%D9%88%D8%B1%D9%8A-%D9%84%D9%84%D8%A8%D9%8A%D8%B9-%D9%81%D9%8A-%D8%B5%D9%86-%D9%83%D8%A7%D8%A8%D9%8A%D8%AA%D8%A7%D9%84-%D8%A8%D8%A3%D8%B7%D9%84%D8%A7%D9%84%D9%87-%D8%A8%D8%A7%D9%86%D9%88%D8%B1%D8%A7%D9%85%D9%8A%D8%A9-%D8%B9%D9%84%D9%8A-%D8%A7%D9%84%D8%A7%D9%87%D8%B1%D8%A7%D9%85%D8%A7%D8%AA-%D9%88%D8%A8%D8%A7%D9%84%D9%82%D8%B1%D8%A8-%D9%85%D9%86-%D8%A7%D9%84%D9%85%D8%AA%D8%AD%D9%81-%D8%A7%D9%84%D9%85%D8%B5%D8%B1%D9%8A-%D8%A7%D9%84%D9%83%D8%A8%D9%8A%D8%B1-ID503753731.html
بفيو الاهرامات استلم فوري بنتهاوس بالسعر القديم في كمبوند صن كابيتال - أكتوبر بالقرب من مول مصر,7543250,3,4,178,https://www.dubizzle.com.eg/ad/%D8%A8%D9%81%D9%8A%D9%88-%D8%A7%D9%84%D8%A7%D9%87%D8%B1%D8%A7%D9%85%D8%A7%D8%AA-%D8%A7%D8%B3%D8%AA%D9%84%D9%85-%D9%81%D9%88%D8%B1%D9%8A-%D8%A8%D9%86%D8%AA%D9%87%D8%A7%D9%88%D8%B3-%D8%A8%D8%A7%D9%84%D8%B3%D8%B9%D8%B1-%D8%A7%D9%84%D9%82%D8%AF%D9%8A%D9%85-%D9%81%D9%8A-%D9%83%D9%85%D8%A8%D9%88%D9%86%D8%AF-%D8%B5%D9%86-%D9%83%D8%A7%D8%A8%D9%8A%D8%AA%D8%A7%D9%84-%D8%A3%D9%83%D8%AA%D9%88%D8%A8%D8%B1-%D8%A8%D8%A7%D9%84%D9%82%D8%B1%D8%A8-%D9%85%D9%86-%D9%85%D9%88%D9%84-%D9%85%D8%B5%D8%B1-ID503753550.html
شقه متشطبه للبيع ب بالم هيلز 6 اكتوبر بجانب جامعه MSA و مشروع صن كابيتل,5000000,2,2,140,https://www.dubizzle.com.eg/ad/%D8%B4%D9%82%D9%87-%D9%85%D8%AA%D8%B4%D8%B7%D8%A8%D9%87-%D9%84%D9%84%D8%A8%D9%8A%D8%B9-%D8%A8-%D8%A8%D8%A7%D9%84%D9%85-%D9%87%D9%8A%D9%84%D8%B2-6-%D8%A7%D9%83%D8%AA%D9%88%D8%A8%D8%B1-%D8%A8%D8%AC%D8%A7%D9%86%D8%A8-%D8%AC%D8%A7%D9%85%D8%B9%D9%87-msa-%D9%88-%D9%85%D8%B4%D8%B1%D9%88%D8%B9-%D8%B5%D9%86-%D9%83%D8%A7%D8%A8%D9%8A%D8%AA%D9%84-ID503752303.html
شقة للبيع في الحي اللاتيني ١٣٥متر دور ثالث  بعد ميزانين سكني يعني يعتبر الخامس موقع متميز فيوا رائع بحري الطريق استلام فوري ٢غرفة ١حمام رسبشن قطعتين ومطبخ و٢بلكونه تطل على ميدان وعلى اللاجون وعلى الطريق واجهه شمال غرب مدفوع حتي الآن ٣مليون و٣٠٠ الف والاوف,8400000,2,1,130,https://www.dubizzle.com.eg/ad/%D8%B4%D9%82%D8%A9-%D9%84%D9%84%D8%A8%D9%8A%D8%B9-%D9%81%D9%8A-%D8%A7%D9%84%D8%AD%D9%8A-%D8%A7%D9%84%D9%84%D8%A7%D8%AA%D9%8A%D9%86%D9%8A-%D9%A1%D9%A3%D9%A5%D9%85%D8%AA%D8%B1-%D8%AF%D9%88%D8%B1-%D8%AB%D8%A7%D9%84%D8%AB-%D8%A8%D8%B9%D8%AF-%D9%85%D9%8A%D8%B2%D8%A7%D9%86%D9%8A%D9%86-%D8%B3%D9%83%D9%86%D9%8A-%D9%8A%D8%B9%D9%86%D9%8A-%D9%8A%D8%B9%D8%AA%D8%A8%D8%B1-%D8%A7%D9%84%D8%AE%D8%A7%D9%85%D8%B3-%D9%85%D9%88%D9%82%D8%B9-%D9%85%D8%AA%D9%85%D9%8A%D8%B2-%D9%81%D9%8A%D9%88%D8%A7-%D8%B1%D8%A7%D8%A6%D8%B9-%D8%A8%D8%AD%D8%B1%D9%8A-%D8%A7%D9%84%D8%B7%D8%B1%D9%8A%D9%82-%D8%A7%D8%B3%D8%AA%D9%84%D8%A7%D9%85-%D9%81%D9%88%D8%B1%D9%8A-%D9%A2%D8%BA%D8%B1%D9%81%D8%A9-%D9%A1%D8%AD%D9%85%D8%A7%D9%85-%D8%B1%D8%B3%D8%A8%D8%B4%D9%86-%D9%82%D8%B7%D8%B9%D8%AA%D9%8A%D9%86-%D9%88%D9%85%D8%B7%D8%A8%D8%AE-%D9%88%D9%A2%D8%A8%D9%84%D9%83%D9%88%D9%86%D9%87-%D8%AA%D8%B7%D9%84-%D8%B9%D9%84%D9%89-%D9%85%D9%8A%D8%AF%D8%A7%D9%86-%D9%88%D8%B9%D9%84%D9%89-%D8%A7%D9%84%D9%84%D8%A7%D8%AC%D9%88%D9%86-%D9%88%D8%B9%D9%84%D9%89-%D8%A7%D9%84%D8%B7%D8%B1%D9%8A%D9%82-%D9%88%D8%A7%D8%AC%D9%87%D9%87-%D8%B4%D9%85%D8%A7%D9%84-%D8%BA%D8%B1%D8%A8-%D9%85%D8%AF%D9%81%D9%88%D8%B9-%D8%AD%D8%AA%D9%8A-%D8%A7%D9%84%D8%A2%D9%86-%D9%A3%D9%85%D9%84%D9%8A%D9%88%D9%86-%D9%88%D9%A3%D9%A0%D9%A0-%D8%A7%D9%84%D9%81-%D9%88%D8%A7%D9%84%D8%A7%D9%88%D9%81-ID503902160.html
استلام فوري بنتهاوس للبيع فى ليك فيو ريزيدنس القاهرة الجديدة  Lake view residence موقع مميز جدا  فيوعلي بحيره اكبر مساحه و غير مشطبه,28000000,4,4,298,https://www.dubizzle.com.eg/ad/%D8%A7%D8%B3%D8%AA%D9%84%D8%A7%D9%85-%D9%81%D9%88%D8%B1%D9%8A-%D8%A8%D9%86%D8%AA%D9%87%D8%A7%D9%88%D8%B3-%D9%84%D9%84%D8%A8%D9%8A%D8%B9-%D9%81%D9%89-%D9%84%D9%8A%D9%83-%D9%81%D9%8A%D9%88-%D8%B1%D9%8A%D8%B2%D9%8A%D8%AF%D9%86%D8%B3-%D8%A7%D9%84%D9%82%D8%A7%D9%87%D8%B1%D8%A9-%D8%A7%D9%84%D8%AC%D8%AF%D9%8A%D8%AF%D8%A9-lake-view-residence-%D9%85%D9%88%D9%82%D8%B9-%D9%85%D9%85%D9%8A%D8%B2-%D8%AC%D8%AF%D8%A7-%D9%81%D9%8A%D9%88%D8%B9%D9%84%D9%8A-%D8%A8%D8%AD%D9%8A%D8%B1%D9%87-%D8%A7%D9%83%D8%A8%D8%B1-%D9%85%D8%B3%D8%A7%D8%AD%D9%87-%D9%88-%D8%BA%D9%8A%D8%B1-%D9%85%D8%B4%D8%B7%D8%A8%D9%87-ID501840131.html
شقة 130 متر دور أول للبيع في جنة زايد 1 مفروشة من المالك استلام فوري,5750000,3,2,130,https://www.dubizzle.com.eg/ad/%D8%B4%D9%82%D8%A9-130-%D9%85%D8%AA%D8%B1-%D8%AF%D9%88%D8%B1-%D8%A3%D9%88%D9%84-%D9%84%D9%84%D8%A8%D9%8A%D8%B9-%D9%81%D9%8A-%D8%AC%D9%86%D8%A9-%D8%B2%D8%A7%D9%8A%D8%AF-1-%D9%85%D9%81%D8%B1%D9%88%D8%B4%D8%A9-%D9%85%D9%86-%D8%A7%D9%84%D9%85%D8%A7%D9%84%D9%83-%D8%A7%D8%B3%D8%AA%D9%84%D8%A7%D9%85-%D9%81%D9%88%D8%B1%D9%8A-ID208642208.html
"شقة جاهزة للاستلام بحري فيو على لاندسكيب للبيع في بالم هيلز، القاهرة الجديدة  Palm Hills New Cairo",8800000,3,3,164,https://www.dubizzle.com.eg/ad/%D8%B4%D9%82%D8%A9-%D8%AC%D8%A7%D9%87%D8%B2%D8%A9-%D9%84%D9%84%D8%A7%D8%B3%D8%AA%D9%84%D8%A7%D9%85-%D8%A8%D8%AD%D8%B1%D9%8A-%D9%81%D9%8A%D9%88-%D8%B9%D9%84%D9%89-%D9%84%D8%A7%D9%86%D8%AF%D8%B3%D9%83%D9%8A%D8%A8-%D9%84%D9%84%D8%A8%D9%8A%D8%B9-%D9%81%D9%8A-%D8%A8%D8%A7%D9%84%D9%85-%D9%87%D9%8A%D9%84%D8%B2-%D8%A7%D9%84%D9%82%D8%A7%D9%87%D8%B1%D8%A9-%D8%A7%D9%84%D8%AC%D8%AF%D9%8A%D8%AF%D8%A9-palm-hills-new-cairo-ID503897615.html
استلام فوري وباقل من سعرها ب مليون جنية للبيع شقة ارضي بجاردن 3 غرف نوم ف كمبوند ماونتن فيو اي سيتي التجمع الخامس Mountain View I City بجوار هايد بارك,11000000,3,3,195,https://www.dubizzle.com.eg/ad/%D8%A7%D8%B3%D8%AA%D9%84%D8%A7%D9%85-%D9%81%D9%88%D8%B1%D9%8A-%D9%88%D8%A8%D8%A7%D9%82%D9%84-%D9%85%D9%86-%D8%B3%D8%B9%D8%B1%D9%87%D8%A7-%D8%A8-%D9%85%D9%84%D9%8A%D9%88%D9%86-%D8%AC%D9%86%D9%8A%D8%A9-%D9%84%D9%84%D8%A8%D9%8A%D8%B9-%D8%B4%D9%82%D8%A9-%D8%A7%D8%B1%D8%B6%D9%8A-%D8%A8%D8%AC%D8%A7%D8%B1%D8%AF%D9%86-3-%D8%BA%D8%B1%D9%81-%D9%86%D9%88%D9%85-%D9%81-%D9%83%D9%85%D8%A8%D9%88%D9%86%D8%AF-%D9%85%D8%A7%D9%88%D9%86%D8%AA%D9%86-%D9%81%D9%8A%D9%88-%D8%A7%D9%8A-%D8%B3%D9%8A%D8%AA%D9%8A-%D8%A7%D9%84%D8%AA%D8%AC%D9%85%D8%B9-%D8%A7%D9%84%D8%AE%D8%A7%D9%85%D8%B3-mountain-view-i-city-%D8%A8%D8%AC%D9%88%D8%A7%D8%B1-%D9%87%D8%A7%D9%8A%D8%AF-%D8%A8%D8%A7%D8%B1%D9%83-ID503105219.html
اقل سعر شقة 180 متر  للبيع استلام فوري ريسيل باميز لوكيشن في ماونتن فيو اي سيتي اكتوبرمرحلة ذا ليك,6700000,3,3,180,https://www.dubizzle.com.eg/ad/%D8%A7%D9%82%D9%84-%D8%B3%D8%B9%D8%B1-%D8%B4%D9%82%D8%A9-180-%D9%85%D8%AA%D8%B1-%D9%84%D9%84%D8%A8%D9%8A%D8%B9-%D8%A7%D8%B3%D8%AA%D9%84%D8%A7%D9%85-%D9%81%D9%88%D8%B1%D9%8A-%D8%B1%D9%8A%D8%B3%D9%8A%D9%84-%D8%A8%D8%A7%D9%85%D9%8A%D8%B2-%D9%84%D9%88%D9%83%D9%8A%D8%B4%D9%86-%D9%81%D9%8A-%D9%85%D8%A7%D9%88%D9%86%D8%AA%D9%86-%D9%81%D9%8A%D9%88-%D8%A7%D9%8A-%D8%B3%D9%8A%D8%AA%D9%8A-%D8%A7%D9%83%D8%AA%D9%88%D8%A8%D8%B1%D9%85%D8%B1%D8%AD%D9%84%D8%A9-%D8%B0%D8%A7-%D9%84%D9%8A%D9%83-ID503898805.html
"شقة متشطبه بالكامل مع مطبخ للبيع في بالم هيلز، القاهرة الجديدة Palm Hills New Cairo",10350000,3,3,181,https://www.dubizzle.com.eg/ad/%D8%B4%D9%82%D8%A9-%D9%85%D8%AA%D8%B4%D8%B7%D8%A8%D9%87-%D8%A8%D8%A7%D9%84%D9%83%D8%A7%D9%85%D9%84-%D9%85%D8%B9-%D9%85%D8%B7%D8%A8%D8%AE-%D9%84%D9%84%D8%A8%D9%8A%D8%B9-%D9%81%D9%8A-%D8%A8%D8%A7%D9%84%D9%85-%D9%87%D9%8A%D9%84%D8%B2-%D8%A7%D9%84%D9%82%D8%A7%D9%87%D8%B1%D8%A9-%D8%A7%D9%84%D8%AC%D8%AF%D9%8A%D8%AF%D8%A9-palm-hills-new-cairo-ID503897821.html
تريو جاردنز   القاهرة الجديدة    رووف دوبلكس مع حديقة تشطيب كامل استلام فوري    مساحة المباني160  مساحة الروف والحديقة الخاصة : 45 م   3 غرف,8800000,3,3,160,https://www.dubizzle.com.eg/ad/%D8%AA%D8%B1%D9%8A%D9%88-%D8%AC%D8%A7%D8%B1%D8%AF%D9%86%D8%B2-%D8%A7%D9%84%D9%82%D8%A7%D9%87%D8%B1%D8%A9-%D8%A7%D9%84%D8%AC%D8%AF%D9%8A%D8%AF%D8%A9-%D8%B1%D9%88%D9%88%D9%81-%D8%AF%D9%88%D8%A8%D9%84%D9%83%D8%B3-%D9%85%D8%B9-%D8%AD%D8%AF%D9%8A%D9%82%D8%A9-%D8%AA%D8%B4%D8%B7%D9%8A%D8%A8-%D9%83%D8%A7%D9%85%D9%84-%D8%A7%D8%B3%D8%AA%D9%84%D8%A7%D9%85-%D9%81%D9%88%D8%B1%D9%8A-%D9%85%D8%B3%D8%A7%D8%AD%D8%A9-%D8%A7%D9%84%D9%85%D8%A8%D8%A7%D9%86%D9%8A160-%D9%85%D8%B3%D8%A7%D8%AD%D8%A9-%D8%A7%D9%84%D8%B1%D9%88%D9%81-%D9%88%D8%A7%D9%84%D8%AD%D8%AF%D9%8A%D9%82%D8%A9-%D8%A7%D9%84%D8%AE%D8%A7%D8%B5%D8%A9-45-%D9%85-3-%D8%BA%D8%B1%D9%81-ID501606604.html
تشطيب سوبر لوكس تسهيلات في السداد شقه للبيع سموحه,8243000,2,2,134,https://www.dubizzle.com.eg/ad/%D8%AA%D8%B4%D8%B7%D9%8A%D8%A8-%D8%B3%D9%88%D8%A8%D8%B1-%D9%84%D9%88%D9%83%D8%B3-%D8%AA%D8%B3%D9%87%D9%8A%D9%84%D8%A7%D8%AA-%D9%81%D9%8A-%D8%A7%D9%84%D8%B3%D8%AF%D8%A7%D8%AF-%D8%B4%D9%82%D9%87-%D9%84%D9%84%D8%A8%D9%8A%D8%B9-%D8%B3%D9%85%D9%88%D8%AD%D9%87-ID503853988.html
شقة ثلاث غرف موقع مميز علي ڤيو لاندسكيب استلام فوري في كمبوند ميڤيدا إعمار | Mivida Emaar,18500000,3,2,190,https://www.dubizzle.com.eg/ad/%D8%B4%D9%82%D8%A9-%D8%AB%D9%84%D8%A7%D8%AB-%D8%BA%D8%B1%D9%81-%D9%85%D9%88%D9%82%D8%B9-%D9%85%D9%85%D9%8A%D8%B2-%D8%B9%D9%84%D9%8A-%DA%A4%D9%8A%D9%88-%D9%84%D8%A7%D9%86%D8%AF%D8%B3%D9%83%D9%8A%D8%A8-%D8%A7%D8%B3%D8%AA%D9%84%D8%A7%D9%85-%D9%81%D9%88%D8%B1%D9%8A-%D9%81%D9%8A-%D9%83%D9%85%D8%A8%D9%88%D9%86%D8%AF-%D9%85%D9%8A%DA%A4%D9%8A%D8%AF%D8%A7-%D8%A5%D8%B9%D9%85%D8%A7%D8%B1-mivida-emaar-ID503241234.html
استلام فوري فيو مفتوح على 14 مايو شقة 152 م للبيع في سموحة جراند فيو,8000000,2,3,152,https://www.dubizzle.com.eg/ad/%D8%A7%D8%B3%D8%AA%D9%84%D8%A7%D9%85-%D9%81%D9%88%D8%B1%D9%8A-%D9%81%D9%8A%D9%88-%D9%85%D9%81%D8%AA%D9%88%D8%AD-%D8%B9%D9%84%D9%89-14-%D9%85%D8%A7%D9%8A%D9%88-%D8%B4%D9%82%D8%A9-152-%D9%85-%D9%84%D9%84%D8%A8%D9%8A%D8%B9-%D9%81%D9%8A-%D8%B3%D9%85%D9%88%D8%AD%D8%A9-%D8%AC%D8%B1%D8%A7%D9%86%D8%AF-%D9%81%D9%8A%D9%88-ID503156010.html
شقة للبيع باقل سعر في ماونتن فيو اي سيتي اكتوبرماونتن بارك استلام فوري,5150000,3,3,140,https://www.dubizzle.com.eg/ad/%D8%B4%D9%82%D8%A9-%D9%84%D9%84%D8%A8%D9%8A%D8%B9-%D8%A8%D8%A7%D9%82%D9%84-%D8%B3%D8%B9%D8%B1-%D9%81%D9%8A-%D9%85%D8%A7%D9%88%D9%86%D8%AA%D9%86-%D9%81%D9%8A%D9%88-%D8%A7%D9%8A-%D8%B3%D9%8A%D8%AA%D9%8A-%D8%A7%D9%83%D8%AA%D9%88%D8%A8%D8%B1%D9%85%D8%A7%D9%88%D9%86%D8%AA%D9%86-%D8%A8%D8%A7%D8%B1%D9%83-%D8%A7%D8%B3%D8%AA%D9%84%D8%A7%D9%85-%D9%81%D9%88%D8%B1%D9%8A-ID503130540.html
شقة للبيع استلام فوري في ذا ادريس ايست التجمع الخامس - وحدة كورنر بموقع مميز جدا يطل على اللاندسكيب -  The address East,8800000,3,2,145,https://www.dubizzle.com.eg/ad/%D8%B4%D9%82%D8%A9-%D9%84%D9%84%D8%A8%D9%8A%D8%B9-%D8%A7%D8%B3%D8%AA%D9%84%D8%A7%D9%85-%D9%81%D9%88%D8%B1%D9%8A-%D9%81%D9%8A-%D8%B0%D8%A7-%D8%A7%D8%AF%D8%B1%D9%8A%D8%B3-%D8%A7%D9%8A%D8%B3%D8%AA-%D8%A7%D9%84%D8%AA%D8%AC%D9%85%D8%B9-%D8%A7%D9%84%D8%AE%D8%A7%D9%85%D8%B3-%D9%88%D8%AD%D8%AF%D8%A9-%D9%83%D9%88%D8%B1%D9%86%D8%B1-%D8%A8%D9%85%D9%88%D9%82%D8%B9-%D9%85%D9%85%D9%8A%D8%B2-%D8%AC%D8%AF%D8%A7-%D9%8A%D8%B7%D9%84-%D8%B9%D9%84%D9%89-%D8%A7%D9%84%D9%84%D8%A7%D9%86%D8%AF%D8%B3%D9%83%D9%8A%D8%A8-the-address-east-ID503500944.html
شقة أرضي للبيع كورنر بأفضل سعر دور ارضي بجاردن و موقع مميز جدًا مطل مباشرة على المسبح  استلام فوري  Patio oro La vista,11200000,3,2,164,https://www.dubizzle.com.eg/ad/%D8%B4%D9%82%D8%A9-%D8%A3%D8%B1%D8%B6%D9%8A-%D9%84%D9%84%D8%A8%D9%8A%D8%B9-%D9%83%D9%88%D8%B1%D9%86%D8%B1-%D8%A8%D8%A3%D9%81%D8%B6%D9%84-%D8%B3%D8%B9%D8%B1-%D8%AF%D9%88%D8%B1-%D8%A7%D8%B1%D8%B6%D9%8A-%D8%A8%D8%AC%D8%A7%D8%B1%D8%AF%D9%86-%D9%88-%D9%85%D9%88%D9%82%D8%B9-%D9%85%D9%85%D9%8A%D8%B2-%D8%AC%D8%AF%D8%A7-%D9%85%D8%B7%D9%84-%D9%85%D8%A8%D8%A7%D8%B4%D8%B1%D8%A9-%D8%B9%D9%84%D9%89-%D8%A7%D9%84%D9%85%D8%B3%D8%A8%D8%AD-%D8%A7%D8%B3%D8%AA%D9%84%D8%A7%D9%85-%D9%81%D9%88%D8%B1%D9%8A-patio-oro-la-vista-ID503231877.html
شقة فندقية ريسيل بأقل سعر في الماركت | فرصة استثمار في الساحل في فوكا باي | متشطب ومفروش بالكامل,7600000,2,2,110,https://www.dubizzle.com.eg/ad/%D8%B4%D9%82%D8%A9-%D9%81%D9%86%D8%AF%D9%82%D9%8A%D8%A9-%D8%B1%D9%8A%D8%B3%D9%8A%D9%84-%D8%A8%D8%A3%D9%82%D9%84-%D8%B3%D8%B9%D8%B1-%D9%81%D9%8A-%D8%A7%D9%84%D9%85%D8%A7%D8%B1%D9%83%D8%AA-%D9%81%D8%B1%D8%B5%D8%A9-%D8%A7%D8%B3%D8%AA%D8%AB%D9%85%D8%A7%D8%B1-%D9%81%D9%8A-%D8%A7%D9%84%D8%B3%D8%A7%D8%AD%D9%84-%D9%81%D9%8A-%D9%81%D9%88%D9%83%D8%A7-%D8%A8%D8%A7%D9%8A-%D9%85%D8%AA%D8%B4%D8%B7%D8%A8-%D9%88%D9%85%D9%81%D8%B1%D9%88%D8%B4-%D8%A8%D8%A7%D9%84%D9%83%D8%A7%D9%85%D9%84-ID503900931.html
فرصة لن تتكرر – شقة 197 م² في أفضل موقع بزهراء المعادي,4700000,3,2,197,https://www.dubizzle.com.eg/ad/%D9%81%D8%B1%D8%B5%D8%A9-%D9%84%D9%86-%D8%AA%D8%AA%D9%83%D8%B1%D8%B1-%D8%B4%D9%82%D8%A9-197-%D9%852-%D9%81%D9%8A-%D8%A3%D9%81%D8%B6%D9%84-%D9%85%D9%88%D9%82%D8%B9-%D8%A8%D8%B2%D9%87%D8%B1%D8%A7%D8%A1-%D8%A7%D9%84%D9%85%D8%B9%D8%A7%D8%AF%D9%8A-ID208644913.html
بمقدم 160 الف فقط للبيع شقة في التجمع الخامس علي محور بن زايد بجوار لافيستا والنادي الاهلي وامام سيتي جيت بقسط علي 9 سنوات.,5350000,2,2,121,https://www.dubizzle.com.eg/ad/%D8%A8%D9%85%D9%82%D8%AF%D9%85-160-%D8%A7%D9%84%D9%81-%D9%81%D9%82%D8%B7-%D9%84%D9%84%D8%A8%D9%8A%D8%B9-%D8%B4%D9%82%D8%A9-%D9%81%D9%8A-%D8%A7%D9%84%D8%AA%D8%AC%D9%85%D8%B9-%D8%A7%D9%84%D8%AE%D8%A7%D9%85%D8%B3-%D8%B9%D9%84%D9%8A-%D9%85%D8%AD%D9%88%D8%B1-%D8%A8%D9%86-%D8%B2%D8%A7%D9%8A%D8%AF-%D8%A8%D8%AC%D9%88%D8%A7%D8%B1-%D9%84%D8%A7%D9%81%D9%8A%D8%B3%D8%AA%D8%A7-%D9%88%D8%A7%D9%84%D9%86%D8%A7%D8%AF%D9%8A-%D8%A7%D9%84%D8%A7%D9%87%D9%84%D9%8A-%D9%88%D8%A7%D9%85%D8%A7%D9%85-%D8%B3%D9%8A%D8%AA%D9%8A-%D8%AC%D9%8A%D8%AA-%D8%A8%D9%82%D8%B3%D8%B7-%D8%B9%D9%84%D9%8A-9-%D8%B3%D9%86%D9%88%D8%A7%D8%AA-ID503900872.html
بمقدم 480 الف للبيع شقة في التجمع الخامس الجولدن اسكوير امام هايد بارك مباشرة وعلي شارع التسعين الجنوبي مباشر وبجوار سولانا ساويرس بقسط علي 8 سنوات.,8812886,2,2,117,https://www.dubizzle.com.eg/ad/%D8%A8%D9%85%D9%82%D8%AF%D9%85-480-%D8%A7%D9%84%D9%81-%D9%84%D9%84%D8%A8%D9%8A%D8%B9-%D8%B4%D9%82%D8%A9-%D9%81%D9%8A-%D8%A7%D9%84%D8%AA%D8%AC%D9%85%D8%B9-%D8%A7%D9%84%D8%AE%D8%A7%D9%85%D8%B3-%D8%A7%D9%84%D8%AC%D9%88%D9%84%D8%AF%D9%86-%D8%A7%D8%B3%D9%83%D9%88%D9%8A%D8%B1-%D8%A7%D9%85%D8%A7%D9%85-%D9%87%D8%A7%D9%8A%D8%AF-%D8%A8%D8%A7%D8%B1%D9%83-%D9%85%D8%A8%D8%A7%D8%B4%D8%B1%D8%A9-%D9%88%D8%B9%D9%84%D9%8A-%D8%B4%D8%A7%D8%B1%D8%B9-%D8%A7%D9%84%D8%AA%D8%B3%D8%B9%D9%8A%D9%86-%D8%A7%D9%84%D8%AC%D9%86%D9%88%D8%A8%D9%8A-%D9%85%D8%A8%D8%A7%D8%B4%D8%B1-%D9%88%D8%A8%D8%AC%D9%88%D8%A7%D8%B1-%D8%B3%D9%88%D9%84%D8%A7%D9%86%D8%A7-%D8%B3%D8%A7%D9%88%D9%8A%D8%B1%D8%B3-%D8%A8%D9%82%D8%B3%D8%B7-%D8%B9%D9%84%D9%8A-8-%D8%B3%D9%86%D9%88%D8%A7%D8%AA-ID503900715.html
شقة 3 غرف استلام فوري بلوكيشن مميز جدا بمدينة الشروق,4400000,2,3,126,https://www.dubizzle.com.eg/ad/%D8%B4%D9%82%D8%A9-3-%D8%BA%D8%B1%D9%81-%D8%A7%D8%B3%D8%AA%D9%84%D8%A7%D9%85-%D9%81%D9%88%D8%B1%D9%8A-%D8%A8%D9%84%D9%88%D9%83%D9%8A%D8%B4%D9%86-%D9%85%D9%85%D9%8A%D8%B2-%D8%AC%D8%AF%D8%A7-%D8%A8%D9%85%D8%AF%D9%8A%D9%86%D8%A9-%D8%A7%D9%84%D8%B4%D8%B1%D9%88%D9%82-ID503897824.html
"أقل سعر شقة بفيو حمام سباحة 3 غرف نوم استلام فوري للبيع في هايد بارك – التجمع الخامس – القاهرة الجديدة Hyde Park Fifth Settlement, New Cairo",9646652,3,3,168,https://www.dubizzle.com.eg/ad/%D8%A3%D9%82%D9%84-%D8%B3%D8%B9%D8%B1-%D8%B4%D9%82%D8%A9-%D8%A8%D9%81%D9%8A%D9%88-%D8%AD%D9%85%D8%A7%D9%85-%D8%B3%D8%A8%D8%A7%D8%AD%D8%A9-3-%D8%BA%D8%B1%D9%81-%D9%86%D9%88%D9%85-%D8%A7%D8%B3%D8%AA%D9%84%D8%A7%D9%85-%D9%81%D9%88%D8%B1%D9%8A-%D9%84%D9%84%D8%A8%D9%8A%D8%B9-%D9%81%D9%8A-%D9%87%D8%A7%D9%8A%D8%AF-%D8%A8%D8%A7%D8%B1%D9%83-%D8%A7%D9%84%D8%AA%D8%AC%D9%85%D8%B9-%D8%A7%D9%84%D8%AE%D8%A7%D9%85%D8%B3-%D8%A7%D9%84%D9%82%D8%A7%D9%87%D8%B1%D8%A9-%D8%A7%D9%84%D8%AC%D8%AF%D9%8A%D8%AF%D8%A9-hyde-park-fifth-settlement-new-cairo-ID503900865.html
"شقة للبيع فيو علي البحر وحمامات سباحة بالتقسيط علي اطول فترة سداد متشطبة استلام فوري بمقدم 800,000 في العالمين الجديدة الحي اللاتيني Latin",5100000,3,3,140,https://www.dubizzle.com.eg/ad/%D8%B4%D9%82%D8%A9-%D9%84%D9%84%D8%A8%D9%8A%D8%B9-%D9%81%D9%8A%D9%88-%D8%B9%D9%84%D9%8A-%D8%A7%D9%84%D8%A8%D8%AD%D8%B1-%D9%88%D8%AD%D9%85%D8%A7%D9%85%D8%A7%D8%AA-%D8%B3%D8%A8%D8%A7%D8%AD%D8%A9-%D8%A8%D8%A7%D9%84%D8%AA%D9%82%D8%B3%D9%8A%D8%B7-%D8%B9%D9%84%D9%8A-%D8%A7%D8%B7%D9%88%D9%84-%D9%81%D8%AA%D8%B1%D8%A9-%D8%B3%D8%AF%D8%A7%D8%AF-%D9%85%D8%AA%D8%B4%D8%B7%D8%A8%D8%A9-%D8%A7%D8%B3%D8%AA%D9%84%D8%A7%D9%85-%D9%81%D9%88%D8%B1%D9%8A-%D8%A8%D9%85%D9%82%D8%AF%D9%85-800000-%D9%81%D9%8A-%D8%A7%D9%84%D8%B9%D8%A7%D9%84%D9%85%D9%8A%D9%86-%D8%A7%D9%84%D8%AC%D8%AF%D9%8A%D8%AF%D8%A9-%D8%A7%D9%84%D8%AD%D9%8A-%D8%A7%D9%84%D9%84%D8%A7%D8%AA%D9%8A%D9%86%D9%8A-latin-ID503891048.html
شقة  للبيع 119م في الشيخ زايد في موقع مميز جدا  كمبوند جديد بالثورة الخضراء sky View3,3060000,2,2,119,https://www.dubizzle.com.eg/ad/%D8%B4%D9%82%D8%A9-%D9%84%D9%84%D8%A8%D9%8A%D8%B9-119%D9%85-%D9%81%D9%8A-%D8%A7%D9%84%D8%B4%D9%8A%D8%AE-%D8%B2%D8%A7%D9%8A%D8%AF-%D9%81%D9%8A-%D9%85%D9%88%D9%82%D8%B9-%D9%85%D9%85%D9%8A%D8%B2-%D8%AC%D8%AF%D8%A7-%D9%83%D9%85%D8%A8%D9%88%D9%86%D8%AF-%D8%AC%D8%AF%D9%8A%D8%AF-%D8%A8%D8%A7%D9%84%D8%AB%D9%88%D8%B1%D8%A9-%D8%A7%D9%84%D8%AE%D8%B6%D8%B1%D8%A7%D8%A1-sky-view3-ID503900682.html
شقه للبيع 80 متر تمويل عقاري كمبوند دجله بالمز أكتوبر,1370000,2,1,80,https://www.dubizzle.com.eg/ad/%D8%B4%D9%82%D9%87-%D9%84%D9%84%D8%A8%D9%8A%D8%B9-80-%D9%85%D8%AA%D8%B1-%D8%AA%D9%85%D9%88%D9%8A%D9%84-%D8%B9%D9%82%D8%A7%D8%B1%D9%8A-%D9%83%D9%85%D8%A8%D9%88%D9%86%D8%AF-%D8%AF%D8%AC%D9%84%D9%87-%D8%A8%D8%A7%D9%84%D9%85%D8%B2-%D8%A3%D9%83%D8%AA%D9%88%D8%A8%D8%B1-ID503900258.html
"شقة للبيع في كرميل، تشطيب كامل - سوديك، زايد الجديدة",5752000,1,1,78,https://www.dubizzle.com.eg/ad/%D8%B4%D9%82%D8%A9-%D9%84%D9%84%D8%A8%D9%8A%D8%B9-%D9%81%D9%8A-%D9%83%D8%B1%D9%85%D9%8A%D9%84-%D8%AA%D8%B4%D8%B7%D9%8A%D8%A8-%D9%83%D8%A7%D9%85%D9%84-%D8%B3%D9%88%D8%AF%D9%8A%D9%83-%D8%B2%D8%A7%D9%8A%D8%AF-%D8%A7%D9%84%D8%AC%D8%AF%D9%8A%D8%AF%D8%A9-ID503287730.html
شقة للبيع من المالك سي شيل راس الحكمة seashell ras elhekma,17000000,3,3,144,https://www.dubizzle.com.eg/ad/%D8%B4%D9%82%D8%A9-%D9%84%D9%84%D8%A8%D9%8A%D8%B9-%D9%85%D9%86-%D8%A7%D9%84%D9%85%D8%A7%D9%84%D9%83-%D8%B3%D9%8A-%D8%B4%D9%8A%D9%84-%D8%B1%D8%A7%D8%B3-%D8%A7%D9%84%D8%AD%D9%83%D9%85%D8%A9-seashell-ras-elhekma-ID208644620.html
شقة أحلامك في شيراتون  الموقع والسعر هيفاجئوك شقة مميزة فيو لاجون في شيراتون إستلام فوري بجوار مطار القاهرة بخصم 48%,13350000,3,3,170,https://www.dubizzle.com.eg/ad/%D8%B4%D9%82%D8%A9-%D8%A3%D8%AD%D9%84%D8%A7%D9%85%D9%83-%D9%81%D9%8A-%D8%B4%D9%8A%D8%B1%D8%A7%D8%AA%D9%88%D9%86-%D8%A7%D9%84%D9%85%D9%88%D9%82%D8%B9-%D9%88%D8%A7%D9%84%D8%B3%D8%B9%D8%B1-%D9%87%D9%8A%D9%81%D8%A7%D8%AC%D8%A6%D9%88%D9%83-%D8%B4%D9%82%D8%A9-%D9%85%D9%85%D9%8A%D8%B2%D8%A9-%D9%81%D9%8A%D9%88-%D9%84%D8%A7%D8%AC%D9%88%D9%86-%D9%81%D9%8A-%D8%B4%D9%8A%D8%B1%D8%A7%D8%AA%D9%88%D9%86-%D8%A5%D8%B3%D8%AA%D9%84%D8%A7%D9%85-%D9%81%D9%88%D8%B1%D9%8A-%D8%A8%D8%AC%D9%88%D8%A7%D8%B1-%D9%85%D8%B7%D8%A7%D8%B1-%D8%A7%D9%84%D9%82%D8%A7%D9%87%D8%B1%D8%A9-%D8%A8%D8%AE%D8%B5%D9%85-48-ID503900675.html
شقة بحري - ڤيو مفتوح فرصة استثمارية مميزة – لقطة في العاصمة الإدارية فيو مميز على حي السفارات اطلالة رائعة وتشطيب فاخر في العاصمة الإدارية,7238000,3,3,164,https://www.dubizzle.com.eg/ad/%D8%B4%D9%82%D8%A9-%D8%A8%D8%AD%D8%B1%D9%8A-%DA%A4%D9%8A%D9%88-%D9%85%D9%81%D8%AA%D9%88%D8%AD-%D9%81%D8%B1%D8%B5%D8%A9-%D8%A7%D8%B3%D8%AA%D8%AB%D9%85%D8%A7%D8%B1%D9%8A%D8%A9-%D9%85%D9%85%D9%8A%D8%B2%D8%A9-%D9%84%D9%82%D8%B7%D8%A9-%D9%81%D9%8A-%D8%A7%D9%84%D8%B9%D8%A7%D8%B5%D9%85%D8%A9-%D8%A7%D9%84%D8%A5%D8%AF%D8%A7%D8%B1%D9%8A%D8%A9-%D9%81%D9%8A%D9%88-%D9%85%D9%85%D9%8A%D8%B2-%D8%B9%D9%84%D9%89-%D8%AD%D9%8A-%D8%A7%D9%84%D8%B3%D9%81%D8%A7%D8%B1%D8%A7%D8%AA-%D8%A7%D8%B7%D9%84%D8%A7%D9%84%D8%A9-%D8%B1%D8%A7%D8%A6%D8%B9%D8%A9-%D9%88%D8%AA%D8%B4%D8%B7%D9%8A%D8%A8-%D9%81%D8%A7%D8%AE%D8%B1-%D9%81%D9%8A-%D8%A7%D9%84%D8%B9%D8%A7%D8%B5%D9%85%D8%A9-%D8%A7%D9%84%D8%A5%D8%AF%D8%A7%D8%B1%D9%8A%D8%A9-ID503900438.html
استلم فوري + استثمر باقوي عائد وأقل مقدم ايجاربالدولارشهري لوحده فندقيه متشبطه بالكامل من فندق انتركونتننتال fully finished بالفرش و التكيفات,3490000,1,1,35,https://www.dubizzle.com.eg/ad/%D8%A7%D8%B3%D8%AA%D9%84%D9%85-%D9%81%D9%88%D8%B1%D9%8A-%D8%A7%D8%B3%D8%AA%D8%AB%D9%85%D8%B1-%D8%A8%D8%A7%D9%82%D9%88%D9%8A-%D8%B9%D8%A7%D8%A6%D8%AF-%D9%88%D8%A3%D9%82%D9%84-%D9%85%D9%82%D8%AF%D9%85-%D8%A7%D9%8A%D8%AC%D8%A7%D8%B1%D8%A8%D8%A7%D9%84%D8%AF%D9%88%D9%84%D8%A7%D8%B1%D8%B4%D9%87%D8%B1%D9%8A-%D9%84%D9%88%D8%AD%D8%AF%D9%87-%D9%81%D9%86%D8%AF%D9%82%D9%8A%D9%87-%D9%85%D8%AA%D8%B4%D8%A8%D8%B7%D9%87-%D8%A8%D8%A7%D9%84%D9%83%D8%A7%D9%85%D9%84-%D9%85%D9%86-%D9%81%D9%86%D8%AF%D9%82-%D8%A7%D9%86%D8%AA%D8%B1%D9%83%D9%88%D9%86%D8%AA%D9%86%D9%86%D8%AA%D8%A7%D9%84-fully-finished-%D8%A8%D8%A7%D9%84%D9%81%D8%B1%D8%B4-%D9%88-%D8%A7%D9%84%D8%AA%D9%83%D9%8A%D9%81%D8%A7%D8%AA-ID503890828.html
"الموقع اللي بتدور عليه دلوقتي تقدر تمتلك فيه شقة غرفتين 106م بنظام سداد مريح، في اكتوبر بمقدم 657 الف وتقدر تعاين الكمبوند الان",6264000,2,2,106,https://www.dubizzle.com.eg/ad/%D8%A7%D9%84%D9%85%D9%88%D9%82%D8%B9-%D8%A7%D9%84%D9%84%D9%8A-%D8%A8%D8%AA%D8%AF%D9%88%D8%B1-%D8%B9%D9%84%D9%8A%D9%87-%D8%AF%D9%84%D9%88%D9%82%D8%AA%D9%8A-%D8%AA%D9%82%D8%AF%D8%B1-%D8%AA%D9%85%D8%AA%D9%84%D9%83-%D9%81%D9%8A%D9%87-%D8%B4%D9%82%D8%A9-%D8%BA%D8%B1%D9%81%D8%AA%D9%8A%D9%86-106%D9%85-%D8%A8%D9%86%D8%B8%D8%A7%D9%85-%D8%B3%D8%AF%D8%A7%D8%AF-%D9%85%D8%B1%D9%8A%D8%AD-%D9%81%D9%8A-%D8%A7%D9%83%D8%AA%D9%88%D8%A8%D8%B1-%D8%A8%D9%85%D9%82%D8%AF%D9%85-657-%D8%A7%D9%84%D9%81-%D9%88%D8%AA%D9%82%D8%AF%D8%B1-%D8%AA%D8%B9%D8%A7%D9%8A%D9%86-%D8%A7%D9%84%D9%83%D9%85%D8%A8%D9%88%D9%86%D8%AF-%D8%A7%D9%84%D8%A7%D9%86-ID503825146.html
فرصة مميزة | شقة للبيع في مدينتي B8 المساحة: 69 م² غرفتين بيع,4600000,2,1,69,https://www.dubizzle.com.eg/ad/%D9%81%D8%B1%D8%B5%D8%A9-%D9%85%D9%85%D9%8A%D8%B2%D8%A9-%D8%B4%D9%82%D8%A9-%D9%84%D9%84%D8%A8%D9%8A%D8%B9-%D9%81%D9%8A-%D9%85%D8%AF%D9%8A%D9%86%D8%AA%D9%8A-b8-%D8%A7%D9%84%D9%85%D8%B3%D8%A7%D8%AD%D8%A9-69-%D9%852-%D8%BA%D8%B1%D9%81%D8%AA%D9%8A%D9%86-%D8%A8%D9%8A%D8%B9-ID503738659.html
فرصه للاستثمار امتلك ستوديو في كمبوند بيراميدز ويلز 57م دقايق من المتحف المصري الجديد بمقدم 35% فقط,3150000,1,1,57,https://www.dubizzle.com.eg/ad/%D9%81%D8%B1%D8%B5%D9%87-%D9%84%D9%84%D8%A7%D8%B3%D8%AA%D8%AB%D9%85%D8%A7%D8%B1-%D8%A7%D9%85%D8%AA%D9%84%D9%83-%D8%B3%D8%AA%D9%88%D8%AF%D9%8A%D9%88-%D9%81%D9%8A-%D9%83%D9%85%D8%A8%D9%88%D9%86%D8%AF-%D8%A8%D9%8A%D8%B1%D8%A7%D9%85%D9%8A%D8%AF%D8%B2-%D9%88%D9%8A%D9%84%D8%B2-57%D9%85-%D8%AF%D9%82%D8%A7%D9%8A%D9%82-%D9%85%D9%86-%D8%A7%D9%84%D9%85%D8%AA%D8%AD%D9%81-%D8%A7%D9%84%D9%85%D8%B5%D8%B1%D9%8A-%D8%A7%D9%84%D8%AC%D8%AF%D9%8A%D8%AF-%D8%A8%D9%85%D9%82%D8%AF%D9%85-35-%D9%81%D9%82%D8%B7-ID502793091.html
امتلك شقه للبيع 94 متر في الشيخ زايد في كمبوند via موقع مميز بالقرب من هايبر 1 ومحور 26 يوليو بمقدم 10% فقط,4895000,2,1,94,https://www.dubizzle.com.eg/ad/%D8%A7%D9%85%D8%AA%D9%84%D9%83-%D8%B4%D9%82%D9%87-%D9%84%D9%84%D8%A8%D9%8A%D8%B9-94-%D9%85%D8%AA%D8%B1-%D9%81%D9%8A-%D8%A7%D9%84%D8%B4%D9%8A%D8%AE-%D8%B2%D8%A7%D9%8A%D8%AF-%D9%81%D9%8A-%D9%83%D9%85%D8%A8%D9%88%D9%86%D8%AF-via-%D9%85%D9%88%D9%82%D8%B9-%D9%85%D9%85%D9%8A%D8%B2-%D8%A8%D8%A7%D9%84%D9%82%D8%B1%D8%A8-%D9%85%D9%86-%D9%87%D8%A7%D9%8A%D8%A8%D8%B1-1-%D9%88%D9%85%D8%AD%D9%88%D8%B1-26-%D9%8A%D9%88%D9%84%D9%8A%D9%88-%D8%A8%D9%85%D9%82%D8%AF%D9%85-10-%D9%81%D9%82%D8%B7-ID503799090.html
"**للبيع شقة B7 – فرصة مميزة**   **المساحة:** 96 متر²  **التقسيم:** غرفتا نوم، حمام، ريسبشن، مطبخ.  **الموقع:** مميز جدًا وقريب من جميع الخدمات.",5350000,2,2,96,https://www.dubizzle.com.eg/ad/%D9%84%D9%84%D8%A8%D9%8A%D8%B9-%D8%B4%D9%82%D8%A9-b7-%D9%81%D8%B1%D8%B5%D8%A9-%D9%85%D9%85%D9%8A%D8%B2%D8%A9-%D8%A7%D9%84%D9%85%D8%B3%D8%A7%D8%AD%D8%A9-96-%D9%85%D8%AA%D8%B12-%D8%A7%D9%84%D8%AA%D9%82%D8%B3%D9%8A%D9%85-%D8%BA%D8%B1%D9%81%D8%AA%D8%A7-%D9%86%D9%88%D9%85-%D8%AD%D9%85%D8%A7%D9%85-%D8%B1%D9%8A%D8%B3%D8%A8%D8%B4%D9%86-%D9%85%D8%B7%D8%A8%D8%AE-%D8%A7%D9%84%D9%85%D9%88%D9%82%D8%B9-%D9%85%D9%85%D9%8A%D8%B2-%D8%AC%D8%AF%D8%A7-%D9%88%D9%82%D8%B1%D9%8A%D8%A8-%D9%85%D9%86-%D8%AC%D9%85%D9%8A%D8%B9-%D8%A7%D9%84%D8%AE%D8%AF%D9%85%D8%A7%D8%AA-ID503902157.html
"شقه للبيع متشطبه بالكامل علي شارع التسعين الرئيسي مباشرة، تحديداً بقطعة رقم 1",11500000,2,1,116,https://www.dubizzle.com.eg/ad/%D8%B4%D9%82%D9%87-%D9%84%D9%84%D8%A8%D9%8A%D8%B9-%D9%85%D8%AA%D8%B4%D8%B7%D8%A8%D9%87-%D8%A8%D8%A7%D9%84%D9%83%D8%A7%D9%85%D9%84-%D8%B9%D9%84%D9%8A-%D8%B4%D8%A7%D8%B1%D8%B9-%D8%A7%D9%84%D8%AA%D8%B3%D8%B9%D9%8A%D9%86-%D8%A7%D9%84%D8%B1%D8%A6%D9%8A%D8%B3%D9%8A-%D9%85%D8%A8%D8%A7%D8%B4%D8%B1%D8%A9-%D8%AA%D8%AD%D8%AF%D9%8A%D8%AF%D8%A7-%D8%A8%D9%82%D8%B7%D8%B9%D8%A9-%D8%B1%D9%82%D9%85-1-ID503754347.html
شقة 176م متشطبة بفيو مميز استلام فورى قسط على 10 سنين للبيع ف كمبوند ستودا شيراتون _ القاهرة stoda _ شقه مصر الجديدة,8500000,3,3,176,https://www.dubizzle.com.eg/ad/%D8%B4%D9%82%D8%A9-176%D9%85-%D9%85%D8%AA%D8%B4%D8%B7%D8%A8%D8%A9-%D8%A8%D9%81%D9%8A%D9%88-%D9%85%D9%85%D9%8A%D8%B2-%D8%A7%D8%B3%D8%AA%D9%84%D8%A7%D9%85-%D9%81%D9%88%D8%B1%D9%89-%D9%82%D8%B3%D8%B7-%D8%B9%D9%84%D9%89-10-%D8%B3%D9%86%D9%8A%D9%86-%D9%84%D9%84%D8%A8%D9%8A%D8%B9-%D9%81-%D9%83%D9%85%D8%A8%D9%88%D9%86%D8%AF-%D8%B3%D8%AA%D9%88%D8%AF%D8%A7-%D8%B4%D9%8A%D8%B1%D8%A7%D8%AA%D9%88%D9%86-_-%D8%A7%D9%84%D9%82%D8%A7%D9%87%D8%B1%D8%A9-stoda-_-%D8%B4%D9%82%D9%87-%D9%85%D8%B5%D8%B1-%D8%A7%D9%84%D8%AC%D8%AF%D9%8A%D8%AF%D8%A9-ID503752616.html
عاين واستلم شقه للبيع استلام فوري متشطبه ب ارقي كومبوندات العاصمه الاداريه ( Ramatan ) امام الحي الدبلوماسي   برايم لوكيشن دقايق من حي الوزارات وحي ال,7000000,3,2,155,https://www.dubizzle.com.eg/ad/%D8%B9%D8%A7%D9%8A%D9%86-%D9%88%D8%A7%D8%B3%D8%AA%D9%84%D9%85-%D8%B4%D9%82%D9%87-%D9%84%D9%84%D8%A8%D9%8A%D8%B9-%D8%A7%D8%B3%D8%AA%D9%84%D8%A7%D9%85-%D9%81%D9%88%D8%B1%D9%8A-%D9%85%D8%AA%D8%B4%D8%B7%D8%A8%D9%87-%D8%A8-%D8%A7%D8%B1%D9%82%D9%8A-%D9%83%D9%88%D9%85%D8%A8%D9%88%D9%86%D8%AF%D8%A7%D8%AA-%D8%A7%D9%84%D8%B9%D8%A7%D8%B5%D9%85%D9%87-%D8%A7%D9%84%D8%A7%D8%AF%D8%A7%D8%B1%D9%8A%D9%87-ramatan-%D8%A7%D9%85%D8%A7%D9%85-%D8%A7%D9%84%D8%AD%D9%8A-%D8%A7%D9%84%D8%AF%D8%A8%D9%84%D9%88%D9%85%D8%A7%D8%B3%D9%8A-%D8%A8%D8%B1%D8%A7%D9%8A%D9%85-%D9%84%D9%88%D9%83%D9%8A%D8%B4%D9%86-%D8%AF%D9%82%D8%A7%D9%8A%D9%82-%D9%85%D9%86-%D8%AD%D9%8A-%D8%A7%D9%84%D9%88%D8%B2%D8%A7%D8%B1%D8%A7%D8%AA-%D9%88%D8%AD%D9%8A-%D8%A7%D9%84-ID503752747.html
شقه متشطبه للبيع ب بالم هيلز (باديه) 6 اكتوبر بجانب جامعه MSA و مشروع صن كابيتل,9000000,3,2,160,https://www.dubizzle.com.eg/ad/%D8%B4%D9%82%D9%87-%D9%85%D8%AA%D8%B4%D8%B7%D8%A8%D9%87-%D9%84%D9%84%D8%A8%D9%8A%D8%B9-%D8%A8-%D8%A8%D8%A7%D9%84%D9%85-%D9%87%D9%8A%D9%84%D8%B2-%D8%A8%D8%A7%D8%AF%D9%8A%D9%87-6-%D8%A7%D9%83%D8%AA%D9%88%D8%A8%D8%B1-%D8%A8%D8%AC%D8%A7%D9%86%D8%A8-%D8%AC%D8%A7%D9%85%D8%B9%D9%87-msa-%D9%88-%D9%85%D8%B4%D8%B1%D9%88%D8%B9-%D8%B5%D9%86-%D9%83%D8%A7%D8%A8%D9%8A%D8%AA%D9%84-ID503752596.html
"أقل سعر شقة ريسيل استلام فوري بالسعر القديم لسرعة البيع في أرقى كمبوند لشركة الأهلي صبور , كمبوند جرين سكوير المستقبل سيتي",5250000,3,3,168,https://www.dubizzle.com.eg/ad/%D8%A3%D9%82%D9%84-%D8%B3%D8%B9%D8%B1-%D8%B4%D9%82%D8%A9-%D8%B1%D9%8A%D8%B3%D9%8A%D9%84-%D8%A7%D8%B3%D8%AA%D9%84%D8%A7%D9%85-%D9%81%D9%88%D8%B1%D9%8A-%D8%A8%D8%A7%D9%84%D8%B3%D8%B9%D8%B1-%D8%A7%D9%84%D9%82%D8%AF%D9%8A%D9%85-%D9%84%D8%B3%D8%B1%D8%B9%D8%A9-%D8%A7%D9%84%D8%A8%D9%8A%D8%B9-%D9%81%D9%8A-%D8%A3%D8%B1%D9%82%D9%89-%D9%83%D9%85%D8%A8%D9%88%D9%86%D8%AF-%D9%84%D8%B4%D8%B1%D9%83%D8%A9-%D8%A7%D9%84%D8%A3%D9%87%D9%84%D9%8A-%D8%B5%D8%A8%D9%88%D8%B1-%D9%83%D9%85%D8%A8%D9%88%D9%86%D8%AF-%D8%AC%D8%B1%D9%8A%D9%86-%D8%B3%D9%83%D9%88%D9%8A%D8%B1-%D8%A7%D9%84%D9%85%D8%B3%D8%AA%D9%82%D8%A8%D9%84-%D8%B3%D9%8A%D8%AA%D9%8A-ID503439354.html
أقل سعر شقة ريسيل متشطبه بالكامل بالفرش بسعر لقطه لن يتكرر و بتسهيلات في أرقى كمبوند في الجولدن سكوير التجمع الخامس كمبوند ليك فيو ريزدنس,13300000,2,2,144,https://www.dubizzle.com.eg/ad/%D8%A3%D9%82%D9%84-%D8%B3%D8%B9%D8%B1-%D8%B4%D9%82%D8%A9-%D8%B1%D9%8A%D8%B3%D9%8A%D9%84-%D9%85%D8%AA%D8%B4%D8%B7%D8%A8%D9%87-%D8%A8%D8%A7%D9%84%D9%83%D8%A7%D9%85%D9%84-%D8%A8%D8%A7%D9%84%D9%81%D8%B1%D8%B4-%D8%A8%D8%B3%D8%B9%D8%B1-%D9%84%D9%82%D8%B7%D9%87-%D9%84%D9%86-%D9%8A%D8%AA%D9%83%D8%B1%D8%B1-%D9%88-%D8%A8%D8%AA%D8%B3%D9%87%D9%8A%D9%84%D8%A7%D8%AA-%D9%81%D9%8A-%D8%A3%D8%B1%D9%82%D9%89-%D9%83%D9%85%D8%A8%D9%88%D9%86%D8%AF-%D9%81%D9%8A-%D8%A7%D9%84%D8%AC%D9%88%D9%84%D8%AF%D9%86-%D8%B3%D9%83%D9%88%D9%8A%D8%B1-%D8%A7%D9%84%D8%AA%D8%AC%D9%85%D8%B9-%D8%A7%D9%84%D8%AE%D8%A7%D9%85%D8%B3-%D9%83%D9%85%D8%A8%D9%88%D9%86%D8%AF-%D9%84%D9%8A%D9%83-%D9%81%D9%8A%D9%88-%D8%B1%D9%8A%D8%B2%D8%AF%D9%86%D8%B3-ID502145557.html
شقة للبيع في شارع محمد كامل الحاروني – مدينة نصر | 200 متر,6300000,3,2,200,https://www.dubizzle.com.eg/ad/%D8%B4%D9%82%D8%A9-%D9%84%D9%84%D8%A8%D9%8A%D8%B9-%D9%81%D9%8A-%D8%B4%D8%A7%D8%B1%D8%B9-%D9%85%D8%AD%D9%85%D8%AF-%D9%83%D8%A7%D9%85%D9%84-%D8%A7%D9%84%D8%AD%D8%A7%D8%B1%D9%88%D9%86%D9%8A-%D9%85%D8%AF%D9%8A%D9%86%D8%A9-%D9%86%D8%B5%D8%B1-200-%D9%85%D8%AA%D8%B1-ID503902156.html
للبيع بكمبوند هاي  لاند بارك التجمع الخامس استلام فوري في المربع الذهبي,9800000,4,3,245,https://www.dubizzle.com.eg/ad/%D9%84%D9%84%D8%A8%D9%8A%D8%B9-%D8%A8%D9%83%D9%85%D8%A8%D9%88%D9%86%D8%AF-%D9%87%D8%A7%D9%8A-%D9%84%D8%A7%D9%86%D8%AF-%D8%A8%D8%A7%D8%B1%D9%83-%D8%A7%D9%84%D8%AA%D8%AC%D9%85%D8%B9-%D8%A7%D9%84%D8%AE%D8%A7%D9%85%D8%B3-%D8%A7%D8%B3%D8%AA%D9%84%D8%A7%D9%85-%D9%81%D9%88%D8%B1%D9%8A-%D9%81%D9%8A-%D8%A7%D9%84%D9%85%D8%B1%D8%A8%D8%B9-%D8%A7%D9%84%D8%B0%D9%87%D8%A8%D9%8A-ID503902154.html
دوبلكس للبيع باقل سعر تشطيب الترا سوبر لوكس مفروشة بالكامل برايم لوكيشن و فيو مفتوح في كمبوند فيفث سكوير - المراسم,11940000,3,3,167,https://www.dubizzle.com.eg/ad/%D8%AF%D9%88%D8%A8%D9%84%D9%83%D8%B3-%D9%84%D9%84%D8%A8%D9%8A%D8%B9-%D8%A8%D8%A7%D9%82%D9%84-%D8%B3%D8%B9%D8%B1-%D8%AA%D8%B4%D8%B7%D9%8A%D8%A8-%D8%A7%D9%84%D8%AA%D8%B1%D8%A7-%D8%B3%D9%88%D8%A8%D8%B1-%D9%84%D9%88%D9%83%D8%B3-%D9%85%D9%81%D8%B1%D9%88%D8%B4%D8%A9-%D8%A8%D8%A7%D9%84%D9%83%D8%A7%D9%85%D9%84-%D8%A8%D8%B1%D8%A7%D9%8A%D9%85-%D9%84%D9%88%D9%83%D9%8A%D8%B4%D9%86-%D9%88-%D9%81%D9%8A%D9%88-%D9%85%D9%81%D8%AA%D9%88%D8%AD-%D9%81%D9%8A-%D9%83%D9%85%D8%A8%D9%88%D9%86%D8%AF-%D9%81%D9%8A%D9%81%D8%AB-%D8%B3%D9%83%D9%88%D9%8A%D8%B1-%D8%A7%D9%84%D9%85%D8%B1%D8%A7%D8%B3%D9%85-ID503902146.html
باقساط علي 10 سنين شقه للبيع ب بالم هيلز بالتجمع الخامس,13020000,3,2,160,https://www.dubizzle.com.eg/ad/%D8%A8%D8%A7%D9%82%D8%B3%D8%A7%D8%B7-%D8%B9%D9%84%D9%8A-10-%D8%B3%D9%86%D9%8A%D9%86-%D8%B4%D9%82%D9%87-%D9%84%D9%84%D8%A8%D9%8A%D8%B9-%D8%A8-%D8%A8%D8%A7%D9%84%D9%85-%D9%87%D9%8A%D9%84%D8%B2-%D8%A8%D8%A7%D9%84%D8%AA%D8%AC%D9%85%D8%B9-%D8%A7%D9%84%D8%AE%D8%A7%D9%85%D8%B3-ID503750956.html
باقساط علي 10 سنين شقه للبيع ب بالم هيلز بالتجمع الخامس,9238000,2,2,140,https://www.dubizzle.com.eg/ad/%D8%A8%D8%A7%D9%82%D8%B3%D8%A7%D8%B7-%D8%B9%D9%84%D9%8A-10-%D8%B3%D9%86%D9%8A%D9%86-%D8%B4%D9%82%D9%87-%D9%84%D9%84%D8%A8%D9%8A%D8%B9-%D8%A8-%D8%A8%D8%A7%D9%84%D9%85-%D9%87%D9%8A%D9%84%D8%B2-%D8%A8%D8%A7%D9%84%D8%AA%D8%AC%D9%85%D8%B9-%D8%A7%D9%84%D8%AE%D8%A7%D9%85%D8%B3-ID503750882.html
"شقة للبيع في مدينتي "" بريفادو "" فيو جاردن  البيع بالتكيفات",6840000,2,1,84,https://www.dubizzle.com.eg/ad/%D8%B4%D9%82%D8%A9-%D9%84%D9%84%D8%A8%D9%8A%D8%B9-%D9%81%D9%8A-%D9%85%D8%AF%D9%8A%D9%86%D8%AA%D9%8A-%D8%A8%D8%B1%D9%8A%D9%81%D8%A7%D8%AF%D9%88-%D9%81%D9%8A%D9%88-%D8%AC%D8%A7%D8%B1%D8%AF%D9%86-%D8%A7%D9%84%D8%A8%D9%8A%D8%B9-%D8%A8%D8%A7%D9%84%D8%AA%D9%83%D9%8A%D9%81%D8%A7%D8%AA-ID503902147.html
شقة للبيع باقل سعر في ماونتن فيو اي سيتي اكتوبر استلام فوري,4800000,3,3,145,https://www.dubizzle.com.eg/ad/%D8%B4%D9%82%D8%A9-%D9%84%D9%84%D8%A8%D9%8A%D8%B9-%D8%A8%D8%A7%D9%82%D9%84-%D8%B3%D8%B9%D8%B1-%D9%81%D9%8A-%D9%85%D8%A7%D9%88%D9%86%D8%AA%D9%86-%D9%81%D9%8A%D9%88-%D8%A7%D9%8A-%D8%B3%D9%8A%D8%AA%D9%8A-%D8%A7%D9%83%D8%AA%D9%88%D8%A8%D8%B1-%D8%A7%D8%B3%D8%AA%D9%84%D8%A7%D9%85-%D9%81%D9%88%D8%B1%D9%8A-ID503780631.html
اقل سعر شقة  للبيع استلام فوري ريسيل باميز لوكيشن في ماونتن فيو اي سيتي اكتوبر,4600000,2,2,126,https://www.dubizzle.com.eg/ad/%D8%A7%D9%82%D9%84-%D8%B3%D8%B9%D8%B1-%D8%B4%D9%82%D8%A9-%D9%84%D9%84%D8%A8%D9%8A%D8%B9-%D8%A7%D8%B3%D8%AA%D9%84%D8%A7%D9%85-%D9%81%D9%88%D8%B1%D9%8A-%D8%B1%D9%8A%D8%B3%D9%8A%D9%84-%D8%A8%D8%A7%D9%85%D9%8A%D8%B2-%D9%84%D9%88%D9%83%D9%8A%D8%B4%D9%86-%D9%81%D9%8A-%D9%85%D8%A7%D9%88%D9%86%D8%AA%D9%86-%D9%81%D9%8A%D9%88-%D8%A7%D9%8A-%D8%B3%D9%8A%D8%AA%D9%8A-%D8%A7%D9%83%D8%AA%D9%88%D8%A8%D8%B1-ID503295923.html
شقه للبيع في مصر الجديده  دقااق من سيتي سنتر الماظه,3800000,2,2,110,https://www.dubizzle.com.eg/ad/%D8%B4%D9%82%D9%87-%D9%84%D9%84%D8%A8%D9%8A%D8%B9-%D9%81%D9%8A-%D9%85%D8%B5%D8%B1-%D8%A7%D9%84%D8%AC%D8%AF%D9%8A%D8%AF%D9%87-%D8%AF%D9%82%D8%A7%D8%A7%D9%82-%D9%85%D9%86-%D8%B3%D9%8A%D8%AA%D9%8A-%D8%B3%D9%86%D8%AA%D8%B1-%D8%A7%D9%84%D9%85%D8%A7%D8%B8%D9%87-ID503573095.html
باقل سعر شقة  مميزه في بالم هيلز بادية استلام فوري,7300000,4,4,233,https://www.dubizzle.com.eg/ad/%D8%A8%D8%A7%D9%82%D9%84-%D8%B3%D8%B9%D8%B1-%D8%B4%D9%82%D8%A9-%D9%85%D9%85%D9%8A%D8%B2%D9%87-%D9%81%D9%8A-%D8%A8%D8%A7%D9%84%D9%85-%D9%87%D9%8A%D9%84%D8%B2-%D8%A8%D8%A7%D8%AF%D9%8A%D8%A9-%D8%A7%D8%B3%D8%AA%D9%84%D8%A7%D9%85-%D9%81%D9%88%D8%B1%D9%8A-ID503742353.html
اقل سعر تسهيلات في السداد شقه للبيع مرسوم سموحه,5938000,2,2,111,https://www.dubizzle.com.eg/ad/%D8%A7%D9%82%D9%84-%D8%B3%D8%B9%D8%B1-%D8%AA%D8%B3%D9%87%D9%8A%D9%84%D8%A7%D8%AA-%D9%81%D9%8A-%D8%A7%D9%84%D8%B3%D8%AF%D8%A7%D8%AF-%D8%B4%D9%82%D9%87-%D9%84%D9%84%D8%A8%D9%8A%D8%B9-%D9%85%D8%B1%D8%B3%D9%88%D9%85-%D8%B3%D9%85%D9%88%D8%AD%D9%87-ID503857326.html
تشطيب كامل فيو مفتوح شقه للبيع صواري,8150000,3,3,177,https://www.dubizzle.com.eg/ad/%D8%AA%D8%B4%D8%B7%D9%8A%D8%A8-%D9%83%D8%A7%D9%85%D9%84-%D9%81%D9%8A%D9%88-%D9%85%D9%81%D8%AA%D9%88%D8%AD-%D8%B4%D9%82%D9%87-%D9%84%D9%84%D8%A8%D9%8A%D8%B9-%D8%B5%D9%88%D8%A7%D8%B1%D9%8A-ID503827924.html
شقه ارضي بحديقه خاصه للبيع في الشروق امام الياتيو ونادي هليوبوليس,3813000,3,3,205,https://www.dubizzle.com.eg/ad/%D8%B4%D9%82%D9%87-%D8%A7%D8%B1%D8%B6%D9%8A-%D8%A8%D8%AD%D8%AF%D9%8A%D9%82%D9%87-%D8%AE%D8%A7%D8%B5%D9%87-%D9%84%D9%84%D8%A8%D9%8A%D8%B9-%D9%81%D9%8A-%D8%A7%D9%84%D8%B4%D8%B1%D9%88%D9%82-%D8%A7%D9%85%D8%A7%D9%85-%D8%A7%D9%84%D9%8A%D8%A7%D8%AA%D9%8A%D9%88-%D9%88%D9%86%D8%A7%D8%AF%D9%8A-%D9%87%D9%84%D9%8A%D9%88%D8%A8%D9%88%D9%84%D9%8A%D8%B3-ID208641712.html
بخصم مميز يصل ل30%  وبدون مقدم شقة للبيع 103 متر غرفتين فى العاصمة الجديدة New Capital city.,3290000,2,1,103,https://www.dubizzle.com.eg/ad/%D8%A8%D8%AE%D8%B5%D9%85-%D9%85%D9%85%D9%8A%D8%B2-%D9%8A%D8%B5%D9%84-%D9%8430-%D9%88%D8%A8%D8%AF%D9%88%D9%86-%D9%85%D9%82%D8%AF%D9%85-%D8%B4%D9%82%D8%A9-%D9%84%D9%84%D8%A8%D9%8A%D8%B9-103-%D9%85%D8%AA%D8%B1-%D8%BA%D8%B1%D9%81%D8%AA%D9%8A%D9%86-%D9%81%D9%89-%D8%A7%D9%84%D8%B9%D8%A7%D8%B5%D9%85%D8%A9-%D8%A7%D9%84%D8%AC%D8%AF%D9%8A%D8%AF%D8%A9-new-capital-city-ID503897979.html
"شقة لقطة للبيع في فاي سوديك, مدينة زايد الجديدة استلام فوري باقل سعر",5400000,2,2,110,https://www.dubizzle.com.eg/ad/%D8%B4%D9%82%D8%A9-%D9%84%D9%82%D8%B7%D8%A9-%D9%84%D9%84%D8%A8%D9%8A%D8%B9-%D9%81%D9%8A-%D9%81%D8%A7%D9%8A-%D8%B3%D9%88%D8%AF%D9%8A%D9%83-%D9%85%D8%AF%D9%8A%D9%86%D8%A9-%D8%B2%D8%A7%D9%8A%D8%AF-%D8%A7%D9%84%D8%AC%D8%AF%D9%8A%D8%AF%D8%A9-%D8%A7%D8%B3%D8%AA%D9%84%D8%A7%D9%85-%D9%81%D9%88%D8%B1%D9%8A-%D8%A8%D8%A7%D9%82%D9%84-%D8%B3%D8%B9%D8%B1-ID503268986.html
تشطيب فندقي و مطلات مفتوحة على البلازا في اكبر كمبوند شقه للبيع في سموحة,11086000,5,3,196,https://www.dubizzle.com.eg/ad/%D8%AA%D8%B4%D8%B7%D9%8A%D8%A8-%D9%81%D9%86%D8%AF%D9%82%D9%8A-%D9%88-%D9%85%D8%B7%D9%84%D8%A7%D8%AA-%D9%85%D9%81%D8%AA%D9%88%D8%AD%D8%A9-%D8%B9%D9%84%D9%89-%D8%A7%D9%84%D8%A8%D9%84%D8%A7%D8%B2%D8%A7-%D9%81%D9%8A-%D8%A7%D9%83%D8%A8%D8%B1-%D9%83%D9%85%D8%A8%D9%88%D9%86%D8%AF-%D8%B4%D9%82%D9%87-%D9%84%D9%84%D8%A8%D9%8A%D8%B9-%D9%81%D9%8A-%D8%B3%D9%85%D9%88%D8%AD%D8%A9-ID503878910.html
بنتهاوس للبيع استلام فوري بالقرب من كايرو فيستيفال سيتي في التجمع الخامس داخل كمبوند ستون ريزيدنس Stone Residence,5000000,3,3,220,https://www.dubizzle.com.eg/ad/%D8%A8%D9%86%D8%AA%D9%87%D8%A7%D9%88%D8%B3-%D9%84%D9%84%D8%A8%D9%8A%D8%B9-%D8%A7%D8%B3%D8%AA%D9%84%D8%A7%D9%85-%D9%81%D9%88%D8%B1%D9%8A-%D8%A8%D8%A7%D9%84%D9%82%D8%B1%D8%A8-%D9%85%D9%86-%D9%83%D8%A7%D9%8A%D8%B1%D9%88-%D9%81%D9%8A%D8%B3%D8%AA%D9%8A%D9%81%D8%A7%D9%84-%D8%B3%D9%8A%D8%AA%D9%8A-%D9%81%D9%8A-%D8%A7%D9%84%D8%AA%D8%AC%D9%85%D8%B9-%D8%A7%D9%84%D8%AE%D8%A7%D9%85%D8%B3-%D8%AF%D8%A7%D8%AE%D9%84-%D9%83%D9%85%D8%A8%D9%88%D9%86%D8%AF-%D8%B3%D8%AA%D9%88%D9%86-%D8%B1%D9%8A%D8%B2%D9%8A%D8%AF%D9%86%D8%B3-stone-residence-ID503867326.html
شقه للبيع استلام فوري متشطبة بالتكييفات في كمبوند فيفث سكوير التجمع الخامس Fifth Square,7200000,3,3,160,https://www.dubizzle.com.eg/ad/%D8%B4%D9%82%D9%87-%D9%84%D9%84%D8%A8%D9%8A%D8%B9-%D8%A7%D8%B3%D8%AA%D9%84%D8%A7%D9%85-%D9%81%D9%88%D8%B1%D9%8A-%D9%85%D8%AA%D8%B4%D8%B7%D8%A8%D8%A9-%D8%A8%D8%A7%D9%84%D8%AA%D9%83%D9%8A%D9%8A%D9%81%D8%A7%D8%AA-%D9%81%D9%8A-%D9%83%D9%85%D8%A8%D9%88%D9%86%D8%AF-%D9%81%D9%8A%D9%81%D8%AB-%D8%B3%D9%83%D9%88%D9%8A%D8%B1-%D8%A7%D9%84%D8%AA%D8%AC%D9%85%D8%B9-%D8%A7%D9%84%D8%AE%D8%A7%D9%85%D8%B3-fifth-square-ID503866704.html
بارخص سعر شقه للبيع في زايد القديمه بمقدم 242 الف جنيه فقط في كمبوند ريزا بجوار النادى الاهلى وهايبر 1 وقسط على 8 سنوات بدوى اى فوائد,2415000,1,1,59,https://www.dubizzle.com.eg/ad/%D8%A8%D8%A7%D8%B1%D8%AE%D8%B5-%D8%B3%D8%B9%D8%B1-%D8%B4%D9%82%D9%87-%D9%84%D9%84%D8%A8%D9%8A%D8%B9-%D9%81%D9%8A-%D8%B2%D8%A7%D9%8A%D8%AF-%D8%A7%D9%84%D9%82%D8%AF%D9%8A%D9%85%D9%87-%D8%A8%D9%85%D9%82%D8%AF%D9%85-242-%D8%A7%D9%84%D9%81-%D8%AC%D9%86%D9%8A%D9%87-%D9%81%D9%82%D8%B7-%D9%81%D9%8A-%D9%83%D9%85%D8%A8%D9%88%D9%86%D8%AF-%D8%B1%D9%8A%D8%B2%D8%A7-%D8%A8%D8%AC%D9%88%D8%A7%D8%B1-%D8%A7%D9%84%D9%86%D8%A7%D8%AF%D9%89-%D8%A7%D9%84%D8%A7%D9%87%D9%84%D9%89-%D9%88%D9%87%D8%A7%D9%8A%D8%A8%D8%B1-1-%D9%88%D9%82%D8%B3%D8%B7-%D8%B9%D9%84%D9%89-8-%D8%B3%D9%86%D9%88%D8%A7%D8%AA-%D8%A8%D8%AF%D9%88%D9%89-%D8%A7%D9%89-%D9%81%D9%88%D8%A7%D8%A6%D8%AF-ID503799278.html
شقة للبيع في زايد القديمة جنب هايبر وان والنادي الأهلي والطريق الصحراوي 88 متر بمقدم 10% وتقسيط على 8 سنوات بدون فوائد,3520000,2,1,88,https://www.dubizzle.com.eg/ad/%D8%B4%D9%82%D8%A9-%D9%84%D9%84%D8%A8%D9%8A%D8%B9-%D9%81%D9%8A-%D8%B2%D8%A7%D9%8A%D8%AF-%D8%A7%D9%84%D9%82%D8%AF%D9%8A%D9%85%D8%A9-%D8%AC%D9%86%D8%A8-%D9%87%D8%A7%D9%8A%D8%A8%D8%B1-%D9%88%D8%A7%D9%86-%D9%88%D8%A7%D9%84%D9%86%D8%A7%D8%AF%D9%8A-%D8%A7%D9%84%D8%A3%D9%87%D9%84%D9%8A-%D9%88%D8%A7%D9%84%D8%B7%D8%B1%D9%8A%D9%82-%D8%A7%D9%84%D8%B5%D8%AD%D8%B1%D8%A7%D9%88%D9%8A-88-%D9%85%D8%AA%D8%B1-%D8%A8%D9%85%D9%82%D8%AF%D9%85-10-%D9%88%D8%AA%D9%82%D8%B3%D9%8A%D8%B7-%D8%B9%D9%84%D9%89-8-%D8%B3%D9%86%D9%88%D8%A7%D8%AA-%D8%A8%D8%AF%D9%88%D9%86-%D9%81%D9%88%D8%A7%D8%A6%D8%AF-ID503821618.html
للبيع شقه في العاصمه الاداريه بمساحه 185 متر استلام فورى تشطيب كامل بالتكيفات والمطبخ في كمبوند متكامل الخدمات,7650000,3,3,185,https://www.dubizzle.com.eg/ad/%D9%84%D9%84%D8%A8%D9%8A%D8%B9-%D8%B4%D9%82%D9%87-%D9%81%D9%8A-%D8%A7%D9%84%D8%B9%D8%A7%D8%B5%D9%85%D9%87-%D8%A7%D9%84%D8%A7%D8%AF%D8%A7%D8%B1%D9%8A%D9%87-%D8%A8%D9%85%D8%B3%D8%A7%D8%AD%D9%87-185-%D9%85%D8%AA%D8%B1-%D8%A7%D8%B3%D8%AA%D9%84%D8%A7%D9%85-%D9%81%D9%88%D8%B1%D9%89-%D8%AA%D8%B4%D8%B7%D9%8A%D8%A8-%D9%83%D8%A7%D9%85%D9%84-%D8%A8%D8%A7%D9%84%D8%AA%D9%83%D9%8A%D9%81%D8%A7%D8%AA-%D9%88%D8%A7%D9%84%D9%85%D8%B7%D8%A8%D8%AE-%D9%81%D9%8A-%D9%83%D9%85%D8%A8%D9%88%D9%86%D8%AF-%D9%85%D8%AA%D9%83%D8%A7%D9%85%D9%84-%D8%A7%D9%84%D8%AE%D8%AF%D9%85%D8%A7%D8%AA-ID503803578.html
باقل من سعر الماركت لسرعه البيع  بنتهاوس شاليه بالمطبخ مفروش بالكامل ريسيل فوري في أمواج الساحل الشمالي Sea view بتقسيمه خاصه جاهز للمعاينه و الاستلام,7300000,2,1,85,https://www.dubizzle.com.eg/ad/%D8%A8%D8%A7%D9%82%D9%84-%D9%85%D9%86-%D8%B3%D8%B9%D8%B1-%D8%A7%D9%84%D9%85%D8%A7%D8%B1%D9%83%D8%AA-%D9%84%D8%B3%D8%B1%D8%B9%D9%87-%D8%A7%D9%84%D8%A8%D9%8A%D8%B9-%D8%A8%D9%86%D8%AA%D9%87%D8%A7%D9%88%D8%B3-%D8%B4%D8%A7%D9%84%D9%8A%D9%87-%D8%A8%D8%A7%D9%84%D9%85%D8%B7%D8%A8%D8%AE-%D9%85%D9%81%D8%B1%D9%88%D8%B4-%D8%A8%D8%A7%D9%84%D9%83%D8%A7%D9%85%D9%84-%D8%B1%D9%8A%D8%B3%D9%8A%D9%84-%D9%81%D9%88%D8%B1%D9%8A-%D9%81%D9%8A-%D8%A3%D9%85%D9%88%D8%A7%D8%AC-%D8%A7%D9%84%D8%B3%D8%A7%D8%AD%D9%84-%D8%A7%D9%84%D8%B4%D9%85%D8%A7%D9%84%D9%8A-sea-view-%D8%A8%D8%AA%D9%82%D8%B3%D9%8A%D9%85%D9%87-%D8%AE%D8%A7%D8%B5%D9%87-%D8%AC%D8%A7%D9%87%D8%B2-%D9%84%D9%84%D9%85%D8%B9%D8%A7%D9%8A%D9%86%D9%87-%D9%88-%D8%A7%D9%84%D8%A7%D8%B3%D8%AA%D9%84%D8%A7%D9%85-ID503731639.html
شقه للبيع من المالك مباشره في العاصمه الاداريه 90 متر متشطبه سوبر لوكس بالتكيفات في كمبوند كابيتال واى,4510000,1,1,90,https://www.dubizzle.com.eg/ad/%D8%B4%D9%82%D9%87-%D9%84%D9%84%D8%A8%D9%8A%D8%B9-%D9%85%D9%86-%D8%A7%D9%84%D9%85%D8%A7%D9%84%D9%83-%D9%85%D8%A8%D8%A7%D8%B4%D8%B1%D9%87-%D9%81%D9%8A-%D8%A7%D9%84%D8%B9%D8%A7%D8%B5%D9%85%D9%87-%D8%A7%D9%84%D8%A7%D8%AF%D8%A7%D8%B1%D9%8A%D9%87-90-%D9%85%D8%AA%D8%B1-%D9%85%D8%AA%D8%B4%D8%B7%D8%A8%D9%87-%D8%B3%D9%88%D8%A8%D8%B1-%D9%84%D9%88%D9%83%D8%B3-%D8%A8%D8%A7%D9%84%D8%AA%D9%83%D9%8A%D9%81%D8%A7%D8%AA-%D9%81%D9%8A-%D9%83%D9%85%D8%A8%D9%88%D9%86%D8%AF-%D9%83%D8%A7%D8%A8%D9%8A%D8%AA%D8%A7%D9%84-%D9%88%D8%A7%D9%89-ID503504876.html
شاليه للبيع  في لافيستا  6 العين السخنة | فيو بحر مباشر وفيو حمام سباحة,9350000,3,2,130,https://www.dubizzle.com.eg/ad/%D8%B4%D8%A7%D9%84%D9%8A%D9%87-%D9%84%D9%84%D8%A8%D9%8A%D8%B9-%D9%81%D9%8A-%D9%84%D8%A7%D9%81%D9%8A%D8%B3%D8%AA%D8%A7-6-%D8%A7%D9%84%D8%B9%D9%8A%D9%86-%D8%A7%D9%84%D8%B3%D8%AE%D9%86%D8%A9-%D9%81%D9%8A%D9%88-%D8%A8%D8%AD%D8%B1-%D9%85%D8%A8%D8%A7%D8%B4%D8%B1-%D9%88%D9%81%D9%8A%D9%88-%D8%AD%D9%85%D8%A7%D9%85-%D8%B3%D8%A8%D8%A7%D8%AD%D8%A9-ID503898820.html
اقل سعر فى جرين سكوير ڤيو على اكبر لاجون موقع مميز فى المستقبل سيتى,5250000,3,3,168,https://www.dubizzle.com.eg/ad/%D8%A7%D9%82%D9%84-%D8%B3%D8%B9%D8%B1-%D9%81%D9%89-%D8%AC%D8%B1%D9%8A%D9%86-%D8%B3%D9%83%D9%88%D9%8A%D8%B1-%DA%A4%D9%8A%D9%88-%D8%B9%D9%84%D9%89-%D8%A7%D9%83%D8%A8%D8%B1-%D9%84%D8%A7%D8%AC%D9%88%D9%86-%D9%85%D9%88%D9%82%D8%B9-%D9%85%D9%85%D9%8A%D8%B2-%D9%81%D9%89-%D8%A7%D9%84%D9%85%D8%B3%D8%AA%D9%82%D8%A8%D9%84-%D8%B3%D9%8A%D8%AA%D9%89-ID503820130.html
دوبلكس ارضي بافضل سعر و افضل موقع في المشروع استلام فوري,12500000,3,3,210,https://www.dubizzle.com.eg/ad/%D8%AF%D9%88%D8%A8%D9%84%D9%83%D8%B3-%D8%A7%D8%B1%D8%B6%D9%8A-%D8%A8%D8%A7%D9%81%D8%B6%D9%84-%D8%B3%D8%B9%D8%B1-%D9%88-%D8%A7%D9%81%D8%B6%D9%84-%D9%85%D9%88%D9%82%D8%B9-%D9%81%D9%8A-%D8%A7%D9%84%D9%85%D8%B4%D8%B1%D9%88%D8%B9-%D8%A7%D8%B3%D8%AA%D9%84%D8%A7%D9%85-%D9%81%D9%88%D8%B1%D9%8A-ID503264111.html
مدينتى شقه للبيع 136 متر ارضى بدون حديقه فى الb10,8000000,3,2,136,https://www.dubizzle.com.eg/ad/%D9%85%D8%AF%D9%8A%D9%86%D8%AA%D9%89-%D8%B4%D9%82%D9%87-%D9%84%D9%84%D8%A8%D9%8A%D8%B9-136-%D9%85%D8%AA%D8%B1-%D8%A7%D8%B1%D8%B6%D9%89-%D8%A8%D8%AF%D9%88%D9%86-%D8%AD%D8%AF%D9%8A%D9%82%D9%87-%D9%81%D9%89-%D8%A7%D9%84b10-ID503036021.html
Apartment For sale in Mohandeseen - شقة للبيع في المهندسين,20000000,4,3,552,https://www.dubizzle.com.eg/ad/apartment-for-sale-in-mohandeseen-%D8%B4%D9%82%D8%A9-%D9%84%D9%84%D8%A8%D9%8A%D8%B9-%D9%81%D9%8A-%D8%A7%D9%84%D9%85%D9%87%D9%86%D8%AF%D8%B3%D9%8A%D9%86-ID208644431.html
شقة للبيع في مدينتي 325 م  بالفرش والأجهزة والتكيفات يعني جاهزة للسكن الفوري,23500000,4,4,325,https://www.dubizzle.com.eg/ad/%D8%B4%D9%82%D8%A9-%D9%84%D9%84%D8%A8%D9%8A%D8%B9-%D9%81%D9%8A-%D9%85%D8%AF%D9%8A%D9%86%D8%AA%D9%8A-325-%D9%85-%D8%A8%D8%A7%D9%84%D9%81%D8%B1%D8%B4-%D9%88%D8%A7%D9%84%D8%A3%D8%AC%D9%87%D8%B2%D8%A9-%D9%88%D8%A7%D9%84%D8%AA%D9%83%D9%8A%D9%81%D8%A7%D8%AA-%D9%8A%D8%B9%D9%86%D9%8A-%D8%AC%D8%A7%D9%87%D8%B2%D8%A9-%D9%84%D9%84%D8%B3%D9%83%D9%86-%D8%A7%D9%84%D9%81%D9%88%D8%B1%D9%8A-ID503899334.html
شقة فندقية للبيع باعلي عائد سنوي يصل الي 22% بالفرش و الأجهزة استلام قريب جاهز للمعاينة بالتقسيط علي اطول فترة سداد علي كورنيش النيل بجوار هيلتون,3000000,1,1,72,https://www.dubizzle.com.eg/ad/%D8%B4%D9%82%D8%A9-%D9%81%D9%86%D8%AF%D9%82%D9%8A%D8%A9-%D9%84%D9%84%D8%A8%D9%8A%D8%B9-%D8%A8%D8%A7%D8%B9%D9%84%D9%8A-%D8%B9%D8%A7%D8%A6%D8%AF-%D8%B3%D9%86%D9%88%D9%8A-%D9%8A%D8%B5%D9%84-%D8%A7%D9%84%D9%8A-22-%D8%A8%D8%A7%D9%84%D9%81%D8%B1%D8%B4-%D9%88-%D8%A7%D9%84%D8%A3%D8%AC%D9%87%D8%B2%D8%A9-%D8%A7%D8%B3%D8%AA%D9%84%D8%A7%D9%85-%D9%82%D8%B1%D9%8A%D8%A8-%D8%AC%D8%A7%D9%87%D8%B2-%D9%84%D9%84%D9%85%D8%B9%D8%A7%D9%8A%D9%86%D8%A9-%D8%A8%D8%A7%D9%84%D8%AA%D9%82%D8%B3%D9%8A%D8%B7-%D8%B9%D9%84%D9%8A-%D8%A7%D8%B7%D9%88%D9%84-%D9%81%D8%AA%D8%B1%D8%A9-%D8%B3%D8%AF%D8%A7%D8%AF-%D8%B9%D9%84%D9%8A-%D9%83%D9%88%D8%B1%D9%86%D9%8A%D8%B4-%D8%A7%D9%84%D9%86%D9%8A%D9%84-%D8%A8%D8%AC%D9%88%D8%A7%D8%B1-%D9%87%D9%8A%D9%84%D8%AA%D9%88%D9%86-ID503650910.html
شقة للبيع 295م استلام فوري بيت الوطن الأساسي 6 أكتوبر | دقائق من مطار سفنكس,4970000,3,3,295,https://www.dubizzle.com.eg/ad/%D8%B4%D9%82%D8%A9-%D9%84%D9%84%D8%A8%D9%8A%D8%B9-295%D9%85-%D8%A7%D8%B3%D8%AA%D9%84%D8%A7%D9%85-%D9%81%D9%88%D8%B1%D9%8A-%D8%A8%D9%8A%D8%AA-%D8%A7%D9%84%D9%88%D8%B7%D9%86-%D8%A7%D9%84%D8%A3%D8%B3%D8%A7%D8%B3%D9%8A-6-%D8%A3%D9%83%D8%AA%D9%88%D8%A8%D8%B1-%D8%AF%D9%82%D8%A7%D8%A6%D9%82-%D9%85%D9%86-%D9%85%D8%B7%D8%A7%D8%B1-%D8%B3%D9%81%D9%86%D9%83%D8%B3-ID503897773.html
شقتين مفتوحين على بعض (تصلح سكن أو مقر شركة),15000000,6,3,380,https://www.dubizzle.com.eg/ad/%D8%B4%D9%82%D8%AA%D9%8A%D9%86-%D9%85%D9%81%D8%AA%D9%88%D8%AD%D9%8A%D9%86-%D8%B9%D9%84%D9%89-%D8%A8%D8%B9%D8%B6-%D8%AA%D8%B5%D9%84%D8%AD-%D8%B3%D9%83%D9%86-%D8%A3%D9%88-%D9%85%D9%82%D8%B1-%D8%B4%D8%B1%D9%83%D8%A9-ID208643755.html
شقة جاردن استلام فوري بفيو مميز بأقل من سعر السوق ريسيل 3 غرف في كمبوند بلوم فيلدز Bloomfields المستقبل سيتي بجوار مدينتي وسراي,5150000,3,2,149,https://www.dubizzle.com.eg/ad/%D8%B4%D9%82%D8%A9-%D8%AC%D8%A7%D8%B1%D8%AF%D9%86-%D8%A7%D8%B3%D8%AA%D9%84%D8%A7%D9%85-%D9%81%D9%88%D8%B1%D9%8A-%D8%A8%D9%81%D9%8A%D9%88-%D9%85%D9%85%D9%8A%D8%B2-%D8%A8%D8%A3%D9%82%D9%84-%D9%85%D9%86-%D8%B3%D8%B9%D8%B1-%D8%A7%D9%84%D8%B3%D9%88%D9%82-%D8%B1%D9%8A%D8%B3%D9%8A%D9%84-3-%D8%BA%D8%B1%D9%81-%D9%81%D9%8A-%D9%83%D9%85%D8%A8%D9%88%D9%86%D8%AF-%D8%A8%D9%84%D9%88%D9%85-%D9%81%D9%8A%D9%84%D8%AF%D8%B2-bloomfields-%D8%A7%D9%84%D9%85%D8%B3%D8%AA%D9%82%D8%A8%D9%84-%D8%B3%D9%8A%D8%AA%D9%8A-%D8%A8%D8%AC%D9%88%D8%A7%D8%B1-%D9%85%D8%AF%D9%8A%D9%86%D8%AA%D9%8A-%D9%88%D8%B3%D8%B1%D8%A7%D9%8A-ID503900599.html
شقه 200 متر لقطه للبيع بمدينتي بسعر تجاري لسرعه البيع في 2 b,9000000,3,3,200,https://www.dubizzle.com.eg/ad/%D8%B4%D9%82%D9%87-200-%D9%85%D8%AA%D8%B1-%D9%84%D9%82%D8%B7%D9%87-%D9%84%D9%84%D8%A8%D9%8A%D8%B9-%D8%A8%D9%85%D8%AF%D9%8A%D9%86%D8%AA%D9%8A-%D8%A8%D8%B3%D8%B9%D8%B1-%D8%AA%D8%AC%D8%A7%D8%B1%D9%8A-%D9%84%D8%B3%D8%B1%D8%B9%D9%87-%D8%A7%D9%84%D8%A8%D9%8A%D8%B9-%D9%81%D9%8A-2-b-ID503900554.html
بسعر لا يسبق ل شقه 110م + 30 م جاردن - متشطبه بالكامل - باقل مقدم ممكن ف المونت جلاله _ Il monte galala,4790000,3,2,110,https://www.dubizzle.com.eg/ad/%D8%A8%D8%B3%D8%B9%D8%B1-%D9%84%D8%A7-%D9%8A%D8%B3%D8%A8%D9%82-%D9%84-%D8%B4%D9%82%D9%87-110%D9%85-30-%D9%85-%D8%AC%D8%A7%D8%B1%D8%AF%D9%86-%D9%85%D8%AA%D8%B4%D8%B7%D8%A8%D9%87-%D8%A8%D8%A7%D9%84%D9%83%D8%A7%D9%85%D9%84-%D8%A8%D8%A7%D9%82%D9%84-%D9%85%D9%82%D8%AF%D9%85-%D9%85%D9%85%D9%83%D9%86-%D9%81-%D8%A7%D9%84%D9%85%D9%88%D9%86%D8%AA-%D8%AC%D9%84%D8%A7%D9%84%D9%87-_-il-monte-galala-ID503896785.html
استوديو للبيع فى شيراتون بلازا الغردقة,2200000,1,1,40,https://www.dubizzle.com.eg/ad/%D8%A7%D8%B3%D8%AA%D9%88%D8%AF%D9%8A%D9%88-%D9%84%D9%84%D8%A8%D9%8A%D8%B9-%D9%81%D9%89-%D8%B4%D9%8A%D8%B1%D8%A7%D8%AA%D9%88%D9%86-%D8%A8%D9%84%D8%A7%D8%B2%D8%A7-%D8%A7%D9%84%D8%BA%D8%B1%D8%AF%D9%82%D8%A9-ID503867200.html
شقه ارضى بجاردن فى الرحاب متشطبه سوبر لوكس بالتكييفات,9800000,3,3,120,https://www.dubizzle.com.eg/ad/%D8%B4%D9%82%D9%87-%D8%A7%D8%B1%D8%B6%D9%89-%D8%A8%D8%AC%D8%A7%D8%B1%D8%AF%D9%86-%D9%81%D9%89-%D8%A7%D9%84%D8%B1%D8%AD%D8%A7%D8%A8-%D9%85%D8%AA%D8%B4%D8%B7%D8%A8%D9%87-%D8%B3%D9%88%D8%A8%D8%B1-%D9%84%D9%88%D9%83%D8%B3-%D8%A8%D8%A7%D9%84%D8%AA%D9%83%D9%8A%D9%8A%D9%81%D8%A7%D8%AA-ID503621407.html
للبيع شقه 145متر 3غرف فيو لاجون و لاند أكسيب استلام قريب جدا و انشائات 70% بالتقسيط علي 8 سنين AR,3625000,3,2,145,https://www.dubizzle.com.eg/ad/%D9%84%D9%84%D8%A8%D9%8A%D8%B9-%D8%B4%D9%82%D9%87-145%D9%85%D8%AA%D8%B1-3%D8%BA%D8%B1%D9%81-%D9%81%D9%8A%D9%88-%D9%84%D8%A7%D8%AC%D9%88%D9%86-%D9%88-%D9%84%D8%A7%D9%86%D8%AF-%D8%A3%D9%83%D8%B3%D9%8A%D8%A8-%D8%A7%D8%B3%D8%AA%D9%84%D8%A7%D9%85-%D9%82%D8%B1%D9%8A%D8%A8-%D8%AC%D8%AF%D8%A7-%D9%88-%D8%A7%D9%86%D8%B4%D8%A7%D8%A6%D8%A7%D8%AA-70-%D8%A8%D8%A7%D9%84%D8%AA%D9%82%D8%B3%D9%8A%D8%B7-%D8%B9%D9%84%D9%8A-8-%D8%B3%D9%86%D9%8A%D9%86-ar-ID503902143.html
شقة للبيع ريسيل باقل سعر استلام فوري برايم لوكيشن في كمبوند قطامية جاردنز,4200000,2,1,130,https://www.dubizzle.com.eg/ad/%D8%B4%D9%82%D8%A9-%D9%84%D9%84%D8%A8%D9%8A%D8%B9-%D8%B1%D9%8A%D8%B3%D9%8A%D9%84-%D8%A8%D8%A7%D9%82%D9%84-%D8%B3%D8%B9%D8%B1-%D8%A7%D8%B3%D8%AA%D9%84%D8%A7%D9%85-%D9%81%D9%88%D8%B1%D9%8A-%D8%A8%D8%B1%D8%A7%D9%8A%D9%85-%D9%84%D9%88%D9%83%D9%8A%D8%B4%D9%86-%D9%81%D9%8A-%D9%83%D9%85%D8%A8%D9%88%D9%86%D8%AF-%D9%82%D8%B7%D8%A7%D9%85%D9%8A%D8%A9-%D8%AC%D8%A7%D8%B1%D8%AF%D9%86%D8%B2-ID503750714.html
"أقل سعر دوبلكس  بحري أرضي بجاردن 61 متر فيولاندسكيب 3 غرف نوم للبيع في هايد بارك – التجمع الخامس القاهرة الجديدةHyde Park  Fifth Settlement, New Cairo",14400000,3,3,211,https://www.dubizzle.com.eg/ad/%D8%A3%D9%82%D9%84-%D8%B3%D8%B9%D8%B1-%D8%AF%D9%88%D8%A8%D9%84%D9%83%D8%B3-%D8%A8%D8%AD%D8%B1%D9%8A-%D8%A3%D8%B1%D8%B6%D9%8A-%D8%A8%D8%AC%D8%A7%D8%B1%D8%AF%D9%86-61-%D9%85%D8%AA%D8%B1-%D9%81%D9%8A%D9%88%D9%84%D8%A7%D9%86%D8%AF%D8%B3%D9%83%D9%8A%D8%A8-3-%D8%BA%D8%B1%D9%81-%D9%86%D9%88%D9%85-%D9%84%D9%84%D8%A8%D9%8A%D8%B9-%D9%81%D9%8A-%D9%87%D8%A7%D9%8A%D8%AF-%D8%A8%D8%A7%D8%B1%D9%83-%D8%A7%D9%84%D8%AA%D8%AC%D9%85%D8%B9-%D8%A7%D9%84%D8%AE%D8%A7%D9%85%D8%B3-%D8%A7%D9%84%D9%82%D8%A7%D9%87%D8%B1%D8%A9-%D8%A7%D9%84%D8%AC%D8%AF%D9%8A%D8%AF%D8%A9hyde-park-fifth-settlement-new-cairo-ID503902136.html
اخر بنتهاوس فوري برايم لوكشن 4 غرف بجوار كايرو فيستيفال سيتي,7500000,4,4,220,https://www.dubizzle.com.eg/ad/%D8%A7%D8%AE%D8%B1-%D8%A8%D9%86%D8%AA%D9%87%D8%A7%D9%88%D8%B3-%D9%81%D9%88%D8%B1%D9%8A-%D8%A8%D8%B1%D8%A7%D9%8A%D9%85-%D9%84%D9%88%D9%83%D8%B4%D9%86-4-%D8%BA%D8%B1%D9%81-%D8%A8%D8%AC%D9%88%D8%A7%D8%B1-%D9%83%D8%A7%D9%8A%D8%B1%D9%88-%D9%81%D9%8A%D8%B3%D8%AA%D9%8A%D9%81%D8%A7%D9%84-%D8%B3%D9%8A%D8%AA%D9%8A-ID503898484.html
شقة 180م + 97م جاردن للبيع فى كمبوند ريجنتس بارك Regents Park فى التجمع الخامس على شارع ال90,12000000,3,3,180,https://www.dubizzle.com.eg/ad/%D8%B4%D9%82%D8%A9-180%D9%85-97%D9%85-%D8%AC%D8%A7%D8%B1%D8%AF%D9%86-%D9%84%D9%84%D8%A8%D9%8A%D8%B9-%D9%81%D9%89-%D9%83%D9%85%D8%A8%D9%88%D9%86%D8%AF-%D8%B1%D9%8A%D8%AC%D9%86%D8%AA%D8%B3-%D8%A8%D8%A7%D8%B1%D9%83-regents-park-%D9%81%D9%89-%D8%A7%D9%84%D8%AA%D8%AC%D9%85%D8%B9-%D8%A7%D9%84%D8%AE%D8%A7%D9%85%D8%B3-%D8%B9%D9%84%D9%89-%D8%B4%D8%A7%D8%B1%D8%B9-%D8%A7%D9%8490-ID503743519.html
شقه تمليك للبيع في مدينتي القاهره الجديدة  elrehab city new cairo,5300000,2,2,96,https://www.dubizzle.com.eg/ad/%D8%B4%D9%82%D9%87-%D8%AA%D9%85%D9%84%D9%8A%D9%83-%D9%84%D9%84%D8%A8%D9%8A%D8%B9-%D9%81%D9%8A-%D9%85%D8%AF%D9%8A%D9%86%D8%AA%D9%8A-%D8%A7%D9%84%D9%82%D8%A7%D9%87%D8%B1%D9%87-%D8%A7%D9%84%D8%AC%D8%AF%D9%8A%D8%AF%D8%A9-elrehab-city-new-cairo-ID503902133.html
اقوي لوكيشن مشروع فندقي في مصر امام السفاره السعوديه,8500000,1,1,35,https://www.dubizzle.com.eg/ad/%D8%A7%D9%82%D9%88%D9%8A-%D9%84%D9%88%D9%83%D9%8A%D8%B4%D9%86-%D9%85%D8%B4%D8%B1%D9%88%D8%B9-%D9%81%D9%86%D8%AF%D9%82%D9%8A-%D9%81%D9%8A-%D9%85%D8%B5%D8%B1-%D8%A7%D9%85%D8%A7%D9%85-%D8%A7%D9%84%D8%B3%D9%81%D8%A7%D8%B1%D9%87-%D8%A7%D9%84%D8%B3%D8%B9%D9%88%D8%AF%D9%8A%D9%87-ID208631858.html
شقة 180م متشطبة ( استلام فورى ) للبيع بخصم 35% على الكاش او بالتقسيط على 10 سنوات فى كمبوند مايان MAYAN الشروق,6175000,3,3,180,https://www.dubizzle.com.eg/ad/%D8%B4%D9%82%D8%A9-180%D9%85-%D9%85%D8%AA%D8%B4%D8%B7%D8%A8%D8%A9-%D8%A7%D8%B3%D8%AA%D9%84%D8%A7%D9%85-%D9%81%D9%88%D8%B1%D9%89-%D9%84%D9%84%D8%A8%D9%8A%D8%B9-%D8%A8%D8%AE%D8%B5%D9%85-35-%D8%B9%D9%84%D9%89-%D8%A7%D9%84%D9%83%D8%A7%D8%B4-%D8%A7%D9%88-%D8%A8%D8%A7%D9%84%D8%AA%D9%82%D8%B3%D9%8A%D8%B7-%D8%B9%D9%84%D9%89-10-%D8%B3%D9%86%D9%88%D8%A7%D8%AA-%D9%81%D9%89-%D9%83%D9%85%D8%A8%D9%88%D9%86%D8%AF-%D9%85%D8%A7%D9%8A%D8%A7%D9%86-mayan-%D8%A7%D9%84%D8%B4%D8%B1%D9%88%D9%82-ID503753744.html
"شقة غرفتين للبيع في إيفوري ويست، الشيخ زايد | موقع مميز | تصميم عصري",6000000,2,2,121,https://www.dubizzle.com.eg/ad/%D8%B4%D9%82%D8%A9-%D8%BA%D8%B1%D9%81%D8%AA%D9%8A%D9%86-%D9%84%D9%84%D8%A8%D9%8A%D8%B9-%D9%81%D9%8A-%D8%A5%D9%8A%D9%81%D9%88%D8%B1%D9%8A-%D9%88%D9%8A%D8%B3%D8%AA-%D8%A7%D9%84%D8%B4%D9%8A%D8%AE-%D8%B2%D8%A7%D9%8A%D8%AF-%D9%85%D9%88%D9%82%D8%B9-%D9%85%D9%85%D9%8A%D8%B2-%D8%AA%D8%B5%D9%85%D9%8A%D9%85-%D8%B9%D8%B5%D8%B1%D9%8A-ID503751395.html
فرصة ممتازة لإمتلاك شقة ١٩٠ م فوري نصف تشطيب في واحدة من أفضل مناطق مدينة الشروق,2600000,3,2,190,https://www.dubizzle.com.eg/ad/%D9%81%D8%B1%D8%B5%D8%A9-%D9%85%D9%85%D8%AA%D8%A7%D8%B2%D8%A9-%D9%84%D8%A5%D9%85%D8%AA%D9%84%D8%A7%D9%83-%D8%B4%D9%82%D8%A9-%D9%A1%D9%A9%D9%A0-%D9%85-%D9%81%D9%88%D8%B1%D9%8A-%D9%86%D8%B5%D9%81-%D8%AA%D8%B4%D8%B7%D9%8A%D8%A8-%D9%81%D9%8A-%D9%88%D8%A7%D8%AD%D8%AF%D8%A9-%D9%85%D9%86-%D8%A3%D9%81%D8%B6%D9%84-%D9%85%D9%86%D8%A7%D8%B7%D9%82-%D9%85%D8%AF%D9%8A%D9%86%D8%A9-%D8%A7%D9%84%D8%B4%D8%B1%D9%88%D9%82-ID503893698.html
شقه للبيع بجاردن جاهزه للمعاينه الان مع بنك الاسكان والتعمير في برايم لوكيشين بجوار اكبر منطقه خدمات بالR8 ومطار العاصمه بالتقسيط علي 14سنه بخصم 25%,3150000,2,2,125,https://www.dubizzle.com.eg/ad/%D8%B4%D9%82%D9%87-%D9%84%D9%84%D8%A8%D9%8A%D8%B9-%D8%A8%D8%AC%D8%A7%D8%B1%D8%AF%D9%86-%D8%AC%D8%A7%D9%87%D8%B2%D9%87-%D9%84%D9%84%D9%85%D8%B9%D8%A7%D9%8A%D9%86%D9%87-%D8%A7%D9%84%D8%A7%D9%86-%D9%85%D8%B9-%D8%A8%D9%86%D9%83-%D8%A7%D9%84%D8%A7%D8%B3%D9%83%D8%A7%D9%86-%D9%88%D8%A7%D9%84%D8%AA%D8%B9%D9%85%D9%8A%D8%B1-%D9%81%D9%8A-%D8%A8%D8%B1%D8%A7%D9%8A%D9%85-%D9%84%D9%88%D9%83%D9%8A%D8%B4%D9%8A%D9%86-%D8%A8%D8%AC%D9%88%D8%A7%D8%B1-%D8%A7%D9%83%D8%A8%D8%B1-%D9%85%D9%86%D8%B7%D9%82%D9%87-%D8%AE%D8%AF%D9%85%D8%A7%D8%AA-%D8%A8%D8%A7%D9%84r8-%D9%88%D9%85%D8%B7%D8%A7%D8%B1-%D8%A7%D9%84%D8%B9%D8%A7%D8%B5%D9%85%D9%87-%D8%A8%D8%A7%D9%84%D8%AA%D9%82%D8%B3%D9%8A%D8%B7-%D8%B9%D9%84%D9%8A-14%D8%B3%D9%86%D9%87-%D8%A8%D8%AE%D8%B5%D9%85-25-ID503900104.html
اقل سعر شقه 3غرف في اول سمارت كمبوند بالعاصمه بجوار الحي الدبلوماسي والجامعه البريطانيه بالتقسيط علي 14سنه,5900000,3,3,175,https://www.dubizzle.com.eg/ad/%D8%A7%D9%82%D9%84-%D8%B3%D8%B9%D8%B1-%D8%B4%D9%82%D9%87-3%D8%BA%D8%B1%D9%81-%D9%81%D9%8A-%D8%A7%D9%88%D9%84-%D8%B3%D9%85%D8%A7%D8%B1%D8%AA-%D9%83%D9%85%D8%A8%D9%88%D9%86%D8%AF-%D8%A8%D8%A7%D9%84%D8%B9%D8%A7%D8%B5%D9%85%D9%87-%D8%A8%D8%AC%D9%88%D8%A7%D8%B1-%D8%A7%D9%84%D8%AD%D9%8A-%D8%A7%D9%84%D8%AF%D8%A8%D9%84%D9%88%D9%85%D8%A7%D8%B3%D9%8A-%D9%88%D8%A7%D9%84%D8%AC%D8%A7%D9%85%D8%B9%D9%87-%D8%A7%D9%84%D8%A8%D8%B1%D9%8A%D8%B7%D8%A7%D9%86%D9%8A%D9%87-%D8%A8%D8%A7%D9%84%D8%AA%D9%82%D8%B3%D9%8A%D8%B7-%D8%B9%D9%84%D9%8A-14%D8%B3%D9%86%D9%87-ID503898526.html
شقة في التميمي فيصل,1050000,2,1,95,https://www.dubizzle.com.eg/ad/%D8%B4%D9%82%D8%A9-%D9%81%D9%8A-%D8%A7%D9%84%D8%AA%D9%85%D9%8A%D9%85%D9%8A-%D9%81%D9%8A%D8%B5%D9%84-ID208649580.html
دور كامل 400م بجاردن 150م وحمام سباحة | مدخل خاص | الحي الخامس فيلات  اللترا سوبر لوكس,11000000,4,3,400,https://www.dubizzle.com.eg/ad/%D8%AF%D9%88%D8%B1-%D9%83%D8%A7%D9%85%D9%84-400%D9%85-%D8%A8%D8%AC%D8%A7%D8%B1%D8%AF%D9%86-150%D9%85-%D9%88%D8%AD%D9%85%D8%A7%D9%85-%D8%B3%D8%A8%D8%A7%D8%AD%D8%A9-%D9%85%D8%AF%D8%AE%D9%84-%D8%AE%D8%A7%D8%B5-%D8%A7%D9%84%D8%AD%D9%8A-%D8%A7%D9%84%D8%AE%D8%A7%D9%85%D8%B3-%D9%81%D9%8A%D9%84%D8%A7%D8%AA-%D8%A7%D9%84%D9%84%D8%AA%D8%B1%D8%A7-%D8%B3%D9%88%D8%A8%D8%B1-%D9%84%D9%88%D9%83%D8%B3-ID503748958.html
شقه متشطبه بالتكيفات للبيع  في أبراج زيد من أورا الشيخ زايد بجانب مول أركان و هايبر وان,15000000,3,3,200,https://www.dubizzle.com.eg/ad/%D8%B4%D9%82%D9%87-%D9%85%D8%AA%D8%B4%D8%B7%D8%A8%D9%87-%D8%A8%D8%A7%D9%84%D8%AA%D9%83%D9%8A%D9%81%D8%A7%D8%AA-%D9%84%D9%84%D8%A8%D9%8A%D8%B9-%D9%81%D9%8A-%D8%A3%D8%A8%D8%B1%D8%A7%D8%AC-%D8%B2%D9%8A%D8%AF-%D9%85%D9%86-%D8%A3%D9%88%D8%B1%D8%A7-%D8%A7%D9%84%D8%B4%D9%8A%D8%AE-%D8%B2%D8%A7%D9%8A%D8%AF-%D8%A8%D8%AC%D8%A7%D9%86%D8%A8-%D9%85%D9%88%D9%84-%D8%A3%D8%B1%D9%83%D8%A7%D9%86-%D9%88-%D9%87%D8%A7%D9%8A%D8%A8%D8%B1-%D9%88%D8%A7%D9%86-ID502073179.html
فيو مفتوح على النادي استلام فوري شقه للبيع اليكس ويست,7850000,3,3,178,https://www.dubizzle.com.eg/ad/%D9%81%D9%8A%D9%88-%D9%85%D9%81%D8%AA%D9%88%D8%AD-%D8%B9%D9%84%D9%89-%D8%A7%D9%84%D9%86%D8%A7%D8%AF%D9%8A-%D8%A7%D8%B3%D8%AA%D9%84%D8%A7%D9%85-%D9%81%D9%88%D8%B1%D9%8A-%D8%B4%D9%82%D9%87-%D9%84%D9%84%D8%A8%D9%8A%D8%B9-%D8%A7%D9%84%D9%8A%D9%83%D8%B3-%D9%88%D9%8A%D8%B3%D8%AA-ID503803086.html
باقل سعر في السوق شقة للبيع ميفيدا باقساط حتى 2030,14500000,2,2,125,https://www.dubizzle.com.eg/ad/%D8%A8%D8%A7%D9%82%D9%84-%D8%B3%D8%B9%D8%B1-%D9%81%D9%8A-%D8%A7%D9%84%D8%B3%D9%88%D9%82-%D8%B4%D9%82%D8%A9-%D9%84%D9%84%D8%A8%D9%8A%D8%B9-%D9%85%D9%8A%D9%81%D9%8A%D8%AF%D8%A7-%D8%A8%D8%A7%D9%82%D8%B3%D8%A7%D8%B7-%D8%AD%D8%AA%D9%89-2030-ID503828453.html
عاين شقتك دلوقتي 210م خطوات من النادي الاهلي الحي الرابع بيت الوطن التجمع الخامس استلام بعد سنة ونص تقسيط 3 سنوات موقع مميز وأفضل سعر للمتر 2400 فقط,5040000,4,3,210,https://www.dubizzle.com.eg/ad/%D8%B9%D8%A7%D9%8A%D9%86-%D8%B4%D9%82%D8%AA%D9%83-%D8%AF%D9%84%D9%88%D9%82%D8%AA%D9%8A-210%D9%85-%D8%AE%D8%B7%D9%88%D8%A7%D8%AA-%D9%85%D9%86-%D8%A7%D9%84%D9%86%D8%A7%D8%AF%D9%8A-%D8%A7%D9%84%D8%A7%D9%87%D9%84%D9%8A-%D8%A7%D9%84%D8%AD%D9%8A-%D8%A7%D9%84%D8%B1%D8%A7%D8%A8%D8%B9-%D8%A8%D9%8A%D8%AA-%D8%A7%D9%84%D9%88%D8%B7%D9%86-%D8%A7%D9%84%D8%AA%D8%AC%D9%85%D8%B9-%D8%A7%D9%84%D8%AE%D8%A7%D9%85%D8%B3-%D8%A7%D8%B3%D8%AA%D9%84%D8%A7%D9%85-%D8%A8%D8%B9%D8%AF-%D8%B3%D9%86%D8%A9-%D9%88%D9%86%D8%B5-%D8%AA%D9%82%D8%B3%D9%8A%D8%B7-3-%D8%B3%D9%86%D9%88%D8%A7%D8%AA-%D9%85%D9%88%D9%82%D8%B9-%D9%85%D9%85%D9%8A%D8%B2-%D9%88%D8%A3%D9%81%D8%B6%D9%84-%D8%B3%D8%B9%D8%B1-%D9%84%D9%84%D9%85%D8%AA%D8%B1-2400-%D9%81%D9%82%D8%B7-ID503831347.html
للبيع شقة مميزة 210م فيو جاردن أفضل سعر في بيت الوطن 18500 فقط وتسهيلات في السداد على 30 شهر بدون فوائد في قلب التجمع الخامس خطوات من محور بن زايد,3885000,3,3,210,https://www.dubizzle.com.eg/ad/%D9%84%D9%84%D8%A8%D9%8A%D8%B9-%D8%B4%D9%82%D8%A9-%D9%85%D9%85%D9%8A%D8%B2%D8%A9-210%D9%85-%D9%81%D9%8A%D9%88-%D8%AC%D8%A7%D8%B1%D8%AF%D9%86-%D8%A3%D9%81%D8%B6%D9%84-%D8%B3%D8%B9%D8%B1-%D9%81%D9%8A-%D8%A8%D9%8A%D8%AA-%D8%A7%D9%84%D9%88%D8%B7%D9%86-18500-%D9%81%D9%82%D8%B7-%D9%88%D8%AA%D8%B3%D9%87%D9%8A%D9%84%D8%A7%D8%AA-%D9%81%D9%8A-%D8%A7%D9%84%D8%B3%D8%AF%D8%A7%D8%AF-%D8%B9%D9%84%D9%89-30-%D8%B4%D9%87%D8%B1-%D8%A8%D8%AF%D9%88%D9%86-%D9%81%D9%88%D8%A7%D8%A6%D8%AF-%D9%81%D9%8A-%D9%82%D9%84%D8%A8-%D8%A7%D9%84%D8%AA%D8%AC%D9%85%D8%B9-%D8%A7%D9%84%D8%AE%D8%A7%D9%85%D8%B3-%D8%AE%D8%B7%D9%88%D8%A7%D8%AA-%D9%85%D9%86-%D9%85%D8%AD%D9%88%D8%B1-%D8%A8%D9%86-%D8%B2%D8%A7%D9%8A%D8%AF-ID503831257.html
أمتلك شقة  للبيع في أركان بالم الشيخ زايد دقائق من أركان و هايبر وان,18500000,3,3,195,https://www.dubizzle.com.eg/ad/%D8%A3%D9%85%D8%AA%D9%84%D9%83-%D8%B4%D9%82%D8%A9-%D9%84%D9%84%D8%A8%D9%8A%D8%B9-%D9%81%D9%8A-%D8%A3%D8%B1%D9%83%D8%A7%D9%86-%D8%A8%D8%A7%D9%84%D9%85-%D8%A7%D9%84%D8%B4%D9%8A%D8%AE-%D8%B2%D8%A7%D9%8A%D8%AF-%D8%AF%D9%82%D8%A7%D8%A6%D9%82-%D9%85%D9%86-%D8%A3%D8%B1%D9%83%D8%A7%D9%86-%D9%88-%D9%87%D8%A7%D9%8A%D8%A8%D8%B1-%D9%88%D8%A7%D9%86-ID503433376.html
فاميلي هاوس مع مساحه كبيره استلام فوري بسعر مميز في بالم هيلز التجمع الخامس Palm Hills New Cairo موقع مميز يطل علي البحيره بدون تشطيب,16500000,3,3,250,https://www.dubizzle.com.eg/ad/%D9%81%D8%A7%D9%85%D9%8A%D9%84%D9%8A-%D9%87%D8%A7%D9%88%D8%B3-%D9%85%D8%B9-%D9%85%D8%B3%D8%A7%D8%AD%D9%87-%D9%83%D8%A8%D9%8A%D8%B1%D9%87-%D8%A7%D8%B3%D8%AA%D9%84%D8%A7%D9%85-%D9%81%D9%88%D8%B1%D9%8A-%D8%A8%D8%B3%D8%B9%D8%B1-%D9%85%D9%85%D9%8A%D8%B2-%D9%81%D9%8A-%D8%A8%D8%A7%D9%84%D9%85-%D9%87%D9%8A%D9%84%D8%B2-%D8%A7%D9%84%D8%AA%D8%AC%D9%85%D8%B9-%D8%A7%D9%84%D8%AE%D8%A7%D9%85%D8%B3-palm-hills-new-cairo-%D9%85%D9%88%D9%82%D8%B9-%D9%85%D9%85%D9%8A%D8%B2-%D9%8A%D8%B7%D9%84-%D8%B9%D9%84%D9%8A-%D8%A7%D9%84%D8%A8%D8%AD%D9%8A%D8%B1%D9%87-%D8%A8%D8%AF%D9%88%D9%86-%D8%AA%D8%B4%D8%B7%D9%8A%D8%A8-ID503445484.html
"شقة فى زيد ويست للبيع باقساط حتى 2031، واجهة بحرى - متشطبة بالكامل",11099848,3,4,155,https://www.dubizzle.com.eg/ad/%D8%B4%D9%82%D8%A9-%D9%81%D9%89-%D8%B2%D9%8A%D8%AF-%D9%88%D9%8A%D8%B3%D8%AA-%D9%84%D9%84%D8%A8%D9%8A%D8%B9-%D8%A8%D8%A7%D9%82%D8%B3%D8%A7%D8%B7-%D8%AD%D8%AA%D9%89-2031-%D9%88%D8%A7%D8%AC%D9%87%D8%A9-%D8%A8%D8%AD%D8%B1%D9%89-%D9%85%D8%AA%D8%B4%D8%B7%D8%A8%D8%A9-%D8%A8%D8%A7%D9%84%D9%83%D8%A7%D9%85%D9%84-ID503897685.html
شقه استلام فوري في VYE سوديك بالشيخ زايد بجانب بيفرلي هيلز,6000000,3,2,100,https://www.dubizzle.com.eg/ad/%D8%B4%D9%82%D9%87-%D8%A7%D8%B3%D8%AA%D9%84%D8%A7%D9%85-%D9%81%D9%88%D8%B1%D9%8A-%D9%81%D9%8A-vye-%D8%B3%D9%88%D8%AF%D9%8A%D9%83-%D8%A8%D8%A7%D9%84%D8%B4%D9%8A%D8%AE-%D8%B2%D8%A7%D9%8A%D8%AF-%D8%A8%D8%AC%D8%A7%D9%86%D8%A8-%D8%A8%D9%8A%D9%81%D8%B1%D9%84%D9%8A-%D9%87%D9%8A%D9%84%D8%B2-ID503897396.html
شقه للبيع { تسليم فوري ومتشطبه } في كمبوند المقصد في R3 بالتقسيط علي 10 سنوات في العاصمه الاداريه,3902792,3,2,134,https://www.dubizzle.com.eg/ad/%D8%B4%D9%82%D9%87-%D9%84%D9%84%D8%A8%D9%8A%D8%B9-%D8%AA%D8%B3%D9%84%D9%8A%D9%85-%D9%81%D9%88%D8%B1%D9%8A-%D9%88%D9%85%D8%AA%D8%B4%D8%B7%D8%A8%D9%87-%D9%81%D9%8A-%D9%83%D9%85%D8%A8%D9%88%D9%86%D8%AF-%D8%A7%D9%84%D9%85%D9%82%D8%B5%D8%AF-%D9%81%D9%8A-r3-%D8%A8%D8%A7%D9%84%D8%AA%D9%82%D8%B3%D9%8A%D8%B7-%D8%B9%D9%84%D9%8A-10-%D8%B3%D9%86%D9%88%D8%A7%D8%AA-%D9%81%D9%8A-%D8%A7%D9%84%D8%B9%D8%A7%D8%B5%D9%85%D9%87-%D8%A7%D9%84%D8%A7%D8%AF%D8%A7%D8%B1%D9%8A%D9%87-ID503896337.html
شقة للبيع في كمبوند النور بلازا – الغردقة استلام فوري بالفرش,2100000,2,1,75,https://www.dubizzle.com.eg/ad/%D8%B4%D9%82%D8%A9-%D9%84%D9%84%D8%A8%D9%8A%D8%B9-%D9%81%D9%8A-%D9%83%D9%85%D8%A8%D9%88%D9%86%D8%AF-%D8%A7%D9%84%D9%86%D9%88%D8%B1-%D8%A8%D9%84%D8%A7%D8%B2%D8%A7-%D8%A7%D9%84%D8%BA%D8%B1%D8%AF%D9%82%D8%A9-%D8%A7%D8%B3%D8%AA%D9%84%D8%A7%D9%85-%D9%81%D9%88%D8%B1%D9%8A-%D8%A8%D8%A7%D9%84%D9%81%D8%B1%D8%B4-ID503756519.html
شقة للبيع في كمبوند كليوباترا – الغردقة,2250000,2,1,67,https://www.dubizzle.com.eg/ad/%D8%B4%D9%82%D8%A9-%D9%84%D9%84%D8%A8%D9%8A%D8%B9-%D9%81%D9%8A-%D9%83%D9%85%D8%A8%D9%88%D9%86%D8%AF-%D9%83%D9%84%D9%8A%D9%88%D8%A8%D8%A7%D8%AA%D8%B1%D8%A7-%D8%A7%D9%84%D8%BA%D8%B1%D8%AF%D9%82%D8%A9-ID503900550.html
فرصة للبيع لأصحاب المساحات الكبيره 285 م تشطيبات حديثة جاهزه علي السكن فوورا قرب النادي الاهلي امتداد حسن المأمون,8500000,4,4,285,https://www.dubizzle.com.eg/ad/%D9%81%D8%B1%D8%B5%D8%A9-%D9%84%D9%84%D8%A8%D9%8A%D8%B9-%D9%84%D8%A3%D8%B5%D8%AD%D8%A7%D8%A8-%D8%A7%D9%84%D9%85%D8%B3%D8%A7%D8%AD%D8%A7%D8%AA-%D8%A7%D9%84%D9%83%D8%A8%D9%8A%D8%B1%D9%87-285-%D9%85-%D8%AA%D8%B4%D8%B7%D9%8A%D8%A8%D8%A7%D8%AA-%D8%AD%D8%AF%D9%8A%D8%AB%D8%A9-%D8%AC%D8%A7%D9%87%D8%B2%D9%87-%D8%B9%D9%84%D9%8A-%D8%A7%D9%84%D8%B3%D9%83%D9%86-%D9%81%D9%88%D9%88%D8%B1%D8%A7-%D9%82%D8%B1%D8%A8-%D8%A7%D9%84%D9%86%D8%A7%D8%AF%D9%8A-%D8%A7%D9%84%D8%A7%D9%87%D9%84%D9%8A-%D8%A7%D9%85%D8%AA%D8%AF%D8%A7%D8%AF-%D8%AD%D8%B3%D9%86-%D8%A7%D9%84%D9%85%D8%A3%D9%85%D9%88%D9%86-ID503878913.html
شقه في اميز كمبوند في الشروق ((البروج)) متشطبه واستلام فوري بمجرد دفع المقدم فقط واقساط لاطول فتره سداد بدون فوايد الكمبوند امام المركز الطبي العالمي.,14000000,3,3,182,https://www.dubizzle.com.eg/ad/%D8%B4%D9%82%D9%87-%D9%81%D9%8A-%D8%A7%D9%85%D9%8A%D8%B2-%D9%83%D9%85%D8%A8%D9%88%D9%86%D8%AF-%D9%81%D9%8A-%D8%A7%D9%84%D8%B4%D8%B1%D9%88%D9%82-%D8%A7%D9%84%D8%A8%D8%B1%D9%88%D8%AC-%D9%85%D8%AA%D8%B4%D8%B7%D8%A8%D9%87-%D9%88%D8%A7%D8%B3%D8%AA%D9%84%D8%A7%D9%85-%D9%81%D9%88%D8%B1%D9%8A-%D8%A8%D9%85%D8%AC%D8%B1%D8%AF-%D8%AF%D9%81%D8%B9-%D8%A7%D9%84%D9%85%D9%82%D8%AF%D9%85-%D9%81%D9%82%D8%B7-%D9%88%D8%A7%D9%82%D8%B3%D8%A7%D8%B7-%D9%84%D8%A7%D8%B7%D9%88%D9%84-%D9%81%D8%AA%D8%B1%D9%87-%D8%B3%D8%AF%D8%A7%D8%AF-%D8%A8%D8%AF%D9%88%D9%86-%D9%81%D9%88%D8%A7%D9%8A%D8%AF-%D8%A7%D9%84%D9%83%D9%85%D8%A8%D9%88%D9%86%D8%AF-%D8%A7%D9%85%D8%A7%D9%85-%D8%A7%D9%84%D9%85%D8%B1%D9%83%D8%B2-%D8%A7%D9%84%D8%B7%D8%A8%D9%8A-%D8%A7%D9%84%D8%B9%D8%A7%D9%84%D9%85%D9%8A-ID503837359.html
شقة للبيع في دار مصر (القرنفل) – التجمع الأول | 130 متر نموذج A بموقع مميز,5700000,3,3,210,https://www.dubizzle.com.eg/ad/%D8%B4%D9%82%D8%A9-%D9%84%D9%84%D8%A8%D9%8A%D8%B9-%D9%81%D9%8A-%D8%AF%D8%A7%D8%B1-%D9%85%D8%B5%D8%B1-%D8%A7%D9%84%D9%82%D8%B1%D9%86%D9%81%D9%84-%D8%A7%D9%84%D8%AA%D8%AC%D9%85%D8%B9-%D8%A7%D9%84%D8%A3%D9%88%D9%84-130-%D9%85%D8%AA%D8%B1-%D9%86%D9%85%D9%88%D8%B0%D8%AC-a-%D8%A8%D9%85%D9%88%D9%82%D8%B9-%D9%85%D9%85%D9%8A%D8%B2-ID503812245.html
شقه للبيع 100م قرب سيتي ستارز عمارات الامداد والتموين مدينة نصر,2800000,2,1,100,https://www.dubizzle.com.eg/ad/%D8%B4%D9%82%D9%87-%D9%84%D9%84%D8%A8%D9%8A%D8%B9-100%D9%85-%D9%82%D8%B1%D8%A8-%D8%B3%D9%8A%D8%AA%D9%8A-%D8%B3%D8%AA%D8%A7%D8%B1%D8%B2-%D8%B9%D9%85%D8%A7%D8%B1%D8%A7%D8%AA-%D8%A7%D9%84%D8%A7%D9%85%D8%AF%D8%A7%D8%AF-%D9%88%D8%A7%D9%84%D8%AA%D9%85%D9%88%D9%8A%D9%86-%D9%85%D8%AF%D9%8A%D9%86%D8%A9-%D9%86%D8%B5%D8%B1-ID503892100.html
شقة مميزه للبيع في مدينة نصر-المربع الذهبي – بين مكرم وعباس لو بتدور على سكن راقي في مكان مميز تواصل معانا حصة ارض – مسجله شهر عقاري,6300000,3,2,220,https://www.dubizzle.com.eg/ad/%D8%B4%D9%82%D8%A9-%D9%85%D9%85%D9%8A%D8%B2%D9%87-%D9%84%D9%84%D8%A8%D9%8A%D8%B9-%D9%81%D9%8A-%D9%85%D8%AF%D9%8A%D9%86%D8%A9-%D9%86%D8%B5%D8%B1-%D8%A7%D9%84%D9%85%D8%B1%D8%A8%D8%B9-%D8%A7%D9%84%D8%B0%D9%87%D8%A8%D9%8A-%D8%A8%D9%8A%D9%86-%D9%85%D9%83%D8%B1%D9%85-%D9%88%D8%B9%D8%A8%D8%A7%D8%B3-%D9%84%D9%88-%D8%A8%D8%AA%D8%AF%D9%88%D8%B1-%D8%B9%D9%84%D9%89-%D8%B3%D9%83%D9%86-%D8%B1%D8%A7%D9%82%D9%8A-%D9%81%D9%8A-%D9%85%D9%83%D8%A7%D9%86-%D9%85%D9%85%D9%8A%D8%B2-%D8%AA%D9%88%D8%A7%D8%B5%D9%84-%D9%85%D8%B9%D8%A7%D9%86%D8%A7-%D8%AD%D8%B5%D8%A9-%D8%A7%D8%B1%D8%B6-%D9%85%D8%B3%D8%AC%D9%84%D9%87-%D8%B4%D9%87%D8%B1-%D8%B9%D9%82%D8%A7%D8%B1%D9%8A-ID503887127.html
للبيع ١٣١ متر وايد جاردن فيو مدينتى,6750000,3,2,131,https://www.dubizzle.com.eg/ad/%D9%84%D9%84%D8%A8%D9%8A%D8%B9-%D9%A1%D9%A3%D9%A1-%D9%85%D8%AA%D8%B1-%D9%88%D8%A7%D9%8A%D8%AF-%D8%AC%D8%A7%D8%B1%D8%AF%D9%86-%D9%81%D9%8A%D9%88-%D9%85%D8%AF%D9%8A%D9%86%D8%AA%D9%89-ID503900676.html
المنطقة التاسعة – خلف مدرسة المنهل – مدينة نصر,6500000,3,2,235,https://www.dubizzle.com.eg/ad/%D8%A7%D9%84%D9%85%D9%86%D8%B7%D9%82%D8%A9-%D8%A7%D9%84%D8%AA%D8%A7%D8%B3%D8%B9%D8%A9-%D8%AE%D9%84%D9%81-%D9%85%D8%AF%D8%B1%D8%B3%D8%A9-%D8%A7%D9%84%D9%85%D9%86%D9%87%D9%84-%D9%85%D8%AF%D9%8A%D9%86%D8%A9-%D9%86%D8%B5%D8%B1-ID503897956.html
المربع الذهبي – متفرع من أحمد فخري – مدينة نصر,5500000,3,3,200,https://www.dubizzle.com.eg/ad/%D8%A7%D9%84%D9%85%D8%B1%D8%A8%D8%B9-%D8%A7%D9%84%D8%B0%D9%87%D8%A8%D9%8A-%D9%85%D8%AA%D9%81%D8%B1%D8%B9-%D9%85%D9%86-%D8%A3%D8%AD%D9%85%D8%AF-%D9%81%D8%AE%D8%B1%D9%8A-%D9%85%D8%AF%D9%8A%D9%86%D8%A9-%D9%86%D8%B5%D8%B1-ID503896870.html
شقة للبيع فى سما القاهرة,4500000,3,2,160,https://www.dubizzle.com.eg/ad/%D8%B4%D9%82%D8%A9-%D9%84%D9%84%D8%A8%D9%8A%D8%B9-%D9%81%D9%89-%D8%B3%D9%85%D8%A7-%D8%A7%D9%84%D9%82%D8%A7%D9%87%D8%B1%D8%A9-ID208470434.html
شقه فاخر للبيع 140م في الازاريطه على الترام مباشره     سموحة,6500000,3,2,140,https://www.dubizzle.com.eg/ad/%D8%B4%D9%82%D9%87-%D9%81%D8%A7%D8%AE%D8%B1-%D9%84%D9%84%D8%A8%D9%8A%D8%B9-140%D9%85-%D9%81%D9%8A-%D8%A7%D9%84%D8%A7%D8%B2%D8%A7%D8%B1%D9%8A%D8%B7%D9%87-%D8%B9%D9%84%D9%89-%D8%A7%D9%84%D8%AA%D8%B1%D8%A7%D9%85-%D9%85%D8%A8%D8%A7%D8%B4%D8%B1%D9%87-%D8%B3%D9%85%D9%88%D8%AD%D8%A9-ID503680579.html
للبيع شقه 140م امام الخدمات وفي قلب مدينتي بالـ B3,7100000,3,2,140,https://www.dubizzle.com.eg/ad/%D9%84%D9%84%D8%A8%D9%8A%D8%B9-%D8%B4%D9%82%D9%87-140%D9%85-%D8%A7%D9%85%D8%A7%D9%85-%D8%A7%D9%84%D8%AE%D8%AF%D9%85%D8%A7%D8%AA-%D9%88%D9%81%D9%8A-%D9%82%D9%84%D8%A8-%D9%85%D8%AF%D9%8A%D9%86%D8%AA%D9%8A-%D8%A8%D8%A7%D9%84%D9%80-b3-ID503878549.html
امتلك افضل شقه 250م علي كبر وايد جاردن في مدينتي امام الخدمات B1,15500000,4,4,250,https://www.dubizzle.com.eg/ad/%D8%A7%D9%85%D8%AA%D9%84%D9%83-%D8%A7%D9%81%D8%B6%D9%84-%D8%B4%D9%82%D9%87-250%D9%85-%D8%B9%D9%84%D9%8A-%D9%83%D8%A8%D8%B1-%D9%88%D8%A7%D9%8A%D8%AF-%D8%AC%D8%A7%D8%B1%D8%AF%D9%86-%D9%81%D9%8A-%D9%85%D8%AF%D9%8A%D9%86%D8%AA%D9%8A-%D8%A7%D9%85%D8%A7%D9%85-%D8%A7%D9%84%D8%AE%D8%AF%D9%85%D8%A7%D8%AA-b1-ID503877665.html
أرضي بجاردن مميزه مفروشة وجاهزة للسكن أو الاستثمار,7500000,3,2,106,https://www.dubizzle.com.eg/ad/%D8%A3%D8%B1%D8%B6%D9%8A-%D8%A8%D8%AC%D8%A7%D8%B1%D8%AF%D9%86-%D9%85%D9%85%D9%8A%D8%B2%D9%87-%D9%85%D9%81%D8%B1%D9%88%D8%B4%D8%A9-%D9%88%D8%AC%D8%A7%D9%87%D8%B2%D8%A9-%D9%84%D9%84%D8%B3%D9%83%D9%86-%D8%A3%D9%88-%D8%A7%D9%84%D8%A7%D8%B3%D8%AA%D8%AB%D9%85%D8%A7%D8%B1-ID503883030.html
شقة دور ثاني  129م2  تشطيب كامل و إطلالة على المناظر الطبيعية  بدون مقدم ونظام أقساط مؤجلة في سوديك إيستفيل هليوبليس الجديدة,18514000,2,2,129,https://www.dubizzle.com.eg/ad/%D8%B4%D9%82%D8%A9-%D8%AF%D9%88%D8%B1-%D8%AB%D8%A7%D9%86%D9%8A-129%D9%852-%D8%AA%D8%B4%D8%B7%D9%8A%D8%A8-%D9%83%D8%A7%D9%85%D9%84-%D9%88-%D8%A5%D8%B7%D9%84%D8%A7%D9%84%D8%A9-%D8%B9%D9%84%D9%89-%D8%A7%D9%84%D9%85%D9%86%D8%A7%D8%B8%D8%B1-%D8%A7%D9%84%D8%B7%D8%A8%D9%8A%D8%B9%D9%8A%D8%A9-%D8%A8%D8%AF%D9%88%D9%86-%D9%85%D9%82%D8%AF%D9%85-%D9%88%D9%86%D8%B8%D8%A7%D9%85-%D8%A3%D9%82%D8%B3%D8%A7%D8%B7-%D9%85%D8%A4%D8%AC%D9%84%D8%A9-%D9%81%D9%8A-%D8%B3%D9%88%D8%AF%D9%8A%D9%83-%D8%A5%D9%8A%D8%B3%D8%AA%D9%81%D9%8A%D9%84-%D9%87%D9%84%D9%8A%D9%88%D8%A8%D9%84%D9%8A%D8%B3-%D8%A7%D9%84%D8%AC%D8%AF%D9%8A%D8%AF%D8%A9-ID503825565.html
شقه للبيع مدينتي80  فيو وايد جاردن B14بجوارماركت بيت الجمله,6800000,2,1,80,https://www.dubizzle.com.eg/ad/%D8%B4%D9%82%D9%87-%D9%84%D9%84%D8%A8%D9%8A%D8%B9-%D9%85%D8%AF%D9%8A%D9%86%D8%AA%D9%8A80-%D9%81%D9%8A%D9%88-%D9%88%D8%A7%D9%8A%D8%AF-%D8%AC%D8%A7%D8%B1%D8%AF%D9%86-b14%D8%A8%D8%AC%D9%88%D8%A7%D8%B1%D9%85%D8%A7%D8%B1%D9%83%D8%AA-%D8%A8%D9%8A%D8%AA-%D8%A7%D9%84%D8%AC%D9%85%D9%84%D9%87-ID503883082.html
شقه للبيع بمدينتي 200 متر  في افضل مراحل B10,11000000,4,3,200,https://www.dubizzle.com.eg/ad/%D8%B4%D9%82%D9%87-%D9%84%D9%84%D8%A8%D9%8A%D8%B9-%D8%A8%D9%85%D8%AF%D9%8A%D9%86%D8%AA%D9%8A-200-%D9%85%D8%AA%D8%B1-%D9%81%D9%8A-%D8%A7%D9%81%D8%B6%D9%84-%D9%85%D8%B1%D8%A7%D8%AD%D9%84-b10-ID503877273.html
شقه فاخر للبيع 188م في الازاريطه على الترام مباشره,8500000,3,2,188,https://www.dubizzle.com.eg/ad/%D8%B4%D9%82%D9%87-%D9%81%D8%A7%D8%AE%D8%B1-%D9%84%D9%84%D8%A8%D9%8A%D8%B9-188%D9%85-%D9%81%D9%8A-%D8%A7%D9%84%D8%A7%D8%B2%D8%A7%D8%B1%D9%8A%D8%B7%D9%87-%D8%B9%D9%84%D9%89-%D8%A7%D9%84%D8%AA%D8%B1%D8%A7%D9%85-%D9%85%D8%A8%D8%A7%D8%B4%D8%B1%D9%87-ID503759443.html
أنا المالك شقه للبيع من اول طرح هايد بارك سنترال,7700000,2,3,102,https://www.dubizzle.com.eg/ad/%D8%A3%D9%86%D8%A7-%D8%A7%D9%84%D9%85%D8%A7%D9%84%D9%83-%D8%B4%D9%82%D9%87-%D9%84%D9%84%D8%A8%D9%8A%D8%B9-%D9%85%D9%86-%D8%A7%D9%88%D9%84-%D8%B7%D8%B1%D8%AD-%D9%87%D8%A7%D9%8A%D8%AF-%D8%A8%D8%A7%D8%B1%D9%83-%D8%B3%D9%86%D8%AA%D8%B1%D8%A7%D9%84-ID208041853.html
"شقة مميزة جداً بمساحة 330 متر مربع للبيع في مدينة السادس من أكتوبر - الحي الأولى، مباشرة على فاميلي مول",9000000,5,3,330,https://www.dubizzle.com.eg/ad/%D8%B4%D9%82%D8%A9-%D9%85%D9%85%D9%8A%D8%B2%D8%A9-%D8%AC%D8%AF%D8%A7-%D8%A8%D9%85%D8%B3%D8%A7%D8%AD%D8%A9-330-%D9%85%D8%AA%D8%B1-%D9%85%D8%B1%D8%A8%D8%B9-%D9%84%D9%84%D8%A8%D9%8A%D8%B9-%D9%81%D9%8A-%D9%85%D8%AF%D9%8A%D9%86%D8%A9-%D8%A7%D9%84%D8%B3%D8%A7%D8%AF%D8%B3-%D9%85%D9%86-%D8%A3%D9%83%D8%AA%D9%88%D8%A8%D8%B1-%D8%A7%D9%84%D8%AD%D9%8A-%D8%A7%D9%84%D8%A3%D9%88%D9%84%D9%89-%D9%85%D8%A8%D8%A7%D8%B4%D8%B1%D8%A9-%D8%B9%D9%84%D9%89-%D9%81%D8%A7%D9%85%D9%8A%D9%84%D9%8A-%D9%85%D9%88%D9%84-ID503458940.html
"بمقدم 187,000 فقط دوبلكس 5غرف باقل سعر للمتر في العاصمه و بفيو بانوراما علي كل سفارات العالم بالتقسيط علي 12سنه بجوار اكبر منطقه خدمات بالR8",7500000,5,5,250,https://www.dubizzle.com.eg/ad/%D8%A8%D9%85%D9%82%D8%AF%D9%85-187000-%D9%81%D9%82%D8%B7-%D8%AF%D9%88%D8%A8%D9%84%D9%83%D8%B3-5%D8%BA%D8%B1%D9%81-%D8%A8%D8%A7%D9%82%D9%84-%D8%B3%D8%B9%D8%B1-%D9%84%D9%84%D9%85%D8%AA%D8%B1-%D9%81%D9%8A-%D8%A7%D9%84%D8%B9%D8%A7%D8%B5%D9%85%D9%87-%D9%88-%D8%A8%D9%81%D9%8A%D9%88-%D8%A8%D8%A7%D9%86%D9%88%D8%B1%D8%A7%D9%85%D8%A7-%D8%B9%D9%84%D9%8A-%D9%83%D9%84-%D8%B3%D9%81%D8%A7%D8%B1%D8%A7%D8%AA-%D8%A7%D9%84%D8%B9%D8%A7%D9%84%D9%85-%D8%A8%D8%A7%D9%84%D8%AA%D9%82%D8%B3%D9%8A%D8%B7-%D8%B9%D9%84%D9%8A-12%D8%B3%D9%86%D9%87-%D8%A8%D8%AC%D9%88%D8%A7%D8%B1-%D8%A7%D9%83%D8%A8%D8%B1-%D9%85%D9%86%D8%B7%D9%82%D9%87-%D8%AE%D8%AF%D9%85%D8%A7%D8%AA-%D8%A8%D8%A7%D9%84r8-ID503897578.html
لفترة محدودة  شقة للبيع بأفضل لوكيشن في الشروق كاملة التشطيب واستلام فوري امام مدينتي وع طريق السويس بكمبوند متكامل الخدمات في مايان الشروق Mayan,6000000,3,3,170,https://www.dubizzle.com.eg/ad/%D9%84%D9%81%D8%AA%D8%B1%D8%A9-%D9%85%D8%AD%D8%AF%D9%88%D8%AF%D8%A9-%D8%B4%D9%82%D8%A9-%D9%84%D9%84%D8%A8%D9%8A%D8%B9-%D8%A8%D8%A3%D9%81%D8%B6%D9%84-%D9%84%D9%88%D9%83%D9%8A%D8%B4%D9%86-%D9%81%D9%8A-%D8%A7%D9%84%D8%B4%D8%B1%D9%88%D9%82-%D9%83%D8%A7%D9%85%D9%84%D8%A9-%D8%A7%D9%84%D8%AA%D8%B4%D8%B7%D9%8A%D8%A8-%D9%88%D8%A7%D8%B3%D8%AA%D9%84%D8%A7%D9%85-%D9%81%D9%88%D8%B1%D9%8A-%D8%A7%D9%85%D8%A7%D9%85-%D9%85%D8%AF%D9%8A%D9%86%D8%AA%D9%8A-%D9%88%D8%B9-%D8%B7%D8%B1%D9%8A%D9%82-%D8%A7%D9%84%D8%B3%D9%88%D9%8A%D8%B3-%D8%A8%D9%83%D9%85%D8%A8%D9%88%D9%86%D8%AF-%D9%85%D8%AA%D9%83%D8%A7%D9%85%D9%84-%D8%A7%D9%84%D8%AE%D8%AF%D9%85%D8%A7%D8%AA-%D9%81%D9%8A-%D9%85%D8%A7%D9%8A%D8%A7%D9%86-%D8%A7%D9%84%D8%B4%D8%B1%D9%88%D9%82-mayan-ID503899978.html
"ادفع 750,000 فقط واستلم شقه 3غرف فوري جاهزه علي السكن الان بجوار الجامعه البريطانيه ودقايق من النهر الاخضر بالتقسيط علي 10 سنين",5000000,3,3,220,https://www.dubizzle.com.eg/ad/%D8%A7%D8%AF%D9%81%D8%B9-750000-%D9%81%D9%82%D8%B7-%D9%88%D8%A7%D8%B3%D8%AA%D9%84%D9%85-%D8%B4%D9%82%D9%87-3%D8%BA%D8%B1%D9%81-%D9%81%D9%88%D8%B1%D9%8A-%D8%AC%D8%A7%D9%87%D8%B2%D9%87-%D8%B9%D9%84%D9%8A-%D8%A7%D9%84%D8%B3%D9%83%D9%86-%D8%A7%D9%84%D8%A7%D9%86-%D8%A8%D8%AC%D9%88%D8%A7%D8%B1-%D8%A7%D9%84%D8%AC%D8%A7%D9%85%D8%B9%D9%87-%D8%A7%D9%84%D8%A8%D8%B1%D9%8A%D8%B7%D8%A7%D9%86%D9%8A%D9%87-%D9%88%D8%AF%D9%82%D8%A7%D9%8A%D9%82-%D9%85%D9%86-%D8%A7%D9%84%D9%86%D9%87%D8%B1-%D8%A7%D9%84%D8%A7%D8%AE%D8%B6%D8%B1-%D8%A8%D8%A7%D9%84%D8%AA%D9%82%D8%B3%D9%8A%D8%B7-%D8%B9%D9%84%D9%8A-10-%D8%B3%D9%86%D9%8A%D9%86-ID503897106.html
شقه 190 متر بالجراج تشطيب كامل تقسيمه مميزه,6000000,3,2,190,https://www.dubizzle.com.eg/ad/%D8%B4%D9%82%D9%87-190-%D9%85%D8%AA%D8%B1-%D8%A8%D8%A7%D9%84%D8%AC%D8%B1%D8%A7%D8%AC-%D8%AA%D8%B4%D8%B7%D9%8A%D8%A8-%D9%83%D8%A7%D9%85%D9%84-%D8%AA%D9%82%D8%B3%D9%8A%D9%85%D9%87-%D9%85%D9%85%D9%8A%D8%B2%D9%87-ID503902126.html
اقل سعر بنتهاوس متشطب بالكامل الترا سوبر لوكس استلام فورى للبيع فى ماونتن فيو شيلل اوت بارك 6 اكتوبر,8500000,3,2,167,https://www.dubizzle.com.eg/ad/%D8%A7%D9%82%D9%84-%D8%B3%D8%B9%D8%B1-%D8%A8%D9%86%D8%AA%D9%87%D8%A7%D9%88%D8%B3-%D9%85%D8%AA%D8%B4%D8%B7%D8%A8-%D8%A8%D8%A7%D9%84%D9%83%D8%A7%D9%85%D9%84-%D8%A7%D9%84%D8%AA%D8%B1%D8%A7-%D8%B3%D9%88%D8%A8%D8%B1-%D9%84%D9%88%D9%83%D8%B3-%D8%A7%D8%B3%D8%AA%D9%84%D8%A7%D9%85-%D9%81%D9%88%D8%B1%D9%89-%D9%84%D9%84%D8%A8%D9%8A%D8%B9-%D9%81%D9%89-%D9%85%D8%A7%D9%88%D9%86%D8%AA%D9%86-%D9%81%D9%8A%D9%88-%D8%B4%D9%8A%D9%84%D9%84-%D8%A7%D9%88%D8%AA-%D8%A8%D8%A7%D8%B1%D9%83-6-%D8%A7%D9%83%D8%AA%D9%88%D8%A8%D8%B1-ID503902125.html
شقة للبيع بأفضل لوكيشن في الشروق كاملة التشطيب واستلام فوري امام مدينتي وع طريق السويس بكمبوند متكامل الخدمات والمرافق في مايان الشروق Mayan,5000000,3,2,141,https://www.dubizzle.com.eg/ad/%D8%B4%D9%82%D8%A9-%D9%84%D9%84%D8%A8%D9%8A%D8%B9-%D8%A8%D8%A3%D9%81%D8%B6%D9%84-%D9%84%D9%88%D9%83%D9%8A%D8%B4%D9%86-%D9%81%D9%8A-%D8%A7%D9%84%D8%B4%D8%B1%D9%88%D9%82-%D9%83%D8%A7%D9%85%D9%84%D8%A9-%D8%A7%D9%84%D8%AA%D8%B4%D8%B7%D9%8A%D8%A8-%D9%88%D8%A7%D8%B3%D8%AA%D9%84%D8%A7%D9%85-%D9%81%D9%88%D8%B1%D9%8A-%D8%A7%D9%85%D8%A7%D9%85-%D9%85%D8%AF%D9%8A%D9%86%D8%AA%D9%8A-%D9%88%D8%B9-%D8%B7%D8%B1%D9%8A%D9%82-%D8%A7%D9%84%D8%B3%D9%88%D9%8A%D8%B3-%D8%A8%D9%83%D9%85%D8%A8%D9%88%D9%86%D8%AF-%D9%85%D8%AA%D9%83%D8%A7%D9%85%D9%84-%D8%A7%D9%84%D8%AE%D8%AF%D9%85%D8%A7%D8%AA-%D9%88%D8%A7%D9%84%D9%85%D8%B1%D8%A7%D9%81%D9%82-%D9%81%D9%8A-%D9%85%D8%A7%D9%8A%D8%A7%D9%86-%D8%A7%D9%84%D8%B4%D8%B1%D9%88%D9%82-mayan-ID503899977.html
شقة مميزة للبيع بأفضل لوكيشن في الشروق كاملة التشطيب واستلام فوري امام مدينتي وع طريق السويس بكمبوند متكامل الخدمات والمرافق في مايان الشروق Mayan,4400000,3,2,126,https://www.dubizzle.com.eg/ad/%D8%B4%D9%82%D8%A9-%D9%85%D9%85%D9%8A%D8%B2%D8%A9-%D9%84%D9%84%D8%A8%D9%8A%D8%B9-%D8%A8%D8%A3%D9%81%D8%B6%D9%84-%D9%84%D9%88%D9%83%D9%8A%D8%B4%D9%86-%D9%81%D9%8A-%D8%A7%D9%84%D8%B4%D8%B1%D9%88%D9%82-%D9%83%D8%A7%D9%85%D9%84%D8%A9-%D8%A7%D9%84%D8%AA%D8%B4%D8%B7%D9%8A%D8%A8-%D9%88%D8%A7%D8%B3%D8%AA%D9%84%D8%A7%D9%85-%D9%81%D9%88%D8%B1%D9%8A-%D8%A7%D9%85%D8%A7%D9%85-%D9%85%D8%AF%D9%8A%D9%86%D8%AA%D9%8A-%D9%88%D8%B9-%D8%B7%D8%B1%D9%8A%D9%82-%D8%A7%D9%84%D8%B3%D9%88%D9%8A%D8%B3-%D8%A8%D9%83%D9%85%D8%A8%D9%88%D9%86%D8%AF-%D9%85%D8%AA%D9%83%D8%A7%D9%85%D9%84-%D8%A7%D9%84%D8%AE%D8%AF%D9%85%D8%A7%D8%AA-%D9%88%D8%A7%D9%84%D9%85%D8%B1%D8%A7%D9%81%D9%82-%D9%81%D9%8A-%D9%85%D8%A7%D9%8A%D8%A7%D9%86-%D8%A7%D9%84%D8%B4%D8%B1%D9%88%D9%82-mayan-ID503899971.html
شقة للبيع في الرحاب المرحلة الخامسة,5800000,2,1,90,https://www.dubizzle.com.eg/ad/%D8%B4%D9%82%D8%A9-%D9%84%D9%84%D8%A8%D9%8A%D8%B9-%D9%81%D9%8A-%D8%A7%D9%84%D8%B1%D8%AD%D8%A7%D8%A8-%D8%A7%D9%84%D9%85%D8%B1%D8%AD%D9%84%D8%A9-%D8%A7%D9%84%D8%AE%D8%A7%D9%85%D8%B3%D8%A9-ID503902118.html
"فرصة مميزة لامتلاك شقة داخل Regents Park New Cairo بموقع مميز وتشطيبات كاملة، جاهزة للاستلام.",10500000,2,2,140,https://www.dubizzle.com.eg/ad/%D9%81%D8%B1%D8%B5%D8%A9-%D9%85%D9%85%D9%8A%D8%B2%D8%A9-%D9%84%D8%A7%D9%85%D8%AA%D9%84%D8%A7%D9%83-%D8%B4%D9%82%D8%A9-%D8%AF%D8%A7%D8%AE%D9%84-regents-park-new-cairo-%D8%A8%D9%85%D9%88%D9%82%D8%B9-%D9%85%D9%85%D9%8A%D8%B2-%D9%88%D8%AA%D8%B4%D8%B7%D9%8A%D8%A8%D8%A7%D8%AA-%D9%83%D8%A7%D9%85%D9%84%D8%A9-%D8%AC%D8%A7%D9%87%D8%B2%D8%A9-%D9%84%D9%84%D8%A7%D8%B3%D8%AA%D9%84%D8%A7%D9%85-ID503902119.html
بأقل سعر في الماركت للبيع بأفضل لوكيشن في الشروق كاملة التشطيب واستلام فوري امام مدينتي وعلى طريق السويس بكمبوند متكامل الخدمات في مايان الشروق Mayan,4800000,2,2,110,https://www.dubizzle.com.eg/ad/%D8%A8%D8%A3%D9%82%D9%84-%D8%B3%D8%B9%D8%B1-%D9%81%D9%8A-%D8%A7%D9%84%D9%85%D8%A7%D8%B1%D9%83%D8%AA-%D9%84%D9%84%D8%A8%D9%8A%D8%B9-%D8%A8%D8%A3%D9%81%D8%B6%D9%84-%D9%84%D9%88%D9%83%D9%8A%D8%B4%D9%86-%D9%81%D9%8A-%D8%A7%D9%84%D8%B4%D8%B1%D9%88%D9%82-%D9%83%D8%A7%D9%85%D9%84%D8%A9-%D8%A7%D9%84%D8%AA%D8%B4%D8%B7%D9%8A%D8%A8-%D9%88%D8%A7%D8%B3%D8%AA%D9%84%D8%A7%D9%85-%D9%81%D9%88%D8%B1%D9%8A-%D8%A7%D9%85%D8%A7%D9%85-%D9%85%D8%AF%D9%8A%D9%86%D8%AA%D9%8A-%D9%88%D8%B9%D9%84%D9%89-%D8%B7%D8%B1%D9%8A%D9%82-%D8%A7%D9%84%D8%B3%D9%88%D9%8A%D8%B3-%D8%A8%D9%83%D9%85%D8%A8%D9%88%D9%86%D8%AF-%D9%85%D8%AA%D9%83%D8%A7%D9%85%D9%84-%D8%A7%D9%84%D8%AE%D8%AF%D9%85%D8%A7%D8%AA-%D9%81%D9%8A-%D9%85%D8%A7%D9%8A%D8%A7%D9%86-%D8%A7%D9%84%D8%B4%D8%B1%D9%88%D9%82-mayan-ID503899964.html
"من المالك مباشرة، فيو أهرامات منطقة ص، شقة ١٨٦م فيو مفتوح واجهة بحرى",3850000,3,2,186,https://www.dubizzle.com.eg/ad/%D9%85%D9%86-%D8%A7%D9%84%D9%85%D8%A7%D9%84%D9%83-%D9%85%D8%A8%D8%A7%D8%B4%D8%B1%D8%A9-%D9%81%D9%8A%D9%88-%D8%A3%D9%87%D8%B1%D8%A7%D9%85%D8%A7%D8%AA-%D9%85%D9%86%D8%B7%D9%82%D8%A9-%D8%B5-%D8%B4%D9%82%D8%A9-%D9%A1%D9%A8%D9%A6%D9%85-%D9%81%D9%8A%D9%88-%D9%85%D9%81%D8%AA%D9%88%D8%AD-%D9%88%D8%A7%D8%AC%D9%87%D8%A9-%D8%A8%D8%AD%D8%B1%D9%89-ID208623569.html
استلام فوري شقة للبيع بأفضل لوكيشن في الشروق كاملة التشطيب امام مدينتي وعلى طريق السويس بكمبوند متكامل الخدمات والمرافق في مايان الشروق Mayan,4100000,2,2,95,https://www.dubizzle.com.eg/ad/%D8%A7%D8%B3%D8%AA%D9%84%D8%A7%D9%85-%D9%81%D9%88%D8%B1%D9%8A-%D8%B4%D9%82%D8%A9-%D9%84%D9%84%D8%A8%D9%8A%D8%B9-%D8%A8%D8%A3%D9%81%D8%B6%D9%84-%D9%84%D9%88%D9%83%D9%8A%D8%B4%D9%86-%D9%81%D9%8A-%D8%A7%D9%84%D8%B4%D8%B1%D9%88%D9%82-%D9%83%D8%A7%D9%85%D9%84%D8%A9-%D8%A7%D9%84%D8%AA%D8%B4%D8%B7%D9%8A%D8%A8-%D8%A7%D9%85%D8%A7%D9%85-%D9%85%D8%AF%D9%8A%D9%86%D8%AA%D9%8A-%D9%88%D8%B9%D9%84%D9%89-%D8%B7%D8%B1%D9%8A%D9%82-%D8%A7%D9%84%D8%B3%D9%88%D9%8A%D8%B3-%D8%A8%D9%83%D9%85%D8%A8%D9%88%D9%86%D8%AF-%D9%85%D8%AA%D9%83%D8%A7%D9%85%D9%84-%D8%A7%D9%84%D8%AE%D8%AF%D9%85%D8%A7%D8%AA-%D9%88%D8%A7%D9%84%D9%85%D8%B1%D8%A7%D9%81%D9%82-%D9%81%D9%8A-%D9%85%D8%A7%D9%8A%D8%A7%D9%86-%D8%A7%D9%84%D8%B4%D8%B1%D9%88%D9%82-mayan-ID503899958.html
شقة للبيع بالتقسيط كمبوند فيدا ريزيدنس - كيان مساحة 73.2 متر في مدينة حدائق اكتوبر - 6 اكتوبر,1852800,2,1,73,https://www.dubizzle.com.eg/ad/%D8%B4%D9%82%D8%A9-%D9%84%D9%84%D8%A8%D9%8A%D8%B9-%D8%A8%D8%A7%D9%84%D8%AA%D9%82%D8%B3%D9%8A%D8%B7-%D9%83%D9%85%D8%A8%D9%88%D9%86%D8%AF-%D9%81%D9%8A%D8%AF%D8%A7-%D8%B1%D9%8A%D8%B2%D9%8A%D8%AF%D9%86%D8%B3-%D9%83%D9%8A%D8%A7%D9%86-%D9%85%D8%B3%D8%A7%D8%AD%D8%A9-732-%D9%85%D8%AA%D8%B1-%D9%81%D9%8A-%D9%85%D8%AF%D9%8A%D9%86%D8%A9-%D8%AD%D8%AF%D8%A7%D8%A6%D9%82-%D8%A7%D9%83%D8%AA%D9%88%D8%A8%D8%B1-6-%D8%A7%D9%83%D8%AA%D9%88%D8%A8%D8%B1-ID503902113.html
